<ns0:sitemapindex xmlns:ns0="http://www.sitemaps.org/schemas/sitemap/0.9">
<sitemap>
		<loc> https://geoconnex.us/sitemap/CHyLD/chyld-pilot_ids__0.xml </loc>
		<lastmod> 2021-11-16 02:07:02.267580 </lastmod>
	</sitemap><sitemap>
		<loc> https://geoconnex.us/sitemap/SELFIE/SELFIE_ids__0.xml </loc>
		<lastmod> 2021-11-16 02:07:02.267580 </lastmod>
	</sitemap><sitemap>
		<loc> https://geoconnex.us/sitemap/nmwdi/st/nmwdi-st__0.xml </loc>
		<lastmod> 2021-11-16 02:07:02.267580 </lastmod>
	</sitemap><sitemap>
		<loc> https://geoconnex.us/sitemap/nmwdi/ose/nmwdi-ose__2.xml </loc>
		<lastmod> 2021-11-16 02:07:02.271580 </lastmod>
	</sitemap><sitemap>
		<loc> https://geoconnex.us/sitemap/nmwdi/ose/nmwdi-ose__3.xml </loc>
		<lastmod> 2021-11-16 02:07:02.275580 </lastmod>
	</sitemap><sitemap>
		<loc> https://geoconnex.us/sitemap/nmwdi/ose/nmwdi-ose__0.xml </loc>
		<lastmod> 2021-11-16 02:07:02.279580 </lastmod>
	</sitemap><sitemap>
		<loc> https://geoconnex.us/sitemap/nmwdi/ose/nmwdi-ose__1.xml </loc>
		<lastmod> 2021-11-16 02:07:02.283580 </lastmod>
	</sitemap><sitemap>
		<loc> https://geoconnex.us/sitemap/nmwdi/ose/nmwdi-ose__4.xml </loc>
		<lastmod> 2021-11-16 02:07:02.287580 </lastmod>
	</sitemap><sitemap>
		<loc> https://geoconnex.us/sitemap/nhdplusv2/huc12pp/huc12pp__1.xml </loc>
		<lastmod> 2021-11-16 02:07:02.291580 </lastmod>
	</sitemap><sitemap>
		<loc> https://geoconnex.us/sitemap/nhdplusv2/huc12pp/huc12pp__0.xml </loc>
		<lastmod> 2021-11-16 02:07:02.295580 </lastmod>
	</sitemap><sitemap>
		<loc> https://geoconnex.us/sitemap/ca-gage-assessment/ca_gages_pids__0.xml </loc>
		<lastmod> 2021-11-16 02:07:02.299580 </lastmod>
	</sitemap><sitemap>
		<loc> https://geoconnex.us/sitemap/iow/autotest2__0.xml </loc>
		<lastmod> 2021-11-16 02:07:02.299580 </lastmod>
	</sitemap><sitemap>
		<loc> https://geoconnex.us/sitemap/iow/test3__0.xml </loc>
		<lastmod> 2021-11-16 02:07:02.299580 </lastmod>
	</sitemap><sitemap>
		<loc> https://geoconnex.us/sitemap/iow/autotest1__0.xml </loc>
		<lastmod> 2021-11-16 02:07:02.299580 </lastmod>
	</sitemap><sitemap>
		<loc> https://geoconnex.us/sitemap/CUAHSI/CUAHSI_HIS_UBWPAD_ids__0.xml </loc>
		<lastmod> 2021-11-16 02:07:02.299580 </lastmod>
	</sitemap><sitemap>
		<loc> https://geoconnex.us/sitemap/CUAHSI/CUAHSI_HIS_SagehenCreek_ids__0.xml </loc>
		<lastmod> 2021-11-16 02:07:02.299580 </lastmod>
	</sitemap><sitemap>
		<loc> https://geoconnex.us/sitemap/CUAHSI/CUAHSI_HIS_MOPEX_ids__0.xml </loc>
		<lastmod> 2021-11-16 02:07:02.299580 </lastmod>
	</sitemap><sitemap>
		<loc> https://geoconnex.us/sitemap/CUAHSI/CUAHSI_HIS_HYDRODATACZ-D_ids__0.xml </loc>
		<lastmod> 2021-11-16 02:07:02.299580 </lastmod>
	</sitemap><sitemap>
		<loc> https://geoconnex.us/sitemap/CUAHSI/CUAHSI_HIS_czo_boulder_ids__0.xml </loc>
		<lastmod> 2021-11-16 02:07:02.299580 </lastmod>
	</sitemap><sitemap>
		<loc> https://geoconnex.us/sitemap/CUAHSI/CUAHSI_HIS_UNH_Snow_ids__0.xml </loc>
		<lastmod> 2021-11-16 02:07:02.299580 </lastmod>
	</sitemap><sitemap>
		<loc> https://geoconnex.us/sitemap/CUAHSI/CUAHSI_HIS_CedarRiver_ids__0.xml </loc>
		<lastmod> 2021-11-16 02:07:02.299580 </lastmod>
	</sitemap><sitemap>
		<loc> https://geoconnex.us/sitemap/CUAHSI/CUAHSI_HIS_Logan_River_GAMUT_ids__0.xml </loc>
		<lastmod> 2021-11-16 02:07:02.299580 </lastmod>
	</sitemap><sitemap>
		<loc> https://geoconnex.us/sitemap/CUAHSI/CUAHSI_HIS_Gongga_ids__0.xml </loc>
		<lastmod> 2021-11-16 02:07:02.299580 </lastmod>
	</sitemap><sitemap>
		<loc> https://geoconnex.us/sitemap/CUAHSI/CUAHSI_HIS_GLEON_Sunapee_ids__0.xml </loc>
		<lastmod> 2021-11-16 02:07:02.299580 </lastmod>
	</sitemap><sitemap>
		<loc> https://geoconnex.us/sitemap/CUAHSI/CUAHSI_HIS_TNCWaterData_ids__0.xml </loc>
		<lastmod> 2021-11-16 02:07:02.299580 </lastmod>
	</sitemap><sitemap>
		<loc> https://geoconnex.us/sitemap/CUAHSI/CUAHSI_HIS_GlobalRiversObservatory_ids__0.xml </loc>
		<lastmod> 2021-11-16 02:07:02.299580 </lastmod>
	</sitemap><sitemap>
		<loc> https://geoconnex.us/sitemap/CUAHSI/CUAHSI_HIS_CCBEPDAP_ids__0.xml </loc>
		<lastmod> 2021-11-16 02:07:02.299580 </lastmod>
	</sitemap><sitemap>
		<loc> https://geoconnex.us/sitemap/CUAHSI/CUAHSI_HIS_GLEON_Dorset_ids__0.xml </loc>
		<lastmod> 2021-11-16 02:07:02.299580 </lastmod>
	</sitemap><sitemap>
		<loc> https://geoconnex.us/sitemap/CUAHSI/CUAHSI_HIS_Scotland_NWIS_ids__0.xml </loc>
		<lastmod> 2021-11-16 02:07:02.299580 </lastmod>
	</sitemap><sitemap>
		<loc> https://geoconnex.us/sitemap/CUAHSI/CUAHSI_HIS_TuolumneMdw_ids__0.xml </loc>
		<lastmod> 2021-11-16 02:07:02.299580 </lastmod>
	</sitemap><sitemap>
		<loc> https://geoconnex.us/sitemap/CUAHSI/CUAHSI_HIS_czo_luquillo_ids__0.xml </loc>
		<lastmod> 2021-11-16 02:07:02.299580 </lastmod>
	</sitemap><sitemap>
		<loc> https://geoconnex.us/sitemap/CUAHSI/CUAHSI_HIS_czo_udel_ids__0.xml </loc>
		<lastmod> 2021-11-16 02:07:02.299580 </lastmod>
	</sitemap><sitemap>
		<loc> https://geoconnex.us/sitemap/CUAHSI/CUAHSI_HIS_czo_psu_ids__0.xml </loc>
		<lastmod> 2021-11-16 02:07:02.299580 </lastmod>
	</sitemap><sitemap>
		<loc> https://geoconnex.us/sitemap/CUAHSI/CUAHSI_HIS_GlacialRidge_ids__0.xml </loc>
		<lastmod> 2021-11-16 02:07:02.299580 </lastmod>
	</sitemap><sitemap>
		<loc> https://geoconnex.us/sitemap/CUAHSI/CUAHSI_HIS_Hassberge_ids__0.xml </loc>
		<lastmod> 2021-11-16 02:07:02.299580 </lastmod>
	</sitemap><sitemap>
		<loc> https://geoconnex.us/sitemap/CUAHSI/CUAHSI_HIS_IEER_at_Wilkes_University_ids__0.xml </loc>
		<lastmod> 2021-11-16 02:07:02.303580 </lastmod>
	</sitemap><sitemap>
		<loc> https://geoconnex.us/sitemap/CUAHSI/CUAHSI_HIS_MWRA_ids__0.xml </loc>
		<lastmod> 2021-11-16 02:07:02.303580 </lastmod>
	</sitemap><sitemap>
		<loc> https://geoconnex.us/sitemap/CUAHSI/CUAHSI_HIS_NE_WN_ids__0.xml </loc>
		<lastmod> 2021-11-16 02:07:02.303580 </lastmod>
	</sitemap><sitemap>
		<loc> https://geoconnex.us/sitemap/CUAHSI/CUAHSI_HIS_CRWA_ids__0.xml </loc>
		<lastmod> 2021-11-16 02:07:02.303580 </lastmod>
	</sitemap><sitemap>
		<loc> https://geoconnex.us/sitemap/CUAHSI/CUAHSI_HIS_TRWA_ids__0.xml </loc>
		<lastmod> 2021-11-16 02:07:02.303580 </lastmod>
	</sitemap><sitemap>
		<loc> https://geoconnex.us/sitemap/CUAHSI/CUAHSI_HIS_SCAN_ids__0.xml </loc>
		<lastmod> 2021-11-16 02:07:02.303580 </lastmod>
	</sitemap><sitemap>
		<loc> https://geoconnex.us/sitemap/CUAHSI/CUAHSI_HIS_Provo_River_GAMUT_ids__0.xml </loc>
		<lastmod> 2021-11-16 02:07:02.303580 </lastmod>
	</sitemap><sitemap>
		<loc> https://geoconnex.us/sitemap/CUAHSI/CUAHSI_HIS_LTERNTLWoodruff_ids__0.xml </loc>
		<lastmod> 2021-11-16 02:07:02.303580 </lastmod>
	</sitemap><sitemap>
		<loc> https://geoconnex.us/sitemap/CUAHSI/CUAHSI_HIS_NevCAN_ids__0.xml </loc>
		<lastmod> 2021-11-16 02:07:02.303580 </lastmod>
	</sitemap><sitemap>
		<loc> https://geoconnex.us/sitemap/CUAHSI/CUAHSI_HIS_YosemiteHydroclimateNetwork_ids__0.xml </loc>
		<lastmod> 2021-11-16 02:07:02.303580 </lastmod>
	</sitemap><sitemap>
		<loc> https://geoconnex.us/sitemap/CUAHSI/CUAHSI_HIS_czo_catalina_ids__0.xml </loc>
		<lastmod> 2021-11-16 02:07:02.303580 </lastmod>
	</sitemap><sitemap>
		<loc> https://geoconnex.us/sitemap/CUAHSI/CUAHSI_HIS_ORSANCO_HAB_ids__0.xml </loc>
		<lastmod> 2021-11-16 02:07:02.303580 </lastmod>
	</sitemap><sitemap>
		<loc> https://geoconnex.us/sitemap/CUAHSI/CUAHSI_HIS_LoganRiver_ids__0.xml </loc>
		<lastmod> 2021-11-16 02:07:02.303580 </lastmod>
	</sitemap><sitemap>
		<loc> https://geoconnex.us/sitemap/CUAHSI/CUAHSI_HIS_UMBCWQ_ids__0.xml </loc>
		<lastmod> 2021-11-16 02:07:02.303580 </lastmod>
	</sitemap><sitemap>
		<loc> https://geoconnex.us/sitemap/CUAHSI/CUAHSI_HIS_Is&#225;bena_ids__0.xml </loc>
		<lastmod> 2021-11-16 02:07:02.303580 </lastmod>
	</sitemap><sitemap>
		<loc> https://geoconnex.us/sitemap/CUAHSI/CUAHSI_HIS_GLEON_LakeAnnie_ids__0.xml </loc>
		<lastmod> 2021-11-16 02:07:02.303580 </lastmod>
	</sitemap><sitemap>
		<loc> https://geoconnex.us/sitemap/CUAHSI/CUAHSI_HIS_Mazar_River_Project_ids__0.xml </loc>
		<lastmod> 2021-11-16 02:07:02.303580 </lastmod>
	</sitemap><sitemap>
		<loc> https://geoconnex.us/sitemap/CUAHSI/CUAHSI_HIS_NCEIWW2_ids__0.xml </loc>
		<lastmod> 2021-11-16 02:07:02.303580 </lastmod>
	</sitemap><sitemap>
		<loc> https://geoconnex.us/sitemap/CUAHSI/CUAHSI_HIS_Red_Butte_Creek_GAMUT_ids__0.xml </loc>
		<lastmod> 2021-11-16 02:07:02.303580 </lastmod>
	</sitemap><sitemap>
		<loc> https://geoconnex.us/sitemap/CUAHSI/CUAHSI_HIS_GLEON_Auburn_ids__0.xml </loc>
		<lastmod> 2021-11-16 02:07:02.303580 </lastmod>
	</sitemap><sitemap>
		<loc> https://geoconnex.us/sitemap/CUAHSI/CUAHSI_HIS_NEON_ids__0.xml </loc>
		<lastmod> 2021-11-16 02:07:02.303580 </lastmod>
	</sitemap><sitemap>
		<loc> https://geoconnex.us/sitemap/CUAHSI/CUAHSI_HIS_IRWA_ids__0.xml </loc>
		<lastmod> 2021-11-16 02:07:02.303580 </lastmod>
	</sitemap><sitemap>
		<loc> https://geoconnex.us/sitemap/CUAHSI/CUAHSI_HIS_MobileCrowdHydrology_ids__0.xml </loc>
		<lastmod> 2021-11-16 02:07:02.303580 </lastmod>
	</sitemap><sitemap>
		<loc> https://geoconnex.us/sitemap/CUAHSI/CUAHSI_HIS_CALVIN_HHS_ids__0.xml </loc>
		<lastmod> 2021-11-16 02:07:02.303580 </lastmod>
	</sitemap><sitemap>
		<loc> https://geoconnex.us/sitemap/CUAHSI/CUAHSI_HIS_czo_merced_ids__0.xml </loc>
		<lastmod> 2021-11-16 02:07:02.303580 </lastmod>
	</sitemap><sitemap>
		<loc> https://geoconnex.us/sitemap/CUAHSI/CUAHSI_HIS_LCZOODM2_ids__0.xml </loc>
		<lastmod> 2021-11-16 02:07:02.303580 </lastmod>
	</sitemap><sitemap>
		<loc> https://geoconnex.us/sitemap/CUAHSI/CUAHSI_HIS_MWDIS_ids__0.xml </loc>
		<lastmod> 2021-11-16 02:07:02.303580 </lastmod>
	</sitemap><sitemap>
		<loc> https://geoconnex.us/sitemap/CUAHSI/CUAHSI_HIS_Weiherbach_ids__0.xml </loc>
		<lastmod> 2021-11-16 02:07:02.303580 </lastmod>
	</sitemap><sitemap>
		<loc> https://geoconnex.us/sitemap/CUAHSI/CUAHSI_HIS_Panola_ODM_ids__0.xml </loc>
		<lastmod> 2021-11-16 02:07:02.303580 </lastmod>
	</sitemap><sitemap>
		<loc> https://geoconnex.us/sitemap/CUAHSI/CUAHSI_HIS_NashRWA_ids__0.xml </loc>
		<lastmod> 2021-11-16 02:07:02.307580 </lastmod>
	</sitemap><sitemap>
		<loc> https://geoconnex.us/sitemap/CUAHSI/CUAHSI_HIS_LUWL_ids__0.xml </loc>
		<lastmod> 2021-11-16 02:07:02.307580 </lastmod>
	</sitemap><sitemap>
		<loc> https://geoconnex.us/sitemap/CUAHSI/CUAHSI_HIS_Nevados_ids__0.xml </loc>
		<lastmod> 2021-11-16 02:07:02.307580 </lastmod>
	</sitemap><sitemap>
		<loc> https://geoconnex.us/sitemap/CUAHSI/CUAHSI_HIS_SNOTEL_ids__0.xml </loc>
		<lastmod> 2021-11-16 02:07:02.307580 </lastmod>
	</sitemap><sitemap>
		<loc> https://geoconnex.us/sitemap/CUAHSI/CUAHSI_HIS_Nooksack_Microclimate_Network_ids__0.xml </loc>
		<lastmod> 2021-11-16 02:07:02.307580 </lastmod>
	</sitemap><sitemap>
		<loc> https://geoconnex.us/sitemap/CUAHSI/CUAHSI_HIS_LaSelvastreamdischarge_ids__0.xml </loc>
		<lastmod> 2021-11-16 02:07:02.307580 </lastmod>
	</sitemap><sitemap>
		<loc> https://geoconnex.us/sitemap/CUAHSI/CUAHSI_HIS_Clarksburg_SP_ids__0.xml </loc>
		<lastmod> 2021-11-16 02:07:02.307580 </lastmod>
	</sitemap><sitemap>
		<loc> https://geoconnex.us/sitemap/CUAHSI/CUAHSI_HIS_MudLake_ids__0.xml </loc>
		<lastmod> 2021-11-16 02:07:02.307580 </lastmod>
	</sitemap><sitemap>
		<loc> https://geoconnex.us/sitemap/CUAHSI/CUAHSI_HIS_SKC_Milltown_ids__0.xml </loc>
		<lastmod> 2021-11-16 02:07:02.307580 </lastmod>
	</sitemap><sitemap>
		<loc> https://geoconnex.us/sitemap/CUAHSI/CUAHSI_HIS_LittleBearRiver_ids__0.xml </loc>
		<lastmod> 2021-11-16 02:07:02.307580 </lastmod>
	</sitemap><sitemap>
		<loc> https://geoconnex.us/sitemap/CUAHSI/CUAHSI_HIS_FRC_WQM_ids__0.xml </loc>
		<lastmod> 2021-11-16 02:07:02.307580 </lastmod>
	</sitemap><sitemap>
		<loc> https://geoconnex.us/sitemap/CUAHSI/CUAHSI_HIS_MAAERI_ids__0.xml </loc>
		<lastmod> 2021-11-16 02:07:02.307580 </lastmod>
	</sitemap><sitemap>
		<loc> https://geoconnex.us/sitemap/CUAHSI/CUAHSI_HIS_CUISO_ids__0.xml </loc>
		<lastmod> 2021-11-16 02:07:02.307580 </lastmod>
	</sitemap><sitemap>
		<loc> https://geoconnex.us/sitemap/CUAHSI/CUAHSI_HIS_HYDRODATACZ-HR_ids__0.xml </loc>
		<lastmod> 2021-11-16 02:07:02.307580 </lastmod>
	</sitemap><sitemap>
		<loc> https://geoconnex.us/sitemap/CUAHSI/CUAHSI_HIS_GHCN_ids__0.xml </loc>
		<lastmod> 2021-11-16 02:07:02.307580 </lastmod>
	</sitemap><sitemap>
		<loc> https://geoconnex.us/sitemap/CUAHSI/CUAHSI_HIS_NHGS_WOF_ids__0.xml </loc>
		<lastmod> 2021-11-16 02:07:02.311580 </lastmod>
	</sitemap><sitemap>
		<loc> https://geoconnex.us/sitemap/CUAHSI/CUAHSI_HIS_DRWI_ids__0.xml </loc>
		<lastmod> 2021-11-16 02:07:02.311580 </lastmod>
	</sitemap><sitemap>
		<loc> https://geoconnex.us/sitemap/CUAHSI/CUAHSI_HIS_ShaleNetworkODM_ids__1.xml </loc>
		<lastmod> 2021-11-16 02:07:02.311580 </lastmod>
	</sitemap><sitemap>
		<loc> https://geoconnex.us/sitemap/CUAHSI/CUAHSI_HIS_ShaleNetworkODM_ids__0.xml </loc>
		<lastmod> 2021-11-16 02:07:02.315580 </lastmod>
	</sitemap><sitemap>
		<loc> https://geoconnex.us/sitemap/CUAHSI/CUAHSI_HIS_FCELTER_ids__0.xml </loc>
		<lastmod> 2021-11-16 02:07:02.315580 </lastmod>
	</sitemap><sitemap>
		<loc> https://geoconnex.us/sitemap/CUAHSI/CUAHSI_HIS_UMBCGW_ids__0.xml </loc>
		<lastmod> 2021-11-16 02:07:02.315580 </lastmod>
	</sitemap><sitemap>
		<loc> https://geoconnex.us/sitemap/CUAHSI/CUAHSI_HIS_MuddyRiver_ids__0.xml </loc>
		<lastmod> 2021-11-16 02:07:02.315580 </lastmod>
	</sitemap><sitemap>
		<loc> https://geoconnex.us/sitemap/CUAHSI/CUAHSI_HIS_Brazil_UCB_ids__0.xml </loc>
		<lastmod> 2021-11-16 02:07:02.315580 </lastmod>
	</sitemap><sitemap>
		<loc> https://geoconnex.us/sitemap/CUAHSI/CUAHSI_HIS_czo_ariz_ids__0.xml </loc>
		<lastmod> 2021-11-16 02:07:02.315580 </lastmod>
	</sitemap><sitemap>
		<loc> https://geoconnex.us/sitemap/CUAHSI/CUAHSI_HIS_Para_La_Naturaleza_ids__0.xml </loc>
		<lastmod> 2021-11-16 02:07:02.315580 </lastmod>
	</sitemap><sitemap>
		<loc> https://geoconnex.us/sitemap/CUAHSI/CUAHSI_HIS_RMBL_ids__0.xml </loc>
		<lastmod> 2021-11-16 02:07:02.315580 </lastmod>
	</sitemap><sitemap>
		<loc> https://geoconnex.us/sitemap/CUAHSI/CUAHSI_HIS_AndrewsforestLTER_ids__0.xml </loc>
		<lastmod> 2021-11-16 02:07:02.315580 </lastmod>
	</sitemap><sitemap>
		<loc> https://geoconnex.us/sitemap/CUAHSI/CUAHSI_HIS_TarlandWaterQuality_ids__0.xml </loc>
		<lastmod> 2021-11-16 02:07:02.315580 </lastmod>
	</sitemap><sitemap>
		<loc> https://geoconnex.us/sitemap/CUAHSI/CUAHSI_HIS_Swedish_Monitoring_Data_ids__0.xml </loc>
		<lastmod> 2021-11-16 02:07:02.319580 </lastmod>
	</sitemap><sitemap>
		<loc> https://geoconnex.us/sitemap/CUAHSI/CUAHSI_HIS_FarmRWA_ids__0.xml </loc>
		<lastmod> 2021-11-16 02:07:02.319580 </lastmod>
	</sitemap><sitemap>
		<loc> https://geoconnex.us/sitemap/CUAHSI/CUAHSI_HIS_ODM_KentState_ids__0.xml </loc>
		<lastmod> 2021-11-16 02:07:02.319580 </lastmod>
	</sitemap><sitemap>
		<loc> https://geoconnex.us/sitemap/CUAHSI/CUAHSI_HIS_CocoRaHs_ids__0.xml </loc>
		<lastmod> 2021-11-16 02:07:02.319580 </lastmod>
	</sitemap><sitemap>
		<loc> https://geoconnex.us/sitemap/CUAHSI/CUAHSI_HIS_Kansas_Weather_Data_ids__0.xml </loc>
		<lastmod> 2021-11-16 02:07:02.323580 </lastmod>
	</sitemap><sitemap>
		<loc> https://geoconnex.us/sitemap/CUAHSI/CUAHSI_HIS_MMA_Atacama_ids__0.xml </loc>
		<lastmod> 2021-11-16 02:07:02.323580 </lastmod>
	</sitemap><sitemap>
		<loc> https://geoconnex.us/sitemap/wade/wade__1.xml </loc>
		<lastmod> 2021-11-16 02:07:02.327580 </lastmod>
	</sitemap><sitemap>
		<loc> https://geoconnex.us/sitemap/wade/wade__8.xml </loc>
		<lastmod> 2021-11-16 02:07:02.331580 </lastmod>
	</sitemap><sitemap>
		<loc> https://geoconnex.us/sitemap/wade/wade__15.xml </loc>
		<lastmod> 2021-11-16 02:07:02.335580 </lastmod>
	</sitemap><sitemap>
		<loc> https://geoconnex.us/sitemap/wade/wade__10.xml </loc>
		<lastmod> 2021-11-16 02:07:02.339580 </lastmod>
	</sitemap><sitemap>
		<loc> https://geoconnex.us/sitemap/wade/wade__6.xml </loc>
		<lastmod> 2021-11-16 02:07:02.343580 </lastmod>
	</sitemap><sitemap>
		<loc> https://geoconnex.us/sitemap/wade/wade__16.xml </loc>
		<lastmod> 2021-11-16 02:07:02.347580 </lastmod>
	</sitemap><sitemap>
		<loc> https://geoconnex.us/sitemap/wade/wade__2.xml </loc>
		<lastmod> 2021-11-16 02:07:02.355580 </lastmod>
	</sitemap><sitemap>
		<loc> https://geoconnex.us/sitemap/wade/wade__19.xml </loc>
		<lastmod> 2021-11-16 02:07:02.359581 </lastmod>
	</sitemap><sitemap>
		<loc> https://geoconnex.us/sitemap/wade/wade__5.xml </loc>
		<lastmod> 2021-11-16 02:07:02.363580 </lastmod>
	</sitemap><sitemap>
		<loc> https://geoconnex.us/sitemap/wade/wade__9.xml </loc>
		<lastmod> 2021-11-16 02:07:02.367580 </lastmod>
	</sitemap><sitemap>
		<loc> https://geoconnex.us/sitemap/wade/wade__13.xml </loc>
		<lastmod> 2021-11-16 02:07:02.371581 </lastmod>
	</sitemap><sitemap>
		<loc> https://geoconnex.us/sitemap/wade/wade__12.xml </loc>
		<lastmod> 2021-11-16 02:07:02.375581 </lastmod>
	</sitemap><sitemap>
		<loc> https://geoconnex.us/sitemap/wade/wade__0.xml </loc>
		<lastmod> 2021-11-16 02:07:02.383581 </lastmod>
	</sitemap><sitemap>
		<loc> https://geoconnex.us/sitemap/wade/wade__3.xml </loc>
		<lastmod> 2021-11-16 02:07:02.387581 </lastmod>
	</sitemap><sitemap>
		<loc> https://geoconnex.us/sitemap/wade/wade__14.xml </loc>
		<lastmod> 2021-11-16 02:07:02.391581 </lastmod>
	</sitemap><sitemap>
		<loc> https://geoconnex.us/sitemap/wade/wade__11.xml </loc>
		<lastmod> 2021-11-16 02:07:02.395581 </lastmod>
	</sitemap><sitemap>
		<loc> https://geoconnex.us/sitemap/wade/wade__17.xml </loc>
		<lastmod> 2021-11-16 02:07:02.399581 </lastmod>
	</sitemap><sitemap>
		<loc> https://geoconnex.us/sitemap/wade/wade__4.xml </loc>
		<lastmod> 2021-11-16 02:07:02.407581 </lastmod>
	</sitemap><sitemap>
		<loc> https://geoconnex.us/sitemap/wade/wade__7.xml </loc>
		<lastmod> 2021-11-16 02:07:02.411581 </lastmod>
	</sitemap><sitemap>
		<loc> https://geoconnex.us/sitemap/wade/wade__18.xml </loc>
		<lastmod> 2021-11-16 02:07:02.415581 </lastmod>
	</sitemap><sitemap>
		<loc> https://geoconnex.us/sitemap/ref/hu04/hu04__0.xml </loc>
		<lastmod> 2021-11-16 02:07:02.415581 </lastmod>
	</sitemap><sitemap>
		<loc> https://geoconnex.us/sitemap/ref/places/places__0.xml </loc>
		<lastmod> 2021-11-16 02:07:02.419581 </lastmod>
	</sitemap><sitemap>
		<loc> https://geoconnex.us/sitemap/ref/pws/pws__0.xml </loc>
		<lastmod> 2021-11-16 02:07:02.423581 </lastmod>
	</sitemap><sitemap>
		<loc> https://geoconnex.us/sitemap/ref/pws/pws__3.xml </loc>
		<lastmod> 2021-11-16 02:07:02.427581 </lastmod>
	</sitemap><sitemap>
		<loc> https://geoconnex.us/sitemap/ref/pws/pws__1.xml </loc>
		<lastmod> 2021-11-16 02:07:02.431581 </lastmod>
	</sitemap><sitemap>
		<loc> https://geoconnex.us/sitemap/ref/pws/pws__2.xml </loc>
		<lastmod> 2021-11-16 02:07:02.435581 </lastmod>
	</sitemap><sitemap>
		<loc> https://geoconnex.us/sitemap/ref/states/states__0.xml </loc>
		<lastmod> 2021-11-16 02:07:02.435581 </lastmod>
	</sitemap><sitemap>
		<loc> https://geoconnex.us/sitemap/ref/aiannh/aiannh__0.xml </loc>
		<lastmod> 2021-11-16 02:07:02.435581 </lastmod>
	</sitemap><sitemap>
		<loc> https://geoconnex.us/sitemap/ref/hu10/hu10__0.xml </loc>
		<lastmod> 2021-11-16 02:07:02.439581 </lastmod>
	</sitemap><sitemap>
		<loc> https://geoconnex.us/sitemap/ref/hu08/hu08__0.xml </loc>
		<lastmod> 2021-11-16 02:07:02.439581 </lastmod>
	</sitemap><sitemap>
		<loc> https://geoconnex.us/sitemap/ref/ua10/ua10__0.xml </loc>
		<lastmod> 2021-11-16 02:07:02.439581 </lastmod>
	</sitemap><sitemap>
		<loc> https://geoconnex.us/sitemap/ref/hu02/hu02__0.xml </loc>
		<lastmod> 2021-11-16 02:07:02.439581 </lastmod>
	</sitemap><sitemap>
		<loc> https://geoconnex.us/sitemap/ref/gages/ref_gage__3.xml </loc>
		<lastmod> 2021-11-16 02:07:02.443581 </lastmod>
	</sitemap><sitemap>
		<loc> https://geoconnex.us/sitemap/ref/gages/ref_gage__0.xml </loc>
		<lastmod> 2021-11-16 02:07:02.447581 </lastmod>
	</sitemap><sitemap>
		<loc> https://geoconnex.us/sitemap/ref/gages/ref_gage__1.xml </loc>
		<lastmod> 2021-11-16 02:07:02.451581 </lastmod>
	</sitemap><sitemap>
		<loc> https://geoconnex.us/sitemap/ref/gages/ref_gage__2.xml </loc>
		<lastmod> 2021-11-16 02:07:02.455581 </lastmod>
	</sitemap><sitemap>
		<loc> https://geoconnex.us/sitemap/ref/counties/counties__0.xml </loc>
		<lastmod> 2021-11-16 02:07:02.455581 </lastmod>
	</sitemap><sitemap>
		<loc> https://geoconnex.us/sitemap/ref/nat_aq/nat_aq__0.xml </loc>
		<lastmod> 2021-11-16 02:07:02.455581 </lastmod>
	</sitemap><sitemap>
		<loc> https://geoconnex.us/sitemap/ref/cbsa/cbsa__0.xml </loc>
		<lastmod> 2021-11-16 02:07:02.455581 </lastmod>
	</sitemap><sitemap>
		<loc> https://geoconnex.us/sitemap/ref/hu06/hu06__0.xml </loc>
		<lastmod> 2021-11-16 02:07:02.455581 </lastmod>
	</sitemap><sitemap>
		<loc> https://geoconnex.us/sitemap/ornl/dams_pids__0.xml </loc>
		<lastmod> 2021-11-16 02:07:02.455581 </lastmod>
	</sitemap><sitemap>
		<loc> https://geoconnex.us/sitemap/epa/hmw/hmw__1.xml </loc>
		<lastmod> 2021-11-16 02:07:02.459581 </lastmod>
	</sitemap><sitemap>
		<loc> https://geoconnex.us/sitemap/epa/hmw/hmw__0.xml </loc>
		<lastmod> 2021-11-16 02:07:02.463581 </lastmod>
	</sitemap><sitemap>
		<loc> https://geoconnex.us/sitemap/usgs/monitoring-location/nwissite/nwissite__1.xml </loc>
		<lastmod> 2021-11-16 02:07:02.471581 </lastmod>
	</sitemap><sitemap>
		<loc> https://geoconnex.us/sitemap/usgs/monitoring-location/nwissite/nwissite__3.xml </loc>
		<lastmod> 2021-11-16 02:07:02.475581 </lastmod>
	</sitemap><sitemap>
		<loc> https://geoconnex.us/sitemap/usgs/monitoring-location/nwissite/nwissite__2.xml </loc>
		<lastmod> 2021-11-16 02:07:02.483581 </lastmod>
	</sitemap><sitemap>
		<loc> https://geoconnex.us/sitemap/usgs/monitoring-location/nwissite/nwissite__0.xml </loc>
		<lastmod> 2021-11-16 02:07:02.487581 </lastmod>
	</sitemap><sitemap>
		<loc> https://geoconnex.us/sitemap/usgs/monitoring-location/nwisgw/nwisgw__14.xml </loc>
		<lastmod> 2021-11-16 02:07:02.495581 </lastmod>
	</sitemap><sitemap>
		<loc> https://geoconnex.us/sitemap/usgs/monitoring-location/nwisgw/nwisgw__18.xml </loc>
		<lastmod> 2021-11-16 02:07:02.499581 </lastmod>
	</sitemap><sitemap>
		<loc> https://geoconnex.us/sitemap/usgs/monitoring-location/nwisgw/nwisgw__6.xml </loc>
		<lastmod> 2021-11-16 02:07:02.507581 </lastmod>
	</sitemap><sitemap>
		<loc> https://geoconnex.us/sitemap/usgs/monitoring-location/nwisgw/nwisgw__20.xml </loc>
		<lastmod> 2021-11-16 02:07:02.515581 </lastmod>
	</sitemap><sitemap>
		<loc> https://geoconnex.us/sitemap/usgs/monitoring-location/nwisgw/nwisgw__4.xml </loc>
		<lastmod> 2021-11-16 02:07:02.519581 </lastmod>
	</sitemap><sitemap>
		<loc> https://geoconnex.us/sitemap/usgs/monitoring-location/nwisgw/nwisgw__9.xml </loc>
		<lastmod> 2021-11-16 02:07:02.527581 </lastmod>
	</sitemap><sitemap>
		<loc> https://geoconnex.us/sitemap/usgs/monitoring-location/nwisgw/nwisgw__24.xml </loc>
		<lastmod> 2021-11-16 02:07:02.531581 </lastmod>
	</sitemap><sitemap>
		<loc> https://geoconnex.us/sitemap/usgs/monitoring-location/nwisgw/nwisgw__19.xml </loc>
		<lastmod> 2021-11-16 02:07:02.539581 </lastmod>
	</sitemap><sitemap>
		<loc> https://geoconnex.us/sitemap/usgs/monitoring-location/nwisgw/nwisgw__7.xml </loc>
		<lastmod> 2021-11-16 02:07:02.543581 </lastmod>
	</sitemap><sitemap>
		<loc> https://geoconnex.us/sitemap/usgs/monitoring-location/nwisgw/nwisgw__11.xml </loc>
		<lastmod> 2021-11-16 02:07:02.551581 </lastmod>
	</sitemap><sitemap>
		<loc> https://geoconnex.us/sitemap/usgs/monitoring-location/nwisgw/nwisgw__1.xml </loc>
		<lastmod> 2021-11-16 02:07:02.559582 </lastmod>
	</sitemap><sitemap>
		<loc> https://geoconnex.us/sitemap/usgs/monitoring-location/nwisgw/nwisgw__8.xml </loc>
		<lastmod> 2021-11-16 02:07:02.563581 </lastmod>
	</sitemap><sitemap>
		<loc> https://geoconnex.us/sitemap/usgs/monitoring-location/nwisgw/nwisgw__12.xml </loc>
		<lastmod> 2021-11-16 02:07:02.571582 </lastmod>
	</sitemap><sitemap>
		<loc> https://geoconnex.us/sitemap/usgs/monitoring-location/nwisgw/nwisgw__27.xml </loc>
		<lastmod> 2021-11-16 02:07:02.575582 </lastmod>
	</sitemap><sitemap>
		<loc> https://geoconnex.us/sitemap/usgs/monitoring-location/nwisgw/nwisgw__2.xml </loc>
		<lastmod> 2021-11-16 02:07:02.583582 </lastmod>
	</sitemap><sitemap>
		<loc> https://geoconnex.us/sitemap/usgs/monitoring-location/nwisgw/nwisgw__10.xml </loc>
		<lastmod> 2021-11-16 02:07:02.587582 </lastmod>
	</sitemap><sitemap>
		<loc> https://geoconnex.us/sitemap/usgs/monitoring-location/nwisgw/nwisgw__3.xml </loc>
		<lastmod> 2021-11-16 02:07:02.595582 </lastmod>
	</sitemap><sitemap>
		<loc> https://geoconnex.us/sitemap/usgs/monitoring-location/nwisgw/nwisgw__23.xml </loc>
		<lastmod> 2021-11-16 02:07:02.599582 </lastmod>
	</sitemap><sitemap>
		<loc> https://geoconnex.us/sitemap/usgs/monitoring-location/nwisgw/nwisgw__21.xml </loc>
		<lastmod> 2021-11-16 02:07:02.607582 </lastmod>
	</sitemap><sitemap>
		<loc> https://geoconnex.us/sitemap/usgs/monitoring-location/nwisgw/nwisgw__25.xml </loc>
		<lastmod> 2021-11-16 02:07:02.611582 </lastmod>
	</sitemap><sitemap>
		<loc> https://geoconnex.us/sitemap/usgs/monitoring-location/nwisgw/nwisgw__0.xml </loc>
		<lastmod> 2021-11-16 02:07:02.619582 </lastmod>
	</sitemap><sitemap>
		<loc> https://geoconnex.us/sitemap/usgs/monitoring-location/nwisgw/nwisgw__5.xml </loc>
		<lastmod> 2021-11-16 02:07:02.627582 </lastmod>
	</sitemap><sitemap>
		<loc> https://geoconnex.us/sitemap/usgs/monitoring-location/nwisgw/nwisgw__15.xml </loc>
		<lastmod> 2021-11-16 02:07:02.631582 </lastmod>
	</sitemap><sitemap>
		<loc> https://geoconnex.us/sitemap/usgs/monitoring-location/nwisgw/nwisgw__26.xml </loc>
		<lastmod> 2021-11-16 02:07:02.639582 </lastmod>
	</sitemap><sitemap>
		<loc> https://geoconnex.us/sitemap/usgs/monitoring-location/nwisgw/nwisgw__22.xml </loc>
		<lastmod> 2021-11-16 02:07:02.643582 </lastmod>
	</sitemap><sitemap>
		<loc> https://geoconnex.us/sitemap/usgs/monitoring-location/nwisgw/nwisgw__13.xml </loc>
		<lastmod> 2021-11-16 02:07:02.651582 </lastmod>
	</sitemap><sitemap>
		<loc> https://geoconnex.us/sitemap/usgs/monitoring-location/nwisgw/nwisgw__28.xml </loc>
		<lastmod> 2021-11-16 02:07:02.651582 </lastmod>
	</sitemap><sitemap>
		<loc> https://geoconnex.us/sitemap/usgs/monitoring-location/nwisgw/nwisgw__16.xml </loc>
		<lastmod> 2021-11-16 02:07:02.659582 </lastmod>
	</sitemap><sitemap>
		<loc> https://geoconnex.us/sitemap/usgs/monitoring-location/nwisgw/nwisgw__17.xml </loc>
		<lastmod> 2021-11-16 02:07:02.667582 </lastmod>
	</sitemap><sitemap>
		<loc> https://geoconnex.us/sitemap/usgs/gfv11_pois/gfv11_pois__0.xml </loc>
		<lastmod> 2021-11-16 02:07:02.671582 </lastmod>
	</sitemap><sitemap>
		<loc> https://geoconnex.us/sitemap/usgs/gfv11_pois/gfv11_pois__1.xml </loc>
		<lastmod> 2021-11-16 02:07:02.671582 </lastmod>
	</sitemap><sitemap>
		<loc> https://geoconnex.us/sitemap/usgs/hydrologic-unit__0.xml </loc>
		<lastmod> 2021-11-16 02:07:02.671582 </lastmod>
	</sitemap></ns0:sitemapindex>