<?xml version='1.0' encoding='utf-8'?>
<ns0:sitemapindex xmlns:ns0="http://www.sitemaps.org/schemas/sitemap/0.9">
<sitemap>
		<loc> https://geoconnex.us/sitemap/usgs/monitoring-location/nwisgw/nwisgw__8.xml </loc>
		<lastmod> 2022-04-07 15:39:55.458742 </lastmod>
	</sitemap><sitemap>
		<loc> https://geoconnex.us/sitemap/usgs/monitoring-location/nwisgw/nwisgw__10.xml </loc>
		<lastmod> 2022-04-07 15:39:55.466742 </lastmod>
	</sitemap><sitemap>
		<loc> https://geoconnex.us/sitemap/usgs/monitoring-location/nwisgw/nwisgw__1.xml </loc>
		<lastmod> 2022-04-07 15:39:55.470742 </lastmod>
	</sitemap><sitemap>
		<loc> https://geoconnex.us/sitemap/usgs/monitoring-location/nwisgw/nwisgw__5.xml </loc>
		<lastmod> 2022-04-07 15:39:55.474742 </lastmod>
	</sitemap><sitemap>
		<loc> https://geoconnex.us/sitemap/usgs/monitoring-location/nwisgw/nwisgw__14.xml </loc>
		<lastmod> 2022-04-07 15:39:55.482742 </lastmod>
	</sitemap><sitemap>
		<loc> https://geoconnex.us/sitemap/usgs/monitoring-location/nwisgw/nwisgw__3.xml </loc>
		<lastmod> 2022-04-07 15:39:55.486742 </lastmod>
	</sitemap><sitemap>
		<loc> https://geoconnex.us/sitemap/usgs/monitoring-location/nwisgw/nwisgw__22.xml </loc>
		<lastmod> 2022-04-07 15:39:55.490742 </lastmod>
	</sitemap><sitemap>
		<loc> https://geoconnex.us/sitemap/usgs/monitoring-location/nwisgw/nwisgw__2.xml </loc>
		<lastmod> 2022-04-07 15:39:55.498742 </lastmod>
	</sitemap><sitemap>
		<loc> https://geoconnex.us/sitemap/usgs/monitoring-location/nwisgw/nwisgw__27.xml </loc>
		<lastmod> 2022-04-07 15:39:55.502742 </lastmod>
	</sitemap><sitemap>
		<loc> https://geoconnex.us/sitemap/usgs/monitoring-location/nwisgw/nwisgw__21.xml </loc>
		<lastmod> 2022-04-07 15:39:55.506742 </lastmod>
	</sitemap><sitemap>
		<loc> https://geoconnex.us/sitemap/usgs/monitoring-location/nwisgw/nwisgw__17.xml </loc>
		<lastmod> 2022-04-07 15:39:55.514742 </lastmod>
	</sitemap><sitemap>
		<loc> https://geoconnex.us/sitemap/usgs/monitoring-location/nwisgw/nwisgw__23.xml </loc>
		<lastmod> 2022-04-07 15:39:55.518742 </lastmod>
	</sitemap><sitemap>
		<loc> https://geoconnex.us/sitemap/usgs/monitoring-location/nwisgw/nwisgw__9.xml </loc>
		<lastmod> 2022-04-07 15:39:55.522742 </lastmod>
	</sitemap><sitemap>
		<loc> https://geoconnex.us/sitemap/usgs/monitoring-location/nwisgw/nwisgw__18.xml </loc>
		<lastmod> 2022-04-07 15:39:55.530742 </lastmod>
	</sitemap><sitemap>
		<loc> https://geoconnex.us/sitemap/usgs/monitoring-location/nwisgw/nwisgw__13.xml </loc>
		<lastmod> 2022-04-07 15:39:55.534742 </lastmod>
	</sitemap><sitemap>
		<loc> https://geoconnex.us/sitemap/usgs/monitoring-location/nwisgw/nwisgw__25.xml </loc>
		<lastmod> 2022-04-07 15:39:55.538742 </lastmod>
	</sitemap><sitemap>
		<loc> https://geoconnex.us/sitemap/usgs/monitoring-location/nwisgw/nwisgw__11.xml </loc>
		<lastmod> 2022-04-07 15:39:55.546742 </lastmod>
	</sitemap><sitemap>
		<loc> https://geoconnex.us/sitemap/usgs/monitoring-location/nwisgw/nwisgw__16.xml </loc>
		<lastmod> 2022-04-07 15:39:55.550742 </lastmod>
	</sitemap><sitemap>
		<loc> https://geoconnex.us/sitemap/usgs/monitoring-location/nwisgw/nwisgw__4.xml </loc>
		<lastmod> 2022-04-07 15:39:55.554742 </lastmod>
	</sitemap><sitemap>
		<loc> https://geoconnex.us/sitemap/usgs/monitoring-location/nwisgw/nwisgw__12.xml </loc>
		<lastmod> 2022-04-07 15:39:55.562742 </lastmod>
	</sitemap><sitemap>
		<loc> https://geoconnex.us/sitemap/usgs/monitoring-location/nwisgw/nwisgw__24.xml </loc>
		<lastmod> 2022-04-07 15:39:55.566742 </lastmod>
	</sitemap><sitemap>
		<loc> https://geoconnex.us/sitemap/usgs/monitoring-location/nwisgw/nwisgw__6.xml </loc>
		<lastmod> 2022-04-07 15:39:55.570742 </lastmod>
	</sitemap><sitemap>
		<loc> https://geoconnex.us/sitemap/usgs/monitoring-location/nwisgw/nwisgw__0.xml </loc>
		<lastmod> 2022-04-07 15:39:55.574742 </lastmod>
	</sitemap><sitemap>
		<loc> https://geoconnex.us/sitemap/usgs/monitoring-location/nwisgw/nwisgw__20.xml </loc>
		<lastmod> 2022-04-07 15:39:55.582742 </lastmod>
	</sitemap><sitemap>
		<loc> https://geoconnex.us/sitemap/usgs/monitoring-location/nwisgw/nwisgw__19.xml </loc>
		<lastmod> 2022-04-07 15:39:55.586742 </lastmod>
	</sitemap><sitemap>
		<loc> https://geoconnex.us/sitemap/usgs/monitoring-location/nwisgw/nwisgw__7.xml </loc>
		<lastmod> 2022-04-07 15:39:55.590743 </lastmod>
	</sitemap><sitemap>
		<loc> https://geoconnex.us/sitemap/usgs/monitoring-location/nwisgw/nwisgw__28.xml </loc>
		<lastmod> 2022-04-07 15:39:55.594743 </lastmod>
	</sitemap><sitemap>
		<loc> https://geoconnex.us/sitemap/usgs/monitoring-location/nwisgw/nwisgw__26.xml </loc>
		<lastmod> 2022-04-07 15:39:55.602743 </lastmod>
	</sitemap><sitemap>
		<loc> https://geoconnex.us/sitemap/usgs/monitoring-location/nwisgw/nwisgw__15.xml </loc>
		<lastmod> 2022-04-07 15:39:55.606743 </lastmod>
	</sitemap><sitemap>
		<loc> https://geoconnex.us/sitemap/usgs/monitoring-location/nwissite/nwissite__3.xml </loc>
		<lastmod> 2022-04-07 15:39:55.610743 </lastmod>
	</sitemap><sitemap>
		<loc> https://geoconnex.us/sitemap/usgs/monitoring-location/nwissite/nwissite__0.xml </loc>
		<lastmod> 2022-04-07 15:39:55.614743 </lastmod>
	</sitemap><sitemap>
		<loc> https://geoconnex.us/sitemap/usgs/monitoring-location/nwissite/nwissite__2.xml </loc>
		<lastmod> 2022-04-07 15:39:55.618743 </lastmod>
	</sitemap><sitemap>
		<loc> https://geoconnex.us/sitemap/usgs/monitoring-location/nwissite/nwissite__1.xml </loc>
		<lastmod> 2022-04-07 15:39:55.626743 </lastmod>
	</sitemap><sitemap>
		<loc> https://geoconnex.us/sitemap/usgs/gfv11_pois/gfv11_pois__0.xml </loc>
		<lastmod> 2022-04-07 15:39:55.630743 </lastmod>
	</sitemap><sitemap>
		<loc> https://geoconnex.us/sitemap/usgs/gfv11_pois/gfv11_pois__1.xml </loc>
		<lastmod> 2022-04-07 15:39:55.630743 </lastmod>
	</sitemap><sitemap>
		<loc> https://geoconnex.us/sitemap/usgs/hydrologic-unit__0.xml </loc>
		<lastmod> 2022-04-07 15:39:55.630743 </lastmod>
	</sitemap><sitemap>
		<loc> https://geoconnex.us/sitemap/nhdplusv2/huc12pp/huc12pp__0.xml </loc>
		<lastmod> 2022-04-07 15:39:55.634743 </lastmod>
	</sitemap><sitemap>
		<loc> https://geoconnex.us/sitemap/nhdplusv2/huc12pp/huc12pp__1.xml </loc>
		<lastmod> 2022-04-07 15:39:55.638743 </lastmod>
	</sitemap><sitemap>
		<loc> https://geoconnex.us/sitemap/SELFIE/SELFIE_ids__0.xml </loc>
		<lastmod> 2022-04-07 15:39:55.638743 </lastmod>
	</sitemap><sitemap>
		<loc> https://geoconnex.us/sitemap/ornl/dams_pids__0.xml </loc>
		<lastmod> 2022-04-07 15:39:55.638743 </lastmod>
	</sitemap><sitemap>
		<loc> https://geoconnex.us/sitemap/epa/hmw/hmw__0.xml </loc>
		<lastmod> 2022-04-07 15:39:55.642743 </lastmod>
	</sitemap><sitemap>
		<loc> https://geoconnex.us/sitemap/epa/hmw/hmw__1.xml </loc>
		<lastmod> 2022-04-07 15:39:55.646743 </lastmod>
	</sitemap><sitemap>
		<loc> https://geoconnex.us/sitemap/iow/test3__0.xml </loc>
		<lastmod> 2022-04-07 15:39:55.646743 </lastmod>
	</sitemap><sitemap>
		<loc> https://geoconnex.us/sitemap/iow/autotest1__0.xml </loc>
		<lastmod> 2022-04-07 15:39:55.646743 </lastmod>
	</sitemap><sitemap>
		<loc> https://geoconnex.us/sitemap/iow/autotest2__0.xml </loc>
		<lastmod> 2022-04-07 15:39:55.646743 </lastmod>
	</sitemap><sitemap>
		<loc> https://geoconnex.us/sitemap/wade/wade__10.xml </loc>
		<lastmod> 2022-04-07 15:39:55.650743 </lastmod>
	</sitemap><sitemap>
		<loc> https://geoconnex.us/sitemap/wade/wade__15.xml </loc>
		<lastmod> 2022-04-07 15:39:55.658743 </lastmod>
	</sitemap><sitemap>
		<loc> https://geoconnex.us/sitemap/wade/wade__16.xml </loc>
		<lastmod> 2022-04-07 15:39:55.662743 </lastmod>
	</sitemap><sitemap>
		<loc> https://geoconnex.us/sitemap/wade/wade__4.xml </loc>
		<lastmod> 2022-04-07 15:39:55.666743 </lastmod>
	</sitemap><sitemap>
		<loc> https://geoconnex.us/sitemap/wade/wade__8.xml </loc>
		<lastmod> 2022-04-07 15:39:55.670743 </lastmod>
	</sitemap><sitemap>
		<loc> https://geoconnex.us/sitemap/wade/wade__11.xml </loc>
		<lastmod> 2022-04-07 15:39:55.674743 </lastmod>
	</sitemap><sitemap>
		<loc> https://geoconnex.us/sitemap/wade/wade__5.xml </loc>
		<lastmod> 2022-04-07 15:39:55.678743 </lastmod>
	</sitemap><sitemap>
		<loc> https://geoconnex.us/sitemap/wade/wade__17.xml </loc>
		<lastmod> 2022-04-07 15:39:55.682743 </lastmod>
	</sitemap><sitemap>
		<loc> https://geoconnex.us/sitemap/wade/wade__6.xml </loc>
		<lastmod> 2022-04-07 15:39:55.686743 </lastmod>
	</sitemap><sitemap>
		<loc> https://geoconnex.us/sitemap/wade/wade__2.xml </loc>
		<lastmod> 2022-04-07 15:39:55.694743 </lastmod>
	</sitemap><sitemap>
		<loc> https://geoconnex.us/sitemap/wade/wade__0.xml </loc>
		<lastmod> 2022-04-07 15:39:55.698743 </lastmod>
	</sitemap><sitemap>
		<loc> https://geoconnex.us/sitemap/wade/wade__1.xml </loc>
		<lastmod> 2022-04-07 15:39:55.702743 </lastmod>
	</sitemap><sitemap>
		<loc> https://geoconnex.us/sitemap/wade/wade__12.xml </loc>
		<lastmod> 2022-04-07 15:39:55.706743 </lastmod>
	</sitemap><sitemap>
		<loc> https://geoconnex.us/sitemap/wade/wade__13.xml </loc>
		<lastmod> 2022-04-07 15:39:55.710743 </lastmod>
	</sitemap><sitemap>
		<loc> https://geoconnex.us/sitemap/wade/wade__14.xml </loc>
		<lastmod> 2022-04-07 15:39:55.714743 </lastmod>
	</sitemap><sitemap>
		<loc> https://geoconnex.us/sitemap/wade/wade__18.xml </loc>
		<lastmod> 2022-04-07 15:39:55.718743 </lastmod>
	</sitemap><sitemap>
		<loc> https://geoconnex.us/sitemap/wade/wade__9.xml </loc>
		<lastmod> 2022-04-07 15:39:55.722743 </lastmod>
	</sitemap><sitemap>
		<loc> https://geoconnex.us/sitemap/wade/wade__7.xml </loc>
		<lastmod> 2022-04-07 15:39:55.730743 </lastmod>
	</sitemap><sitemap>
		<loc> https://geoconnex.us/sitemap/wade/wade__19.xml </loc>
		<lastmod> 2022-04-07 15:39:55.734743 </lastmod>
	</sitemap><sitemap>
		<loc> https://geoconnex.us/sitemap/wade/wade__3.xml </loc>
		<lastmod> 2022-04-07 15:39:55.738744 </lastmod>
	</sitemap><sitemap>
		<loc> https://geoconnex.us/sitemap/CHyLD/chyld-pilot_ids__0.xml </loc>
		<lastmod> 2022-04-07 15:39:55.738744 </lastmod>
	</sitemap><sitemap>
		<loc> https://geoconnex.us/sitemap/CUAHSI/CUAHSI_HIS_SCAN_ids__0.xml </loc>
		<lastmod> 2022-04-07 15:39:55.738744 </lastmod>
	</sitemap><sitemap>
		<loc> https://geoconnex.us/sitemap/CUAHSI/CUAHSI_HIS_czo_merced_ids__0.xml </loc>
		<lastmod> 2022-04-07 15:39:55.738744 </lastmod>
	</sitemap><sitemap>
		<loc> https://geoconnex.us/sitemap/CUAHSI/CUAHSI_HIS_czo_luquillo_ids__0.xml </loc>
		<lastmod> 2022-04-07 15:39:55.738744 </lastmod>
	</sitemap><sitemap>
		<loc> https://geoconnex.us/sitemap/CUAHSI/CUAHSI_HIS_MuddyRiver_ids__0.xml </loc>
		<lastmod> 2022-04-07 15:39:55.738744 </lastmod>
	</sitemap><sitemap>
		<loc> https://geoconnex.us/sitemap/CUAHSI/CUAHSI_HIS_TarlandWaterQuality_ids__0.xml </loc>
		<lastmod> 2022-04-07 15:39:55.738744 </lastmod>
	</sitemap><sitemap>
		<loc> https://geoconnex.us/sitemap/CUAHSI/CUAHSI_HIS_Provo_River_GAMUT_ids__0.xml </loc>
		<lastmod> 2022-04-07 15:39:55.738744 </lastmod>
	</sitemap><sitemap>
		<loc> https://geoconnex.us/sitemap/CUAHSI/CUAHSI_HIS_SNOTEL_ids__0.xml </loc>
		<lastmod> 2022-04-07 15:39:55.738744 </lastmod>
	</sitemap><sitemap>
		<loc> https://geoconnex.us/sitemap/CUAHSI/CUAHSI_HIS_Isábena_ids__0.xml </loc>
		<lastmod> 2022-04-07 15:39:55.738744 </lastmod>
	</sitemap><sitemap>
		<loc> https://geoconnex.us/sitemap/CUAHSI/CUAHSI_HIS_Brazil_UCB_ids__0.xml </loc>
		<lastmod> 2022-04-07 15:39:55.738744 </lastmod>
	</sitemap><sitemap>
		<loc> https://geoconnex.us/sitemap/CUAHSI/CUAHSI_HIS_Logan_River_GAMUT_ids__0.xml </loc>
		<lastmod> 2022-04-07 15:39:55.738744 </lastmod>
	</sitemap><sitemap>
		<loc> https://geoconnex.us/sitemap/CUAHSI/CUAHSI_HIS_CCBEPDAP_ids__0.xml </loc>
		<lastmod> 2022-04-07 15:39:55.738744 </lastmod>
	</sitemap><sitemap>
		<loc> https://geoconnex.us/sitemap/CUAHSI/CUAHSI_HIS_CRWA_ids__0.xml </loc>
		<lastmod> 2022-04-07 15:39:55.738744 </lastmod>
	</sitemap><sitemap>
		<loc> https://geoconnex.us/sitemap/CUAHSI/CUAHSI_HIS_SagehenCreek_ids__0.xml </loc>
		<lastmod> 2022-04-07 15:39:55.738744 </lastmod>
	</sitemap><sitemap>
		<loc> https://geoconnex.us/sitemap/CUAHSI/CUAHSI_HIS_HYDRODATACZ-HR_ids__0.xml </loc>
		<lastmod> 2022-04-07 15:39:55.738744 </lastmod>
	</sitemap><sitemap>
		<loc> https://geoconnex.us/sitemap/CUAHSI/CUAHSI_HIS_SKC_Milltown_ids__0.xml </loc>
		<lastmod> 2022-04-07 15:39:55.738744 </lastmod>
	</sitemap><sitemap>
		<loc> https://geoconnex.us/sitemap/CUAHSI/CUAHSI_HIS_MMA_Atacama_ids__0.xml </loc>
		<lastmod> 2022-04-07 15:39:55.738744 </lastmod>
	</sitemap><sitemap>
		<loc> https://geoconnex.us/sitemap/CUAHSI/CUAHSI_HIS_NE_WN_ids__0.xml </loc>
		<lastmod> 2022-04-07 15:39:55.738744 </lastmod>
	</sitemap><sitemap>
		<loc> https://geoconnex.us/sitemap/CUAHSI/CUAHSI_HIS_ORSANCO_HAB_ids__0.xml </loc>
		<lastmod> 2022-04-07 15:39:55.738744 </lastmod>
	</sitemap><sitemap>
		<loc> https://geoconnex.us/sitemap/CUAHSI/CUAHSI_HIS_czo_ariz_ids__0.xml </loc>
		<lastmod> 2022-04-07 15:39:55.738744 </lastmod>
	</sitemap><sitemap>
		<loc> https://geoconnex.us/sitemap/CUAHSI/CUAHSI_HIS_TRWA_ids__0.xml </loc>
		<lastmod> 2022-04-07 15:39:55.738744 </lastmod>
	</sitemap><sitemap>
		<loc> https://geoconnex.us/sitemap/CUAHSI/CUAHSI_HIS_CALVIN_HHS_ids__0.xml </loc>
		<lastmod> 2022-04-07 15:39:55.738744 </lastmod>
	</sitemap><sitemap>
		<loc> https://geoconnex.us/sitemap/CUAHSI/CUAHSI_HIS_CUISO_ids__0.xml </loc>
		<lastmod> 2022-04-07 15:39:55.738744 </lastmod>
	</sitemap><sitemap>
		<loc> https://geoconnex.us/sitemap/CUAHSI/CUAHSI_HIS_MudLake_ids__0.xml </loc>
		<lastmod> 2022-04-07 15:39:55.738744 </lastmod>
	</sitemap><sitemap>
		<loc> https://geoconnex.us/sitemap/CUAHSI/CUAHSI_HIS_NCEIWW2_ids__0.xml </loc>
		<lastmod> 2022-04-07 15:39:55.738744 </lastmod>
	</sitemap><sitemap>
		<loc> https://geoconnex.us/sitemap/CUAHSI/CUAHSI_HIS_IEER_at_Wilkes_University_ids__0.xml </loc>
		<lastmod> 2022-04-07 15:39:55.742743 </lastmod>
	</sitemap><sitemap>
		<loc> https://geoconnex.us/sitemap/CUAHSI/CUAHSI_HIS_Kansas_Weather_Data_ids__0.xml </loc>
		<lastmod> 2022-04-07 15:39:55.742743 </lastmod>
	</sitemap><sitemap>
		<loc> https://geoconnex.us/sitemap/CUAHSI/CUAHSI_HIS_GLEON_LakeAnnie_ids__0.xml </loc>
		<lastmod> 2022-04-07 15:39:55.742743 </lastmod>
	</sitemap><sitemap>
		<loc> https://geoconnex.us/sitemap/CUAHSI/CUAHSI_HIS_Hassberge_ids__0.xml </loc>
		<lastmod> 2022-04-07 15:39:55.742743 </lastmod>
	</sitemap><sitemap>
		<loc> https://geoconnex.us/sitemap/CUAHSI/CUAHSI_HIS_AndrewsforestLTER_ids__0.xml </loc>
		<lastmod> 2022-04-07 15:39:55.742743 </lastmod>
	</sitemap><sitemap>
		<loc> https://geoconnex.us/sitemap/CUAHSI/CUAHSI_HIS_TNCWaterData_ids__0.xml </loc>
		<lastmod> 2022-04-07 15:39:55.742743 </lastmod>
	</sitemap><sitemap>
		<loc> https://geoconnex.us/sitemap/CUAHSI/CUAHSI_HIS_NEON_ids__0.xml </loc>
		<lastmod> 2022-04-07 15:39:55.742743 </lastmod>
	</sitemap><sitemap>
		<loc> https://geoconnex.us/sitemap/CUAHSI/CUAHSI_HIS_czo_udel_ids__0.xml </loc>
		<lastmod> 2022-04-07 15:39:55.742743 </lastmod>
	</sitemap><sitemap>
		<loc> https://geoconnex.us/sitemap/CUAHSI/CUAHSI_HIS_Scotland_NWIS_ids__0.xml </loc>
		<lastmod> 2022-04-07 15:39:55.742743 </lastmod>
	</sitemap><sitemap>
		<loc> https://geoconnex.us/sitemap/CUAHSI/CUAHSI_HIS_LittleBearRiver_ids__0.xml </loc>
		<lastmod> 2022-04-07 15:39:55.742743 </lastmod>
	</sitemap><sitemap>
		<loc> https://geoconnex.us/sitemap/CUAHSI/CUAHSI_HIS_MAAERI_ids__0.xml </loc>
		<lastmod> 2022-04-07 15:39:55.742743 </lastmod>
	</sitemap><sitemap>
		<loc> https://geoconnex.us/sitemap/CUAHSI/CUAHSI_HIS_Weiherbach_ids__0.xml </loc>
		<lastmod> 2022-04-07 15:39:55.742743 </lastmod>
	</sitemap><sitemap>
		<loc> https://geoconnex.us/sitemap/CUAHSI/CUAHSI_HIS_UMBCWQ_ids__0.xml </loc>
		<lastmod> 2022-04-07 15:39:55.742743 </lastmod>
	</sitemap><sitemap>
		<loc> https://geoconnex.us/sitemap/CUAHSI/CUAHSI_HIS_DRWI_ids__0.xml </loc>
		<lastmod> 2022-04-07 15:39:55.742743 </lastmod>
	</sitemap><sitemap>
		<loc> https://geoconnex.us/sitemap/CUAHSI/CUAHSI_HIS_Red_Butte_Creek_GAMUT_ids__0.xml </loc>
		<lastmod> 2022-04-07 15:39:55.742743 </lastmod>
	</sitemap><sitemap>
		<loc> https://geoconnex.us/sitemap/CUAHSI/CUAHSI_HIS_IRWA_ids__0.xml </loc>
		<lastmod> 2022-04-07 15:39:55.742743 </lastmod>
	</sitemap><sitemap>
		<loc> https://geoconnex.us/sitemap/CUAHSI/CUAHSI_HIS_MWRA_ids__0.xml </loc>
		<lastmod> 2022-04-07 15:39:55.742743 </lastmod>
	</sitemap><sitemap>
		<loc> https://geoconnex.us/sitemap/CUAHSI/CUAHSI_HIS_FCELTER_ids__0.xml </loc>
		<lastmod> 2022-04-07 15:39:55.742743 </lastmod>
	</sitemap><sitemap>
		<loc> https://geoconnex.us/sitemap/CUAHSI/CUAHSI_HIS_MWDIS_ids__0.xml </loc>
		<lastmod> 2022-04-07 15:39:55.742743 </lastmod>
	</sitemap><sitemap>
		<loc> https://geoconnex.us/sitemap/CUAHSI/CUAHSI_HIS_HYDRODATACZ-D_ids__0.xml </loc>
		<lastmod> 2022-04-07 15:39:55.742743 </lastmod>
	</sitemap><sitemap>
		<loc> https://geoconnex.us/sitemap/CUAHSI/CUAHSI_HIS_czo_catalina_ids__0.xml </loc>
		<lastmod> 2022-04-07 15:39:55.742743 </lastmod>
	</sitemap><sitemap>
		<loc> https://geoconnex.us/sitemap/CUAHSI/CUAHSI_HIS_GlobalRiversObservatory_ids__0.xml </loc>
		<lastmod> 2022-04-07 15:39:55.742743 </lastmod>
	</sitemap><sitemap>
		<loc> https://geoconnex.us/sitemap/CUAHSI/CUAHSI_HIS_ODM_KentState_ids__0.xml </loc>
		<lastmod> 2022-04-07 15:39:55.742743 </lastmod>
	</sitemap><sitemap>
		<loc> https://geoconnex.us/sitemap/CUAHSI/CUAHSI_HIS_LUWL_ids__0.xml </loc>
		<lastmod> 2022-04-07 15:39:55.742743 </lastmod>
	</sitemap><sitemap>
		<loc> https://geoconnex.us/sitemap/CUAHSI/CUAHSI_HIS_FarmRWA_ids__0.xml </loc>
		<lastmod> 2022-04-07 15:39:55.742743 </lastmod>
	</sitemap><sitemap>
		<loc> https://geoconnex.us/sitemap/CUAHSI/CUAHSI_HIS_Clarksburg_SP_ids__0.xml </loc>
		<lastmod> 2022-04-07 15:39:55.742743 </lastmod>
	</sitemap><sitemap>
		<loc> https://geoconnex.us/sitemap/CUAHSI/CUAHSI_HIS_FRC_WQM_ids__0.xml </loc>
		<lastmod> 2022-04-07 15:39:55.742743 </lastmod>
	</sitemap><sitemap>
		<loc> https://geoconnex.us/sitemap/CUAHSI/CUAHSI_HIS_GHCN_ids__0.xml </loc>
		<lastmod> 2022-04-07 15:39:55.746743 </lastmod>
	</sitemap><sitemap>
		<loc> https://geoconnex.us/sitemap/CUAHSI/CUAHSI_HIS_czo_boulder_ids__0.xml </loc>
		<lastmod> 2022-04-07 15:39:55.746743 </lastmod>
	</sitemap><sitemap>
		<loc> https://geoconnex.us/sitemap/CUAHSI/CUAHSI_HIS_Mazar_River_Project_ids__0.xml </loc>
		<lastmod> 2022-04-07 15:39:55.746743 </lastmod>
	</sitemap><sitemap>
		<loc> https://geoconnex.us/sitemap/CUAHSI/CUAHSI_HIS_CocoRaHs_ids__0.xml </loc>
		<lastmod> 2022-04-07 15:39:55.750744 </lastmod>
	</sitemap><sitemap>
		<loc> https://geoconnex.us/sitemap/CUAHSI/CUAHSI_HIS_YosemiteHydroclimateNetwork_ids__0.xml </loc>
		<lastmod> 2022-04-07 15:39:55.750744 </lastmod>
	</sitemap><sitemap>
		<loc> https://geoconnex.us/sitemap/CUAHSI/CUAHSI_HIS_GlacialRidge_ids__0.xml </loc>
		<lastmod> 2022-04-07 15:39:55.750744 </lastmod>
	</sitemap><sitemap>
		<loc> https://geoconnex.us/sitemap/CUAHSI/CUAHSI_HIS_UBWPAD_ids__0.xml </loc>
		<lastmod> 2022-04-07 15:39:55.750744 </lastmod>
	</sitemap><sitemap>
		<loc> https://geoconnex.us/sitemap/CUAHSI/CUAHSI_HIS_Nooksack_Microclimate_Network_ids__0.xml </loc>
		<lastmod> 2022-04-07 15:39:55.750744 </lastmod>
	</sitemap><sitemap>
		<loc> https://geoconnex.us/sitemap/CUAHSI/CUAHSI_HIS_NHGS_WOF_ids__0.xml </loc>
		<lastmod> 2022-04-07 15:39:55.750744 </lastmod>
	</sitemap><sitemap>
		<loc> https://geoconnex.us/sitemap/CUAHSI/CUAHSI_HIS_LaSelvastreamdischarge_ids__0.xml </loc>
		<lastmod> 2022-04-07 15:39:55.750744 </lastmod>
	</sitemap><sitemap>
		<loc> https://geoconnex.us/sitemap/CUAHSI/CUAHSI_HIS_GLEON_Dorset_ids__0.xml </loc>
		<lastmod> 2022-04-07 15:39:55.750744 </lastmod>
	</sitemap><sitemap>
		<loc> https://geoconnex.us/sitemap/CUAHSI/CUAHSI_HIS_UMBCGW_ids__0.xml </loc>
		<lastmod> 2022-04-07 15:39:55.750744 </lastmod>
	</sitemap><sitemap>
		<loc> https://geoconnex.us/sitemap/CUAHSI/CUAHSI_HIS_Swedish_Monitoring_Data_ids__0.xml </loc>
		<lastmod> 2022-04-07 15:39:55.750744 </lastmod>
	</sitemap><sitemap>
		<loc> https://geoconnex.us/sitemap/CUAHSI/CUAHSI_HIS_Panola_ODM_ids__0.xml </loc>
		<lastmod> 2022-04-07 15:39:55.750744 </lastmod>
	</sitemap><sitemap>
		<loc> https://geoconnex.us/sitemap/CUAHSI/CUAHSI_HIS_UNH_Snow_ids__0.xml </loc>
		<lastmod> 2022-04-07 15:39:55.750744 </lastmod>
	</sitemap><sitemap>
		<loc> https://geoconnex.us/sitemap/CUAHSI/CUAHSI_HIS_NevCAN_ids__0.xml </loc>
		<lastmod> 2022-04-07 15:39:55.750744 </lastmod>
	</sitemap><sitemap>
		<loc> https://geoconnex.us/sitemap/CUAHSI/CUAHSI_HIS_MOPEX_ids__0.xml </loc>
		<lastmod> 2022-04-07 15:39:55.750744 </lastmod>
	</sitemap><sitemap>
		<loc> https://geoconnex.us/sitemap/CUAHSI/CUAHSI_HIS_RMBL_ids__0.xml </loc>
		<lastmod> 2022-04-07 15:39:55.750744 </lastmod>
	</sitemap><sitemap>
		<loc> https://geoconnex.us/sitemap/CUAHSI/CUAHSI_HIS_Para_La_Naturaleza_ids__0.xml </loc>
		<lastmod> 2022-04-07 15:39:55.750744 </lastmod>
	</sitemap><sitemap>
		<loc> https://geoconnex.us/sitemap/CUAHSI/CUAHSI_HIS_czo_psu_ids__0.xml </loc>
		<lastmod> 2022-04-07 15:39:55.750744 </lastmod>
	</sitemap><sitemap>
		<loc> https://geoconnex.us/sitemap/CUAHSI/CUAHSI_HIS_LoganRiver_ids__0.xml </loc>
		<lastmod> 2022-04-07 15:39:55.750744 </lastmod>
	</sitemap><sitemap>
		<loc> https://geoconnex.us/sitemap/CUAHSI/CUAHSI_HIS_ShaleNetworkODM_ids__1.xml </loc>
		<lastmod> 2022-04-07 15:39:55.750744 </lastmod>
	</sitemap><sitemap>
		<loc> https://geoconnex.us/sitemap/CUAHSI/CUAHSI_HIS_Nevados_ids__0.xml </loc>
		<lastmod> 2022-04-07 15:39:55.750744 </lastmod>
	</sitemap><sitemap>
		<loc> https://geoconnex.us/sitemap/CUAHSI/CUAHSI_HIS_LCZOODM2_ids__0.xml </loc>
		<lastmod> 2022-04-07 15:39:55.750744 </lastmod>
	</sitemap><sitemap>
		<loc> https://geoconnex.us/sitemap/CUAHSI/CUAHSI_HIS_LTERNTLWoodruff_ids__0.xml </loc>
		<lastmod> 2022-04-07 15:39:55.750744 </lastmod>
	</sitemap><sitemap>
		<loc> https://geoconnex.us/sitemap/CUAHSI/CUAHSI_HIS_GLEON_Auburn_ids__0.xml </loc>
		<lastmod> 2022-04-07 15:39:55.750744 </lastmod>
	</sitemap><sitemap>
		<loc> https://geoconnex.us/sitemap/CUAHSI/CUAHSI_HIS_GLEON_Sunapee_ids__0.xml </loc>
		<lastmod> 2022-04-07 15:39:55.750744 </lastmod>
	</sitemap><sitemap>
		<loc> https://geoconnex.us/sitemap/CUAHSI/CUAHSI_HIS_TuolumneMdw_ids__0.xml </loc>
		<lastmod> 2022-04-07 15:39:55.754744 </lastmod>
	</sitemap><sitemap>
		<loc> https://geoconnex.us/sitemap/CUAHSI/CUAHSI_HIS_CedarRiver_ids__0.xml </loc>
		<lastmod> 2022-04-07 15:39:55.754744 </lastmod>
	</sitemap><sitemap>
		<loc> https://geoconnex.us/sitemap/CUAHSI/CUAHSI_HIS_Gongga_ids__0.xml </loc>
		<lastmod> 2022-04-07 15:39:55.754744 </lastmod>
	</sitemap><sitemap>
		<loc> https://geoconnex.us/sitemap/CUAHSI/CUAHSI_HIS_NashRWA_ids__0.xml </loc>
		<lastmod> 2022-04-07 15:39:55.754744 </lastmod>
	</sitemap><sitemap>
		<loc> https://geoconnex.us/sitemap/CUAHSI/CUAHSI_HIS_ShaleNetworkODM_ids__0.xml </loc>
		<lastmod> 2022-04-07 15:39:55.758744 </lastmod>
	</sitemap><sitemap>
		<loc> https://geoconnex.us/sitemap/CUAHSI/CUAHSI_HIS_MobileCrowdHydrology_ids__0.xml </loc>
		<lastmod> 2022-04-07 15:39:55.758744 </lastmod>
	</sitemap><sitemap>
		<loc> https://geoconnex.us/sitemap/ref/states/states__0.xml </loc>
		<lastmod> 2022-04-07 15:39:55.758744 </lastmod>
	</sitemap><sitemap>
		<loc> https://geoconnex.us/sitemap/ref/pws/pws__3.xml </loc>
		<lastmod> 2022-04-07 15:39:55.762744 </lastmod>
	</sitemap><sitemap>
		<loc> https://geoconnex.us/sitemap/ref/pws/pws__0.xml </loc>
		<lastmod> 2022-04-07 15:39:55.766744 </lastmod>
	</sitemap><sitemap>
		<loc> https://geoconnex.us/sitemap/ref/pws/pws__1.xml </loc>
		<lastmod> 2022-04-07 15:39:55.770744 </lastmod>
	</sitemap><sitemap>
		<loc> https://geoconnex.us/sitemap/ref/pws/pws__2.xml </loc>
		<lastmod> 2022-04-07 15:39:55.774744 </lastmod>
	</sitemap><sitemap>
		<loc> https://geoconnex.us/sitemap/ref/mainstems/mainstems__0.xml </loc>
		<lastmod> 2022-04-07 15:39:55.778744 </lastmod>
	</sitemap><sitemap>
		<loc> https://geoconnex.us/sitemap/ref/sec_hydrg_reg/sec_hydrg_reg__0.xml </loc>
		<lastmod> 2022-04-07 15:39:55.778744 </lastmod>
	</sitemap><sitemap>
		<loc> https://geoconnex.us/sitemap/ref/gages/ref_gage__2.xml </loc>
		<lastmod> 2022-04-07 15:39:55.782744 </lastmod>
	</sitemap><sitemap>
		<loc> https://geoconnex.us/sitemap/ref/gages/ref_gage__3.xml </loc>
		<lastmod> 2022-04-07 15:39:55.786744 </lastmod>
	</sitemap><sitemap>
		<loc> https://geoconnex.us/sitemap/ref/gages/ref_gage__1.xml </loc>
		<lastmod> 2022-04-07 15:39:55.790744 </lastmod>
	</sitemap><sitemap>
		<loc> https://geoconnex.us/sitemap/ref/gages/ref_gage__0.xml </loc>
		<lastmod> 2022-04-07 15:39:55.794744 </lastmod>
	</sitemap><sitemap>
		<loc> https://geoconnex.us/sitemap/ref/aiannh/aiannh__0.xml </loc>
		<lastmod> 2022-04-07 15:39:55.794744 </lastmod>
	</sitemap><sitemap>
		<loc> https://geoconnex.us/sitemap/ref/nat_aq/nat_aq__0.xml </loc>
		<lastmod> 2022-04-07 15:39:55.794744 </lastmod>
	</sitemap><sitemap>
		<loc> https://geoconnex.us/sitemap/ref/hu02/hu02__0.xml </loc>
		<lastmod> 2022-04-07 15:39:55.794744 </lastmod>
	</sitemap><sitemap>
		<loc> https://geoconnex.us/sitemap/ref/counties/counties__0.xml </loc>
		<lastmod> 2022-04-07 15:39:55.794744 </lastmod>
	</sitemap><sitemap>
		<loc> https://geoconnex.us/sitemap/ref/hu08/hu08__0.xml </loc>
		<lastmod> 2022-04-07 15:39:55.794744 </lastmod>
	</sitemap><sitemap>
		<loc> https://geoconnex.us/sitemap/ref/princi_aq/princi_aq__0.xml </loc>
		<lastmod> 2022-04-07 15:39:55.798744 </lastmod>
	</sitemap><sitemap>
		<loc> https://geoconnex.us/sitemap/ref/hu06/hu06__0.xml </loc>
		<lastmod> 2022-04-07 15:39:55.798744 </lastmod>
	</sitemap><sitemap>
		<loc> https://geoconnex.us/sitemap/ref/ua10/ua10__0.xml </loc>
		<lastmod> 2022-04-07 15:39:55.798744 </lastmod>
	</sitemap><sitemap>
		<loc> https://geoconnex.us/sitemap/ref/hu04/hu04__0.xml </loc>
		<lastmod> 2022-04-07 15:39:55.798744 </lastmod>
	</sitemap><sitemap>
		<loc> https://geoconnex.us/sitemap/ref/hu10/hu10__0.xml </loc>
		<lastmod> 2022-04-07 15:39:55.798744 </lastmod>
	</sitemap><sitemap>
		<loc> https://geoconnex.us/sitemap/ref/places/places__0.xml </loc>
		<lastmod> 2022-04-07 15:39:55.802744 </lastmod>
	</sitemap><sitemap>
		<loc> https://geoconnex.us/sitemap/ref/cbsa/cbsa__0.xml </loc>
		<lastmod> 2022-04-07 15:39:55.802744 </lastmod>
	</sitemap><sitemap>
		<loc> https://geoconnex.us/sitemap/ca-gage-assessment/ca_gages_pids__0.xml </loc>
		<lastmod> 2022-04-07 15:39:55.802744 </lastmod>
	</sitemap><sitemap>
		<loc> https://geoconnex.us/sitemap/nmwdi/st/nmwdi-st__0.xml </loc>
		<lastmod> 2022-04-07 15:39:55.802744 </lastmod>
	</sitemap><sitemap>
		<loc> https://geoconnex.us/sitemap/nmwdi/ose/nmwdi-ose__0.xml </loc>
		<lastmod> 2022-04-07 15:39:55.806744 </lastmod>
	</sitemap><sitemap>
		<loc> https://geoconnex.us/sitemap/nmwdi/ose/nmwdi-ose__1.xml </loc>
		<lastmod> 2022-04-07 15:39:55.814744 </lastmod>
	</sitemap><sitemap>
		<loc> https://geoconnex.us/sitemap/nmwdi/ose/nmwdi-ose__2.xml </loc>
		<lastmod> 2022-04-07 15:39:55.818744 </lastmod>
	</sitemap><sitemap>
		<loc> https://geoconnex.us/sitemap/nmwdi/ose/nmwdi-ose__3.xml </loc>
		<lastmod> 2022-04-07 15:39:55.822744 </lastmod>
	</sitemap><sitemap>
		<loc> https://geoconnex.us/sitemap/nmwdi/ose/nmwdi-ose__4.xml </loc>
		<lastmod> 2022-04-07 15:39:55.826744 </lastmod>
	</sitemap></ns0:sitemapindex>