<?xml version='1.0' encoding='utf-8'?>
<ns0:sitemapindex xmlns:ns0="http://www.sitemaps.org/schemas/sitemap/0.9">
<sitemap>
		<loc> https://geoconnex.us/sitemap/ornl/dams_pids__0.xml </loc>
		<lastmod> 2022-05-19 20:23:33.782460 </lastmod>
	</sitemap><sitemap>
		<loc> https://geoconnex.us/sitemap/ref/princi_aq/princi_aq__0.xml </loc>
		<lastmod> 2022-05-19 20:23:33.782460 </lastmod>
	</sitemap><sitemap>
		<loc> https://geoconnex.us/sitemap/ref/gages/ref_gage__1.xml </loc>
		<lastmod> 2022-05-19 20:23:33.786460 </lastmod>
	</sitemap><sitemap>
		<loc> https://geoconnex.us/sitemap/ref/gages/ref_gage__2.xml </loc>
		<lastmod> 2022-05-19 20:23:33.790460 </lastmod>
	</sitemap><sitemap>
		<loc> https://geoconnex.us/sitemap/ref/gages/ref_gage__3.xml </loc>
		<lastmod> 2022-05-19 20:23:33.794460 </lastmod>
	</sitemap><sitemap>
		<loc> https://geoconnex.us/sitemap/ref/gages/ref_gage__0.xml </loc>
		<lastmod> 2022-05-19 20:23:33.798460 </lastmod>
	</sitemap><sitemap>
		<loc> https://geoconnex.us/sitemap/ref/ua10/ua10__0.xml </loc>
		<lastmod> 2022-05-19 20:23:33.798460 </lastmod>
	</sitemap><sitemap>
		<loc> https://geoconnex.us/sitemap/ref/nat_aq/nat_aq__0.xml </loc>
		<lastmod> 2022-05-19 20:23:33.798460 </lastmod>
	</sitemap><sitemap>
		<loc> https://geoconnex.us/sitemap/ref/sec_hydrg_reg/sec_hydrg_reg__0.xml </loc>
		<lastmod> 2022-05-19 20:23:33.798460 </lastmod>
	</sitemap><sitemap>
		<loc> https://geoconnex.us/sitemap/ref/counties/counties__0.xml </loc>
		<lastmod> 2022-05-19 20:23:33.798460 </lastmod>
	</sitemap><sitemap>
		<loc> https://geoconnex.us/sitemap/ref/mainstems/mainstems__0.xml </loc>
		<lastmod> 2022-05-19 20:23:33.802460 </lastmod>
	</sitemap><sitemap>
		<loc> https://geoconnex.us/sitemap/ref/hu06/hu06__0.xml </loc>
		<lastmod> 2022-05-19 20:23:33.802460 </lastmod>
	</sitemap><sitemap>
		<loc> https://geoconnex.us/sitemap/ref/hu04/hu04__0.xml </loc>
		<lastmod> 2022-05-19 20:23:33.802460 </lastmod>
	</sitemap><sitemap>
		<loc> https://geoconnex.us/sitemap/ref/pws/pws__3.xml </loc>
		<lastmod> 2022-05-19 20:23:33.806460 </lastmod>
	</sitemap><sitemap>
		<loc> https://geoconnex.us/sitemap/ref/pws/pws__0.xml </loc>
		<lastmod> 2022-05-19 20:23:33.810461 </lastmod>
	</sitemap><sitemap>
		<loc> https://geoconnex.us/sitemap/ref/pws/pws__1.xml </loc>
		<lastmod> 2022-05-19 20:23:33.814461 </lastmod>
	</sitemap><sitemap>
		<loc> https://geoconnex.us/sitemap/ref/pws/pws__2.xml </loc>
		<lastmod> 2022-05-19 20:23:33.818461 </lastmod>
	</sitemap><sitemap>
		<loc> https://geoconnex.us/sitemap/ref/cbsa/cbsa__0.xml </loc>
		<lastmod> 2022-05-19 20:23:33.818461 </lastmod>
	</sitemap><sitemap>
		<loc> https://geoconnex.us/sitemap/ref/hu02/hu02__0.xml </loc>
		<lastmod> 2022-05-19 20:23:33.818461 </lastmod>
	</sitemap><sitemap>
		<loc> https://geoconnex.us/sitemap/ref/hu10/hu10__0.xml </loc>
		<lastmod> 2022-05-19 20:23:33.822461 </lastmod>
	</sitemap><sitemap>
		<loc> https://geoconnex.us/sitemap/ref/places/places__0.xml </loc>
		<lastmod> 2022-05-19 20:23:33.822461 </lastmod>
	</sitemap><sitemap>
		<loc> https://geoconnex.us/sitemap/ref/states/states__0.xml </loc>
		<lastmod> 2022-05-19 20:23:33.826461 </lastmod>
	</sitemap><sitemap>
		<loc> https://geoconnex.us/sitemap/ref/hu08/hu08__0.xml </loc>
		<lastmod> 2022-05-19 20:23:33.826461 </lastmod>
	</sitemap><sitemap>
		<loc> https://geoconnex.us/sitemap/ref/aiannh/aiannh__0.xml </loc>
		<lastmod> 2022-05-19 20:23:33.826461 </lastmod>
	</sitemap><sitemap>
		<loc> https://geoconnex.us/sitemap/epa/hmw/hmw__1.xml </loc>
		<lastmod> 2022-05-19 20:23:33.826461 </lastmod>
	</sitemap><sitemap>
		<loc> https://geoconnex.us/sitemap/epa/hmw/hmw__0.xml </loc>
		<lastmod> 2022-05-19 20:23:33.834461 </lastmod>
	</sitemap><sitemap>
		<loc> https://geoconnex.us/sitemap/ca-gage-assessment/ca_gages_pids__0.xml </loc>
		<lastmod> 2022-05-19 20:23:33.834461 </lastmod>
	</sitemap><sitemap>
		<loc> https://geoconnex.us/sitemap/nmwdi/ose/nmwdi-ose__1.xml </loc>
		<lastmod> 2022-05-19 20:23:33.838461 </lastmod>
	</sitemap><sitemap>
		<loc> https://geoconnex.us/sitemap/nmwdi/ose/nmwdi-ose__3.xml </loc>
		<lastmod> 2022-05-19 20:23:33.842461 </lastmod>
	</sitemap><sitemap>
		<loc> https://geoconnex.us/sitemap/nmwdi/ose/nmwdi-ose__4.xml </loc>
		<lastmod> 2022-05-19 20:23:33.846461 </lastmod>
	</sitemap><sitemap>
		<loc> https://geoconnex.us/sitemap/nmwdi/ose/nmwdi-ose__2.xml </loc>
		<lastmod> 2022-05-19 20:23:33.854461 </lastmod>
	</sitemap><sitemap>
		<loc> https://geoconnex.us/sitemap/nmwdi/ose/nmwdi-ose__0.xml </loc>
		<lastmod> 2022-05-19 20:23:33.858461 </lastmod>
	</sitemap><sitemap>
		<loc> https://geoconnex.us/sitemap/nmwdi/st/nmwdi-st__0.xml </loc>
		<lastmod> 2022-05-19 20:23:33.858461 </lastmod>
	</sitemap><sitemap>
		<loc> https://geoconnex.us/sitemap/CUAHSI/CUAHSI_HIS_LittleBearRiver_ids__0.xml </loc>
		<lastmod> 2022-05-19 20:23:33.858461 </lastmod>
	</sitemap><sitemap>
		<loc> https://geoconnex.us/sitemap/CUAHSI/CUAHSI_HIS_Para_La_Naturaleza_ids__0.xml </loc>
		<lastmod> 2022-05-19 20:23:33.858461 </lastmod>
	</sitemap><sitemap>
		<loc> https://geoconnex.us/sitemap/CUAHSI/CUAHSI_HIS_CCBEPDAP_ids__0.xml </loc>
		<lastmod> 2022-05-19 20:23:33.858461 </lastmod>
	</sitemap><sitemap>
		<loc> https://geoconnex.us/sitemap/CUAHSI/CUAHSI_HIS_MuddyRiver_ids__0.xml </loc>
		<lastmod> 2022-05-19 20:23:33.858461 </lastmod>
	</sitemap><sitemap>
		<loc> https://geoconnex.us/sitemap/CUAHSI/CUAHSI_HIS_TRWA_ids__0.xml </loc>
		<lastmod> 2022-05-19 20:23:33.858461 </lastmod>
	</sitemap><sitemap>
		<loc> https://geoconnex.us/sitemap/CUAHSI/CUAHSI_HIS_RMBL_ids__0.xml </loc>
		<lastmod> 2022-05-19 20:23:33.858461 </lastmod>
	</sitemap><sitemap>
		<loc> https://geoconnex.us/sitemap/CUAHSI/CUAHSI_HIS_IEER_at_Wilkes_University_ids__0.xml </loc>
		<lastmod> 2022-05-19 20:23:33.858461 </lastmod>
	</sitemap><sitemap>
		<loc> https://geoconnex.us/sitemap/CUAHSI/CUAHSI_HIS_Clarksburg_SP_ids__0.xml </loc>
		<lastmod> 2022-05-19 20:23:33.858461 </lastmod>
	</sitemap><sitemap>
		<loc> https://geoconnex.us/sitemap/CUAHSI/CUAHSI_HIS_MWDIS_ids__0.xml </loc>
		<lastmod> 2022-05-19 20:23:33.858461 </lastmod>
	</sitemap><sitemap>
		<loc> https://geoconnex.us/sitemap/CUAHSI/CUAHSI_HIS_Provo_River_GAMUT_ids__0.xml </loc>
		<lastmod> 2022-05-19 20:23:33.858461 </lastmod>
	</sitemap><sitemap>
		<loc> https://geoconnex.us/sitemap/CUAHSI/CUAHSI_HIS_NHGS_WOF_ids__0.xml </loc>
		<lastmod> 2022-05-19 20:23:33.858461 </lastmod>
	</sitemap><sitemap>
		<loc> https://geoconnex.us/sitemap/CUAHSI/CUAHSI_HIS_DRWI_ids__0.xml </loc>
		<lastmod> 2022-05-19 20:23:33.858461 </lastmod>
	</sitemap><sitemap>
		<loc> https://geoconnex.us/sitemap/CUAHSI/CUAHSI_HIS_Nooksack_Microclimate_Network_ids__0.xml </loc>
		<lastmod> 2022-05-19 20:23:33.858461 </lastmod>
	</sitemap><sitemap>
		<loc> https://geoconnex.us/sitemap/CUAHSI/CUAHSI_HIS_GHCN_ids__0.xml </loc>
		<lastmod> 2022-05-19 20:23:33.862461 </lastmod>
	</sitemap><sitemap>
		<loc> https://geoconnex.us/sitemap/CUAHSI/CUAHSI_HIS_czo_ariz_ids__0.xml </loc>
		<lastmod> 2022-05-19 20:23:33.862461 </lastmod>
	</sitemap><sitemap>
		<loc> https://geoconnex.us/sitemap/CUAHSI/CUAHSI_HIS_UNH_Snow_ids__0.xml </loc>
		<lastmod> 2022-05-19 20:23:33.862461 </lastmod>
	</sitemap><sitemap>
		<loc> https://geoconnex.us/sitemap/CUAHSI/CUAHSI_HIS_UBWPAD_ids__0.xml </loc>
		<lastmod> 2022-05-19 20:23:33.862461 </lastmod>
	</sitemap><sitemap>
		<loc> https://geoconnex.us/sitemap/CUAHSI/CUAHSI_HIS_CUISO_ids__0.xml </loc>
		<lastmod> 2022-05-19 20:23:33.862461 </lastmod>
	</sitemap><sitemap>
		<loc> https://geoconnex.us/sitemap/CUAHSI/CUAHSI_HIS_UMBCWQ_ids__0.xml </loc>
		<lastmod> 2022-05-19 20:23:33.862461 </lastmod>
	</sitemap><sitemap>
		<loc> https://geoconnex.us/sitemap/CUAHSI/CUAHSI_HIS_MobileCrowdHydrology_ids__0.xml </loc>
		<lastmod> 2022-05-19 20:23:33.862461 </lastmod>
	</sitemap><sitemap>
		<loc> https://geoconnex.us/sitemap/CUAHSI/CUAHSI_HIS_CedarRiver_ids__0.xml </loc>
		<lastmod> 2022-05-19 20:23:33.862461 </lastmod>
	</sitemap><sitemap>
		<loc> https://geoconnex.us/sitemap/CUAHSI/CUAHSI_HIS_Mazar_River_Project_ids__0.xml </loc>
		<lastmod> 2022-05-19 20:23:33.862461 </lastmod>
	</sitemap><sitemap>
		<loc> https://geoconnex.us/sitemap/CUAHSI/CUAHSI_HIS_czo_catalina_ids__0.xml </loc>
		<lastmod> 2022-05-19 20:23:33.862461 </lastmod>
	</sitemap><sitemap>
		<loc> https://geoconnex.us/sitemap/CUAHSI/CUAHSI_HIS_UMBCGW_ids__0.xml </loc>
		<lastmod> 2022-05-19 20:23:33.862461 </lastmod>
	</sitemap><sitemap>
		<loc> https://geoconnex.us/sitemap/CUAHSI/CUAHSI_HIS_czo_luquillo_ids__0.xml </loc>
		<lastmod> 2022-05-19 20:23:33.862461 </lastmod>
	</sitemap><sitemap>
		<loc> https://geoconnex.us/sitemap/CUAHSI/CUAHSI_HIS_TarlandWaterQuality_ids__0.xml </loc>
		<lastmod> 2022-05-19 20:23:33.862461 </lastmod>
	</sitemap><sitemap>
		<loc> https://geoconnex.us/sitemap/CUAHSI/CUAHSI_HIS_ORSANCO_HAB_ids__0.xml </loc>
		<lastmod> 2022-05-19 20:23:33.862461 </lastmod>
	</sitemap><sitemap>
		<loc> https://geoconnex.us/sitemap/CUAHSI/CUAHSI_HIS_Logan_River_GAMUT_ids__0.xml </loc>
		<lastmod> 2022-05-19 20:23:33.862461 </lastmod>
	</sitemap><sitemap>
		<loc> https://geoconnex.us/sitemap/CUAHSI/CUAHSI_HIS_czo_merced_ids__0.xml </loc>
		<lastmod> 2022-05-19 20:23:33.862461 </lastmod>
	</sitemap><sitemap>
		<loc> https://geoconnex.us/sitemap/CUAHSI/CUAHSI_HIS_Brazil_UCB_ids__0.xml </loc>
		<lastmod> 2022-05-19 20:23:33.862461 </lastmod>
	</sitemap><sitemap>
		<loc> https://geoconnex.us/sitemap/CUAHSI/CUAHSI_HIS_LCZOODM2_ids__0.xml </loc>
		<lastmod> 2022-05-19 20:23:33.862461 </lastmod>
	</sitemap><sitemap>
		<loc> https://geoconnex.us/sitemap/CUAHSI/CUAHSI_HIS_AndrewsforestLTER_ids__0.xml </loc>
		<lastmod> 2022-05-19 20:23:33.862461 </lastmod>
	</sitemap><sitemap>
		<loc> https://geoconnex.us/sitemap/CUAHSI/CUAHSI_HIS_Kansas_Weather_Data_ids__0.xml </loc>
		<lastmod> 2022-05-19 20:23:33.866461 </lastmod>
	</sitemap><sitemap>
		<loc> https://geoconnex.us/sitemap/CUAHSI/CUAHSI_HIS_LUWL_ids__0.xml </loc>
		<lastmod> 2022-05-19 20:23:33.866461 </lastmod>
	</sitemap><sitemap>
		<loc> https://geoconnex.us/sitemap/CUAHSI/CUAHSI_HIS_GlacialRidge_ids__0.xml </loc>
		<lastmod> 2022-05-19 20:23:33.866461 </lastmod>
	</sitemap><sitemap>
		<loc> https://geoconnex.us/sitemap/CUAHSI/CUAHSI_HIS_MudLake_ids__0.xml </loc>
		<lastmod> 2022-05-19 20:23:33.866461 </lastmod>
	</sitemap><sitemap>
		<loc> https://geoconnex.us/sitemap/CUAHSI/CUAHSI_HIS_FCELTER_ids__0.xml </loc>
		<lastmod> 2022-05-19 20:23:33.866461 </lastmod>
	</sitemap><sitemap>
		<loc> https://geoconnex.us/sitemap/CUAHSI/CUAHSI_HIS_NashRWA_ids__0.xml </loc>
		<lastmod> 2022-05-19 20:23:33.866461 </lastmod>
	</sitemap><sitemap>
		<loc> https://geoconnex.us/sitemap/CUAHSI/CUAHSI_HIS_Weiherbach_ids__0.xml </loc>
		<lastmod> 2022-05-19 20:23:33.866461 </lastmod>
	</sitemap><sitemap>
		<loc> https://geoconnex.us/sitemap/CUAHSI/CUAHSI_HIS_ShaleNetworkODM_ids__0.xml </loc>
		<lastmod> 2022-05-19 20:23:33.870461 </lastmod>
	</sitemap><sitemap>
		<loc> https://geoconnex.us/sitemap/CUAHSI/CUAHSI_HIS_NEON_ids__0.xml </loc>
		<lastmod> 2022-05-19 20:23:33.870461 </lastmod>
	</sitemap><sitemap>
		<loc> https://geoconnex.us/sitemap/CUAHSI/CUAHSI_HIS_MMA_Atacama_ids__0.xml </loc>
		<lastmod> 2022-05-19 20:23:33.870461 </lastmod>
	</sitemap><sitemap>
		<loc> https://geoconnex.us/sitemap/CUAHSI/CUAHSI_HIS_SNOTEL_ids__0.xml </loc>
		<lastmod> 2022-05-19 20:23:33.870461 </lastmod>
	</sitemap><sitemap>
		<loc> https://geoconnex.us/sitemap/CUAHSI/CUAHSI_HIS_Red_Butte_Creek_GAMUT_ids__0.xml </loc>
		<lastmod> 2022-05-19 20:23:33.870461 </lastmod>
	</sitemap><sitemap>
		<loc> https://geoconnex.us/sitemap/CUAHSI/CUAHSI_HIS_LaSelvastreamdischarge_ids__0.xml </loc>
		<lastmod> 2022-05-19 20:23:33.870461 </lastmod>
	</sitemap><sitemap>
		<loc> https://geoconnex.us/sitemap/CUAHSI/CUAHSI_HIS_NCEIWW2_ids__0.xml </loc>
		<lastmod> 2022-05-19 20:23:33.870461 </lastmod>
	</sitemap><sitemap>
		<loc> https://geoconnex.us/sitemap/CUAHSI/CUAHSI_HIS_GLEON_Sunapee_ids__0.xml </loc>
		<lastmod> 2022-05-19 20:23:33.870461 </lastmod>
	</sitemap><sitemap>
		<loc> https://geoconnex.us/sitemap/CUAHSI/CUAHSI_HIS_CALVIN_HHS_ids__0.xml </loc>
		<lastmod> 2022-05-19 20:23:33.870461 </lastmod>
	</sitemap><sitemap>
		<loc> https://geoconnex.us/sitemap/CUAHSI/CUAHSI_HIS_Panola_ODM_ids__0.xml </loc>
		<lastmod> 2022-05-19 20:23:33.870461 </lastmod>
	</sitemap><sitemap>
		<loc> https://geoconnex.us/sitemap/CUAHSI/CUAHSI_HIS_Scotland_NWIS_ids__0.xml </loc>
		<lastmod> 2022-05-19 20:23:33.870461 </lastmod>
	</sitemap><sitemap>
		<loc> https://geoconnex.us/sitemap/CUAHSI/CUAHSI_HIS_MOPEX_ids__0.xml </loc>
		<lastmod> 2022-05-19 20:23:33.870461 </lastmod>
	</sitemap><sitemap>
		<loc> https://geoconnex.us/sitemap/CUAHSI/CUAHSI_HIS_CRWA_ids__0.xml </loc>
		<lastmod> 2022-05-19 20:23:33.870461 </lastmod>
	</sitemap><sitemap>
		<loc> https://geoconnex.us/sitemap/CUAHSI/CUAHSI_HIS_TuolumneMdw_ids__0.xml </loc>
		<lastmod> 2022-05-19 20:23:33.874461 </lastmod>
	</sitemap><sitemap>
		<loc> https://geoconnex.us/sitemap/CUAHSI/CUAHSI_HIS_TNCWaterData_ids__0.xml </loc>
		<lastmod> 2022-05-19 20:23:33.874461 </lastmod>
	</sitemap><sitemap>
		<loc> https://geoconnex.us/sitemap/CUAHSI/CUAHSI_HIS_FarmRWA_ids__0.xml </loc>
		<lastmod> 2022-05-19 20:23:33.874461 </lastmod>
	</sitemap><sitemap>
		<loc> https://geoconnex.us/sitemap/CUAHSI/CUAHSI_HIS_GLEON_Dorset_ids__0.xml </loc>
		<lastmod> 2022-05-19 20:23:33.874461 </lastmod>
	</sitemap><sitemap>
		<loc> https://geoconnex.us/sitemap/CUAHSI/CUAHSI_HIS_LTERNTLWoodruff_ids__0.xml </loc>
		<lastmod> 2022-05-19 20:23:33.874461 </lastmod>
	</sitemap><sitemap>
		<loc> https://geoconnex.us/sitemap/CUAHSI/CUAHSI_HIS_czo_udel_ids__0.xml </loc>
		<lastmod> 2022-05-19 20:23:33.874461 </lastmod>
	</sitemap><sitemap>
		<loc> https://geoconnex.us/sitemap/CUAHSI/CUAHSI_HIS_ODM_KentState_ids__0.xml </loc>
		<lastmod> 2022-05-19 20:23:33.874461 </lastmod>
	</sitemap><sitemap>
		<loc> https://geoconnex.us/sitemap/CUAHSI/CUAHSI_HIS_GlobalRiversObservatory_ids__0.xml </loc>
		<lastmod> 2022-05-19 20:23:33.874461 </lastmod>
	</sitemap><sitemap>
		<loc> https://geoconnex.us/sitemap/CUAHSI/CUAHSI_HIS_CocoRaHs_ids__0.xml </loc>
		<lastmod> 2022-05-19 20:23:33.878461 </lastmod>
	</sitemap><sitemap>
		<loc> https://geoconnex.us/sitemap/CUAHSI/CUAHSI_HIS_Gongga_ids__0.xml </loc>
		<lastmod> 2022-05-19 20:23:33.878461 </lastmod>
	</sitemap><sitemap>
		<loc> https://geoconnex.us/sitemap/CUAHSI/CUAHSI_HIS_NE_WN_ids__0.xml </loc>
		<lastmod> 2022-05-19 20:23:33.878461 </lastmod>
	</sitemap><sitemap>
		<loc> https://geoconnex.us/sitemap/CUAHSI/CUAHSI_HIS_GLEON_Auburn_ids__0.xml </loc>
		<lastmod> 2022-05-19 20:23:33.878461 </lastmod>
	</sitemap><sitemap>
		<loc> https://geoconnex.us/sitemap/CUAHSI/CUAHSI_HIS_HYDRODATACZ-D_ids__0.xml </loc>
		<lastmod> 2022-05-19 20:23:33.878461 </lastmod>
	</sitemap><sitemap>
		<loc> https://geoconnex.us/sitemap/CUAHSI/CUAHSI_HIS_czo_boulder_ids__0.xml </loc>
		<lastmod> 2022-05-19 20:23:33.878461 </lastmod>
	</sitemap><sitemap>
		<loc> https://geoconnex.us/sitemap/CUAHSI/CUAHSI_HIS_NevCAN_ids__0.xml </loc>
		<lastmod> 2022-05-19 20:23:33.878461 </lastmod>
	</sitemap><sitemap>
		<loc> https://geoconnex.us/sitemap/CUAHSI/CUAHSI_HIS_Hassberge_ids__0.xml </loc>
		<lastmod> 2022-05-19 20:23:33.878461 </lastmod>
	</sitemap><sitemap>
		<loc> https://geoconnex.us/sitemap/CUAHSI/CUAHSI_HIS_MAAERI_ids__0.xml </loc>
		<lastmod> 2022-05-19 20:23:33.878461 </lastmod>
	</sitemap><sitemap>
		<loc> https://geoconnex.us/sitemap/CUAHSI/CUAHSI_HIS_SCAN_ids__0.xml </loc>
		<lastmod> 2022-05-19 20:23:33.878461 </lastmod>
	</sitemap><sitemap>
		<loc> https://geoconnex.us/sitemap/CUAHSI/CUAHSI_HIS_SagehenCreek_ids__0.xml </loc>
		<lastmod> 2022-05-19 20:23:33.878461 </lastmod>
	</sitemap><sitemap>
		<loc> https://geoconnex.us/sitemap/CUAHSI/CUAHSI_HIS_SKC_Milltown_ids__0.xml </loc>
		<lastmod> 2022-05-19 20:23:33.878461 </lastmod>
	</sitemap><sitemap>
		<loc> https://geoconnex.us/sitemap/CUAHSI/CUAHSI_HIS_LoganRiver_ids__0.xml </loc>
		<lastmod> 2022-05-19 20:23:33.878461 </lastmod>
	</sitemap><sitemap>
		<loc> https://geoconnex.us/sitemap/CUAHSI/CUAHSI_HIS_FRC_WQM_ids__0.xml </loc>
		<lastmod> 2022-05-19 20:23:33.878461 </lastmod>
	</sitemap><sitemap>
		<loc> https://geoconnex.us/sitemap/CUAHSI/CUAHSI_HIS_GLEON_LakeAnnie_ids__0.xml </loc>
		<lastmod> 2022-05-19 20:23:33.878461 </lastmod>
	</sitemap><sitemap>
		<loc> https://geoconnex.us/sitemap/CUAHSI/CUAHSI_HIS_czo_psu_ids__0.xml </loc>
		<lastmod> 2022-05-19 20:23:33.878461 </lastmod>
	</sitemap><sitemap>
		<loc> https://geoconnex.us/sitemap/CUAHSI/CUAHSI_HIS_HYDRODATACZ-HR_ids__0.xml </loc>
		<lastmod> 2022-05-19 20:23:33.878461 </lastmod>
	</sitemap><sitemap>
		<loc> https://geoconnex.us/sitemap/CUAHSI/CUAHSI_HIS_ShaleNetworkODM_ids__1.xml </loc>
		<lastmod> 2022-05-19 20:23:33.878461 </lastmod>
	</sitemap><sitemap>
		<loc> https://geoconnex.us/sitemap/CUAHSI/CUAHSI_HIS_YosemiteHydroclimateNetwork_ids__0.xml </loc>
		<lastmod> 2022-05-19 20:23:33.878461 </lastmod>
	</sitemap><sitemap>
		<loc> https://geoconnex.us/sitemap/CUAHSI/CUAHSI_HIS_Nevados_ids__0.xml </loc>
		<lastmod> 2022-05-19 20:23:33.878461 </lastmod>
	</sitemap><sitemap>
		<loc> https://geoconnex.us/sitemap/CUAHSI/CUAHSI_HIS_IRWA_ids__0.xml </loc>
		<lastmod> 2022-05-19 20:23:33.878461 </lastmod>
	</sitemap><sitemap>
		<loc> https://geoconnex.us/sitemap/CUAHSI/CUAHSI_HIS_MWRA_ids__0.xml </loc>
		<lastmod> 2022-05-19 20:23:33.878461 </lastmod>
	</sitemap><sitemap>
		<loc> https://geoconnex.us/sitemap/CUAHSI/CUAHSI_HIS_Swedish_Monitoring_Data_ids__0.xml </loc>
		<lastmod> 2022-05-19 20:23:33.878461 </lastmod>
	</sitemap><sitemap>
		<loc> https://geoconnex.us/sitemap/CUAHSI/CUAHSI_HIS_Isábena_ids__0.xml </loc>
		<lastmod> 2022-05-19 20:23:33.878461 </lastmod>
	</sitemap><sitemap>
		<loc> https://geoconnex.us/sitemap/iow/autotest2__0.xml </loc>
		<lastmod> 2022-05-19 20:23:33.878461 </lastmod>
	</sitemap><sitemap>
		<loc> https://geoconnex.us/sitemap/iow/links__0.xml </loc>
		<lastmod> 2022-05-19 20:23:33.878461 </lastmod>
	</sitemap><sitemap>
		<loc> https://geoconnex.us/sitemap/iow/demo__0.xml </loc>
		<lastmod> 2022-05-19 20:23:33.878461 </lastmod>
	</sitemap><sitemap>
		<loc> https://geoconnex.us/sitemap/iow/autotest1__0.xml </loc>
		<lastmod> 2022-05-19 20:23:33.882461 </lastmod>
	</sitemap><sitemap>
		<loc> https://geoconnex.us/sitemap/wade/wade__9.xml </loc>
		<lastmod> 2022-05-19 20:23:33.886461 </lastmod>
	</sitemap><sitemap>
		<loc> https://geoconnex.us/sitemap/wade/wade__14.xml </loc>
		<lastmod> 2022-05-19 20:23:33.890461 </lastmod>
	</sitemap><sitemap>
		<loc> https://geoconnex.us/sitemap/wade/wade__1.xml </loc>
		<lastmod> 2022-05-19 20:23:33.894462 </lastmod>
	</sitemap><sitemap>
		<loc> https://geoconnex.us/sitemap/wade/wade__7.xml </loc>
		<lastmod> 2022-05-19 20:23:33.898462 </lastmod>
	</sitemap><sitemap>
		<loc> https://geoconnex.us/sitemap/wade/wade__15.xml </loc>
		<lastmod> 2022-05-19 20:23:33.902462 </lastmod>
	</sitemap><sitemap>
		<loc> https://geoconnex.us/sitemap/wade/wade__16.xml </loc>
		<lastmod> 2022-05-19 20:23:33.910462 </lastmod>
	</sitemap><sitemap>
		<loc> https://geoconnex.us/sitemap/wade/wade__4.xml </loc>
		<lastmod> 2022-05-19 20:23:33.914462 </lastmod>
	</sitemap><sitemap>
		<loc> https://geoconnex.us/sitemap/wade/wade__17.xml </loc>
		<lastmod> 2022-05-19 20:23:33.918462 </lastmod>
	</sitemap><sitemap>
		<loc> https://geoconnex.us/sitemap/wade/wade__8.xml </loc>
		<lastmod> 2022-05-19 20:23:33.922462 </lastmod>
	</sitemap><sitemap>
		<loc> https://geoconnex.us/sitemap/wade/wade__5.xml </loc>
		<lastmod> 2022-05-19 20:23:33.926462 </lastmod>
	</sitemap><sitemap>
		<loc> https://geoconnex.us/sitemap/wade/wade__3.xml </loc>
		<lastmod> 2022-05-19 20:23:33.930462 </lastmod>
	</sitemap><sitemap>
		<loc> https://geoconnex.us/sitemap/wade/wade__12.xml </loc>
		<lastmod> 2022-05-19 20:23:33.938462 </lastmod>
	</sitemap><sitemap>
		<loc> https://geoconnex.us/sitemap/wade/wade__18.xml </loc>
		<lastmod> 2022-05-19 20:23:33.942462 </lastmod>
	</sitemap><sitemap>
		<loc> https://geoconnex.us/sitemap/wade/wade__13.xml </loc>
		<lastmod> 2022-05-19 20:23:33.946462 </lastmod>
	</sitemap><sitemap>
		<loc> https://geoconnex.us/sitemap/wade/wade__10.xml </loc>
		<lastmod> 2022-05-19 20:23:33.950462 </lastmod>
	</sitemap><sitemap>
		<loc> https://geoconnex.us/sitemap/wade/wade__19.xml </loc>
		<lastmod> 2022-05-19 20:23:33.954462 </lastmod>
	</sitemap><sitemap>
		<loc> https://geoconnex.us/sitemap/wade/wade__0.xml </loc>
		<lastmod> 2022-05-19 20:23:33.958462 </lastmod>
	</sitemap><sitemap>
		<loc> https://geoconnex.us/sitemap/wade/wade__2.xml </loc>
		<lastmod> 2022-05-19 20:23:33.962462 </lastmod>
	</sitemap><sitemap>
		<loc> https://geoconnex.us/sitemap/wade/wade__11.xml </loc>
		<lastmod> 2022-05-19 20:23:33.966462 </lastmod>
	</sitemap><sitemap>
		<loc> https://geoconnex.us/sitemap/wade/wade__6.xml </loc>
		<lastmod> 2022-05-19 20:23:33.974463 </lastmod>
	</sitemap><sitemap>
		<loc> https://geoconnex.us/sitemap/nhdplusv2/huc12pp/huc12pp__1.xml </loc>
		<lastmod> 2022-05-19 20:23:33.974463 </lastmod>
	</sitemap><sitemap>
		<loc> https://geoconnex.us/sitemap/nhdplusv2/huc12pp/huc12pp__0.xml </loc>
		<lastmod> 2022-05-19 20:23:33.982463 </lastmod>
	</sitemap><sitemap>
		<loc> https://geoconnex.us/sitemap/CHyLD/chyld-pilot_ids__0.xml </loc>
		<lastmod> 2022-05-19 20:23:33.982463 </lastmod>
	</sitemap><sitemap>
		<loc> https://geoconnex.us/sitemap/usgs/gfv11_pois/gfv11_pois__0.xml </loc>
		<lastmod> 2022-05-19 20:23:33.986463 </lastmod>
	</sitemap><sitemap>
		<loc> https://geoconnex.us/sitemap/usgs/gfv11_pois/gfv11_pois__1.xml </loc>
		<lastmod> 2022-05-19 20:23:33.986463 </lastmod>
	</sitemap><sitemap>
		<loc> https://geoconnex.us/sitemap/usgs/monitoring-location/nwisgw/nwisgw__26.xml </loc>
		<lastmod> 2022-05-19 20:23:33.990463 </lastmod>
	</sitemap><sitemap>
		<loc> https://geoconnex.us/sitemap/usgs/monitoring-location/nwisgw/nwisgw__3.xml </loc>
		<lastmod> 2022-05-19 20:23:33.998463 </lastmod>
	</sitemap><sitemap>
		<loc> https://geoconnex.us/sitemap/usgs/monitoring-location/nwisgw/nwisgw__28.xml </loc>
		<lastmod> 2022-05-19 20:23:33.998463 </lastmod>
	</sitemap><sitemap>
		<loc> https://geoconnex.us/sitemap/usgs/monitoring-location/nwisgw/nwisgw__14.xml </loc>
		<lastmod> 2022-05-19 20:23:34.006463 </lastmod>
	</sitemap><sitemap>
		<loc> https://geoconnex.us/sitemap/usgs/monitoring-location/nwisgw/nwisgw__11.xml </loc>
		<lastmod> 2022-05-19 20:23:34.010463 </lastmod>
	</sitemap><sitemap>
		<loc> https://geoconnex.us/sitemap/usgs/monitoring-location/nwisgw/nwisgw__12.xml </loc>
		<lastmod> 2022-05-19 20:23:34.014463 </lastmod>
	</sitemap><sitemap>
		<loc> https://geoconnex.us/sitemap/usgs/monitoring-location/nwisgw/nwisgw__10.xml </loc>
		<lastmod> 2022-05-19 20:23:34.022463 </lastmod>
	</sitemap><sitemap>
		<loc> https://geoconnex.us/sitemap/usgs/monitoring-location/nwisgw/nwisgw__25.xml </loc>
		<lastmod> 2022-05-19 20:23:34.026463 </lastmod>
	</sitemap><sitemap>
		<loc> https://geoconnex.us/sitemap/usgs/monitoring-location/nwisgw/nwisgw__8.xml </loc>
		<lastmod> 2022-05-19 20:23:34.030463 </lastmod>
	</sitemap><sitemap>
		<loc> https://geoconnex.us/sitemap/usgs/monitoring-location/nwisgw/nwisgw__27.xml </loc>
		<lastmod> 2022-05-19 20:23:34.038463 </lastmod>
	</sitemap><sitemap>
		<loc> https://geoconnex.us/sitemap/usgs/monitoring-location/nwisgw/nwisgw__0.xml </loc>
		<lastmod> 2022-05-19 20:23:34.042463 </lastmod>
	</sitemap><sitemap>
		<loc> https://geoconnex.us/sitemap/usgs/monitoring-location/nwisgw/nwisgw__9.xml </loc>
		<lastmod> 2022-05-19 20:23:34.046463 </lastmod>
	</sitemap><sitemap>
		<loc> https://geoconnex.us/sitemap/usgs/monitoring-location/nwisgw/nwisgw__16.xml </loc>
		<lastmod> 2022-05-19 20:23:34.054463 </lastmod>
	</sitemap><sitemap>
		<loc> https://geoconnex.us/sitemap/usgs/monitoring-location/nwisgw/nwisgw__15.xml </loc>
		<lastmod> 2022-05-19 20:23:34.058464 </lastmod>
	</sitemap><sitemap>
		<loc> https://geoconnex.us/sitemap/usgs/monitoring-location/nwisgw/nwisgw__2.xml </loc>
		<lastmod> 2022-05-19 20:23:34.066464 </lastmod>
	</sitemap><sitemap>
		<loc> https://geoconnex.us/sitemap/usgs/monitoring-location/nwisgw/nwisgw__18.xml </loc>
		<lastmod> 2022-05-19 20:23:34.070464 </lastmod>
	</sitemap><sitemap>
		<loc> https://geoconnex.us/sitemap/usgs/monitoring-location/nwisgw/nwisgw__22.xml </loc>
		<lastmod> 2022-05-19 20:23:34.074464 </lastmod>
	</sitemap><sitemap>
		<loc> https://geoconnex.us/sitemap/usgs/monitoring-location/nwisgw/nwisgw__7.xml </loc>
		<lastmod> 2022-05-19 20:23:34.082464 </lastmod>
	</sitemap><sitemap>
		<loc> https://geoconnex.us/sitemap/usgs/monitoring-location/nwisgw/nwisgw__5.xml </loc>
		<lastmod> 2022-05-19 20:23:34.086464 </lastmod>
	</sitemap><sitemap>
		<loc> https://geoconnex.us/sitemap/usgs/monitoring-location/nwisgw/nwisgw__21.xml </loc>
		<lastmod> 2022-05-19 20:23:34.090464 </lastmod>
	</sitemap><sitemap>
		<loc> https://geoconnex.us/sitemap/usgs/monitoring-location/nwisgw/nwisgw__20.xml </loc>
		<lastmod> 2022-05-19 20:23:34.098464 </lastmod>
	</sitemap><sitemap>
		<loc> https://geoconnex.us/sitemap/usgs/monitoring-location/nwisgw/nwisgw__17.xml </loc>
		<lastmod> 2022-05-19 20:23:34.102464 </lastmod>
	</sitemap><sitemap>
		<loc> https://geoconnex.us/sitemap/usgs/monitoring-location/nwisgw/nwisgw__23.xml </loc>
		<lastmod> 2022-05-19 20:23:34.106464 </lastmod>
	</sitemap><sitemap>
		<loc> https://geoconnex.us/sitemap/usgs/monitoring-location/nwisgw/nwisgw__4.xml </loc>
		<lastmod> 2022-05-19 20:23:34.114464 </lastmod>
	</sitemap><sitemap>
		<loc> https://geoconnex.us/sitemap/usgs/monitoring-location/nwisgw/nwisgw__1.xml </loc>
		<lastmod> 2022-05-19 20:23:34.118464 </lastmod>
	</sitemap><sitemap>
		<loc> https://geoconnex.us/sitemap/usgs/monitoring-location/nwisgw/nwisgw__13.xml </loc>
		<lastmod> 2022-05-19 20:23:34.122464 </lastmod>
	</sitemap><sitemap>
		<loc> https://geoconnex.us/sitemap/usgs/monitoring-location/nwisgw/nwisgw__6.xml </loc>
		<lastmod> 2022-05-19 20:23:34.130465 </lastmod>
	</sitemap><sitemap>
		<loc> https://geoconnex.us/sitemap/usgs/monitoring-location/nwisgw/nwisgw__19.xml </loc>
		<lastmod> 2022-05-19 20:23:34.134465 </lastmod>
	</sitemap><sitemap>
		<loc> https://geoconnex.us/sitemap/usgs/monitoring-location/nwisgw/nwisgw__24.xml </loc>
		<lastmod> 2022-05-19 20:23:34.138464 </lastmod>
	</sitemap><sitemap>
		<loc> https://geoconnex.us/sitemap/usgs/monitoring-location/nwissite/nwissite__1.xml </loc>
		<lastmod> 2022-05-19 20:23:34.146465 </lastmod>
	</sitemap><sitemap>
		<loc> https://geoconnex.us/sitemap/usgs/monitoring-location/nwissite/nwissite__2.xml </loc>
		<lastmod> 2022-05-19 20:23:34.150465 </lastmod>
	</sitemap><sitemap>
		<loc> https://geoconnex.us/sitemap/usgs/monitoring-location/nwissite/nwissite__0.xml </loc>
		<lastmod> 2022-05-19 20:23:34.154465 </lastmod>
	</sitemap><sitemap>
		<loc> https://geoconnex.us/sitemap/usgs/monitoring-location/nwissite/nwissite__3.xml </loc>
		<lastmod> 2022-05-19 20:23:34.158465 </lastmod>
	</sitemap><sitemap>
		<loc> https://geoconnex.us/sitemap/usgs/hydrologic-unit__0.xml </loc>
		<lastmod> 2022-05-19 20:23:34.158465 </lastmod>
	</sitemap><sitemap>
		<loc> https://geoconnex.us/sitemap/SELFIE/SELFIE_ids__0.xml </loc>
		<lastmod> 2022-05-19 20:23:34.158465 </lastmod>
	</sitemap></ns0:sitemapindex>