<?xml version='1.0' encoding='utf-8'?>
<ns0:sitemapindex xmlns:ns0="http://www.sitemaps.org/schemas/sitemap/0.9">
<sitemap>
		<loc> https://geoconnex.us/sitemap/usgs/monitoring-location/nwisgw/nwisgw__20.xml </loc>
		<lastmod> 2022-12-05 03:53:37.324911 </lastmod>
	</sitemap><sitemap>
		<loc> https://geoconnex.us/sitemap/usgs/monitoring-location/nwisgw/nwisgw__22.xml </loc>
		<lastmod> 2022-12-05 03:53:37.328911 </lastmod>
	</sitemap><sitemap>
		<loc> https://geoconnex.us/sitemap/usgs/monitoring-location/nwisgw/nwisgw__16.xml </loc>
		<lastmod> 2022-12-05 03:53:37.332911 </lastmod>
	</sitemap><sitemap>
		<loc> https://geoconnex.us/sitemap/usgs/monitoring-location/nwisgw/nwisgw__12.xml </loc>
		<lastmod> 2022-12-05 03:53:37.336911 </lastmod>
	</sitemap><sitemap>
		<loc> https://geoconnex.us/sitemap/usgs/monitoring-location/nwisgw/nwisgw__25.xml </loc>
		<lastmod> 2022-12-05 03:53:37.344911 </lastmod>
	</sitemap><sitemap>
		<loc> https://geoconnex.us/sitemap/usgs/monitoring-location/nwisgw/nwisgw__14.xml </loc>
		<lastmod> 2022-12-05 03:53:37.348911 </lastmod>
	</sitemap><sitemap>
		<loc> https://geoconnex.us/sitemap/usgs/monitoring-location/nwisgw/nwisgw__23.xml </loc>
		<lastmod> 2022-12-05 03:53:37.352911 </lastmod>
	</sitemap><sitemap>
		<loc> https://geoconnex.us/sitemap/usgs/monitoring-location/nwisgw/nwisgw__10.xml </loc>
		<lastmod> 2022-12-05 03:53:37.360912 </lastmod>
	</sitemap><sitemap>
		<loc> https://geoconnex.us/sitemap/usgs/monitoring-location/nwisgw/nwisgw__15.xml </loc>
		<lastmod> 2022-12-05 03:53:37.364912 </lastmod>
	</sitemap><sitemap>
		<loc> https://geoconnex.us/sitemap/usgs/monitoring-location/nwisgw/nwisgw__2.xml </loc>
		<lastmod> 2022-12-05 03:53:37.368912 </lastmod>
	</sitemap><sitemap>
		<loc> https://geoconnex.us/sitemap/usgs/monitoring-location/nwisgw/nwisgw__24.xml </loc>
		<lastmod> 2022-12-05 03:53:37.372912 </lastmod>
	</sitemap><sitemap>
		<loc> https://geoconnex.us/sitemap/usgs/monitoring-location/nwisgw/nwisgw__9.xml </loc>
		<lastmod> 2022-12-05 03:53:37.380912 </lastmod>
	</sitemap><sitemap>
		<loc> https://geoconnex.us/sitemap/usgs/monitoring-location/nwisgw/nwisgw__19.xml </loc>
		<lastmod> 2022-12-05 03:53:37.384912 </lastmod>
	</sitemap><sitemap>
		<loc> https://geoconnex.us/sitemap/usgs/monitoring-location/nwisgw/nwisgw__28.xml </loc>
		<lastmod> 2022-12-05 03:53:37.388912 </lastmod>
	</sitemap><sitemap>
		<loc> https://geoconnex.us/sitemap/usgs/monitoring-location/nwisgw/nwisgw__26.xml </loc>
		<lastmod> 2022-12-05 03:53:37.392912 </lastmod>
	</sitemap><sitemap>
		<loc> https://geoconnex.us/sitemap/usgs/monitoring-location/nwisgw/nwisgw__5.xml </loc>
		<lastmod> 2022-12-05 03:53:37.396912 </lastmod>
	</sitemap><sitemap>
		<loc> https://geoconnex.us/sitemap/usgs/monitoring-location/nwisgw/nwisgw__13.xml </loc>
		<lastmod> 2022-12-05 03:53:37.404912 </lastmod>
	</sitemap><sitemap>
		<loc> https://geoconnex.us/sitemap/usgs/monitoring-location/nwisgw/nwisgw__6.xml </loc>
		<lastmod> 2022-12-05 03:53:37.408912 </lastmod>
	</sitemap><sitemap>
		<loc> https://geoconnex.us/sitemap/usgs/monitoring-location/nwisgw/nwisgw__3.xml </loc>
		<lastmod> 2022-12-05 03:53:37.412912 </lastmod>
	</sitemap><sitemap>
		<loc> https://geoconnex.us/sitemap/usgs/monitoring-location/nwisgw/nwisgw__4.xml </loc>
		<lastmod> 2022-12-05 03:53:37.420913 </lastmod>
	</sitemap><sitemap>
		<loc> https://geoconnex.us/sitemap/usgs/monitoring-location/nwisgw/nwisgw__1.xml </loc>
		<lastmod> 2022-12-05 03:53:37.424912 </lastmod>
	</sitemap><sitemap>
		<loc> https://geoconnex.us/sitemap/usgs/monitoring-location/nwisgw/nwisgw__21.xml </loc>
		<lastmod> 2022-12-05 03:53:37.428913 </lastmod>
	</sitemap><sitemap>
		<loc> https://geoconnex.us/sitemap/usgs/monitoring-location/nwisgw/nwisgw__27.xml </loc>
		<lastmod> 2022-12-05 03:53:37.432913 </lastmod>
	</sitemap><sitemap>
		<loc> https://geoconnex.us/sitemap/usgs/monitoring-location/nwisgw/nwisgw__8.xml </loc>
		<lastmod> 2022-12-05 03:53:37.440913 </lastmod>
	</sitemap><sitemap>
		<loc> https://geoconnex.us/sitemap/usgs/monitoring-location/nwisgw/nwisgw__17.xml </loc>
		<lastmod> 2022-12-05 03:53:37.444913 </lastmod>
	</sitemap><sitemap>
		<loc> https://geoconnex.us/sitemap/usgs/monitoring-location/nwisgw/nwisgw__18.xml </loc>
		<lastmod> 2022-12-05 03:53:37.448913 </lastmod>
	</sitemap><sitemap>
		<loc> https://geoconnex.us/sitemap/usgs/monitoring-location/nwisgw/nwisgw__7.xml </loc>
		<lastmod> 2022-12-05 03:53:37.456913 </lastmod>
	</sitemap><sitemap>
		<loc> https://geoconnex.us/sitemap/usgs/monitoring-location/nwisgw/nwisgw__11.xml </loc>
		<lastmod> 2022-12-05 03:53:37.460913 </lastmod>
	</sitemap><sitemap>
		<loc> https://geoconnex.us/sitemap/usgs/monitoring-location/nwisgw/nwisgw__0.xml </loc>
		<lastmod> 2022-12-05 03:53:37.464913 </lastmod>
	</sitemap><sitemap>
		<loc> https://geoconnex.us/sitemap/usgs/monitoring-location/nwissite/nwissite__1.xml </loc>
		<lastmod> 2022-12-05 03:53:37.468913 </lastmod>
	</sitemap><sitemap>
		<loc> https://geoconnex.us/sitemap/usgs/monitoring-location/nwissite/nwissite__3.xml </loc>
		<lastmod> 2022-12-05 03:53:37.472913 </lastmod>
	</sitemap><sitemap>
		<loc> https://geoconnex.us/sitemap/usgs/monitoring-location/nwissite/nwissite__0.xml </loc>
		<lastmod> 2022-12-05 03:53:37.480913 </lastmod>
	</sitemap><sitemap>
		<loc> https://geoconnex.us/sitemap/usgs/monitoring-location/nwissite/nwissite__2.xml </loc>
		<lastmod> 2022-12-05 03:53:37.484914 </lastmod>
	</sitemap><sitemap>
		<loc> https://geoconnex.us/sitemap/usgs/gfv11_pois/gfv11_pois__1.xml </loc>
		<lastmod> 2022-12-05 03:53:37.484914 </lastmod>
	</sitemap><sitemap>
		<loc> https://geoconnex.us/sitemap/usgs/gfv11_pois/gfv11_pois__0.xml </loc>
		<lastmod> 2022-12-05 03:53:37.488914 </lastmod>
	</sitemap><sitemap>
		<loc> https://geoconnex.us/sitemap/usgs/hydrologic-unit__0.xml </loc>
		<lastmod> 2022-12-05 03:53:37.488914 </lastmod>
	</sitemap><sitemap>
		<loc> https://geoconnex.us/sitemap/ornl/dams_pids__0.xml </loc>
		<lastmod> 2022-12-05 03:53:37.488914 </lastmod>
	</sitemap><sitemap>
		<loc> https://geoconnex.us/sitemap/CUAHSI/CUAHSI_HIS_HYDRODATACZ-HR_ids__0.xml </loc>
		<lastmod> 2022-12-05 03:53:37.492914 </lastmod>
	</sitemap><sitemap>
		<loc> https://geoconnex.us/sitemap/CUAHSI/CUAHSI_HIS_Nooksack_Microclimate_Network_ids__0.xml </loc>
		<lastmod> 2022-12-05 03:53:37.492914 </lastmod>
	</sitemap><sitemap>
		<loc> https://geoconnex.us/sitemap/CUAHSI/CUAHSI_HIS_NEON_ids__0.xml </loc>
		<lastmod> 2022-12-05 03:53:37.492914 </lastmod>
	</sitemap><sitemap>
		<loc> https://geoconnex.us/sitemap/CUAHSI/CUAHSI_HIS_GlobalRiversObservatory_ids__0.xml </loc>
		<lastmod> 2022-12-05 03:53:37.492914 </lastmod>
	</sitemap><sitemap>
		<loc> https://geoconnex.us/sitemap/CUAHSI/CUAHSI_HIS_TNCWaterData_ids__0.xml </loc>
		<lastmod> 2022-12-05 03:53:37.492914 </lastmod>
	</sitemap><sitemap>
		<loc> https://geoconnex.us/sitemap/CUAHSI/CUAHSI_HIS_Scotland_NWIS_ids__0.xml </loc>
		<lastmod> 2022-12-05 03:53:37.492914 </lastmod>
	</sitemap><sitemap>
		<loc> https://geoconnex.us/sitemap/CUAHSI/CUAHSI_HIS_czo_boulder_ids__0.xml </loc>
		<lastmod> 2022-12-05 03:53:37.492914 </lastmod>
	</sitemap><sitemap>
		<loc> https://geoconnex.us/sitemap/CUAHSI/CUAHSI_HIS_YosemiteHydroclimateNetwork_ids__0.xml </loc>
		<lastmod> 2022-12-05 03:53:37.492914 </lastmod>
	</sitemap><sitemap>
		<loc> https://geoconnex.us/sitemap/CUAHSI/CUAHSI_HIS_MuddyRiver_ids__0.xml </loc>
		<lastmod> 2022-12-05 03:53:37.492914 </lastmod>
	</sitemap><sitemap>
		<loc> https://geoconnex.us/sitemap/CUAHSI/CUAHSI_HIS_czo_merced_ids__0.xml </loc>
		<lastmod> 2022-12-05 03:53:37.492914 </lastmod>
	</sitemap><sitemap>
		<loc> https://geoconnex.us/sitemap/CUAHSI/CUAHSI_HIS_GHCN_ids__0.xml </loc>
		<lastmod> 2022-12-05 03:53:37.492914 </lastmod>
	</sitemap><sitemap>
		<loc> https://geoconnex.us/sitemap/CUAHSI/CUAHSI_HIS_MMA_Atacama_ids__0.xml </loc>
		<lastmod> 2022-12-05 03:53:37.492914 </lastmod>
	</sitemap><sitemap>
		<loc> https://geoconnex.us/sitemap/CUAHSI/CUAHSI_HIS_UMBCWQ_ids__0.xml </loc>
		<lastmod> 2022-12-05 03:53:37.492914 </lastmod>
	</sitemap><sitemap>
		<loc> https://geoconnex.us/sitemap/CUAHSI/CUAHSI_HIS_GLEON_LakeAnnie_ids__0.xml </loc>
		<lastmod> 2022-12-05 03:53:37.492914 </lastmod>
	</sitemap><sitemap>
		<loc> https://geoconnex.us/sitemap/CUAHSI/CUAHSI_HIS_LUWL_ids__0.xml </loc>
		<lastmod> 2022-12-05 03:53:37.492914 </lastmod>
	</sitemap><sitemap>
		<loc> https://geoconnex.us/sitemap/CUAHSI/CUAHSI_HIS_CedarRiver_ids__0.xml </loc>
		<lastmod> 2022-12-05 03:53:37.492914 </lastmod>
	</sitemap><sitemap>
		<loc> https://geoconnex.us/sitemap/CUAHSI/CUAHSI_HIS_CCBEPDAP_ids__0.xml </loc>
		<lastmod> 2022-12-05 03:53:37.492914 </lastmod>
	</sitemap><sitemap>
		<loc> https://geoconnex.us/sitemap/CUAHSI/CUAHSI_HIS_Kansas_Weather_Data_ids__0.xml </loc>
		<lastmod> 2022-12-05 03:53:37.492914 </lastmod>
	</sitemap><sitemap>
		<loc> https://geoconnex.us/sitemap/CUAHSI/CUAHSI_HIS_ODM_KentState_ids__0.xml </loc>
		<lastmod> 2022-12-05 03:53:37.496914 </lastmod>
	</sitemap><sitemap>
		<loc> https://geoconnex.us/sitemap/CUAHSI/CUAHSI_HIS_GLEON_Dorset_ids__0.xml </loc>
		<lastmod> 2022-12-05 03:53:37.496914 </lastmod>
	</sitemap><sitemap>
		<loc> https://geoconnex.us/sitemap/CUAHSI/CUAHSI_HIS_Clarksburg_SP_ids__0.xml </loc>
		<lastmod> 2022-12-05 03:53:37.496914 </lastmod>
	</sitemap><sitemap>
		<loc> https://geoconnex.us/sitemap/CUAHSI/CUAHSI_HIS_CRWA_ids__0.xml </loc>
		<lastmod> 2022-12-05 03:53:37.496914 </lastmod>
	</sitemap><sitemap>
		<loc> https://geoconnex.us/sitemap/CUAHSI/CUAHSI_HIS_CUISO_ids__0.xml </loc>
		<lastmod> 2022-12-05 03:53:37.496914 </lastmod>
	</sitemap><sitemap>
		<loc> https://geoconnex.us/sitemap/CUAHSI/CUAHSI_HIS_Provo_River_GAMUT_ids__0.xml </loc>
		<lastmod> 2022-12-05 03:53:37.496914 </lastmod>
	</sitemap><sitemap>
		<loc> https://geoconnex.us/sitemap/CUAHSI/CUAHSI_HIS_IRWA_ids__0.xml </loc>
		<lastmod> 2022-12-05 03:53:37.496914 </lastmod>
	</sitemap><sitemap>
		<loc> https://geoconnex.us/sitemap/CUAHSI/CUAHSI_HIS_czo_luquillo_ids__0.xml </loc>
		<lastmod> 2022-12-05 03:53:37.496914 </lastmod>
	</sitemap><sitemap>
		<loc> https://geoconnex.us/sitemap/CUAHSI/CUAHSI_HIS_TuolumneMdw_ids__0.xml </loc>
		<lastmod> 2022-12-05 03:53:37.496914 </lastmod>
	</sitemap><sitemap>
		<loc> https://geoconnex.us/sitemap/CUAHSI/CUAHSI_HIS_RMBL_ids__0.xml </loc>
		<lastmod> 2022-12-05 03:53:37.496914 </lastmod>
	</sitemap><sitemap>
		<loc> https://geoconnex.us/sitemap/CUAHSI/CUAHSI_HIS_Panola_ODM_ids__0.xml </loc>
		<lastmod> 2022-12-05 03:53:37.496914 </lastmod>
	</sitemap><sitemap>
		<loc> https://geoconnex.us/sitemap/CUAHSI/CUAHSI_HIS_NE_WN_ids__0.xml </loc>
		<lastmod> 2022-12-05 03:53:37.496914 </lastmod>
	</sitemap><sitemap>
		<loc> https://geoconnex.us/sitemap/CUAHSI/CUAHSI_HIS_czo_udel_ids__0.xml </loc>
		<lastmod> 2022-12-05 03:53:37.496914 </lastmod>
	</sitemap><sitemap>
		<loc> https://geoconnex.us/sitemap/CUAHSI/CUAHSI_HIS_FarmRWA_ids__0.xml </loc>
		<lastmod> 2022-12-05 03:53:37.496914 </lastmod>
	</sitemap><sitemap>
		<loc> https://geoconnex.us/sitemap/CUAHSI/CUAHSI_HIS_SKC_Milltown_ids__0.xml </loc>
		<lastmod> 2022-12-05 03:53:37.496914 </lastmod>
	</sitemap><sitemap>
		<loc> https://geoconnex.us/sitemap/CUAHSI/CUAHSI_HIS_UMBCGW_ids__0.xml </loc>
		<lastmod> 2022-12-05 03:53:37.496914 </lastmod>
	</sitemap><sitemap>
		<loc> https://geoconnex.us/sitemap/CUAHSI/CUAHSI_HIS_ShaleNetworkODM_ids__0.xml </loc>
		<lastmod> 2022-12-05 03:53:37.500914 </lastmod>
	</sitemap><sitemap>
		<loc> https://geoconnex.us/sitemap/CUAHSI/CUAHSI_HIS_Nevados_ids__0.xml </loc>
		<lastmod> 2022-12-05 03:53:37.500914 </lastmod>
	</sitemap><sitemap>
		<loc> https://geoconnex.us/sitemap/CUAHSI/CUAHSI_HIS_Weiherbach_ids__0.xml </loc>
		<lastmod> 2022-12-05 03:53:37.500914 </lastmod>
	</sitemap><sitemap>
		<loc> https://geoconnex.us/sitemap/CUAHSI/CUAHSI_HIS_Mazar_River_Project_ids__0.xml </loc>
		<lastmod> 2022-12-05 03:53:37.500914 </lastmod>
	</sitemap><sitemap>
		<loc> https://geoconnex.us/sitemap/CUAHSI/CUAHSI_HIS_GLEON_Sunapee_ids__0.xml </loc>
		<lastmod> 2022-12-05 03:53:37.500914 </lastmod>
	</sitemap><sitemap>
		<loc> https://geoconnex.us/sitemap/CUAHSI/CUAHSI_HIS_ORSANCO_HAB_ids__0.xml </loc>
		<lastmod> 2022-12-05 03:53:37.504914 </lastmod>
	</sitemap><sitemap>
		<loc> https://geoconnex.us/sitemap/CUAHSI/CUAHSI_HIS_MWRA_ids__0.xml </loc>
		<lastmod> 2022-12-05 03:53:37.504914 </lastmod>
	</sitemap><sitemap>
		<loc> https://geoconnex.us/sitemap/CUAHSI/CUAHSI_HIS_MAAERI_ids__0.xml </loc>
		<lastmod> 2022-12-05 03:53:37.504914 </lastmod>
	</sitemap><sitemap>
		<loc> https://geoconnex.us/sitemap/CUAHSI/CUAHSI_HIS_NCEIWW2_ids__0.xml </loc>
		<lastmod> 2022-12-05 03:53:37.504914 </lastmod>
	</sitemap><sitemap>
		<loc> https://geoconnex.us/sitemap/CUAHSI/CUAHSI_HIS_TarlandWaterQuality_ids__0.xml </loc>
		<lastmod> 2022-12-05 03:53:37.504914 </lastmod>
	</sitemap><sitemap>
		<loc> https://geoconnex.us/sitemap/CUAHSI/CUAHSI_HIS_LCZOODM2_ids__0.xml </loc>
		<lastmod> 2022-12-05 03:53:37.504914 </lastmod>
	</sitemap><sitemap>
		<loc> https://geoconnex.us/sitemap/CUAHSI/CUAHSI_HIS_CocoRaHs_ids__0.xml </loc>
		<lastmod> 2022-12-05 03:53:37.508914 </lastmod>
	</sitemap><sitemap>
		<loc> https://geoconnex.us/sitemap/CUAHSI/CUAHSI_HIS_Para_La_Naturaleza_ids__0.xml </loc>
		<lastmod> 2022-12-05 03:53:37.508914 </lastmod>
	</sitemap><sitemap>
		<loc> https://geoconnex.us/sitemap/CUAHSI/CUAHSI_HIS_czo_catalina_ids__0.xml </loc>
		<lastmod> 2022-12-05 03:53:37.508914 </lastmod>
	</sitemap><sitemap>
		<loc> https://geoconnex.us/sitemap/CUAHSI/CUAHSI_HIS_IEER_at_Wilkes_University_ids__0.xml </loc>
		<lastmod> 2022-12-05 03:53:37.508914 </lastmod>
	</sitemap><sitemap>
		<loc> https://geoconnex.us/sitemap/CUAHSI/CUAHSI_HIS_MudLake_ids__0.xml </loc>
		<lastmod> 2022-12-05 03:53:37.508914 </lastmod>
	</sitemap><sitemap>
		<loc> https://geoconnex.us/sitemap/CUAHSI/CUAHSI_HIS_MWDIS_ids__0.xml </loc>
		<lastmod> 2022-12-05 03:53:37.508914 </lastmod>
	</sitemap><sitemap>
		<loc> https://geoconnex.us/sitemap/CUAHSI/CUAHSI_HIS_LoganRiver_ids__0.xml </loc>
		<lastmod> 2022-12-05 03:53:37.508914 </lastmod>
	</sitemap><sitemap>
		<loc> https://geoconnex.us/sitemap/CUAHSI/CUAHSI_HIS_SCAN_ids__0.xml </loc>
		<lastmod> 2022-12-05 03:53:37.508914 </lastmod>
	</sitemap><sitemap>
		<loc> https://geoconnex.us/sitemap/CUAHSI/CUAHSI_HIS_NashRWA_ids__0.xml </loc>
		<lastmod> 2022-12-05 03:53:37.508914 </lastmod>
	</sitemap><sitemap>
		<loc> https://geoconnex.us/sitemap/CUAHSI/CUAHSI_HIS_MobileCrowdHydrology_ids__0.xml </loc>
		<lastmod> 2022-12-05 03:53:37.508914 </lastmod>
	</sitemap><sitemap>
		<loc> https://geoconnex.us/sitemap/CUAHSI/CUAHSI_HIS_AndrewsforestLTER_ids__0.xml </loc>
		<lastmod> 2022-12-05 03:53:37.508914 </lastmod>
	</sitemap><sitemap>
		<loc> https://geoconnex.us/sitemap/CUAHSI/CUAHSI_HIS_Logan_River_GAMUT_ids__0.xml </loc>
		<lastmod> 2022-12-05 03:53:37.508914 </lastmod>
	</sitemap><sitemap>
		<loc> https://geoconnex.us/sitemap/CUAHSI/CUAHSI_HIS_LittleBearRiver_ids__0.xml </loc>
		<lastmod> 2022-12-05 03:53:37.508914 </lastmod>
	</sitemap><sitemap>
		<loc> https://geoconnex.us/sitemap/CUAHSI/CUAHSI_HIS_LTERNTLWoodruff_ids__0.xml </loc>
		<lastmod> 2022-12-05 03:53:37.508914 </lastmod>
	</sitemap><sitemap>
		<loc> https://geoconnex.us/sitemap/CUAHSI/CUAHSI_HIS_SagehenCreek_ids__0.xml </loc>
		<lastmod> 2022-12-05 03:53:37.508914 </lastmod>
	</sitemap><sitemap>
		<loc> https://geoconnex.us/sitemap/CUAHSI/CUAHSI_HIS_ShaleNetworkODM_ids__1.xml </loc>
		<lastmod> 2022-12-05 03:53:37.508914 </lastmod>
	</sitemap><sitemap>
		<loc> https://geoconnex.us/sitemap/CUAHSI/CUAHSI_HIS_FRC_WQM_ids__0.xml </loc>
		<lastmod> 2022-12-05 03:53:37.508914 </lastmod>
	</sitemap><sitemap>
		<loc> https://geoconnex.us/sitemap/CUAHSI/CUAHSI_HIS_HYDRODATACZ-D_ids__0.xml </loc>
		<lastmod> 2022-12-05 03:53:37.508914 </lastmod>
	</sitemap><sitemap>
		<loc> https://geoconnex.us/sitemap/CUAHSI/CUAHSI_HIS_DRWI_ids__0.xml </loc>
		<lastmod> 2022-12-05 03:53:37.508914 </lastmod>
	</sitemap><sitemap>
		<loc> https://geoconnex.us/sitemap/CUAHSI/CUAHSI_HIS_UBWPAD_ids__0.xml </loc>
		<lastmod> 2022-12-05 03:53:37.508914 </lastmod>
	</sitemap><sitemap>
		<loc> https://geoconnex.us/sitemap/CUAHSI/CUAHSI_HIS_TRWA_ids__0.xml </loc>
		<lastmod> 2022-12-05 03:53:37.508914 </lastmod>
	</sitemap><sitemap>
		<loc> https://geoconnex.us/sitemap/CUAHSI/CUAHSI_HIS_Red_Butte_Creek_GAMUT_ids__0.xml </loc>
		<lastmod> 2022-12-05 03:53:37.508914 </lastmod>
	</sitemap><sitemap>
		<loc> https://geoconnex.us/sitemap/CUAHSI/CUAHSI_HIS_GlacialRidge_ids__0.xml </loc>
		<lastmod> 2022-12-05 03:53:37.508914 </lastmod>
	</sitemap><sitemap>
		<loc> https://geoconnex.us/sitemap/CUAHSI/CUAHSI_HIS_FCELTER_ids__0.xml </loc>
		<lastmod> 2022-12-05 03:53:37.508914 </lastmod>
	</sitemap><sitemap>
		<loc> https://geoconnex.us/sitemap/CUAHSI/CUAHSI_HIS_czo_ariz_ids__0.xml </loc>
		<lastmod> 2022-12-05 03:53:37.508914 </lastmod>
	</sitemap><sitemap>
		<loc> https://geoconnex.us/sitemap/CUAHSI/CUAHSI_HIS_CALVIN_HHS_ids__0.xml </loc>
		<lastmod> 2022-12-05 03:53:37.508914 </lastmod>
	</sitemap><sitemap>
		<loc> https://geoconnex.us/sitemap/CUAHSI/CUAHSI_HIS_SNOTEL_ids__0.xml </loc>
		<lastmod> 2022-12-05 03:53:37.508914 </lastmod>
	</sitemap><sitemap>
		<loc> https://geoconnex.us/sitemap/CUAHSI/CUAHSI_HIS_NevCAN_ids__0.xml </loc>
		<lastmod> 2022-12-05 03:53:37.508914 </lastmod>
	</sitemap><sitemap>
		<loc> https://geoconnex.us/sitemap/CUAHSI/CUAHSI_HIS_czo_psu_ids__0.xml </loc>
		<lastmod> 2022-12-05 03:53:37.508914 </lastmod>
	</sitemap><sitemap>
		<loc> https://geoconnex.us/sitemap/CUAHSI/CUAHSI_HIS_Brazil_UCB_ids__0.xml </loc>
		<lastmod> 2022-12-05 03:53:37.508914 </lastmod>
	</sitemap><sitemap>
		<loc> https://geoconnex.us/sitemap/CUAHSI/CUAHSI_HIS_GLEON_Auburn_ids__0.xml </loc>
		<lastmod> 2022-12-05 03:53:37.508914 </lastmod>
	</sitemap><sitemap>
		<loc> https://geoconnex.us/sitemap/CUAHSI/CUAHSI_HIS_LaSelvastreamdischarge_ids__0.xml </loc>
		<lastmod> 2022-12-05 03:53:37.508914 </lastmod>
	</sitemap><sitemap>
		<loc> https://geoconnex.us/sitemap/CUAHSI/CUAHSI_HIS_Isábena_ids__0.xml </loc>
		<lastmod> 2022-12-05 03:53:37.508914 </lastmod>
	</sitemap><sitemap>
		<loc> https://geoconnex.us/sitemap/CUAHSI/CUAHSI_HIS_Swedish_Monitoring_Data_ids__0.xml </loc>
		<lastmod> 2022-12-05 03:53:37.512914 </lastmod>
	</sitemap><sitemap>
		<loc> https://geoconnex.us/sitemap/CUAHSI/CUAHSI_HIS_UNH_Snow_ids__0.xml </loc>
		<lastmod> 2022-12-05 03:53:37.512914 </lastmod>
	</sitemap><sitemap>
		<loc> https://geoconnex.us/sitemap/CUAHSI/CUAHSI_HIS_Hassberge_ids__0.xml </loc>
		<lastmod> 2022-12-05 03:53:37.512914 </lastmod>
	</sitemap><sitemap>
		<loc> https://geoconnex.us/sitemap/CUAHSI/CUAHSI_HIS_NHGS_WOF_ids__0.xml </loc>
		<lastmod> 2022-12-05 03:53:37.512914 </lastmod>
	</sitemap><sitemap>
		<loc> https://geoconnex.us/sitemap/CUAHSI/CUAHSI_HIS_Gongga_ids__0.xml </loc>
		<lastmod> 2022-12-05 03:53:37.512914 </lastmod>
	</sitemap><sitemap>
		<loc> https://geoconnex.us/sitemap/CUAHSI/CUAHSI_HIS_MOPEX_ids__0.xml </loc>
		<lastmod> 2022-12-05 03:53:37.512914 </lastmod>
	</sitemap><sitemap>
		<loc> https://geoconnex.us/sitemap/ca-gage-assessment/ca_gages_pids__0.xml </loc>
		<lastmod> 2022-12-05 03:53:37.512914 </lastmod>
	</sitemap><sitemap>
		<loc> https://geoconnex.us/sitemap/ref/sec_hydrg_reg/sec_hydrg_reg__0.xml </loc>
		<lastmod> 2022-12-05 03:53:37.512914 </lastmod>
	</sitemap><sitemap>
		<loc> https://geoconnex.us/sitemap/ref/counties/counties__0.xml </loc>
		<lastmod> 2022-12-05 03:53:37.512914 </lastmod>
	</sitemap><sitemap>
		<loc> https://geoconnex.us/sitemap/ref/pws/pws__0.xml </loc>
		<lastmod> 2022-12-05 03:53:37.516914 </lastmod>
	</sitemap><sitemap>
		<loc> https://geoconnex.us/sitemap/ref/hu06/hu06__0.xml </loc>
		<lastmod> 2022-12-05 03:53:37.516914 </lastmod>
	</sitemap><sitemap>
		<loc> https://geoconnex.us/sitemap/ref/nat_aq/nat_aq__0.xml </loc>
		<lastmod> 2022-12-05 03:53:37.516914 </lastmod>
	</sitemap><sitemap>
		<loc> https://geoconnex.us/sitemap/ref/cbsa/cbsa__0.xml </loc>
		<lastmod> 2022-12-05 03:53:37.516914 </lastmod>
	</sitemap><sitemap>
		<loc> https://geoconnex.us/sitemap/ref/hu08/hu08__0.xml </loc>
		<lastmod> 2022-12-05 03:53:37.516914 </lastmod>
	</sitemap><sitemap>
		<loc> https://geoconnex.us/sitemap/ref/hu04/hu04__0.xml </loc>
		<lastmod> 2022-12-05 03:53:37.516914 </lastmod>
	</sitemap><sitemap>
		<loc> https://geoconnex.us/sitemap/ref/princi_aq/princi_aq__0.xml </loc>
		<lastmod> 2022-12-05 03:53:37.516914 </lastmod>
	</sitemap><sitemap>
		<loc> https://geoconnex.us/sitemap/ref/gages/ref_gage__0.xml </loc>
		<lastmod> 2022-12-05 03:53:37.524914 </lastmod>
	</sitemap><sitemap>
		<loc> https://geoconnex.us/sitemap/ref/gages/ref_gage__3.xml </loc>
		<lastmod> 2022-12-05 03:53:37.524914 </lastmod>
	</sitemap><sitemap>
		<loc> https://geoconnex.us/sitemap/ref/gages/ref_gage__2.xml </loc>
		<lastmod> 2022-12-05 03:53:37.528914 </lastmod>
	</sitemap><sitemap>
		<loc> https://geoconnex.us/sitemap/ref/gages/ref_gage__1.xml </loc>
		<lastmod> 2022-12-05 03:53:37.536914 </lastmod>
	</sitemap><sitemap>
		<loc> https://geoconnex.us/sitemap/ref/dams/dams__0.xml </loc>
		<lastmod> 2022-12-05 03:53:37.540915 </lastmod>
	</sitemap><sitemap>
		<loc> https://geoconnex.us/sitemap/ref/dams/dams__1.xml </loc>
		<lastmod> 2022-12-05 03:53:37.544914 </lastmod>
	</sitemap><sitemap>
		<loc> https://geoconnex.us/sitemap/ref/ua10/ua10__0.xml </loc>
		<lastmod> 2022-12-05 03:53:37.544914 </lastmod>
	</sitemap><sitemap>
		<loc> https://geoconnex.us/sitemap/ref/states/states__0.xml </loc>
		<lastmod> 2022-12-05 03:53:37.544914 </lastmod>
	</sitemap><sitemap>
		<loc> https://geoconnex.us/sitemap/ref/hu10/hu10__0.xml </loc>
		<lastmod> 2022-12-05 03:53:37.544914 </lastmod>
	</sitemap><sitemap>
		<loc> https://geoconnex.us/sitemap/ref/aiannh/aiannh__0.xml </loc>
		<lastmod> 2022-12-05 03:53:37.544914 </lastmod>
	</sitemap><sitemap>
		<loc> https://geoconnex.us/sitemap/ref/hu02/hu02__0.xml </loc>
		<lastmod> 2022-12-05 03:53:37.544914 </lastmod>
	</sitemap><sitemap>
		<loc> https://geoconnex.us/sitemap/ref/mainstems/mainstems__0.xml </loc>
		<lastmod> 2022-12-05 03:53:37.548915 </lastmod>
	</sitemap><sitemap>
		<loc> https://geoconnex.us/sitemap/ref/places/places__0.xml </loc>
		<lastmod> 2022-12-05 03:53:37.552915 </lastmod>
	</sitemap><sitemap>
		<loc> https://geoconnex.us/sitemap/epa/hmw/hmw__0.xml </loc>
		<lastmod> 2022-12-05 03:53:37.556915 </lastmod>
	</sitemap><sitemap>
		<loc> https://geoconnex.us/sitemap/epa/hmw/hmw__1.xml </loc>
		<lastmod> 2022-12-05 03:53:37.560915 </lastmod>
	</sitemap><sitemap>
		<loc> https://geoconnex.us/sitemap/nhdplusv2/huc12pp/huc12pp__0.xml </loc>
		<lastmod> 2022-12-05 03:53:37.564915 </lastmod>
	</sitemap><sitemap>
		<loc> https://geoconnex.us/sitemap/nhdplusv2/huc12pp/huc12pp__1.xml </loc>
		<lastmod> 2022-12-05 03:53:37.568915 </lastmod>
	</sitemap><sitemap>
		<loc> https://geoconnex.us/sitemap/nmwdi/ose/nmwdi-ose__3.xml </loc>
		<lastmod> 2022-12-05 03:53:37.572915 </lastmod>
	</sitemap><sitemap>
		<loc> https://geoconnex.us/sitemap/nmwdi/ose/nmwdi-ose__2.xml </loc>
		<lastmod> 2022-12-05 03:53:37.576915 </lastmod>
	</sitemap><sitemap>
		<loc> https://geoconnex.us/sitemap/nmwdi/ose/nmwdi-ose__0.xml </loc>
		<lastmod> 2022-12-05 03:53:37.580915 </lastmod>
	</sitemap><sitemap>
		<loc> https://geoconnex.us/sitemap/nmwdi/ose/nmwdi-ose__4.xml </loc>
		<lastmod> 2022-12-05 03:53:37.584915 </lastmod>
	</sitemap><sitemap>
		<loc> https://geoconnex.us/sitemap/nmwdi/ose/nmwdi-ose__1.xml </loc>
		<lastmod> 2022-12-05 03:53:37.588915 </lastmod>
	</sitemap><sitemap>
		<loc> https://geoconnex.us/sitemap/nmwdi/st/nmwdi-st__0.xml </loc>
		<lastmod> 2022-12-05 03:53:37.592915 </lastmod>
	</sitemap><sitemap>
		<loc> https://geoconnex.us/sitemap/SELFIE/SELFIE_ids__0.xml </loc>
		<lastmod> 2022-12-05 03:53:37.592915 </lastmod>
	</sitemap><sitemap>
		<loc> https://geoconnex.us/sitemap/CHyLD/chyld-pilot_ids__0.xml </loc>
		<lastmod> 2022-12-05 03:53:37.592915 </lastmod>
	</sitemap><sitemap>
		<loc> https://geoconnex.us/sitemap/iow/usbr/rise__0.xml </loc>
		<lastmod> 2022-12-05 03:53:37.592915 </lastmod>
	</sitemap><sitemap>
		<loc> https://geoconnex.us/sitemap/iow/autotest1__0.xml </loc>
		<lastmod> 2022-12-05 03:53:37.592915 </lastmod>
	</sitemap><sitemap>
		<loc> https://geoconnex.us/sitemap/iow/links__0.xml </loc>
		<lastmod> 2022-12-05 03:53:37.592915 </lastmod>
	</sitemap><sitemap>
		<loc> https://geoconnex.us/sitemap/iow/demo__0.xml </loc>
		<lastmod> 2022-12-05 03:53:37.592915 </lastmod>
	</sitemap><sitemap>
		<loc> https://geoconnex.us/sitemap/iow/autotest2__0.xml </loc>
		<lastmod> 2022-12-05 03:53:37.592915 </lastmod>
	</sitemap><sitemap>
		<loc> https://geoconnex.us/sitemap/wade/wade__2.xml </loc>
		<lastmod> 2022-12-05 03:53:37.596915 </lastmod>
	</sitemap><sitemap>
		<loc> https://geoconnex.us/sitemap/wade/wade__0.xml </loc>
		<lastmod> 2022-12-05 03:53:37.600915 </lastmod>
	</sitemap><sitemap>
		<loc> https://geoconnex.us/sitemap/wade/wade__17.xml </loc>
		<lastmod> 2022-12-05 03:53:37.604916 </lastmod>
	</sitemap><sitemap>
		<loc> https://geoconnex.us/sitemap/wade/wade__9.xml </loc>
		<lastmod> 2022-12-05 03:53:37.608916 </lastmod>
	</sitemap><sitemap>
		<loc> https://geoconnex.us/sitemap/wade/wade__7.xml </loc>
		<lastmod> 2022-12-05 03:53:37.612916 </lastmod>
	</sitemap><sitemap>
		<loc> https://geoconnex.us/sitemap/wade/wade__3.xml </loc>
		<lastmod> 2022-12-05 03:53:37.620916 </lastmod>
	</sitemap><sitemap>
		<loc> https://geoconnex.us/sitemap/wade/wade__15.xml </loc>
		<lastmod> 2022-12-05 03:53:37.624916 </lastmod>
	</sitemap><sitemap>
		<loc> https://geoconnex.us/sitemap/wade/wade__5.xml </loc>
		<lastmod> 2022-12-05 03:53:37.628916 </lastmod>
	</sitemap><sitemap>
		<loc> https://geoconnex.us/sitemap/wade/wade__10.xml </loc>
		<lastmod> 2022-12-05 03:53:37.632916 </lastmod>
	</sitemap><sitemap>
		<loc> https://geoconnex.us/sitemap/wade/wade__14.xml </loc>
		<lastmod> 2022-12-05 03:53:37.636916 </lastmod>
	</sitemap><sitemap>
		<loc> https://geoconnex.us/sitemap/wade/wade__18.xml </loc>
		<lastmod> 2022-12-05 03:53:37.640916 </lastmod>
	</sitemap><sitemap>
		<loc> https://geoconnex.us/sitemap/wade/wade__13.xml </loc>
		<lastmod> 2022-12-05 03:53:37.644916 </lastmod>
	</sitemap><sitemap>
		<loc> https://geoconnex.us/sitemap/wade/wade__8.xml </loc>
		<lastmod> 2022-12-05 03:53:37.648916 </lastmod>
	</sitemap><sitemap>
		<loc> https://geoconnex.us/sitemap/wade/wade__19.xml </loc>
		<lastmod> 2022-12-05 03:53:37.652916 </lastmod>
	</sitemap><sitemap>
		<loc> https://geoconnex.us/sitemap/wade/wade__12.xml </loc>
		<lastmod> 2022-12-05 03:53:37.656916 </lastmod>
	</sitemap><sitemap>
		<loc> https://geoconnex.us/sitemap/wade/wade__4.xml </loc>
		<lastmod> 2022-12-05 03:53:37.660916 </lastmod>
	</sitemap><sitemap>
		<loc> https://geoconnex.us/sitemap/wade/wade__16.xml </loc>
		<lastmod> 2022-12-05 03:53:37.664917 </lastmod>
	</sitemap><sitemap>
		<loc> https://geoconnex.us/sitemap/wade/wade__1.xml </loc>
		<lastmod> 2022-12-05 03:53:37.672917 </lastmod>
	</sitemap><sitemap>
		<loc> https://geoconnex.us/sitemap/wade/wade__6.xml </loc>
		<lastmod> 2022-12-05 03:53:37.676917 </lastmod>
	</sitemap><sitemap>
		<loc> https://geoconnex.us/sitemap/wade/wade__11.xml </loc>
		<lastmod> 2022-12-05 03:53:37.680917 </lastmod>
	</sitemap></ns0:sitemapindex>