<ns0:sitemapindex xmlns:ns0="http://www.sitemaps.org/schemas/sitemap/0.9">
<sitemap>
		<loc> https://geoconnex.us/sitemap/CHyLD/chyld-pilot_ids__0.xml </loc>
		<lastmod> 2021-11-17 21:28:06.956572 </lastmod>
	</sitemap><sitemap>
		<loc> https://geoconnex.us/sitemap/SELFIE/SELFIE_ids__0.xml </loc>
		<lastmod> 2021-11-17 21:28:06.956572 </lastmod>
	</sitemap><sitemap>
		<loc> https://geoconnex.us/sitemap/nmwdi/st/nmwdi-st__0.xml </loc>
		<lastmod> 2021-11-17 21:28:06.956572 </lastmod>
	</sitemap><sitemap>
		<loc> https://geoconnex.us/sitemap/nmwdi/ose/nmwdi-ose__2.xml </loc>
		<lastmod> 2021-11-17 21:28:06.964572 </lastmod>
	</sitemap><sitemap>
		<loc> https://geoconnex.us/sitemap/nmwdi/ose/nmwdi-ose__3.xml </loc>
		<lastmod> 2021-11-17 21:28:06.972572 </lastmod>
	</sitemap><sitemap>
		<loc> https://geoconnex.us/sitemap/nmwdi/ose/nmwdi-ose__0.xml </loc>
		<lastmod> 2021-11-17 21:28:06.976572 </lastmod>
	</sitemap><sitemap>
		<loc> https://geoconnex.us/sitemap/nmwdi/ose/nmwdi-ose__1.xml </loc>
		<lastmod> 2021-11-17 21:28:06.980572 </lastmod>
	</sitemap><sitemap>
		<loc> https://geoconnex.us/sitemap/nmwdi/ose/nmwdi-ose__4.xml </loc>
		<lastmod> 2021-11-17 21:28:06.988572 </lastmod>
	</sitemap><sitemap>
		<loc> https://geoconnex.us/sitemap/nhdplusv2/huc12pp/huc12pp__1.xml </loc>
		<lastmod> 2021-11-17 21:28:06.992572 </lastmod>
	</sitemap><sitemap>
		<loc> https://geoconnex.us/sitemap/nhdplusv2/huc12pp/huc12pp__0.xml </loc>
		<lastmod> 2021-11-17 21:28:07.000572 </lastmod>
	</sitemap><sitemap>
		<loc> https://geoconnex.us/sitemap/ca-gage-assessment/ca_gages_pids__0.xml </loc>
		<lastmod> 2021-11-17 21:28:07.000572 </lastmod>
	</sitemap><sitemap>
		<loc> https://geoconnex.us/sitemap/iow/autotest2__0.xml </loc>
		<lastmod> 2021-11-17 21:28:07.000572 </lastmod>
	</sitemap><sitemap>
		<loc> https://geoconnex.us/sitemap/iow/test3__0.xml </loc>
		<lastmod> 2021-11-17 21:28:07.000572 </lastmod>
	</sitemap><sitemap>
		<loc> https://geoconnex.us/sitemap/iow/autotest1__0.xml </loc>
		<lastmod> 2021-11-17 21:28:07.000572 </lastmod>
	</sitemap><sitemap>
		<loc> https://geoconnex.us/sitemap/CUAHSI/CUAHSI_HIS_UBWPAD_ids__0.xml </loc>
		<lastmod> 2021-11-17 21:28:07.004572 </lastmod>
	</sitemap><sitemap>
		<loc> https://geoconnex.us/sitemap/CUAHSI/CUAHSI_HIS_SagehenCreek_ids__0.xml </loc>
		<lastmod> 2021-11-17 21:28:07.004572 </lastmod>
	</sitemap><sitemap>
		<loc> https://geoconnex.us/sitemap/CUAHSI/CUAHSI_HIS_MOPEX_ids__0.xml </loc>
		<lastmod> 2021-11-17 21:28:07.004572 </lastmod>
	</sitemap><sitemap>
		<loc> https://geoconnex.us/sitemap/CUAHSI/CUAHSI_HIS_HYDRODATACZ-D_ids__0.xml </loc>
		<lastmod> 2021-11-17 21:28:07.004572 </lastmod>
	</sitemap><sitemap>
		<loc> https://geoconnex.us/sitemap/CUAHSI/CUAHSI_HIS_czo_boulder_ids__0.xml </loc>
		<lastmod> 2021-11-17 21:28:07.004572 </lastmod>
	</sitemap><sitemap>
		<loc> https://geoconnex.us/sitemap/CUAHSI/CUAHSI_HIS_UNH_Snow_ids__0.xml </loc>
		<lastmod> 2021-11-17 21:28:07.004572 </lastmod>
	</sitemap><sitemap>
		<loc> https://geoconnex.us/sitemap/CUAHSI/CUAHSI_HIS_CedarRiver_ids__0.xml </loc>
		<lastmod> 2021-11-17 21:28:07.004572 </lastmod>
	</sitemap><sitemap>
		<loc> https://geoconnex.us/sitemap/CUAHSI/CUAHSI_HIS_Logan_River_GAMUT_ids__0.xml </loc>
		<lastmod> 2021-11-17 21:28:07.004572 </lastmod>
	</sitemap><sitemap>
		<loc> https://geoconnex.us/sitemap/CUAHSI/CUAHSI_HIS_Gongga_ids__0.xml </loc>
		<lastmod> 2021-11-17 21:28:07.004572 </lastmod>
	</sitemap><sitemap>
		<loc> https://geoconnex.us/sitemap/CUAHSI/CUAHSI_HIS_GLEON_Sunapee_ids__0.xml </loc>
		<lastmod> 2021-11-17 21:28:07.004572 </lastmod>
	</sitemap><sitemap>
		<loc> https://geoconnex.us/sitemap/CUAHSI/CUAHSI_HIS_TNCWaterData_ids__0.xml </loc>
		<lastmod> 2021-11-17 21:28:07.004572 </lastmod>
	</sitemap><sitemap>
		<loc> https://geoconnex.us/sitemap/CUAHSI/CUAHSI_HIS_GlobalRiversObservatory_ids__0.xml </loc>
		<lastmod> 2021-11-17 21:28:07.004572 </lastmod>
	</sitemap><sitemap>
		<loc> https://geoconnex.us/sitemap/CUAHSI/CUAHSI_HIS_CCBEPDAP_ids__0.xml </loc>
		<lastmod> 2021-11-17 21:28:07.004572 </lastmod>
	</sitemap><sitemap>
		<loc> https://geoconnex.us/sitemap/CUAHSI/CUAHSI_HIS_GLEON_Dorset_ids__0.xml </loc>
		<lastmod> 2021-11-17 21:28:07.004572 </lastmod>
	</sitemap><sitemap>
		<loc> https://geoconnex.us/sitemap/CUAHSI/CUAHSI_HIS_Scotland_NWIS_ids__0.xml </loc>
		<lastmod> 2021-11-17 21:28:07.004572 </lastmod>
	</sitemap><sitemap>
		<loc> https://geoconnex.us/sitemap/CUAHSI/CUAHSI_HIS_TuolumneMdw_ids__0.xml </loc>
		<lastmod> 2021-11-17 21:28:07.004572 </lastmod>
	</sitemap><sitemap>
		<loc> https://geoconnex.us/sitemap/CUAHSI/CUAHSI_HIS_czo_luquillo_ids__0.xml </loc>
		<lastmod> 2021-11-17 21:28:07.004572 </lastmod>
	</sitemap><sitemap>
		<loc> https://geoconnex.us/sitemap/CUAHSI/CUAHSI_HIS_czo_udel_ids__0.xml </loc>
		<lastmod> 2021-11-17 21:28:07.004572 </lastmod>
	</sitemap><sitemap>
		<loc> https://geoconnex.us/sitemap/CUAHSI/CUAHSI_HIS_czo_psu_ids__0.xml </loc>
		<lastmod> 2021-11-17 21:28:07.004572 </lastmod>
	</sitemap><sitemap>
		<loc> https://geoconnex.us/sitemap/CUAHSI/CUAHSI_HIS_GlacialRidge_ids__0.xml </loc>
		<lastmod> 2021-11-17 21:28:07.008572 </lastmod>
	</sitemap><sitemap>
		<loc> https://geoconnex.us/sitemap/CUAHSI/CUAHSI_HIS_Hassberge_ids__0.xml </loc>
		<lastmod> 2021-11-17 21:28:07.008572 </lastmod>
	</sitemap><sitemap>
		<loc> https://geoconnex.us/sitemap/CUAHSI/CUAHSI_HIS_IEER_at_Wilkes_University_ids__0.xml </loc>
		<lastmod> 2021-11-17 21:28:07.008572 </lastmod>
	</sitemap><sitemap>
		<loc> https://geoconnex.us/sitemap/CUAHSI/CUAHSI_HIS_MWRA_ids__0.xml </loc>
		<lastmod> 2021-11-17 21:28:07.008572 </lastmod>
	</sitemap><sitemap>
		<loc> https://geoconnex.us/sitemap/CUAHSI/CUAHSI_HIS_NE_WN_ids__0.xml </loc>
		<lastmod> 2021-11-17 21:28:07.008572 </lastmod>
	</sitemap><sitemap>
		<loc> https://geoconnex.us/sitemap/CUAHSI/CUAHSI_HIS_CRWA_ids__0.xml </loc>
		<lastmod> 2021-11-17 21:28:07.008572 </lastmod>
	</sitemap><sitemap>
		<loc> https://geoconnex.us/sitemap/CUAHSI/CUAHSI_HIS_TRWA_ids__0.xml </loc>
		<lastmod> 2021-11-17 21:28:07.008572 </lastmod>
	</sitemap><sitemap>
		<loc> https://geoconnex.us/sitemap/CUAHSI/CUAHSI_HIS_SCAN_ids__0.xml </loc>
		<lastmod> 2021-11-17 21:28:07.008572 </lastmod>
	</sitemap><sitemap>
		<loc> https://geoconnex.us/sitemap/CUAHSI/CUAHSI_HIS_Provo_River_GAMUT_ids__0.xml </loc>
		<lastmod> 2021-11-17 21:28:07.008572 </lastmod>
	</sitemap><sitemap>
		<loc> https://geoconnex.us/sitemap/CUAHSI/CUAHSI_HIS_LTERNTLWoodruff_ids__0.xml </loc>
		<lastmod> 2021-11-17 21:28:07.008572 </lastmod>
	</sitemap><sitemap>
		<loc> https://geoconnex.us/sitemap/CUAHSI/CUAHSI_HIS_NevCAN_ids__0.xml </loc>
		<lastmod> 2021-11-17 21:28:07.008572 </lastmod>
	</sitemap><sitemap>
		<loc> https://geoconnex.us/sitemap/CUAHSI/CUAHSI_HIS_YosemiteHydroclimateNetwork_ids__0.xml </loc>
		<lastmod> 2021-11-17 21:28:07.008572 </lastmod>
	</sitemap><sitemap>
		<loc> https://geoconnex.us/sitemap/CUAHSI/CUAHSI_HIS_czo_catalina_ids__0.xml </loc>
		<lastmod> 2021-11-17 21:28:07.008572 </lastmod>
	</sitemap><sitemap>
		<loc> https://geoconnex.us/sitemap/CUAHSI/CUAHSI_HIS_ORSANCO_HAB_ids__0.xml </loc>
		<lastmod> 2021-11-17 21:28:07.008572 </lastmod>
	</sitemap><sitemap>
		<loc> https://geoconnex.us/sitemap/CUAHSI/CUAHSI_HIS_LoganRiver_ids__0.xml </loc>
		<lastmod> 2021-11-17 21:28:07.008572 </lastmod>
	</sitemap><sitemap>
		<loc> https://geoconnex.us/sitemap/CUAHSI/CUAHSI_HIS_UMBCWQ_ids__0.xml </loc>
		<lastmod> 2021-11-17 21:28:07.008572 </lastmod>
	</sitemap><sitemap>
		<loc> https://geoconnex.us/sitemap/CUAHSI/CUAHSI_HIS_Is&#225;bena_ids__0.xml </loc>
		<lastmod> 2021-11-17 21:28:07.008572 </lastmod>
	</sitemap><sitemap>
		<loc> https://geoconnex.us/sitemap/CUAHSI/CUAHSI_HIS_GLEON_LakeAnnie_ids__0.xml </loc>
		<lastmod> 2021-11-17 21:28:07.008572 </lastmod>
	</sitemap><sitemap>
		<loc> https://geoconnex.us/sitemap/CUAHSI/CUAHSI_HIS_Mazar_River_Project_ids__0.xml </loc>
		<lastmod> 2021-11-17 21:28:07.008572 </lastmod>
	</sitemap><sitemap>
		<loc> https://geoconnex.us/sitemap/CUAHSI/CUAHSI_HIS_NCEIWW2_ids__0.xml </loc>
		<lastmod> 2021-11-17 21:28:07.008572 </lastmod>
	</sitemap><sitemap>
		<loc> https://geoconnex.us/sitemap/CUAHSI/CUAHSI_HIS_Red_Butte_Creek_GAMUT_ids__0.xml </loc>
		<lastmod> 2021-11-17 21:28:07.008572 </lastmod>
	</sitemap><sitemap>
		<loc> https://geoconnex.us/sitemap/CUAHSI/CUAHSI_HIS_GLEON_Auburn_ids__0.xml </loc>
		<lastmod> 2021-11-17 21:28:07.008572 </lastmod>
	</sitemap><sitemap>
		<loc> https://geoconnex.us/sitemap/CUAHSI/CUAHSI_HIS_NEON_ids__0.xml </loc>
		<lastmod> 2021-11-17 21:28:07.008572 </lastmod>
	</sitemap><sitemap>
		<loc> https://geoconnex.us/sitemap/CUAHSI/CUAHSI_HIS_IRWA_ids__0.xml </loc>
		<lastmod> 2021-11-17 21:28:07.012572 </lastmod>
	</sitemap><sitemap>
		<loc> https://geoconnex.us/sitemap/CUAHSI/CUAHSI_HIS_MobileCrowdHydrology_ids__0.xml </loc>
		<lastmod> 2021-11-17 21:28:07.012572 </lastmod>
	</sitemap><sitemap>
		<loc> https://geoconnex.us/sitemap/CUAHSI/CUAHSI_HIS_CALVIN_HHS_ids__0.xml </loc>
		<lastmod> 2021-11-17 21:28:07.012572 </lastmod>
	</sitemap><sitemap>
		<loc> https://geoconnex.us/sitemap/CUAHSI/CUAHSI_HIS_czo_merced_ids__0.xml </loc>
		<lastmod> 2021-11-17 21:28:07.012572 </lastmod>
	</sitemap><sitemap>
		<loc> https://geoconnex.us/sitemap/CUAHSI/CUAHSI_HIS_LCZOODM2_ids__0.xml </loc>
		<lastmod> 2021-11-17 21:28:07.012572 </lastmod>
	</sitemap><sitemap>
		<loc> https://geoconnex.us/sitemap/CUAHSI/CUAHSI_HIS_MWDIS_ids__0.xml </loc>
		<lastmod> 2021-11-17 21:28:07.012572 </lastmod>
	</sitemap><sitemap>
		<loc> https://geoconnex.us/sitemap/CUAHSI/CUAHSI_HIS_Weiherbach_ids__0.xml </loc>
		<lastmod> 2021-11-17 21:28:07.012572 </lastmod>
	</sitemap><sitemap>
		<loc> https://geoconnex.us/sitemap/CUAHSI/CUAHSI_HIS_Panola_ODM_ids__0.xml </loc>
		<lastmod> 2021-11-17 21:28:07.012572 </lastmod>
	</sitemap><sitemap>
		<loc> https://geoconnex.us/sitemap/CUAHSI/CUAHSI_HIS_NashRWA_ids__0.xml </loc>
		<lastmod> 2021-11-17 21:28:07.012572 </lastmod>
	</sitemap><sitemap>
		<loc> https://geoconnex.us/sitemap/CUAHSI/CUAHSI_HIS_LUWL_ids__0.xml </loc>
		<lastmod> 2021-11-17 21:28:07.012572 </lastmod>
	</sitemap><sitemap>
		<loc> https://geoconnex.us/sitemap/CUAHSI/CUAHSI_HIS_Nevados_ids__0.xml </loc>
		<lastmod> 2021-11-17 21:28:07.012572 </lastmod>
	</sitemap><sitemap>
		<loc> https://geoconnex.us/sitemap/CUAHSI/CUAHSI_HIS_SNOTEL_ids__0.xml </loc>
		<lastmod> 2021-11-17 21:28:07.012572 </lastmod>
	</sitemap><sitemap>
		<loc> https://geoconnex.us/sitemap/CUAHSI/CUAHSI_HIS_Nooksack_Microclimate_Network_ids__0.xml </loc>
		<lastmod> 2021-11-17 21:28:07.012572 </lastmod>
	</sitemap><sitemap>
		<loc> https://geoconnex.us/sitemap/CUAHSI/CUAHSI_HIS_LaSelvastreamdischarge_ids__0.xml </loc>
		<lastmod> 2021-11-17 21:28:07.012572 </lastmod>
	</sitemap><sitemap>
		<loc> https://geoconnex.us/sitemap/CUAHSI/CUAHSI_HIS_Clarksburg_SP_ids__0.xml </loc>
		<lastmod> 2021-11-17 21:28:07.012572 </lastmod>
	</sitemap><sitemap>
		<loc> https://geoconnex.us/sitemap/CUAHSI/CUAHSI_HIS_MudLake_ids__0.xml </loc>
		<lastmod> 2021-11-17 21:28:07.012572 </lastmod>
	</sitemap><sitemap>
		<loc> https://geoconnex.us/sitemap/CUAHSI/CUAHSI_HIS_SKC_Milltown_ids__0.xml </loc>
		<lastmod> 2021-11-17 21:28:07.012572 </lastmod>
	</sitemap><sitemap>
		<loc> https://geoconnex.us/sitemap/CUAHSI/CUAHSI_HIS_LittleBearRiver_ids__0.xml </loc>
		<lastmod> 2021-11-17 21:28:07.012572 </lastmod>
	</sitemap><sitemap>
		<loc> https://geoconnex.us/sitemap/CUAHSI/CUAHSI_HIS_FRC_WQM_ids__0.xml </loc>
		<lastmod> 2021-11-17 21:28:07.012572 </lastmod>
	</sitemap><sitemap>
		<loc> https://geoconnex.us/sitemap/CUAHSI/CUAHSI_HIS_MAAERI_ids__0.xml </loc>
		<lastmod> 2021-11-17 21:28:07.012572 </lastmod>
	</sitemap><sitemap>
		<loc> https://geoconnex.us/sitemap/CUAHSI/CUAHSI_HIS_CUISO_ids__0.xml </loc>
		<lastmod> 2021-11-17 21:28:07.012572 </lastmod>
	</sitemap><sitemap>
		<loc> https://geoconnex.us/sitemap/CUAHSI/CUAHSI_HIS_HYDRODATACZ-HR_ids__0.xml </loc>
		<lastmod> 2021-11-17 21:28:07.016572 </lastmod>
	</sitemap><sitemap>
		<loc> https://geoconnex.us/sitemap/CUAHSI/CUAHSI_HIS_GHCN_ids__0.xml </loc>
		<lastmod> 2021-11-17 21:28:07.016572 </lastmod>
	</sitemap><sitemap>
		<loc> https://geoconnex.us/sitemap/CUAHSI/CUAHSI_HIS_NHGS_WOF_ids__0.xml </loc>
		<lastmod> 2021-11-17 21:28:07.016572 </lastmod>
	</sitemap><sitemap>
		<loc> https://geoconnex.us/sitemap/CUAHSI/CUAHSI_HIS_DRWI_ids__0.xml </loc>
		<lastmod> 2021-11-17 21:28:07.016572 </lastmod>
	</sitemap><sitemap>
		<loc> https://geoconnex.us/sitemap/CUAHSI/CUAHSI_HIS_ShaleNetworkODM_ids__1.xml </loc>
		<lastmod> 2021-11-17 21:28:07.020572 </lastmod>
	</sitemap><sitemap>
		<loc> https://geoconnex.us/sitemap/CUAHSI/CUAHSI_HIS_ShaleNetworkODM_ids__0.xml </loc>
		<lastmod> 2021-11-17 21:28:07.024572 </lastmod>
	</sitemap><sitemap>
		<loc> https://geoconnex.us/sitemap/CUAHSI/CUAHSI_HIS_FCELTER_ids__0.xml </loc>
		<lastmod> 2021-11-17 21:28:07.024572 </lastmod>
	</sitemap><sitemap>
		<loc> https://geoconnex.us/sitemap/CUAHSI/CUAHSI_HIS_UMBCGW_ids__0.xml </loc>
		<lastmod> 2021-11-17 21:28:07.024572 </lastmod>
	</sitemap><sitemap>
		<loc> https://geoconnex.us/sitemap/CUAHSI/CUAHSI_HIS_MuddyRiver_ids__0.xml </loc>
		<lastmod> 2021-11-17 21:28:07.028573 </lastmod>
	</sitemap><sitemap>
		<loc> https://geoconnex.us/sitemap/CUAHSI/CUAHSI_HIS_Brazil_UCB_ids__0.xml </loc>
		<lastmod> 2021-11-17 21:28:07.028573 </lastmod>
	</sitemap><sitemap>
		<loc> https://geoconnex.us/sitemap/CUAHSI/CUAHSI_HIS_czo_ariz_ids__0.xml </loc>
		<lastmod> 2021-11-17 21:28:07.028573 </lastmod>
	</sitemap><sitemap>
		<loc> https://geoconnex.us/sitemap/CUAHSI/CUAHSI_HIS_Para_La_Naturaleza_ids__0.xml </loc>
		<lastmod> 2021-11-17 21:28:07.028573 </lastmod>
	</sitemap><sitemap>
		<loc> https://geoconnex.us/sitemap/CUAHSI/CUAHSI_HIS_RMBL_ids__0.xml </loc>
		<lastmod> 2021-11-17 21:28:07.028573 </lastmod>
	</sitemap><sitemap>
		<loc> https://geoconnex.us/sitemap/CUAHSI/CUAHSI_HIS_AndrewsforestLTER_ids__0.xml </loc>
		<lastmod> 2021-11-17 21:28:07.028573 </lastmod>
	</sitemap><sitemap>
		<loc> https://geoconnex.us/sitemap/CUAHSI/CUAHSI_HIS_TarlandWaterQuality_ids__0.xml </loc>
		<lastmod> 2021-11-17 21:28:07.028573 </lastmod>
	</sitemap><sitemap>
		<loc> https://geoconnex.us/sitemap/CUAHSI/CUAHSI_HIS_Swedish_Monitoring_Data_ids__0.xml </loc>
		<lastmod> 2021-11-17 21:28:07.028573 </lastmod>
	</sitemap><sitemap>
		<loc> https://geoconnex.us/sitemap/CUAHSI/CUAHSI_HIS_FarmRWA_ids__0.xml </loc>
		<lastmod> 2021-11-17 21:28:07.028573 </lastmod>
	</sitemap><sitemap>
		<loc> https://geoconnex.us/sitemap/CUAHSI/CUAHSI_HIS_ODM_KentState_ids__0.xml </loc>
		<lastmod> 2021-11-17 21:28:07.028573 </lastmod>
	</sitemap><sitemap>
		<loc> https://geoconnex.us/sitemap/CUAHSI/CUAHSI_HIS_CocoRaHs_ids__0.xml </loc>
		<lastmod> 2021-11-17 21:28:07.032573 </lastmod>
	</sitemap><sitemap>
		<loc> https://geoconnex.us/sitemap/CUAHSI/CUAHSI_HIS_Kansas_Weather_Data_ids__0.xml </loc>
		<lastmod> 2021-11-17 21:28:07.032573 </lastmod>
	</sitemap><sitemap>
		<loc> https://geoconnex.us/sitemap/CUAHSI/CUAHSI_HIS_MMA_Atacama_ids__0.xml </loc>
		<lastmod> 2021-11-17 21:28:07.032573 </lastmod>
	</sitemap><sitemap>
		<loc> https://geoconnex.us/sitemap/wade/wade__1.xml </loc>
		<lastmod> 2021-11-17 21:28:07.040573 </lastmod>
	</sitemap><sitemap>
		<loc> https://geoconnex.us/sitemap/wade/wade__8.xml </loc>
		<lastmod> 2021-11-17 21:28:07.048573 </lastmod>
	</sitemap><sitemap>
		<loc> https://geoconnex.us/sitemap/wade/wade__15.xml </loc>
		<lastmod> 2021-11-17 21:28:07.052573 </lastmod>
	</sitemap><sitemap>
		<loc> https://geoconnex.us/sitemap/wade/wade__10.xml </loc>
		<lastmod> 2021-11-17 21:28:07.060573 </lastmod>
	</sitemap><sitemap>
		<loc> https://geoconnex.us/sitemap/wade/wade__6.xml </loc>
		<lastmod> 2021-11-17 21:28:07.068573 </lastmod>
	</sitemap><sitemap>
		<loc> https://geoconnex.us/sitemap/wade/wade__16.xml </loc>
		<lastmod> 2021-11-17 21:28:07.076573 </lastmod>
	</sitemap><sitemap>
		<loc> https://geoconnex.us/sitemap/wade/wade__2.xml </loc>
		<lastmod> 2021-11-17 21:28:07.080573 </lastmod>
	</sitemap><sitemap>
		<loc> https://geoconnex.us/sitemap/wade/wade__19.xml </loc>
		<lastmod> 2021-11-17 21:28:07.084573 </lastmod>
	</sitemap><sitemap>
		<loc> https://geoconnex.us/sitemap/wade/wade__5.xml </loc>
		<lastmod> 2021-11-17 21:28:07.092573 </lastmod>
	</sitemap><sitemap>
		<loc> https://geoconnex.us/sitemap/wade/wade__9.xml </loc>
		<lastmod> 2021-11-17 21:28:07.100573 </lastmod>
	</sitemap><sitemap>
		<loc> https://geoconnex.us/sitemap/wade/wade__13.xml </loc>
		<lastmod> 2021-11-17 21:28:07.104573 </lastmod>
	</sitemap><sitemap>
		<loc> https://geoconnex.us/sitemap/wade/wade__12.xml </loc>
		<lastmod> 2021-11-17 21:28:07.112573 </lastmod>
	</sitemap><sitemap>
		<loc> https://geoconnex.us/sitemap/wade/wade__0.xml </loc>
		<lastmod> 2021-11-17 21:28:07.116573 </lastmod>
	</sitemap><sitemap>
		<loc> https://geoconnex.us/sitemap/wade/wade__3.xml </loc>
		<lastmod> 2021-11-17 21:28:07.124573 </lastmod>
	</sitemap><sitemap>
		<loc> https://geoconnex.us/sitemap/wade/wade__14.xml </loc>
		<lastmod> 2021-11-17 21:28:07.128573 </lastmod>
	</sitemap><sitemap>
		<loc> https://geoconnex.us/sitemap/wade/wade__11.xml </loc>
		<lastmod> 2021-11-17 21:28:07.136573 </lastmod>
	</sitemap><sitemap>
		<loc> https://geoconnex.us/sitemap/wade/wade__17.xml </loc>
		<lastmod> 2021-11-17 21:28:07.140573 </lastmod>
	</sitemap><sitemap>
		<loc> https://geoconnex.us/sitemap/wade/wade__4.xml </loc>
		<lastmod> 2021-11-17 21:28:07.148573 </lastmod>
	</sitemap><sitemap>
		<loc> https://geoconnex.us/sitemap/wade/wade__7.xml </loc>
		<lastmod> 2021-11-17 21:28:07.152573 </lastmod>
	</sitemap><sitemap>
		<loc> https://geoconnex.us/sitemap/wade/wade__18.xml </loc>
		<lastmod> 2021-11-17 21:28:07.156573 </lastmod>
	</sitemap><sitemap>
		<loc> https://geoconnex.us/sitemap/ref/hu04/hu04__0.xml </loc>
		<lastmod> 2021-11-17 21:28:07.160573 </lastmod>
	</sitemap><sitemap>
		<loc> https://geoconnex.us/sitemap/ref/places/places__0.xml </loc>
		<lastmod> 2021-11-17 21:28:07.160573 </lastmod>
	</sitemap><sitemap>
		<loc> https://geoconnex.us/sitemap/ref/pws/pws__0.xml </loc>
		<lastmod> 2021-11-17 21:28:07.168573 </lastmod>
	</sitemap><sitemap>
		<loc> https://geoconnex.us/sitemap/ref/pws/pws__3.xml </loc>
		<lastmod> 2021-11-17 21:28:07.172574 </lastmod>
	</sitemap><sitemap>
		<loc> https://geoconnex.us/sitemap/ref/pws/pws__1.xml </loc>
		<lastmod> 2021-11-17 21:28:07.176574 </lastmod>
	</sitemap><sitemap>
		<loc> https://geoconnex.us/sitemap/ref/pws/pws__2.xml </loc>
		<lastmod> 2021-11-17 21:28:07.184574 </lastmod>
	</sitemap><sitemap>
		<loc> https://geoconnex.us/sitemap/ref/states/states__0.xml </loc>
		<lastmod> 2021-11-17 21:28:07.184574 </lastmod>
	</sitemap><sitemap>
		<loc> https://geoconnex.us/sitemap/ref/aiannh/aiannh__0.xml </loc>
		<lastmod> 2021-11-17 21:28:07.184574 </lastmod>
	</sitemap><sitemap>
		<loc> https://geoconnex.us/sitemap/ref/hu10/hu10__0.xml </loc>
		<lastmod> 2021-11-17 21:28:07.184574 </lastmod>
	</sitemap><sitemap>
		<loc> https://geoconnex.us/sitemap/ref/hu08/hu08__0.xml </loc>
		<lastmod> 2021-11-17 21:28:07.188574 </lastmod>
	</sitemap><sitemap>
		<loc> https://geoconnex.us/sitemap/ref/ua10/ua10__0.xml </loc>
		<lastmod> 2021-11-17 21:28:07.188574 </lastmod>
	</sitemap><sitemap>
		<loc> https://geoconnex.us/sitemap/ref/hu02/hu02__0.xml </loc>
		<lastmod> 2021-11-17 21:28:07.188574 </lastmod>
	</sitemap><sitemap>
		<loc> https://geoconnex.us/sitemap/ref/gages/ref_gage__3.xml </loc>
		<lastmod> 2021-11-17 21:28:07.192574 </lastmod>
	</sitemap><sitemap>
		<loc> https://geoconnex.us/sitemap/ref/gages/ref_gage__0.xml </loc>
		<lastmod> 2021-11-17 21:28:07.196574 </lastmod>
	</sitemap><sitemap>
		<loc> https://geoconnex.us/sitemap/ref/gages/ref_gage__1.xml </loc>
		<lastmod> 2021-11-17 21:28:07.204574 </lastmod>
	</sitemap><sitemap>
		<loc> https://geoconnex.us/sitemap/ref/gages/ref_gage__2.xml </loc>
		<lastmod> 2021-11-17 21:28:07.208574 </lastmod>
	</sitemap><sitemap>
		<loc> https://geoconnex.us/sitemap/ref/counties/counties__0.xml </loc>
		<lastmod> 2021-11-17 21:28:07.208574 </lastmod>
	</sitemap><sitemap>
		<loc> https://geoconnex.us/sitemap/ref/nat_aq/nat_aq__0.xml </loc>
		<lastmod> 2021-11-17 21:28:07.208574 </lastmod>
	</sitemap><sitemap>
		<loc> https://geoconnex.us/sitemap/ref/cbsa/cbsa__0.xml </loc>
		<lastmod> 2021-11-17 21:28:07.208574 </lastmod>
	</sitemap><sitemap>
		<loc> https://geoconnex.us/sitemap/ref/hu06/hu06__0.xml </loc>
		<lastmod> 2021-11-17 21:28:07.208574 </lastmod>
	</sitemap><sitemap>
		<loc> https://geoconnex.us/sitemap/ornl/dams_pids__0.xml </loc>
		<lastmod> 2021-11-17 21:28:07.212574 </lastmod>
	</sitemap><sitemap>
		<loc> https://geoconnex.us/sitemap/epa/hmw/hmw__1.xml </loc>
		<lastmod> 2021-11-17 21:28:07.216574 </lastmod>
	</sitemap><sitemap>
		<loc> https://geoconnex.us/sitemap/epa/hmw/hmw__0.xml </loc>
		<lastmod> 2021-11-17 21:28:07.220574 </lastmod>
	</sitemap><sitemap>
		<loc> https://geoconnex.us/sitemap/usgs/monitoring-location/nwissite/nwissite__1.xml </loc>
		<lastmod> 2021-11-17 21:28:07.228574 </lastmod>
	</sitemap><sitemap>
		<loc> https://geoconnex.us/sitemap/usgs/monitoring-location/nwissite/nwissite__3.xml </loc>
		<lastmod> 2021-11-17 21:28:07.232574 </lastmod>
	</sitemap><sitemap>
		<loc> https://geoconnex.us/sitemap/usgs/monitoring-location/nwissite/nwissite__2.xml </loc>
		<lastmod> 2021-11-17 21:28:07.240574 </lastmod>
	</sitemap><sitemap>
		<loc> https://geoconnex.us/sitemap/usgs/monitoring-location/nwissite/nwissite__0.xml </loc>
		<lastmod> 2021-11-17 21:28:07.248574 </lastmod>
	</sitemap><sitemap>
		<loc> https://geoconnex.us/sitemap/usgs/monitoring-location/nwisgw/nwisgw__14.xml </loc>
		<lastmod> 2021-11-17 21:28:07.256574 </lastmod>
	</sitemap><sitemap>
		<loc> https://geoconnex.us/sitemap/usgs/monitoring-location/nwisgw/nwisgw__18.xml </loc>
		<lastmod> 2021-11-17 21:28:07.264574 </lastmod>
	</sitemap><sitemap>
		<loc> https://geoconnex.us/sitemap/usgs/monitoring-location/nwisgw/nwisgw__6.xml </loc>
		<lastmod> 2021-11-17 21:28:07.268574 </lastmod>
	</sitemap><sitemap>
		<loc> https://geoconnex.us/sitemap/usgs/monitoring-location/nwisgw/nwisgw__20.xml </loc>
		<lastmod> 2021-11-17 21:28:07.276574 </lastmod>
	</sitemap><sitemap>
		<loc> https://geoconnex.us/sitemap/usgs/monitoring-location/nwisgw/nwisgw__4.xml </loc>
		<lastmod> 2021-11-17 21:28:07.284574 </lastmod>
	</sitemap><sitemap>
		<loc> https://geoconnex.us/sitemap/usgs/monitoring-location/nwisgw/nwisgw__9.xml </loc>
		<lastmod> 2021-11-17 21:28:07.292574 </lastmod>
	</sitemap><sitemap>
		<loc> https://geoconnex.us/sitemap/usgs/monitoring-location/nwisgw/nwisgw__24.xml </loc>
		<lastmod> 2021-11-17 21:28:07.296574 </lastmod>
	</sitemap><sitemap>
		<loc> https://geoconnex.us/sitemap/usgs/monitoring-location/nwisgw/nwisgw__19.xml </loc>
		<lastmod> 2021-11-17 21:28:07.304574 </lastmod>
	</sitemap><sitemap>
		<loc> https://geoconnex.us/sitemap/usgs/monitoring-location/nwisgw/nwisgw__7.xml </loc>
		<lastmod> 2021-11-17 21:28:07.312574 </lastmod>
	</sitemap><sitemap>
		<loc> https://geoconnex.us/sitemap/usgs/monitoring-location/nwisgw/nwisgw__11.xml </loc>
		<lastmod> 2021-11-17 21:28:07.320575 </lastmod>
	</sitemap><sitemap>
		<loc> https://geoconnex.us/sitemap/usgs/monitoring-location/nwisgw/nwisgw__1.xml </loc>
		<lastmod> 2021-11-17 21:28:07.324574 </lastmod>
	</sitemap><sitemap>
		<loc> https://geoconnex.us/sitemap/usgs/monitoring-location/nwisgw/nwisgw__8.xml </loc>
		<lastmod> 2021-11-17 21:28:07.332575 </lastmod>
	</sitemap><sitemap>
		<loc> https://geoconnex.us/sitemap/usgs/monitoring-location/nwisgw/nwisgw__12.xml </loc>
		<lastmod> 2021-11-17 21:28:07.340575 </lastmod>
	</sitemap><sitemap>
		<loc> https://geoconnex.us/sitemap/usgs/monitoring-location/nwisgw/nwisgw__27.xml </loc>
		<lastmod> 2021-11-17 21:28:07.344575 </lastmod>
	</sitemap><sitemap>
		<loc> https://geoconnex.us/sitemap/usgs/monitoring-location/nwisgw/nwisgw__2.xml </loc>
		<lastmod> 2021-11-17 21:28:07.352575 </lastmod>
	</sitemap><sitemap>
		<loc> https://geoconnex.us/sitemap/usgs/monitoring-location/nwisgw/nwisgw__10.xml </loc>
		<lastmod> 2021-11-17 21:28:07.360575 </lastmod>
	</sitemap><sitemap>
		<loc> https://geoconnex.us/sitemap/usgs/monitoring-location/nwisgw/nwisgw__3.xml </loc>
		<lastmod> 2021-11-17 21:28:07.364575 </lastmod>
	</sitemap><sitemap>
		<loc> https://geoconnex.us/sitemap/usgs/monitoring-location/nwisgw/nwisgw__23.xml </loc>
		<lastmod> 2021-11-17 21:28:07.372575 </lastmod>
	</sitemap><sitemap>
		<loc> https://geoconnex.us/sitemap/usgs/monitoring-location/nwisgw/nwisgw__21.xml </loc>
		<lastmod> 2021-11-17 21:28:07.380575 </lastmod>
	</sitemap><sitemap>
		<loc> https://geoconnex.us/sitemap/usgs/monitoring-location/nwisgw/nwisgw__25.xml </loc>
		<lastmod> 2021-11-17 21:28:07.384575 </lastmod>
	</sitemap><sitemap>
		<loc> https://geoconnex.us/sitemap/usgs/monitoring-location/nwisgw/nwisgw__0.xml </loc>
		<lastmod> 2021-11-17 21:28:07.392575 </lastmod>
	</sitemap><sitemap>
		<loc> https://geoconnex.us/sitemap/usgs/monitoring-location/nwisgw/nwisgw__5.xml </loc>
		<lastmod> 2021-11-17 21:28:07.400575 </lastmod>
	</sitemap><sitemap>
		<loc> https://geoconnex.us/sitemap/usgs/monitoring-location/nwisgw/nwisgw__15.xml </loc>
		<lastmod> 2021-11-17 21:28:07.408575 </lastmod>
	</sitemap><sitemap>
		<loc> https://geoconnex.us/sitemap/usgs/monitoring-location/nwisgw/nwisgw__26.xml </loc>
		<lastmod> 2021-11-17 21:28:07.412575 </lastmod>
	</sitemap><sitemap>
		<loc> https://geoconnex.us/sitemap/usgs/monitoring-location/nwisgw/nwisgw__22.xml </loc>
		<lastmod> 2021-11-17 21:28:07.420575 </lastmod>
	</sitemap><sitemap>
		<loc> https://geoconnex.us/sitemap/usgs/monitoring-location/nwisgw/nwisgw__13.xml </loc>
		<lastmod> 2021-11-17 21:28:07.428575 </lastmod>
	</sitemap><sitemap>
		<loc> https://geoconnex.us/sitemap/usgs/monitoring-location/nwisgw/nwisgw__28.xml </loc>
		<lastmod> 2021-11-17 21:28:07.432575 </lastmod>
	</sitemap><sitemap>
		<loc> https://geoconnex.us/sitemap/usgs/monitoring-location/nwisgw/nwisgw__16.xml </loc>
		<lastmod> 2021-11-17 21:28:07.440575 </lastmod>
	</sitemap><sitemap>
		<loc> https://geoconnex.us/sitemap/usgs/monitoring-location/nwisgw/nwisgw__17.xml </loc>
		<lastmod> 2021-11-17 21:28:07.448575 </lastmod>
	</sitemap><sitemap>
		<loc> https://geoconnex.us/sitemap/usgs/gfv11_pois/gfv11_pois__0.xml </loc>
		<lastmod> 2021-11-17 21:28:07.452575 </lastmod>
	</sitemap><sitemap>
		<loc> https://geoconnex.us/sitemap/usgs/gfv11_pois/gfv11_pois__1.xml </loc>
		<lastmod> 2021-11-17 21:28:07.452575 </lastmod>
	</sitemap><sitemap>
		<loc> https://geoconnex.us/sitemap/usgs/hydrologic-unit__0.xml </loc>
		<lastmod> 2021-11-17 21:28:07.452575 </lastmod>
	</sitemap></ns0:sitemapindex>