<?xml version='1.0' encoding='utf-8'?>
<ns0:urlset xmlns:ns0="http://www.sitemaps.org/schemas/sitemap/0.9">
<url>
		<loc> https://geoconnex.us/iow/nldi </loc>
		<lastmod> 2023-06-07 14:29:12.531787 </lastmod>
	</url><url>
		<loc> https://geoconnex.us/iow/nldi/demo </loc>
		<lastmod> 2023-06-07 14:29:12.531820 </lastmod>
	</url><url>
		<loc> https://geoconnex.us/iow/map </loc>
		<lastmod> 2023-06-07 14:29:12.531839 </lastmod>
	</url><url>
		<loc> https://geoconnex.us/iow/cr-demo </loc>
		<lastmod> 2023-06-07 14:29:12.531855 </lastmod>
	</url><url>
		<loc> https://geoconnex.us/iow/tracker </loc>
		<lastmod> 2023-06-07 14:29:12.531871 </lastmod>
	</url></ns0:urlset>