<?xml version='1.0' encoding='utf-8'?>
<ns0:urlset xmlns:ns0="http://www.sitemaps.org/schemas/sitemap/0.9">
<url>
		<loc> https://geoconnex.us/cuahsi/his/UMBCGW/DR5 </loc>
		<lastmod> 2022-04-12 00:40:47.054071 </lastmod>
	</url><url>
		<loc> https://geoconnex.us/cuahsi/his/UMBCGW/DR5.015m </loc>
		<lastmod> 2022-04-12 00:40:47.054101 </lastmod>
	</url><url>
		<loc> https://geoconnex.us/cuahsi/his/UMBCGW/DR5.108m </loc>
		<lastmod> 2022-04-12 00:40:47.054120 </lastmod>
	</url><url>
		<loc> https://geoconnex.us/cuahsi/his/UMBCGW/DR5.190m </loc>
		<lastmod> 2022-04-12 00:40:47.054137 </lastmod>
	</url><url>
		<loc> https://geoconnex.us/cuahsi/his/UMBCGW/DR5.231m </loc>
		<lastmod> 2022-04-12 00:40:47.054152 </lastmod>
	</url><url>
		<loc> https://geoconnex.us/cuahsi/his/UMBCGW/DR5.382m </loc>
		<lastmod> 2022-04-12 00:40:47.054167 </lastmod>
	</url><url>
		<loc> https://geoconnex.us/cuahsi/his/UMBCGW/DR5.514m </loc>
		<lastmod> 2022-04-12 00:40:47.054182 </lastmod>
	</url><url>
		<loc> https://geoconnex.us/cuahsi/his/UMBCGW/DR5.582m </loc>
		<lastmod> 2022-04-12 00:40:47.054197 </lastmod>
	</url><url>
		<loc> https://geoconnex.us/cuahsi/his/UMBCGW/DR5.786m </loc>
		<lastmod> 2022-04-12 00:40:47.054211 </lastmod>
	</url><url>
		<loc> https://geoconnex.us/cuahsi/his/UMBCGW/DR5.893m </loc>
		<lastmod> 2022-04-12 00:40:47.054225 </lastmod>
	</url><url>
		<loc> https://geoconnex.us/cuahsi/his/UMBCGW/DR5.902m </loc>
		<lastmod> 2022-04-12 00:40:47.054240 </lastmod>
	</url><url>
		<loc> https://geoconnex.us/cuahsi/his/UMBCGW/DR2 </loc>
		<lastmod> 2022-04-12 00:40:47.054254 </lastmod>
	</url><url>
		<loc> https://geoconnex.us/cuahsi/his/UMBCGW/DR3 </loc>
		<lastmod> 2022-04-12 00:40:47.054268 </lastmod>
	</url><url>
		<loc> https://geoconnex.us/cuahsi/his/UMBCGW/DR4 </loc>
		<lastmod> 2022-04-12 00:40:47.054282 </lastmod>
	</url><url>
		<loc> https://geoconnex.us/cuahsi/his/UMBCGW/DRKR </loc>
		<lastmod> 2022-04-12 00:40:47.054296 </lastmod>
	</url><url>
		<loc> https://geoconnex.us/cuahsi/his/UMBCGW/DR1 </loc>
		<lastmod> 2022-04-12 00:40:47.054310 </lastmod>
	</url></ns0:urlset>