<?xml version='1.0' encoding='utf-8'?>
<ns0:urlset xmlns:ns0="http://www.sitemaps.org/schemas/sitemap/0.9">
<url>
		<loc> https://geoconnex.us/cuahsi/his/FRC_WQM/SL </loc>
		<lastmod> 2022-02-28 19:27:53.387635 </lastmod>
	</url><url>
		<loc> https://geoconnex.us/cuahsi/his/FRC_WQM/PPO </loc>
		<lastmod> 2022-02-28 19:27:53.387670 </lastmod>
	</url><url>
		<loc> https://geoconnex.us/cuahsi/his/FRC_WQM/PB </loc>
		<lastmod> 2022-02-28 19:27:53.387693 </lastmod>
	</url><url>
		<loc> https://geoconnex.us/cuahsi/his/FRC_WQM/BR </loc>
		<lastmod> 2022-02-28 19:27:53.387710 </lastmod>
	</url><url>
		<loc> https://geoconnex.us/cuahsi/his/FRC_WQM/LPO </loc>
		<lastmod> 2022-02-28 19:27:53.387727 </lastmod>
	</url><url>
		<loc> https://geoconnex.us/cuahsi/his/FRC_WQM/CPLSD </loc>
		<lastmod> 2022-02-28 19:27:53.387744 </lastmod>
	</url><url>
		<loc> https://geoconnex.us/cuahsi/his/FRC_WQM/MBBR </loc>
		<lastmod> 2022-02-28 19:27:53.387761 </lastmod>
	</url><url>
		<loc> https://geoconnex.us/cuahsi/his/FRC_WQM/MBWN </loc>
		<lastmod> 2022-02-28 19:27:53.387777 </lastmod>
	</url><url>
		<loc> https://geoconnex.us/cuahsi/his/FRC_WQM/ND </loc>
		<lastmod> 2022-02-28 19:27:53.387793 </lastmod>
	</url><url>
		<loc> https://geoconnex.us/cuahsi/his/FRC_WQM/OMB </loc>
		<lastmod> 2022-02-28 19:27:53.387808 </lastmod>
	</url><url>
		<loc> https://geoconnex.us/cuahsi/his/FRC_WQM/LB </loc>
		<lastmod> 2022-02-28 19:27:53.387824 </lastmod>
	</url><url>
		<loc> https://geoconnex.us/cuahsi/his/FRC_WQM/CBR </loc>
		<lastmod> 2022-02-28 19:27:53.387840 </lastmod>
	</url><url>
		<loc> https://geoconnex.us/cuahsi/his/FRC_WQM/LR </loc>
		<lastmod> 2022-02-28 19:27:53.387855 </lastmod>
	</url><url>
		<loc> https://geoconnex.us/cuahsi/his/FRC_WQM/DR </loc>
		<lastmod> 2022-02-28 19:27:53.387871 </lastmod>
	</url><url>
		<loc> https://geoconnex.us/cuahsi/his/FRC_WQM/HS </loc>
		<lastmod> 2022-02-28 19:27:53.387886 </lastmod>
	</url><url>
		<loc> https://geoconnex.us/cuahsi/his/FRC_WQM/R56 </loc>
		<lastmod> 2022-02-28 19:27:53.387901 </lastmod>
	</url><url>
		<loc> https://geoconnex.us/cuahsi/his/FRC_WQM/SB </loc>
		<lastmod> 2022-02-28 19:27:53.387917 </lastmod>
	</url><url>
		<loc> https://geoconnex.us/cuahsi/his/FRC_WQM/MB </loc>
		<lastmod> 2022-02-28 19:27:53.387932 </lastmod>
	</url><url>
		<loc> https://geoconnex.us/cuahsi/his/FRC_WQM/BB </loc>
		<lastmod> 2022-02-28 19:27:53.387948 </lastmod>
	</url><url>
		<loc> https://geoconnex.us/cuahsi/his/FRC_WQM/BBR16 </loc>
		<lastmod> 2022-02-28 19:27:53.387963 </lastmod>
	</url><url>
		<loc> https://geoconnex.us/cuahsi/his/FRC_WQM/RP </loc>
		<lastmod> 2022-02-28 19:27:53.387978 </lastmod>
	</url><url>
		<loc> https://geoconnex.us/cuahsi/his/FRC_WQM/MBRR </loc>
		<lastmod> 2022-02-28 19:27:53.387993 </lastmod>
	</url></ns0:urlset>