<?xml version='1.0' encoding='utf-8'?>
<ns0:urlset xmlns:ns0="http://www.sitemaps.org/schemas/sitemap/0.9">
<url>
		<loc> https://geoconnex.us/cuahsi/his/LoganRiver/USU-LR-Chokecherry </loc>
		<lastmod> 2022-08-22 15:28:13.973341 </lastmod>
	</url><url>
		<loc> https://geoconnex.us/cuahsi/his/LoganRiver/USU-LR-Forestry </loc>
		<lastmod> 2022-08-22 15:28:13.973380 </lastmod>
	</url><url>
		<loc> https://geoconnex.us/cuahsi/his/LoganRiver/USU-LR-Franklin </loc>
		<lastmod> 2022-08-22 15:28:13.973405 </lastmod>
	</url><url>
		<loc> https://geoconnex.us/cuahsi/his/LoganRiver/USU-LR-Wally </loc>
		<lastmod> 2022-08-22 15:28:13.973425 </lastmod>
	</url></ns0:urlset>