<?xml version='1.0' encoding='utf-8'?>
<ns0:urlset xmlns:ns0="http://www.sitemaps.org/schemas/sitemap/0.9">
<url>
		<loc> https://geoconnex.us/cuahsi/his/CRWA/35CS </loc>
		<lastmod> 2022-08-22 15:28:14.291583 </lastmod>
	</url><url>
		<loc> https://geoconnex.us/cuahsi/his/CRWA/59CS </loc>
		<lastmod> 2022-08-22 15:28:14.291624 </lastmod>
	</url><url>
		<loc> https://geoconnex.us/cuahsi/his/CRWA/90CS </loc>
		<lastmod> 2022-08-22 15:28:14.291650 </lastmod>
	</url><url>
		<loc> https://geoconnex.us/cuahsi/his/CRWA/130S </loc>
		<lastmod> 2022-08-22 15:28:14.291671 </lastmod>
	</url><url>
		<loc> https://geoconnex.us/cuahsi/his/CRWA/165S </loc>
		<lastmod> 2022-08-22 15:28:14.291689 </lastmod>
	</url><url>
		<loc> https://geoconnex.us/cuahsi/his/CRWA/199S </loc>
		<lastmod> 2022-08-22 15:28:14.291708 </lastmod>
	</url><url>
		<loc> https://geoconnex.us/cuahsi/his/CRWA/229S </loc>
		<lastmod> 2022-08-22 15:28:14.291727 </lastmod>
	</url><url>
		<loc> https://geoconnex.us/cuahsi/his/CRWA/267S </loc>
		<lastmod> 2022-08-22 15:28:14.291745 </lastmod>
	</url><url>
		<loc> https://geoconnex.us/cuahsi/his/CRWA/269T </loc>
		<lastmod> 2022-08-22 15:28:14.291763 </lastmod>
	</url><url>
		<loc> https://geoconnex.us/cuahsi/his/CRWA/290S </loc>
		<lastmod> 2022-08-22 15:28:14.291781 </lastmod>
	</url><url>
		<loc> https://geoconnex.us/cuahsi/his/CRWA/318S </loc>
		<lastmod> 2022-08-22 15:28:14.291799 </lastmod>
	</url><url>
		<loc> https://geoconnex.us/cuahsi/his/CRWA/343S </loc>
		<lastmod> 2022-08-22 15:28:14.291817 </lastmod>
	</url><url>
		<loc> https://geoconnex.us/cuahsi/his/CRWA/387S </loc>
		<lastmod> 2022-08-22 15:28:14.291835 </lastmod>
	</url><url>
		<loc> https://geoconnex.us/cuahsi/his/CRWA/400S </loc>
		<lastmod> 2022-08-22 15:28:14.291853 </lastmod>
	</url><url>
		<loc> https://geoconnex.us/cuahsi/his/CRWA/447S </loc>
		<lastmod> 2022-08-22 15:28:14.291872 </lastmod>
	</url><url>
		<loc> https://geoconnex.us/cuahsi/his/CRWA/484S </loc>
		<lastmod> 2022-08-22 15:28:14.291890 </lastmod>
	</url><url>
		<loc> https://geoconnex.us/cuahsi/his/CRWA/521S </loc>
		<lastmod> 2022-08-22 15:28:14.291908 </lastmod>
	</url><url>
		<loc> https://geoconnex.us/cuahsi/his/CRWA/534S </loc>
		<lastmod> 2022-08-22 15:28:14.291927 </lastmod>
	</url><url>
		<loc> https://geoconnex.us/cuahsi/his/CRWA/567S </loc>
		<lastmod> 2022-08-22 15:28:14.291945 </lastmod>
	</url><url>
		<loc> https://geoconnex.us/cuahsi/his/CRWA/591S </loc>
		<lastmod> 2022-08-22 15:28:14.291963 </lastmod>
	</url><url>
		<loc> https://geoconnex.us/cuahsi/his/CRWA/609S </loc>
		<lastmod> 2022-08-22 15:28:14.291981 </lastmod>
	</url><url>
		<loc> https://geoconnex.us/cuahsi/his/CRWA/621S </loc>
		<lastmod> 2022-08-22 15:28:14.291999 </lastmod>
	</url><url>
		<loc> https://geoconnex.us/cuahsi/his/CRWA/635S </loc>
		<lastmod> 2022-08-22 15:28:14.292017 </lastmod>
	</url><url>
		<loc> https://geoconnex.us/cuahsi/his/CRWA/648S </loc>
		<lastmod> 2022-08-22 15:28:14.292036 </lastmod>
	</url><url>
		<loc> https://geoconnex.us/cuahsi/his/CRWA/662S </loc>
		<lastmod> 2022-08-22 15:28:14.292055 </lastmod>
	</url><url>
		<loc> https://geoconnex.us/cuahsi/his/CRWA/675S </loc>
		<lastmod> 2022-08-22 15:28:14.292073 </lastmod>
	</url><url>
		<loc> https://geoconnex.us/cuahsi/his/CRWA/012S </loc>
		<lastmod> 2022-08-22 15:28:14.292092 </lastmod>
	</url><url>
		<loc> https://geoconnex.us/cuahsi/his/CRWA/700S </loc>
		<lastmod> 2022-08-22 15:28:14.292110 </lastmod>
	</url><url>
		<loc> https://geoconnex.us/cuahsi/his/CRWA/715S </loc>
		<lastmod> 2022-08-22 15:28:14.292128 </lastmod>
	</url><url>
		<loc> https://geoconnex.us/cuahsi/his/CRWA/729S </loc>
		<lastmod> 2022-08-22 15:28:14.292180 </lastmod>
	</url><url>
		<loc> https://geoconnex.us/cuahsi/his/CRWA/743S </loc>
		<lastmod> 2022-08-22 15:28:14.292197 </lastmod>
	</url><url>
		<loc> https://geoconnex.us/cuahsi/his/CRWA/760T </loc>
		<lastmod> 2022-08-22 15:28:14.292214 </lastmod>
	</url><url>
		<loc> https://geoconnex.us/cuahsi/his/CRWA/763S </loc>
		<lastmod> 2022-08-22 15:28:14.292231 </lastmod>
	</url><url>
		<loc> https://geoconnex.us/cuahsi/his/CRWA/773S </loc>
		<lastmod> 2022-08-22 15:28:14.292248 </lastmod>
	</url><url>
		<loc> https://geoconnex.us/cuahsi/his/CRWA/784S </loc>
		<lastmod> 2022-08-22 15:28:14.292264 </lastmod>
	</url></ns0:urlset>