<ns0:urlset xmlns:ns0="http://www.sitemaps.org/schemas/sitemap/0.9">
<url>
		<loc> https://geoconnex.us/cuahsi/his/Nooksack_Microclimate_Network/NFN1 </loc>
		<lastmod> 2021-11-01 19:42:16.251125 </lastmod>
	</url><url>
		<loc> https://geoconnex.us/cuahsi/his/Nooksack_Microclimate_Network/NFN3 </loc>
		<lastmod> 2021-11-01 19:42:16.251164 </lastmod>
	</url><url>
		<loc> https://geoconnex.us/cuahsi/his/Nooksack_Microclimate_Network/NFN4 </loc>
		<lastmod> 2021-11-01 19:42:16.251186 </lastmod>
	</url><url>
		<loc> https://geoconnex.us/cuahsi/his/Nooksack_Microclimate_Network/NFN5 </loc>
		<lastmod> 2021-11-01 19:42:16.251204 </lastmod>
	</url><url>
		<loc> https://geoconnex.us/cuahsi/his/Nooksack_Microclimate_Network/NFN6 </loc>
		<lastmod> 2021-11-01 19:42:16.251220 </lastmod>
	</url><url>
		<loc> https://geoconnex.us/cuahsi/his/Nooksack_Microclimate_Network/NFN7 </loc>
		<lastmod> 2021-11-01 19:42:16.251236 </lastmod>
	</url></ns0:urlset>