<ns0:urlset xmlns:ns0="http://www.sitemaps.org/schemas/sitemap/0.9">
<url>
		<loc> https://geoconnex.us/cuahsi/his/LoganRiver/USU-LR-Chokecherry </loc>
		<lastmod> 2021-11-01 19:26:43.081442 </lastmod>
	</url><url>
		<loc> https://geoconnex.us/cuahsi/his/LoganRiver/USU-LR-Forestry </loc>
		<lastmod> 2021-11-01 19:26:43.081482 </lastmod>
	</url><url>
		<loc> https://geoconnex.us/cuahsi/his/LoganRiver/USU-LR-Franklin </loc>
		<lastmod> 2021-11-01 19:26:43.081508 </lastmod>
	</url><url>
		<loc> https://geoconnex.us/cuahsi/his/LoganRiver/USU-LR-Wally </loc>
		<lastmod> 2021-11-01 19:26:43.081528 </lastmod>
	</url></ns0:urlset>