<?xml version='1.0' encoding='utf-8'?>
<ns0:urlset xmlns:ns0="http://www.sitemaps.org/schemas/sitemap/0.9">
<url>
		<loc> https://geoconnex.us/cuahsi/his/MMA_Atacama/S1_M1 </loc>
		<lastmod> 2023-06-24 02:35:33.921220 </lastmod>
	</url><url>
		<loc> https://geoconnex.us/cuahsi/his/MMA_Atacama/S3_PA1_ATM1 </loc>
		<lastmod> 2023-06-24 02:35:33.921266 </lastmod>
	</url><url>
		<loc> https://geoconnex.us/cuahsi/his/MMA_Atacama/S3_PA1_TD1 </loc>
		<lastmod> 2023-06-24 02:35:33.921296 </lastmod>
	</url><url>
		<loc> https://geoconnex.us/cuahsi/his/MMA_Atacama/S1_ST2_SA1 </loc>
		<lastmod> 2023-06-24 02:35:33.921321 </lastmod>
	</url><url>
		<loc> https://geoconnex.us/cuahsi/his/MMA_Atacama/S3_PA1_SA1 </loc>
		<lastmod> 2023-06-24 02:35:33.921344 </lastmod>
	</url><url>
		<loc> https://geoconnex.us/cuahsi/his/MMA_Atacama/S2_RL1_TD1 </loc>
		<lastmod> 2023-06-24 02:35:33.921366 </lastmod>
	</url><url>
		<loc> https://geoconnex.us/cuahsi/his/MMA_Atacama/S2_RL1_ATM1 </loc>
		<lastmod> 2023-06-24 02:35:33.921489 </lastmod>
	</url><url>
		<loc> https://geoconnex.us/cuahsi/his/MMA_Atacama/03041003-3 </loc>
		<lastmod> 2023-06-24 02:35:33.921522 </lastmod>
	</url></ns0:urlset>