<?xml version='1.0' encoding='utf-8'?>
<ns0:urlset xmlns:ns0="http://www.sitemaps.org/schemas/sitemap/0.9">
<url>
		<loc> https://geoconnex.us/cuahsi/his/SNOTEL/301_CA_SNTL </loc>
		<lastmod> 2023-06-24 02:35:33.528561 </lastmod>
	</url><url>
		<loc> https://geoconnex.us/cuahsi/his/SNOTEL/907_UT_SNTL </loc>
		<lastmod> 2023-06-24 02:35:33.528616 </lastmod>
	</url><url>
		<loc> https://geoconnex.us/cuahsi/his/SNOTEL/916_MT_SNTL </loc>
		<lastmod> 2023-06-24 02:35:33.528646 </lastmod>
	</url><url>
		<loc> https://geoconnex.us/cuahsi/his/SNOTEL/1267_AK_SNTL </loc>
		<lastmod> 2023-06-24 02:35:33.528671 </lastmod>
	</url><url>
		<loc> https://geoconnex.us/cuahsi/his/SNOTEL/908_WA_SNTL </loc>
		<lastmod> 2023-06-24 02:35:33.528694 </lastmod>
	</url><url>
		<loc> https://geoconnex.us/cuahsi/his/SNOTEL/1189_AK_SNTL </loc>
		<lastmod> 2023-06-24 02:35:33.528716 </lastmod>
	</url><url>
		<loc> https://geoconnex.us/cuahsi/his/SNOTEL/1062_AK_SNTL </loc>
		<lastmod> 2023-06-24 02:35:33.528739 </lastmod>
	</url><url>
		<loc> https://geoconnex.us/cuahsi/his/SNOTEL/1070_AK_SNTL </loc>
		<lastmod> 2023-06-24 02:35:33.528761 </lastmod>
	</url><url>
		<loc> https://geoconnex.us/cuahsi/his/SNOTEL/302_OR_SNTL </loc>
		<lastmod> 2023-06-24 02:35:33.528782 </lastmod>
	</url><url>
		<loc> https://geoconnex.us/cuahsi/his/SNOTEL/1000_OR_SNTL </loc>
		<lastmod> 2023-06-24 02:35:33.528803 </lastmod>
	</url><url>
		<loc> https://geoconnex.us/cuahsi/his/SNOTEL/303_CO_SNTL </loc>
		<lastmod> 2023-06-24 02:35:33.528825 </lastmod>
	</url><url>
		<loc> https://geoconnex.us/cuahsi/his/SNOTEL/1030_CO_SNTL </loc>
		<lastmod> 2023-06-24 02:35:33.528846 </lastmod>
	</url><url>
		<loc> https://geoconnex.us/cuahsi/his/SNOTEL/304_OR_SNTL </loc>
		<lastmod> 2023-06-24 02:35:33.528868 </lastmod>
	</url><url>
		<loc> https://geoconnex.us/cuahsi/his/SNOTEL/305_CO_SNTL </loc>
		<lastmod> 2023-06-24 02:35:33.528889 </lastmod>
	</url><url>
		<loc> https://geoconnex.us/cuahsi/his/SNOTEL/957_AK_SNTL </loc>
		<lastmod> 2023-06-24 02:35:33.528910 </lastmod>
	</url><url>
		<loc> https://geoconnex.us/cuahsi/his/SNOTEL/306_ID_SNTL </loc>
		<lastmod> 2023-06-24 02:35:33.528931 </lastmod>
	</url><url>
		<loc> https://geoconnex.us/cuahsi/his/SNOTEL/8082_UT_SNTL </loc>
		<lastmod> 2023-06-24 02:35:33.528952 </lastmod>
	</url><url>
		<loc> https://geoconnex.us/cuahsi/his/SNOTEL/307_MT_SNTL </loc>
		<lastmod> 2023-06-24 02:35:33.528974 </lastmod>
	</url><url>
		<loc> https://geoconnex.us/cuahsi/his/SNOTEL/308_AZ_SNTL </loc>
		<lastmod> 2023-06-24 02:35:33.528995 </lastmod>
	</url><url>
		<loc> https://geoconnex.us/cuahsi/his/SNOTEL/1140_AZ_SNTL </loc>
		<lastmod> 2023-06-24 02:35:33.529016 </lastmod>
	</url><url>
		<loc> https://geoconnex.us/cuahsi/his/SNOTEL/309_WY_SNTL </loc>
		<lastmod> 2023-06-24 02:35:33.529037 </lastmod>
	</url><url>
		<loc> https://geoconnex.us/cuahsi/his/SNOTEL/310_AZ_SNTL </loc>
		<lastmod> 2023-06-24 02:35:33.529058 </lastmod>
	</url><url>
		<loc> https://geoconnex.us/cuahsi/his/SNOTEL/311_MT_SNTL </loc>
		<lastmod> 2023-06-24 02:35:33.529080 </lastmod>
	</url><url>
		<loc> https://geoconnex.us/cuahsi/his/SNOTEL/312_ID_SNTL </loc>
		<lastmod> 2023-06-24 02:35:33.529119 </lastmod>
	</url><url>
		<loc> https://geoconnex.us/cuahsi/his/SNOTEL/1212_AZ_SNTL </loc>
		<lastmod> 2023-06-24 02:35:33.529141 </lastmod>
	</url><url>
		<loc> https://geoconnex.us/cuahsi/his/SNOTEL/313_MT_SNTL </loc>
		<lastmod> 2023-06-24 02:35:33.529163 </lastmod>
	</url><url>
		<loc> https://geoconnex.us/cuahsi/his/SNOTEL/314_WY_SNTL </loc>
		<lastmod> 2023-06-24 02:35:33.529185 </lastmod>
	</url><url>
		<loc> https://geoconnex.us/cuahsi/his/SNOTEL/315_MT_SNTL </loc>
		<lastmod> 2023-06-24 02:35:33.529207 </lastmod>
	</url><url>
		<loc> https://geoconnex.us/cuahsi/his/SNOTEL/316_NM_SNTL </loc>
		<lastmod> 2023-06-24 02:35:33.529229 </lastmod>
	</url><url>
		<loc> https://geoconnex.us/cuahsi/his/SNOTEL/317_WY_SNTL </loc>
		<lastmod> 2023-06-24 02:35:33.529251 </lastmod>
	</url><url>
		<loc> https://geoconnex.us/cuahsi/his/SNOTEL/318_MT_SNTL </loc>
		<lastmod> 2023-06-24 02:35:33.529273 </lastmod>
	</url><url>
		<loc> https://geoconnex.us/cuahsi/his/SNOTEL/319_ID_SNTL </loc>
		<lastmod> 2023-06-24 02:35:33.529295 </lastmod>
	</url><url>
		<loc> https://geoconnex.us/cuahsi/his/SNOTEL/320_ID_SNTL </loc>
		<lastmod> 2023-06-24 02:35:33.529332 </lastmod>
	</url><url>
		<loc> https://geoconnex.us/cuahsi/his/SNOTEL/321_NV_SNTL </loc>
		<lastmod> 2023-06-24 02:35:33.529371 </lastmod>
	</url><url>
		<loc> https://geoconnex.us/cuahsi/his/SNOTEL/1166_OR_SNTL </loc>
		<lastmod> 2023-06-24 02:35:33.529393 </lastmod>
	</url><url>
		<loc> https://geoconnex.us/cuahsi/his/SNOTEL/322_CO_SNTL </loc>
		<lastmod> 2023-06-24 02:35:33.529498 </lastmod>
	</url><url>
		<loc> https://geoconnex.us/cuahsi/his/SNOTEL/323_ID_SNTL </loc>
		<lastmod> 2023-06-24 02:35:33.529529 </lastmod>
	</url><url>
		<loc> https://geoconnex.us/cuahsi/his/SNOTEL/1061_CO_SNTL </loc>
		<lastmod> 2023-06-24 02:35:33.529553 </lastmod>
	</url><url>
		<loc> https://geoconnex.us/cuahsi/his/SNOTEL/992_UT_SNTL </loc>
		<lastmod> 2023-06-24 02:35:33.529575 </lastmod>
	</url><url>
		<loc> https://geoconnex.us/cuahsi/his/SNOTEL/324_ID_SNTL </loc>
		<lastmod> 2023-06-24 02:35:33.529598 </lastmod>
	</url><url>
		<loc> https://geoconnex.us/cuahsi/his/SNOTEL/325_WY_SNTL </loc>
		<lastmod> 2023-06-24 02:35:33.529620 </lastmod>
	</url><url>
		<loc> https://geoconnex.us/cuahsi/his/SNOTEL/326_WY_SNTL </loc>
		<lastmod> 2023-06-24 02:35:33.529642 </lastmod>
	</url><url>
		<loc> https://geoconnex.us/cuahsi/his/SNOTEL/327_CO_SNTL </loc>
		<lastmod> 2023-06-24 02:35:33.529664 </lastmod>
	</url><url>
		<loc> https://geoconnex.us/cuahsi/his/SNOTEL/1041_CO_SNTL </loc>
		<lastmod> 2023-06-24 02:35:33.529686 </lastmod>
	</url><url>
		<loc> https://geoconnex.us/cuahsi/his/SNOTEL/328_MT_SNTL </loc>
		<lastmod> 2023-06-24 02:35:33.529708 </lastmod>
	</url><url>
		<loc> https://geoconnex.us/cuahsi/his/SNOTEL/329_UT_SNTL </loc>
		<lastmod> 2023-06-24 02:35:33.529730 </lastmod>
	</url><url>
		<loc> https://geoconnex.us/cuahsi/his/SNOTEL/330_UT_SNTL </loc>
		<lastmod> 2023-06-24 02:35:33.529752 </lastmod>
	</url><url>
		<loc> https://geoconnex.us/cuahsi/his/SNOTEL/902_AZ_SNTL </loc>
		<lastmod> 2023-06-24 02:35:33.529790 </lastmod>
	</url><url>
		<loc> https://geoconnex.us/cuahsi/his/SNOTEL/990_WA_SNTL </loc>
		<lastmod> 2023-06-24 02:35:33.529812 </lastmod>
	</url><url>
		<loc> https://geoconnex.us/cuahsi/his/SNOTEL/331_OR_SNTL </loc>
		<lastmod> 2023-06-24 02:35:33.529833 </lastmod>
	</url><url>
		<loc> https://geoconnex.us/cuahsi/his/SNOTEL/1143_AZ_SNTL </loc>
		<lastmod> 2023-06-24 02:35:33.529854 </lastmod>
	</url><url>
		<loc> https://geoconnex.us/cuahsi/his/SNOTEL/332_UT_SNTL </loc>
		<lastmod> 2023-06-24 02:35:33.529876 </lastmod>
	</url><url>
		<loc> https://geoconnex.us/cuahsi/his/SNOTEL/333_UT_SNTL </loc>
		<lastmod> 2023-06-24 02:35:33.529897 </lastmod>
	</url><url>
		<loc> https://geoconnex.us/cuahsi/his/SNOTEL/251_ID_SNTL </loc>
		<lastmod> 2023-06-24 02:35:33.529918 </lastmod>
	</url><url>
		<loc> https://geoconnex.us/cuahsi/his/SNOTEL/1086_AK_SNTL </loc>
		<lastmod> 2023-06-24 02:35:33.529940 </lastmod>
	</url><url>
		<loc> https://geoconnex.us/cuahsi/his/SNOTEL/334_NV_SNTL </loc>
		<lastmod> 2023-06-24 02:35:33.529961 </lastmod>
	</url><url>
		<loc> https://geoconnex.us/cuahsi/his/SNOTEL/335_CO_SNTL </loc>
		<lastmod> 2023-06-24 02:35:33.529982 </lastmod>
	</url><url>
		<loc> https://geoconnex.us/cuahsi/his/SNOTEL/1182_AK_SNTL </loc>
		<lastmod> 2023-06-24 02:35:33.530003 </lastmod>
	</url><url>
		<loc> https://geoconnex.us/cuahsi/his/SNOTEL/1214_UT_SNTL </loc>
		<lastmod> 2023-06-24 02:35:33.530024 </lastmod>
	</url><url>
		<loc> https://geoconnex.us/cuahsi/his/SNOTEL/336_NV_SNTL </loc>
		<lastmod> 2023-06-24 02:35:33.530046 </lastmod>
	</url><url>
		<loc> https://geoconnex.us/cuahsi/his/SNOTEL/337_NV_SNTL </loc>
		<lastmod> 2023-06-24 02:35:33.530068 </lastmod>
	</url><url>
		<loc> https://geoconnex.us/cuahsi/his/SNOTEL/338_ID_SNTL </loc>
		<lastmod> 2023-06-24 02:35:33.530106 </lastmod>
	</url><url>
		<loc> https://geoconnex.us/cuahsi/his/SNOTEL/339_UT_SNTL </loc>
		<lastmod> 2023-06-24 02:35:33.530128 </lastmod>
	</url><url>
		<loc> https://geoconnex.us/cuahsi/his/SNOTEL/931_WY_SNTL </loc>
		<lastmod> 2023-06-24 02:35:33.530153 </lastmod>
	</url><url>
		<loc> https://geoconnex.us/cuahsi/his/SNOTEL/340_NV_SNTL </loc>
		<lastmod> 2023-06-24 02:35:33.530175 </lastmod>
	</url><url>
		<loc> https://geoconnex.us/cuahsi/his/SNOTEL/341_OR_SNTL </loc>
		<lastmod> 2023-06-24 02:35:33.530198 </lastmod>
	</url><url>
		<loc> https://geoconnex.us/cuahsi/his/SNOTEL/342_WY_SNTL </loc>
		<lastmod> 2023-06-24 02:35:33.530220 </lastmod>
	</url><url>
		<loc> https://geoconnex.us/cuahsi/his/SNOTEL/343_OR_SNTL </loc>
		<lastmod> 2023-06-24 02:35:33.530241 </lastmod>
	</url><url>
		<loc> https://geoconnex.us/cuahsi/his/SNOTEL/344_OR_SNTL </loc>
		<lastmod> 2023-06-24 02:35:33.530263 </lastmod>
	</url><url>
		<loc> https://geoconnex.us/cuahsi/his/SNOTEL/1155_NV_SNTL </loc>
		<lastmod> 2023-06-24 02:35:33.530285 </lastmod>
	</url><url>
		<loc> https://geoconnex.us/cuahsi/his/SNOTEL/345_CO_SNTL </loc>
		<lastmod> 2023-06-24 02:35:33.530307 </lastmod>
	</url><url>
		<loc> https://geoconnex.us/cuahsi/his/SNOTEL/346_MT_SNTL </loc>
		<lastmod> 2023-06-24 02:35:33.530329 </lastmod>
	</url><url>
		<loc> https://geoconnex.us/cuahsi/his/SNOTEL/347_MT_SNTL </loc>
		<lastmod> 2023-06-24 02:35:33.530351 </lastmod>
	</url><url>
		<loc> https://geoconnex.us/cuahsi/his/SNOTEL/348_UT_SNTL </loc>
		<lastmod> 2023-06-24 02:35:33.530373 </lastmod>
	</url><url>
		<loc> https://geoconnex.us/cuahsi/his/SNOTEL/1185_CO_SNTL </loc>
		<lastmod> 2023-06-24 02:35:33.530395 </lastmod>
	</url><url>
		<loc> https://geoconnex.us/cuahsi/his/SNOTEL/1161_CO_SNTL </loc>
		<lastmod> 2023-06-24 02:35:33.530418 </lastmod>
	</url><url>
		<loc> https://geoconnex.us/cuahsi/his/SNOTEL/349_MT_SNTL </loc>
		<lastmod> 2023-06-24 02:35:33.530455 </lastmod>
	</url><url>
		<loc> https://geoconnex.us/cuahsi/his/SNOTEL/1119_WY_SNTL </loc>
		<lastmod> 2023-06-24 02:35:33.530476 </lastmod>
	</url><url>
		<loc> https://geoconnex.us/cuahsi/his/SNOTEL/1162_UT_SNTL </loc>
		<lastmod> 2023-06-24 02:35:33.530498 </lastmod>
	</url><url>
		<loc> https://geoconnex.us/cuahsi/his/SNOTEL/1144_MT_SNTL </loc>
		<lastmod> 2023-06-24 02:35:33.530519 </lastmod>
	</url><url>
		<loc> https://geoconnex.us/cuahsi/his/SNOTEL/350_WY_SNTL </loc>
		<lastmod> 2023-06-24 02:35:33.530540 </lastmod>
	</url><url>
		<loc> https://geoconnex.us/cuahsi/his/SNOTEL/351_OR_SNTL </loc>
		<lastmod> 2023-06-24 02:35:33.530578 </lastmod>
	</url><url>
		<loc> https://geoconnex.us/cuahsi/his/SNOTEL/352_WA_SNTL </loc>
		<lastmod> 2023-06-24 02:35:33.530600 </lastmod>
	</url><url>
		<loc> https://geoconnex.us/cuahsi/his/SNOTEL/353_WY_SNTL </loc>
		<lastmod> 2023-06-24 02:35:33.530621 </lastmod>
	</url><url>
		<loc> https://geoconnex.us/cuahsi/his/SNOTEL/354_SD_SNTL </loc>
		<lastmod> 2023-06-24 02:35:33.530643 </lastmod>
	</url><url>
		<loc> https://geoconnex.us/cuahsi/his/SNOTEL/355_MT_SNTL </loc>
		<lastmod> 2023-06-24 02:35:33.530665 </lastmod>
	</url><url>
		<loc> https://geoconnex.us/cuahsi/his/SNOTEL/356_CA_SNTL </loc>
		<lastmod> 2023-06-24 02:35:33.530686 </lastmod>
	</url><url>
		<loc> https://geoconnex.us/cuahsi/his/SNOTEL/357_OR_SNTL </loc>
		<lastmod> 2023-06-24 02:35:33.530708 </lastmod>
	</url><url>
		<loc> https://geoconnex.us/cuahsi/his/SNOTEL/1278_UT_SNTL </loc>
		<lastmod> 2023-06-24 02:35:33.530729 </lastmod>
	</url><url>
		<loc> https://geoconnex.us/cuahsi/his/SNOTEL/978_ID_SNTL </loc>
		<lastmod> 2023-06-24 02:35:33.530751 </lastmod>
	</url><url>
		<loc> https://geoconnex.us/cuahsi/his/SNOTEL/358_WY_SNTL </loc>
		<lastmod> 2023-06-24 02:35:33.530773 </lastmod>
	</url><url>
		<loc> https://geoconnex.us/cuahsi/his/SNOTEL/359_ID_SNTL </loc>
		<lastmod> 2023-06-24 02:35:33.530795 </lastmod>
	</url><url>
		<loc> https://geoconnex.us/cuahsi/his/SNOTEL/360_MT_SNTL </loc>
		<lastmod> 2023-06-24 02:35:33.530817 </lastmod>
	</url><url>
		<loc> https://geoconnex.us/cuahsi/his/SNOTEL/361_OR_SNTL </loc>
		<lastmod> 2023-06-24 02:35:33.530838 </lastmod>
	</url><url>
		<loc> https://geoconnex.us/cuahsi/his/SNOTEL/362_OR_SNTL </loc>
		<lastmod> 2023-06-24 02:35:33.530860 </lastmod>
	</url><url>
		<loc> https://geoconnex.us/cuahsi/his/SNOTEL/363_MT_SNTL </loc>
		<lastmod> 2023-06-24 02:35:33.530882 </lastmod>
	</url><url>
		<loc> https://geoconnex.us/cuahsi/his/SNOTEL/364_UT_SNTL </loc>
		<lastmod> 2023-06-24 02:35:33.530904 </lastmod>
	</url><url>
		<loc> https://geoconnex.us/cuahsi/his/SNOTEL/1156_UT_SNTL </loc>
		<lastmod> 2023-06-24 02:35:33.530926 </lastmod>
	</url><url>
		<loc> https://geoconnex.us/cuahsi/his/SNOTEL/365_MT_SNTL </loc>
		<lastmod> 2023-06-24 02:35:33.530948 </lastmod>
	</url><url>
		<loc> https://geoconnex.us/cuahsi/his/SNOTEL/1154_UT_SNTL </loc>
		<lastmod> 2023-06-24 02:35:33.530970 </lastmod>
	</url><url>
		<loc> https://geoconnex.us/cuahsi/his/SNOTEL/252_MT_SNTL </loc>
		<lastmod> 2023-06-24 02:35:33.530992 </lastmod>
	</url><url>
		<loc> https://geoconnex.us/cuahsi/his/SNOTEL/366_UT_SNTL </loc>
		<lastmod> 2023-06-24 02:35:33.531014 </lastmod>
	</url><url>
		<loc> https://geoconnex.us/cuahsi/his/SNOTEL/1111_NV_SNTL </loc>
		<lastmod> 2023-06-24 02:35:33.531036 </lastmod>
	</url><url>
		<loc> https://geoconnex.us/cuahsi/his/SNOTEL/367_WY_SNTL </loc>
		<lastmod> 2023-06-24 02:35:33.531058 </lastmod>
	</url><url>
		<loc> https://geoconnex.us/cuahsi/his/SNOTEL/368_UT_SNTL </loc>
		<lastmod> 2023-06-24 02:35:33.531080 </lastmod>
	</url><url>
		<loc> https://geoconnex.us/cuahsi/his/SNOTEL/1080_WA_SNTL </loc>
		<lastmod> 2023-06-24 02:35:33.531103 </lastmod>
	</url><url>
		<loc> https://geoconnex.us/cuahsi/his/SNOTEL/369_CO_SNTL </loc>
		<lastmod> 2023-06-24 02:35:33.531125 </lastmod>
	</url><url>
		<loc> https://geoconnex.us/cuahsi/his/SNOTEL/370_ID_SNTL </loc>
		<lastmod> 2023-06-24 02:35:33.531147 </lastmod>
	</url><url>
		<loc> https://geoconnex.us/cuahsi/his/SNOTEL/371_UT_SNTL </loc>
		<lastmod> 2023-06-24 02:35:33.531169 </lastmod>
	</url><url>
		<loc> https://geoconnex.us/cuahsi/his/SNOTEL/1192_UT_SNTL </loc>
		<lastmod> 2023-06-24 02:35:33.531191 </lastmod>
	</url><url>
		<loc> https://geoconnex.us/cuahsi/his/SNOTEL/372_AZ_SNTL </loc>
		<lastmod> 2023-06-24 02:35:33.531213 </lastmod>
	</url><url>
		<loc> https://geoconnex.us/cuahsi/his/SNOTEL/1153_UT_SNTL </loc>
		<lastmod> 2023-06-24 02:35:33.531235 </lastmod>
	</url><url>
		<loc> https://geoconnex.us/cuahsi/his/SNOTEL/1107_WA_SNTL </loc>
		<lastmod> 2023-06-24 02:35:33.531257 </lastmod>
	</url><url>
		<loc> https://geoconnex.us/cuahsi/his/SNOTEL/938_CO_SNTL </loc>
		<lastmod> 2023-06-24 02:35:33.531279 </lastmod>
	</url><url>
		<loc> https://geoconnex.us/cuahsi/his/SNOTEL/373_NV_SNTL </loc>
		<lastmod> 2023-06-24 02:35:33.531301 </lastmod>
	</url><url>
		<loc> https://geoconnex.us/cuahsi/his/SNOTEL/913_CO_SNTL </loc>
		<lastmod> 2023-06-24 02:35:33.531323 </lastmod>
	</url><url>
		<loc> https://geoconnex.us/cuahsi/his/SNOTEL/374_UT_SNTL </loc>
		<lastmod> 2023-06-24 02:35:33.531345 </lastmod>
	</url><url>
		<loc> https://geoconnex.us/cuahsi/his/SNOTEL/375_WA_SNTL </loc>
		<lastmod> 2023-06-24 02:35:33.531367 </lastmod>
	</url><url>
		<loc> https://geoconnex.us/cuahsi/his/SNOTEL/376_WA_SNTL </loc>
		<lastmod> 2023-06-24 02:35:33.531388 </lastmod>
	</url><url>
		<loc> https://geoconnex.us/cuahsi/his/SNOTEL/377_WY_SNTL </loc>
		<lastmod> 2023-06-24 02:35:33.531410 </lastmod>
	</url><url>
		<loc> https://geoconnex.us/cuahsi/his/SNOTEL/1051_CA_SNTL </loc>
		<lastmod> 2023-06-24 02:35:33.531432 </lastmod>
	</url><url>
		<loc> https://geoconnex.us/cuahsi/his/SNOTEL/942_WA_SNTL </loc>
		<lastmod> 2023-06-24 02:35:33.531454 </lastmod>
	</url><url>
		<loc> https://geoconnex.us/cuahsi/his/SNOTEL/981_MT_SNTL </loc>
		<lastmod> 2023-06-24 02:35:33.531476 </lastmod>
	</url><url>
		<loc> https://geoconnex.us/cuahsi/his/SNOTEL/378_CO_SNTL </loc>
		<lastmod> 2023-06-24 02:35:33.531498 </lastmod>
	</url><url>
		<loc> https://geoconnex.us/cuahsi/his/SNOTEL/379_WY_SNTL </loc>
		<lastmod> 2023-06-24 02:35:33.531541 </lastmod>
	</url><url>
		<loc> https://geoconnex.us/cuahsi/his/SNOTEL/1135_UT_SNTL </loc>
		<lastmod> 2023-06-24 02:35:33.531563 </lastmod>
	</url><url>
		<loc> https://geoconnex.us/cuahsi/his/SNOTEL/380_CO_SNTL </loc>
		<lastmod> 2023-06-24 02:35:33.531584 </lastmod>
	</url><url>
		<loc> https://geoconnex.us/cuahsi/his/SNOTEL/1109_WA_SNTL </loc>
		<lastmod> 2023-06-24 02:35:33.531606 </lastmod>
	</url><url>
		<loc> https://geoconnex.us/cuahsi/his/SNOTEL/381_MT_SNTL </loc>
		<lastmod> 2023-06-24 02:35:33.531721 </lastmod>
	</url><url>
		<loc> https://geoconnex.us/cuahsi/his/SNOTEL/382_ID_SNTL </loc>
		<lastmod> 2023-06-24 02:35:33.531748 </lastmod>
	</url><url>
		<loc> https://geoconnex.us/cuahsi/his/SNOTEL/383_UT_SNTL </loc>
		<lastmod> 2023-06-24 02:35:33.531770 </lastmod>
	</url><url>
		<loc> https://geoconnex.us/cuahsi/his/SNOTEL/384_WY_SNTL </loc>
		<lastmod> 2023-06-24 02:35:33.531792 </lastmod>
	</url><url>
		<loc> https://geoconnex.us/cuahsi/his/SNOTEL/385_MT_SNTL </loc>
		<lastmod> 2023-06-24 02:35:33.531813 </lastmod>
	</url><url>
		<loc> https://geoconnex.us/cuahsi/his/SNOTEL/1067_CA_SNTL </loc>
		<lastmod> 2023-06-24 02:35:33.531834 </lastmod>
	</url><url>
		<loc> https://geoconnex.us/cuahsi/his/SNOTEL/386_CO_SNTL </loc>
		<lastmod> 2023-06-24 02:35:33.531855 </lastmod>
	</url><url>
		<loc> https://geoconnex.us/cuahsi/his/SNOTEL/387_CO_SNTL </loc>
		<lastmod> 2023-06-24 02:35:33.531876 </lastmod>
	</url><url>
		<loc> https://geoconnex.us/cuahsi/his/SNOTEL/1039_UT_SNTL </loc>
		<lastmod> 2023-06-24 02:35:33.531897 </lastmod>
	</url><url>
		<loc> https://geoconnex.us/cuahsi/his/SNOTEL/388_OR_SNTL </loc>
		<lastmod> 2023-06-24 02:35:33.531918 </lastmod>
	</url><url>
		<loc> https://geoconnex.us/cuahsi/his/SNOTEL/253_MT_SNTL </loc>
		<lastmod> 2023-06-24 02:35:33.531940 </lastmod>
	</url><url>
		<loc> https://geoconnex.us/cuahsi/his/SNOTEL/389_WY_SNTL </loc>
		<lastmod> 2023-06-24 02:35:33.531961 </lastmod>
	</url><url>
		<loc> https://geoconnex.us/cuahsi/his/SNOTEL/1130_WY_SNTL </loc>
		<lastmod> 2023-06-24 02:35:33.531982 </lastmod>
	</url><url>
		<loc> https://geoconnex.us/cuahsi/his/SNOTEL/390_UT_SNTL </loc>
		<lastmod> 2023-06-24 02:35:33.532003 </lastmod>
	</url><url>
		<loc> https://geoconnex.us/cuahsi/his/SNOTEL/247_CO_SNTL </loc>
		<lastmod> 2023-06-24 02:35:33.532024 </lastmod>
	</url><url>
		<loc> https://geoconnex.us/cuahsi/his/SNOTEL/1152_NV_SNTL </loc>
		<lastmod> 2023-06-24 02:35:33.532045 </lastmod>
	</url><url>
		<loc> https://geoconnex.us/cuahsi/his/SNOTEL/1085_WA_SNTL </loc>
		<lastmod> 2023-06-24 02:35:33.532066 </lastmod>
	</url><url>
		<loc> https://geoconnex.us/cuahsi/his/SNOTEL/391_CA_SNTL </loc>
		<lastmod> 2023-06-24 02:35:33.532087 </lastmod>
	</url><url>
		<loc> https://geoconnex.us/cuahsi/his/SNOTEL/1139_AZ_SNTL </loc>
		<lastmod> 2023-06-24 02:35:33.532109 </lastmod>
	</url><url>
		<loc> https://geoconnex.us/cuahsi/his/SNOTEL/392_UT_SNTL </loc>
		<lastmod> 2023-06-24 02:35:33.532130 </lastmod>
	</url><url>
		<loc> https://geoconnex.us/cuahsi/his/SNOTEL/393_UT_SNTL </loc>
		<lastmod> 2023-06-24 02:35:33.532152 </lastmod>
	</url><url>
		<loc> https://geoconnex.us/cuahsi/his/SNOTEL/394_NM_SNTL </loc>
		<lastmod> 2023-06-24 02:35:33.532174 </lastmod>
	</url><url>
		<loc> https://geoconnex.us/cuahsi/his/SNOTEL/1101_CO_SNTL </loc>
		<lastmod> 2023-06-24 02:35:33.532196 </lastmod>
	</url><url>
		<loc> https://geoconnex.us/cuahsi/his/SNOTEL/395_OR_SNTL </loc>
		<lastmod> 2023-06-24 02:35:33.532235 </lastmod>
	</url><url>
		<loc> https://geoconnex.us/cuahsi/his/SNOTEL/396_UT_SNTL </loc>
		<lastmod> 2023-06-24 02:35:33.532257 </lastmod>
	</url><url>
		<loc> https://geoconnex.us/cuahsi/his/SNOTEL/1093_AK_SNTL </loc>
		<lastmod> 2023-06-24 02:35:33.532279 </lastmod>
	</url><url>
		<loc> https://geoconnex.us/cuahsi/his/SNOTEL/895_ID_SNTL </loc>
		<lastmod> 2023-06-24 02:35:33.532300 </lastmod>
	</url><url>
		<loc> https://geoconnex.us/cuahsi/his/SNOTEL/397_WY_SNTL </loc>
		<lastmod> 2023-06-24 02:35:33.532322 </lastmod>
	</url><url>
		<loc> https://geoconnex.us/cuahsi/his/SNOTEL/1046_WY_SNTL </loc>
		<lastmod> 2023-06-24 02:35:33.532344 </lastmod>
	</url><url>
		<loc> https://geoconnex.us/cuahsi/his/SNOTEL/398_OR_SNTL </loc>
		<lastmod> 2023-06-24 02:35:33.532365 </lastmod>
	</url><url>
		<loc> https://geoconnex.us/cuahsi/his/SNOTEL/983_UT_SNTL </loc>
		<lastmod> 2023-06-24 02:35:33.532387 </lastmod>
	</url><url>
		<loc> https://geoconnex.us/cuahsi/his/SNOTEL/399_UT_SNTL </loc>
		<lastmod> 2023-06-24 02:35:33.532409 </lastmod>
	</url><url>
		<loc> https://geoconnex.us/cuahsi/his/SNOTEL/400_UT_SNTL </loc>
		<lastmod> 2023-06-24 02:35:33.532430 </lastmod>
	</url><url>
		<loc> https://geoconnex.us/cuahsi/his/SNOTEL/401_OR_SNTL </loc>
		<lastmod> 2023-06-24 02:35:33.532452 </lastmod>
	</url><url>
		<loc> https://geoconnex.us/cuahsi/his/SNOTEL/402_WY_SNTL </loc>
		<lastmod> 2023-06-24 02:35:33.532474 </lastmod>
	</url><url>
		<loc> https://geoconnex.us/cuahsi/his/SNOTEL/403_MT_SNTL </loc>
		<lastmod> 2023-06-24 02:35:33.532495 </lastmod>
	</url><url>
		<loc> https://geoconnex.us/cuahsi/his/SNOTEL/1059_CO_SNTL </loc>
		<lastmod> 2023-06-24 02:35:33.532517 </lastmod>
	</url><url>
		<loc> https://geoconnex.us/cuahsi/his/SNOTEL/405_WY_SNTL </loc>
		<lastmod> 2023-06-24 02:35:33.532539 </lastmod>
	</url><url>
		<loc> https://geoconnex.us/cuahsi/his/SNOTEL/406_OR_SNTL </loc>
		<lastmod> 2023-06-24 02:35:33.532560 </lastmod>
	</url><url>
		<loc> https://geoconnex.us/cuahsi/his/SNOTEL/958_AK_SNTL </loc>
		<lastmod> 2023-06-24 02:35:33.532582 </lastmod>
	</url><url>
		<loc> https://geoconnex.us/cuahsi/his/SNOTEL/982_WY_SNTL </loc>
		<lastmod> 2023-06-24 02:35:33.532604 </lastmod>
	</url><url>
		<loc> https://geoconnex.us/cuahsi/his/SNOTEL/407_MT_SNTL </loc>
		<lastmod> 2023-06-24 02:35:33.532626 </lastmod>
	</url><url>
		<loc> https://geoconnex.us/cuahsi/his/SNOTEL/1204_NV_SNTL </loc>
		<lastmod> 2023-06-24 02:35:33.532648 </lastmod>
	</url><url>
		<loc> https://geoconnex.us/cuahsi/his/SNOTEL/408_CO_SNTL </loc>
		<lastmod> 2023-06-24 02:35:33.532670 </lastmod>
	</url><url>
		<loc> https://geoconnex.us/cuahsi/his/SNOTEL/409_CO_SNTL </loc>
		<lastmod> 2023-06-24 02:35:33.532692 </lastmod>
	</url><url>
		<loc> https://geoconnex.us/cuahsi/his/SNOTEL/904_CO_SNTL </loc>
		<lastmod> 2023-06-24 02:35:33.532715 </lastmod>
	</url><url>
		<loc> https://geoconnex.us/cuahsi/his/SNOTEL/410_MT_SNTL </loc>
		<lastmod> 2023-06-24 02:35:33.532738 </lastmod>
	</url><url>
		<loc> https://geoconnex.us/cuahsi/his/SNOTEL/411_ID_SNTL </loc>
		<lastmod> 2023-06-24 02:35:33.532761 </lastmod>
	</url><url>
		<loc> https://geoconnex.us/cuahsi/his/SNOTEL/959_AK_SNTL </loc>
		<lastmod> 2023-06-24 02:35:33.532784 </lastmod>
	</url><url>
		<loc> https://geoconnex.us/cuahsi/his/SNOTEL/412_CO_SNTL </loc>
		<lastmod> 2023-06-24 02:35:33.532806 </lastmod>
	</url><url>
		<loc> https://geoconnex.us/cuahsi/his/SNOTEL/413_MT_SNTL </loc>
		<lastmod> 2023-06-24 02:35:33.532828 </lastmod>
	</url><url>
		<loc> https://geoconnex.us/cuahsi/his/SNOTEL/414_MT_SNTL </loc>
		<lastmod> 2023-06-24 02:35:33.532850 </lastmod>
	</url><url>
		<loc> https://geoconnex.us/cuahsi/his/SNOTEL/415_CO_SNTL </loc>
		<lastmod> 2023-06-24 02:35:33.532872 </lastmod>
	</url><url>
		<loc> https://geoconnex.us/cuahsi/his/SNOTEL/1209_NV_SNTL </loc>
		<lastmod> 2023-06-24 02:35:33.532894 </lastmod>
	</url><url>
		<loc> https://geoconnex.us/cuahsi/his/SNOTEL/416_AZ_SNTL </loc>
		<lastmod> 2023-06-24 02:35:33.532917 </lastmod>
	</url><url>
		<loc> https://geoconnex.us/cuahsi/his/SNOTEL/1236_UT_SNTL </loc>
		<lastmod> 2023-06-24 02:35:33.532939 </lastmod>
	</url><url>
		<loc> https://geoconnex.us/cuahsi/his/SNOTEL/417_NV_SNTL </loc>
		<lastmod> 2023-06-24 02:35:33.532962 </lastmod>
	</url><url>
		<loc> https://geoconnex.us/cuahsi/his/SNOTEL/418_WA_SNTL </loc>
		<lastmod> 2023-06-24 02:35:33.532984 </lastmod>
	</url><url>
		<loc> https://geoconnex.us/cuahsi/his/SNOTEL/419_WY_SNTL </loc>
		<lastmod> 2023-06-24 02:35:33.533007 </lastmod>
	</url><url>
		<loc> https://geoconnex.us/cuahsi/his/SNOTEL/420_WA_SNTL </loc>
		<lastmod> 2023-06-24 02:35:33.533029 </lastmod>
	</url><url>
		<loc> https://geoconnex.us/cuahsi/his/SNOTEL/421_WY_SNTL </loc>
		<lastmod> 2023-06-24 02:35:33.533052 </lastmod>
	</url><url>
		<loc> https://geoconnex.us/cuahsi/his/SNOTEL/422_OR_SNTL </loc>
		<lastmod> 2023-06-24 02:35:33.533074 </lastmod>
	</url><url>
		<loc> https://geoconnex.us/cuahsi/his/SNOTEL/423_ID_SNTL </loc>
		<lastmod> 2023-06-24 02:35:33.533097 </lastmod>
	</url><url>
		<loc> https://geoconnex.us/cuahsi/his/SNOTEL/424_ID_SNTL </loc>
		<lastmod> 2023-06-24 02:35:33.533120 </lastmod>
	</url><url>
		<loc> https://geoconnex.us/cuahsi/his/SNOTEL/425_ID_SNTL </loc>
		<lastmod> 2023-06-24 02:35:33.533142 </lastmod>
	</url><url>
		<loc> https://geoconnex.us/cuahsi/his/SNOTEL/1010_OR_SNTL </loc>
		<lastmod> 2023-06-24 02:35:33.533164 </lastmod>
	</url><url>
		<loc> https://geoconnex.us/cuahsi/his/SNOTEL/426_CO_SNTL </loc>
		<lastmod> 2023-06-24 02:35:33.533187 </lastmod>
	</url><url>
		<loc> https://geoconnex.us/cuahsi/his/SNOTEL/1045_WY_SNTL </loc>
		<lastmod> 2023-06-24 02:35:33.533209 </lastmod>
	</url><url>
		<loc> https://geoconnex.us/cuahsi/his/SNOTEL/977_CA_SNTL </loc>
		<lastmod> 2023-06-24 02:35:33.533232 </lastmod>
	</url><url>
		<loc> https://geoconnex.us/cuahsi/his/SNOTEL/427_MT_SNTL </loc>
		<lastmod> 2023-06-24 02:35:33.533261 </lastmod>
	</url><url>
		<loc> https://geoconnex.us/cuahsi/his/SNOTEL/428_CA_SNTL </loc>
		<lastmod> 2023-06-24 02:35:33.533287 </lastmod>
	</url><url>
		<loc> https://geoconnex.us/cuahsi/his/SNOTEL/430_CO_SNTL </loc>
		<lastmod> 2023-06-24 02:35:33.533310 </lastmod>
	</url><url>
		<loc> https://geoconnex.us/cuahsi/his/SNOTEL/431_CO_SNTL </loc>
		<lastmod> 2023-06-24 02:35:33.533332 </lastmod>
	</url><url>
		<loc> https://geoconnex.us/cuahsi/his/SNOTEL/432_UT_SNTL </loc>
		<lastmod> 2023-06-24 02:35:33.533354 </lastmod>
	</url><url>
		<loc> https://geoconnex.us/cuahsi/his/SNOTEL/919_MT_SNTL </loc>
		<lastmod> 2023-06-24 02:35:33.533377 </lastmod>
	</url><url>
		<loc> https://geoconnex.us/cuahsi/his/SNOTEL/433_MT_SNTL </loc>
		<lastmod> 2023-06-24 02:35:33.533400 </lastmod>
	</url><url>
		<loc> https://geoconnex.us/cuahsi/his/SNOTEL/434_OR_SNTL </loc>
		<lastmod> 2023-06-24 02:35:33.533422 </lastmod>
	</url><url>
		<loc> https://geoconnex.us/cuahsi/his/SNOTEL/435_UT_SNTL </loc>
		<lastmod> 2023-06-24 02:35:33.533444 </lastmod>
	</url><url>
		<loc> https://geoconnex.us/cuahsi/his/SNOTEL/436_MT_SNTL </loc>
		<lastmod> 2023-06-24 02:35:33.533466 </lastmod>
	</url><url>
		<loc> https://geoconnex.us/cuahsi/his/SNOTEL/437_MT_SNTL </loc>
		<lastmod> 2023-06-24 02:35:33.533489 </lastmod>
	</url><url>
		<loc> https://geoconnex.us/cuahsi/his/SNOTEL/438_CO_SNTL </loc>
		<lastmod> 2023-06-24 02:35:33.533746 </lastmod>
	</url><url>
		<loc> https://geoconnex.us/cuahsi/his/SNOTEL/439_ID_SNTL </loc>
		<lastmod> 2023-06-24 02:35:33.533783 </lastmod>
	</url><url>
		<loc> https://geoconnex.us/cuahsi/his/SNOTEL/923_WY_SNTL </loc>
		<lastmod> 2023-06-24 02:35:33.533807 </lastmod>
	</url><url>
		<loc> https://geoconnex.us/cuahsi/his/SNOTEL/1210_NV_SNTL </loc>
		<lastmod> 2023-06-24 02:35:33.533830 </lastmod>
	</url><url>
		<loc> https://geoconnex.us/cuahsi/his/SNOTEL/440_OR_SNTL </loc>
		<lastmod> 2023-06-24 02:35:33.533852 </lastmod>
	</url><url>
		<loc> https://geoconnex.us/cuahsi/his/SNOTEL/441_UT_SNTL </loc>
		<lastmod> 2023-06-24 02:35:33.533884 </lastmod>
	</url><url>
		<loc> https://geoconnex.us/cuahsi/his/SNOTEL/442_OR_SNTL </loc>
		<lastmod> 2023-06-24 02:35:33.533906 </lastmod>
	</url><url>
		<loc> https://geoconnex.us/cuahsi/his/SNOTEL/443_NV_SNTL </loc>
		<lastmod> 2023-06-24 02:35:33.533928 </lastmod>
	</url><url>
		<loc> https://geoconnex.us/cuahsi/his/SNOTEL/444_UT_SNTL </loc>
		<lastmod> 2023-06-24 02:35:33.533950 </lastmod>
	</url><url>
		<loc> https://geoconnex.us/cuahsi/his/SNOTEL/8011_WY_SNTL </loc>
		<lastmod> 2023-06-24 02:35:33.533972 </lastmod>
	</url><url>
		<loc> https://geoconnex.us/cuahsi/his/SNOTEL/445_NV_SNTL </loc>
		<lastmod> 2023-06-24 02:35:33.533994 </lastmod>
	</url><url>
		<loc> https://geoconnex.us/cuahsi/his/SNOTEL/446_CA_SNTL </loc>
		<lastmod> 2023-06-24 02:35:33.534016 </lastmod>
	</url><url>
		<loc> https://geoconnex.us/cuahsi/his/SNOTEL/448_MT_SNTL </loc>
		<lastmod> 2023-06-24 02:35:33.534038 </lastmod>
	</url><url>
		<loc> https://geoconnex.us/cuahsi/his/SNOTEL/449_WY_SNTL </loc>
		<lastmod> 2023-06-24 02:35:33.534060 </lastmod>
	</url><url>
		<loc> https://geoconnex.us/cuahsi/his/SNOTEL/450_ID_SNTL </loc>
		<lastmod> 2023-06-24 02:35:33.534082 </lastmod>
	</url><url>
		<loc> https://geoconnex.us/cuahsi/his/SNOTEL/451_WY_SNTL </loc>
		<lastmod> 2023-06-24 02:35:33.534104 </lastmod>
	</url><url>
		<loc> https://geoconnex.us/cuahsi/his/SNOTEL/452_UT_SNTL </loc>
		<lastmod> 2023-06-24 02:35:33.534126 </lastmod>
	</url><url>
		<loc> https://geoconnex.us/cuahsi/his/SNOTEL/453_NV_SNTL </loc>
		<lastmod> 2023-06-24 02:35:33.534148 </lastmod>
	</url><url>
		<loc> https://geoconnex.us/cuahsi/his/SNOTEL/454_NV_SNTL </loc>
		<lastmod> 2023-06-24 02:35:33.534170 </lastmod>
	</url><url>
		<loc> https://geoconnex.us/cuahsi/his/SNOTEL/455_UT_SNTL </loc>
		<lastmod> 2023-06-24 02:35:33.534192 </lastmod>
	</url><url>
		<loc> https://geoconnex.us/cuahsi/his/SNOTEL/1243_NV_SNTL </loc>
		<lastmod> 2023-06-24 02:35:33.534247 </lastmod>
	</url><url>
		<loc> https://geoconnex.us/cuahsi/his/SNOTEL/906_UT_SNTL </loc>
		<lastmod> 2023-06-24 02:35:33.534287 </lastmod>
	</url><url>
		<loc> https://geoconnex.us/cuahsi/his/SNOTEL/457_CO_SNTL </loc>
		<lastmod> 2023-06-24 02:35:33.534325 </lastmod>
	</url><url>
		<loc> https://geoconnex.us/cuahsi/his/SNOTEL/943_WA_SNTL </loc>
		<lastmod> 2023-06-24 02:35:33.534347 </lastmod>
	</url><url>
		<loc> https://geoconnex.us/cuahsi/his/SNOTEL/458_MT_SNTL </loc>
		<lastmod> 2023-06-24 02:35:33.534387 </lastmod>
	</url><url>
		<loc> https://geoconnex.us/cuahsi/his/SNOTEL/960_AK_SNTL </loc>
		<lastmod> 2023-06-24 02:35:33.534409 </lastmod>
	</url><url>
		<loc> https://geoconnex.us/cuahsi/his/SNOTEL/1105_MT_SNTL </loc>
		<lastmod> 2023-06-24 02:35:33.534432 </lastmod>
	</url><url>
		<loc> https://geoconnex.us/cuahsi/his/SNOTEL/460_WY_SNTL </loc>
		<lastmod> 2023-06-24 02:35:33.534454 </lastmod>
	</url><url>
		<loc> https://geoconnex.us/cuahsi/his/SNOTEL/461_UT_SNTL </loc>
		<lastmod> 2023-06-24 02:35:33.534476 </lastmod>
	</url><url>
		<loc> https://geoconnex.us/cuahsi/his/SNOTEL/998_WA_SNTL </loc>
		<lastmod> 2023-06-24 02:35:33.534498 </lastmod>
	</url><url>
		<loc> https://geoconnex.us/cuahsi/his/SNOTEL/462_CA_SNTL </loc>
		<lastmod> 2023-06-24 02:35:33.534520 </lastmod>
	</url><url>
		<loc> https://geoconnex.us/cuahsi/his/SNOTEL/936_CO_SNTL </loc>
		<lastmod> 2023-06-24 02:35:33.534543 </lastmod>
	</url><url>
		<loc> https://geoconnex.us/cuahsi/his/SNOTEL/463_CA_SNTL </loc>
		<lastmod> 2023-06-24 02:35:33.534566 </lastmod>
	</url><url>
		<loc> https://geoconnex.us/cuahsi/his/SNOTEL/1163_UT_SNTL </loc>
		<lastmod> 2023-06-24 02:35:33.534589 </lastmod>
	</url><url>
		<loc> https://geoconnex.us/cuahsi/his/SNOTEL/464_OR_SNTL </loc>
		<lastmod> 2023-06-24 02:35:33.534611 </lastmod>
	</url><url>
		<loc> https://geoconnex.us/cuahsi/his/SNOTEL/465_CO_SNTL </loc>
		<lastmod> 2023-06-24 02:35:33.534634 </lastmod>
	</url><url>
		<loc> https://geoconnex.us/cuahsi/his/SNOTEL/910_WA_SNTL </loc>
		<lastmod> 2023-06-24 02:35:33.534696 </lastmod>
	</url><url>
		<loc> https://geoconnex.us/cuahsi/his/SNOTEL/466_ID_SNTL </loc>
		<lastmod> 2023-06-24 02:35:33.534721 </lastmod>
	</url><url>
		<loc> https://geoconnex.us/cuahsi/his/SNOTEL/921_NM_SNTL </loc>
		<lastmod> 2023-06-24 02:35:33.534744 </lastmod>
	</url><url>
		<loc> https://geoconnex.us/cuahsi/his/SNOTEL/1106_MT_SNTL </loc>
		<lastmod> 2023-06-24 02:35:33.534766 </lastmod>
	</url><url>
		<loc> https://geoconnex.us/cuahsi/his/SNOTEL/467_CO_SNTL </loc>
		<lastmod> 2023-06-24 02:35:33.534788 </lastmod>
	</url><url>
		<loc> https://geoconnex.us/cuahsi/his/SNOTEL/468_WY_SNTL </loc>
		<lastmod> 2023-06-24 02:35:33.534810 </lastmod>
	</url><url>
		<loc> https://geoconnex.us/cuahsi/his/SNOTEL/1252_CO_SNTL </loc>
		<lastmod> 2023-06-24 02:35:33.534832 </lastmod>
	</url><url>
		<loc> https://geoconnex.us/cuahsi/his/SNOTEL/1120_CO_SNTL </loc>
		<lastmod> 2023-06-24 02:35:33.534855 </lastmod>
	</url><url>
		<loc> https://geoconnex.us/cuahsi/his/SNOTEL/469_MT_SNTL </loc>
		<lastmod> 2023-06-24 02:35:33.534881 </lastmod>
	</url><url>
		<loc> https://geoconnex.us/cuahsi/his/SNOTEL/470_OR_SNTL </loc>
		<lastmod> 2023-06-24 02:35:33.534904 </lastmod>
	</url><url>
		<loc> https://geoconnex.us/cuahsi/his/SNOTEL/471_ID_SNTL </loc>
		<lastmod> 2023-06-24 02:35:33.534986 </lastmod>
	</url><url>
		<loc> https://geoconnex.us/cuahsi/his/SNOTEL/1027_OR_SNTL </loc>
		<lastmod> 2023-06-24 02:35:33.535028 </lastmod>
	</url><url>
		<loc> https://geoconnex.us/cuahsi/his/SNOTEL/1026_OR_SNTL </loc>
		<lastmod> 2023-06-24 02:35:33.535053 </lastmod>
	</url><url>
		<loc> https://geoconnex.us/cuahsi/his/SNOTEL/1028_OR_SNTL </loc>
		<lastmod> 2023-06-24 02:35:33.535076 </lastmod>
	</url><url>
		<loc> https://geoconnex.us/cuahsi/his/SNOTEL/1022_OR_SNTL </loc>
		<lastmod> 2023-06-24 02:35:33.535098 </lastmod>
	</url><url>
		<loc> https://geoconnex.us/cuahsi/his/SNOTEL/1023_OR_SNTL </loc>
		<lastmod> 2023-06-24 02:35:33.535121 </lastmod>
	</url><url>
		<loc> https://geoconnex.us/cuahsi/his/SNOTEL/1029_OR_SNTL </loc>
		<lastmod> 2023-06-24 02:35:33.535143 </lastmod>
	</url><url>
		<loc> https://geoconnex.us/cuahsi/his/SNOTEL/1021_OR_SNTL </loc>
		<lastmod> 2023-06-24 02:35:33.535166 </lastmod>
	</url><url>
		<loc> https://geoconnex.us/cuahsi/his/SNOTEL/1020_OR_SNTL </loc>
		<lastmod> 2023-06-24 02:35:33.535188 </lastmod>
	</url><url>
		<loc> https://geoconnex.us/cuahsi/his/SNOTEL/995_WA_SNTL </loc>
		<lastmod> 2023-06-24 02:35:33.535210 </lastmod>
	</url><url>
		<loc> https://geoconnex.us/cuahsi/his/SNOTEL/994_WA_SNTL </loc>
		<lastmod> 2023-06-24 02:35:33.535232 </lastmod>
	</url><url>
		<loc> https://geoconnex.us/cuahsi/his/SNOTEL/1019_OR_SNTL </loc>
		<lastmod> 2023-06-24 02:35:33.535254 </lastmod>
	</url><url>
		<loc> https://geoconnex.us/cuahsi/his/SNOTEL/1018_OR_SNTL </loc>
		<lastmod> 2023-06-24 02:35:33.535277 </lastmod>
	</url><url>
		<loc> https://geoconnex.us/cuahsi/his/SNOTEL/1025_OR_SNTL </loc>
		<lastmod> 2023-06-24 02:35:33.535299 </lastmod>
	</url><url>
		<loc> https://geoconnex.us/cuahsi/his/SNOTEL/1024_OR_SNTL </loc>
		<lastmod> 2023-06-24 02:35:33.535322 </lastmod>
	</url><url>
		<loc> https://geoconnex.us/cuahsi/his/SNOTEL/1004_WA_SNTL </loc>
		<lastmod> 2023-06-24 02:35:33.535345 </lastmod>
	</url><url>
		<loc> https://geoconnex.us/cuahsi/his/SNOTEL/976_OR_SNTL </loc>
		<lastmod> 2023-06-24 02:35:33.535369 </lastmod>
	</url><url>
		<loc> https://geoconnex.us/cuahsi/his/SNOTEL/1071_AK_SNTL </loc>
		<lastmod> 2023-06-24 02:35:33.535392 </lastmod>
	</url><url>
		<loc> https://geoconnex.us/cuahsi/his/SNOTEL/472_WY_SNTL </loc>
		<lastmod> 2023-06-24 02:35:33.535415 </lastmod>
	</url><url>
		<loc> https://geoconnex.us/cuahsi/his/SNOTEL/1092_AK_SNTL </loc>
		<lastmod> 2023-06-24 02:35:33.535438 </lastmod>
	</url><url>
		<loc> https://geoconnex.us/cuahsi/his/SNOTEL/1174_AK_SNTL </loc>
		<lastmod> 2023-06-24 02:35:33.535460 </lastmod>
	</url><url>
		<loc> https://geoconnex.us/cuahsi/his/SNOTEL/473_CA_SNTL </loc>
		<lastmod> 2023-06-24 02:35:33.535498 </lastmod>
	</url><url>
		<loc> https://geoconnex.us/cuahsi/his/SNOTEL/474_UT_SNTL </loc>
		<lastmod> 2023-06-24 02:35:33.535520 </lastmod>
	</url><url>
		<loc> https://geoconnex.us/cuahsi/his/SNOTEL/1054_UT_SNTL </loc>
		<lastmod> 2023-06-24 02:35:33.535542 </lastmod>
	</url><url>
		<loc> https://geoconnex.us/cuahsi/his/SNOTEL/475_UT_SNTL </loc>
		<lastmod> 2023-06-24 02:35:33.535563 </lastmod>
	</url><url>
		<loc> https://geoconnex.us/cuahsi/his/SNOTEL/476_NV_SNTL </loc>
		<lastmod> 2023-06-24 02:35:33.535585 </lastmod>
	</url><url>
		<loc> https://geoconnex.us/cuahsi/his/SNOTEL/1268_AK_SNTL </loc>
		<lastmod> 2023-06-24 02:35:33.535606 </lastmod>
	</url><url>
		<loc> https://geoconnex.us/cuahsi/his/SNOTEL/477_OR_SNTL </loc>
		<lastmod> 2023-06-24 02:35:33.535628 </lastmod>
	</url><url>
		<loc> https://geoconnex.us/cuahsi/his/SNOTEL/478_WA_SNTL </loc>
		<lastmod> 2023-06-24 02:35:33.535690 </lastmod>
	</url><url>
		<loc> https://geoconnex.us/cuahsi/his/SNOTEL/1149_UT_SNTL </loc>
		<lastmod> 2023-06-24 02:35:33.535714 </lastmod>
	</url><url>
		<loc> https://geoconnex.us/cuahsi/his/SNOTEL/479_OR_SNTL </loc>
		<lastmod> 2023-06-24 02:35:33.535737 </lastmod>
	</url><url>
		<loc> https://geoconnex.us/cuahsi/his/SNOTEL/480_MT_SNTL </loc>
		<lastmod> 2023-06-24 02:35:33.535759 </lastmod>
	</url><url>
		<loc> https://geoconnex.us/cuahsi/his/SNOTEL/481_UT_SNTL </loc>
		<lastmod> 2023-06-24 02:35:33.535782 </lastmod>
	</url><url>
		<loc> https://geoconnex.us/cuahsi/his/SNOTEL/482_MT_SNTL </loc>
		<lastmod> 2023-06-24 02:35:33.535804 </lastmod>
	</url><url>
		<loc> https://geoconnex.us/cuahsi/his/SNOTEL/1285_AK_SNTL </loc>
		<lastmod> 2023-06-24 02:35:33.535827 </lastmod>
	</url><url>
		<loc> https://geoconnex.us/cuahsi/his/SNOTEL/1186_CO_SNTL </loc>
		<lastmod> 2023-06-24 02:35:33.535848 </lastmod>
	</url><url>
		<loc> https://geoconnex.us/cuahsi/his/SNOTEL/1049_CA_SNTL </loc>
		<lastmod> 2023-06-24 02:35:33.535870 </lastmod>
	</url><url>
		<loc> https://geoconnex.us/cuahsi/his/SNOTEL/1121_AZ_SNTL </loc>
		<lastmod> 2023-06-24 02:35:33.535893 </lastmod>
	</url><url>
		<loc> https://geoconnex.us/cuahsi/his/SNOTEL/961_AK_SNTL </loc>
		<lastmod> 2023-06-24 02:35:33.535916 </lastmod>
	</url><url>
		<loc> https://geoconnex.us/cuahsi/his/SNOTEL/483_OR_SNTL </loc>
		<lastmod> 2023-06-24 02:35:33.535940 </lastmod>
	</url><url>
		<loc> https://geoconnex.us/cuahsi/his/SNOTEL/484_ID_SNTL </loc>
		<lastmod> 2023-06-24 02:35:33.535978 </lastmod>
	</url><url>
		<loc> https://geoconnex.us/cuahsi/his/SNOTEL/1277_CA_SNTL </loc>
		<lastmod> 2023-06-24 02:35:33.536000 </lastmod>
	</url><url>
		<loc> https://geoconnex.us/cuahsi/his/SNOTEL/485_CO_SNTL </loc>
		<lastmod> 2023-06-24 02:35:33.536022 </lastmod>
	</url><url>
		<loc> https://geoconnex.us/cuahsi/his/SNOTEL/486_NM_SNTL </loc>
		<lastmod> 2023-06-24 02:35:33.536044 </lastmod>
	</url><url>
		<loc> https://geoconnex.us/cuahsi/his/SNOTEL/487_MT_SNTL </loc>
		<lastmod> 2023-06-24 02:35:33.536065 </lastmod>
	</url><url>
		<loc> https://geoconnex.us/cuahsi/his/SNOTEL/488_AZ_SNTL </loc>
		<lastmod> 2023-06-24 02:35:33.536087 </lastmod>
	</url><url>
		<loc> https://geoconnex.us/cuahsi/his/SNOTEL/1262_NV_SNTL </loc>
		<lastmod> 2023-06-24 02:35:33.536109 </lastmod>
	</url><url>
		<loc> https://geoconnex.us/cuahsi/his/SNOTEL/489_ID_SNTL </loc>
		<lastmod> 2023-06-24 02:35:33.536130 </lastmod>
	</url><url>
		<loc> https://geoconnex.us/cuahsi/his/SNOTEL/490_ID_SNTL </loc>
		<lastmod> 2023-06-24 02:35:33.536152 </lastmod>
	</url><url>
		<loc> https://geoconnex.us/cuahsi/his/SNOTEL/491_NM_SNTL </loc>
		<lastmod> 2023-06-24 02:35:33.536173 </lastmod>
	</url><url>
		<loc> https://geoconnex.us/cuahsi/his/SNOTEL/1114_UT_SNTL </loc>
		<lastmod> 2023-06-24 02:35:33.536195 </lastmod>
	</url><url>
		<loc> https://geoconnex.us/cuahsi/his/SNOTEL/1066_UT_SNTL </loc>
		<lastmod> 2023-06-24 02:35:33.536239 </lastmod>
	</url><url>
		<loc> https://geoconnex.us/cuahsi/his/SNOTEL/492_ID_SNTL </loc>
		<lastmod> 2023-06-24 02:35:33.536261 </lastmod>
	</url><url>
		<loc> https://geoconnex.us/cuahsi/his/SNOTEL/1173_NM_SNTL </loc>
		<lastmod> 2023-06-24 02:35:33.536283 </lastmod>
	</url><url>
		<loc> https://geoconnex.us/cuahsi/his/SNOTEL/918_MT_SNTL </loc>
		<lastmod> 2023-06-24 02:35:33.536305 </lastmod>
	</url><url>
		<loc> https://geoconnex.us/cuahsi/his/SNOTEL/1221_UT_SNTL </loc>
		<lastmod> 2023-06-24 02:35:33.536327 </lastmod>
	</url><url>
		<loc> https://geoconnex.us/cuahsi/his/SNOTEL/1222_UT_SNTL </loc>
		<lastmod> 2023-06-24 02:35:33.536349 </lastmod>
	</url><url>
		<loc> https://geoconnex.us/cuahsi/his/SNOTEL/1151_UT_SNTL </loc>
		<lastmod> 2023-06-24 02:35:33.536371 </lastmod>
	</url><url>
		<loc> https://geoconnex.us/cuahsi/his/SNOTEL/945_OR_SNTL </loc>
		<lastmod> 2023-06-24 02:35:33.536393 </lastmod>
	</url><url>
		<loc> https://geoconnex.us/cuahsi/his/SNOTEL/493_ID_SNTL </loc>
		<lastmod> 2023-06-24 02:35:33.536415 </lastmod>
	</url><url>
		<loc> https://geoconnex.us/cuahsi/his/SNOTEL/1057_CO_SNTL </loc>
		<lastmod> 2023-06-24 02:35:33.536437 </lastmod>
	</url><url>
		<loc> https://geoconnex.us/cuahsi/his/SNOTEL/257_NV_SNTL </loc>
		<lastmod> 2023-06-24 02:35:33.536460 </lastmod>
	</url><url>
		<loc> https://geoconnex.us/cuahsi/his/SNOTEL/962_AK_SNTL </loc>
		<lastmod> 2023-06-24 02:35:33.536481 </lastmod>
	</url><url>
		<loc> https://geoconnex.us/cuahsi/his/SNOTEL/1195_NV_SNTL </loc>
		<lastmod> 2023-06-24 02:35:33.536503 </lastmod>
	</url><url>
		<loc> https://geoconnex.us/cuahsi/his/SNOTEL/1159_WA_SNTL </loc>
		<lastmod> 2023-06-24 02:35:33.536525 </lastmod>
	</url><url>
		<loc> https://geoconnex.us/cuahsi/his/SNOTEL/494_OR_SNTL </loc>
		<lastmod> 2023-06-24 02:35:33.536554 </lastmod>
	</url><url>
		<loc> https://geoconnex.us/cuahsi/his/SNOTEL/1256_WA_SNTL </loc>
		<lastmod> 2023-06-24 02:35:33.536575 </lastmod>
	</url><url>
		<loc> https://geoconnex.us/cuahsi/his/SNOTEL/495_UT_SNTL </loc>
		<lastmod> 2023-06-24 02:35:33.536597 </lastmod>
	</url><url>
		<loc> https://geoconnex.us/cuahsi/his/SNOTEL/1184_UT_SNTL </loc>
		<lastmod> 2023-06-24 02:35:33.536620 </lastmod>
	</url><url>
		<loc> https://geoconnex.us/cuahsi/his/SNOTEL/496_ID_SNTL </loc>
		<lastmod> 2023-06-24 02:35:33.536642 </lastmod>
	</url><url>
		<loc> https://geoconnex.us/cuahsi/his/SNOTEL/1082_WY_SNTL </loc>
		<lastmod> 2023-06-24 02:35:33.536664 </lastmod>
	</url><url>
		<loc> https://geoconnex.us/cuahsi/his/SNOTEL/956_AK_SNTL </loc>
		<lastmod> 2023-06-24 02:35:33.536687 </lastmod>
	</url><url>
		<loc> https://geoconnex.us/cuahsi/his/SNOTEL/497_WY_SNTL </loc>
		<lastmod> 2023-06-24 02:35:33.536709 </lastmod>
	</url><url>
		<loc> https://geoconnex.us/cuahsi/his/SNOTEL/963_AK_SNTL </loc>
		<lastmod> 2023-06-24 02:35:33.536731 </lastmod>
	</url><url>
		<loc> https://geoconnex.us/cuahsi/his/SNOTEL/498_NV_SNTL </loc>
		<lastmod> 2023-06-24 02:35:33.536754 </lastmod>
	</url><url>
		<loc> https://geoconnex.us/cuahsi/his/SNOTEL/499_WY_SNTL </loc>
		<lastmod> 2023-06-24 02:35:33.536775 </lastmod>
	</url><url>
		<loc> https://geoconnex.us/cuahsi/his/SNOTEL/500_MT_SNTL </loc>
		<lastmod> 2023-06-24 02:35:33.536798 </lastmod>
	</url><url>
		<loc> https://geoconnex.us/cuahsi/his/SNOTEL/501_WY_SNTL </loc>
		<lastmod> 2023-06-24 02:35:33.536820 </lastmod>
	</url><url>
		<loc> https://geoconnex.us/cuahsi/his/SNOTEL/1058_CO_SNTL </loc>
		<lastmod> 2023-06-24 02:35:33.536842 </lastmod>
	</url><url>
		<loc> https://geoconnex.us/cuahsi/his/SNOTEL/502_WA_SNTL </loc>
		<lastmod> 2023-06-24 02:35:33.536864 </lastmod>
	</url><url>
		<loc> https://geoconnex.us/cuahsi/his/SNOTEL/503_NV_SNTL </loc>
		<lastmod> 2023-06-24 02:35:33.536886 </lastmod>
	</url><url>
		<loc> https://geoconnex.us/cuahsi/his/SNOTEL/504_OR_SNTL </loc>
		<lastmod> 2023-06-24 02:35:33.536908 </lastmod>
	</url><url>
		<loc> https://geoconnex.us/cuahsi/his/SNOTEL/505_CO_SNTL </loc>
		<lastmod> 2023-06-24 02:35:33.536930 </lastmod>
	</url><url>
		<loc> https://geoconnex.us/cuahsi/his/SNOTEL/506_WY_SNTL </loc>
		<lastmod> 2023-06-24 02:35:33.536952 </lastmod>
	</url><url>
		<loc> https://geoconnex.us/cuahsi/his/SNOTEL/507_WA_SNTL </loc>
		<lastmod> 2023-06-24 02:35:33.536974 </lastmod>
	</url><url>
		<loc> https://geoconnex.us/cuahsi/his/SNOTEL/964_AK_SNTL </loc>
		<lastmod> 2023-06-24 02:35:33.536996 </lastmod>
	</url><url>
		<loc> https://geoconnex.us/cuahsi/his/SNOTEL/944_WY_SNTL </loc>
		<lastmod> 2023-06-24 02:35:33.537017 </lastmod>
	</url><url>
		<loc> https://geoconnex.us/cuahsi/his/SNOTEL/1065_UT_SNTL </loc>
		<lastmod> 2023-06-24 02:35:33.537039 </lastmod>
	</url><url>
		<loc> https://geoconnex.us/cuahsi/his/SNOTEL/508_CA_SNTL </loc>
		<lastmod> 2023-06-24 02:35:33.537062 </lastmod>
	</url><url>
		<loc> https://geoconnex.us/cuahsi/his/SNOTEL/248_CO_SNTL </loc>
		<lastmod> 2023-06-24 02:35:33.537083 </lastmod>
	</url><url>
		<loc> https://geoconnex.us/cuahsi/his/SNOTEL/509_WY_SNTL </loc>
		<lastmod> 2023-06-24 02:35:33.537105 </lastmod>
	</url><url>
		<loc> https://geoconnex.us/cuahsi/his/SNOTEL/510_MT_SNTL </loc>
		<lastmod> 2023-06-24 02:35:33.537127 </lastmod>
	</url><url>
		<loc> https://geoconnex.us/cuahsi/his/SNOTEL/511_AZ_SNTL </loc>
		<lastmod> 2023-06-24 02:35:33.537148 </lastmod>
	</url><url>
		<loc> https://geoconnex.us/cuahsi/his/SNOTEL/512_WY_SNTL </loc>
		<lastmod> 2023-06-24 02:35:33.537169 </lastmod>
	</url><url>
		<loc> https://geoconnex.us/cuahsi/his/SNOTEL/969_AZ_SNTL </loc>
		<lastmod> 2023-06-24 02:35:33.537192 </lastmod>
	</url><url>
		<loc> https://geoconnex.us/cuahsi/his/SNOTEL/896_UT_SNTL </loc>
		<lastmod> 2023-06-24 02:35:33.537214 </lastmod>
	</url><url>
		<loc> https://geoconnex.us/cuahsi/his/SNOTEL/514_UT_SNTL </loc>
		<lastmod> 2023-06-24 02:35:33.537236 </lastmod>
	</url><url>
		<loc> https://geoconnex.us/cuahsi/his/SNOTEL/515_WA_SNTL </loc>
		<lastmod> 2023-06-24 02:35:33.537259 </lastmod>
	</url><url>
		<loc> https://geoconnex.us/cuahsi/his/SNOTEL/516_MT_SNTL </loc>
		<lastmod> 2023-06-24 02:35:33.537281 </lastmod>
	</url><url>
		<loc> https://geoconnex.us/cuahsi/his/SNOTEL/1271_AZ_SNTL </loc>
		<lastmod> 2023-06-24 02:35:33.537304 </lastmod>
	</url><url>
		<loc> https://geoconnex.us/cuahsi/his/SNOTEL/517_UT_SNTL </loc>
		<lastmod> 2023-06-24 02:35:33.537326 </lastmod>
	</url><url>
		<loc> https://geoconnex.us/cuahsi/his/SNOTEL/1102_CO_SNTL </loc>
		<lastmod> 2023-06-24 02:35:33.537350 </lastmod>
	</url><url>
		<loc> https://geoconnex.us/cuahsi/his/SNOTEL/518_CA_SNTL </loc>
		<lastmod> 2023-06-24 02:35:33.537373 </lastmod>
	</url><url>
		<loc> https://geoconnex.us/cuahsi/his/SNOTEL/519_AZ_SNTL </loc>
		<lastmod> 2023-06-24 02:35:33.537395 </lastmod>
	</url><url>
		<loc> https://geoconnex.us/cuahsi/his/SNOTEL/1270_AK_SNTL </loc>
		<lastmod> 2023-06-24 02:35:33.537417 </lastmod>
	</url><url>
		<loc> https://geoconnex.us/cuahsi/his/SNOTEL/520_ID_SNTL </loc>
		<lastmod> 2023-06-24 02:35:33.537439 </lastmod>
	</url><url>
		<loc> https://geoconnex.us/cuahsi/his/SNOTEL/521_UT_SNTL </loc>
		<lastmod> 2023-06-24 02:35:33.537497 </lastmod>
	</url><url>
		<loc> https://geoconnex.us/cuahsi/his/SNOTEL/522_UT_SNTL </loc>
		<lastmod> 2023-06-24 02:35:33.537538 </lastmod>
	</url><url>
		<loc> https://geoconnex.us/cuahsi/his/SNOTEL/988_ID_SNTL </loc>
		<lastmod> 2023-06-24 02:35:33.537559 </lastmod>
	</url><url>
		<loc> https://geoconnex.us/cuahsi/his/SNOTEL/1187_CO_SNTL </loc>
		<lastmod> 2023-06-24 02:35:33.537580 </lastmod>
	</url><url>
		<loc> https://geoconnex.us/cuahsi/his/SNOTEL/523_OR_SNTL </loc>
		<lastmod> 2023-06-24 02:35:33.537601 </lastmod>
	</url><url>
		<loc> https://geoconnex.us/cuahsi/his/SNOTEL/524_ID_SNTL </loc>
		<lastmod> 2023-06-24 02:35:33.537622 </lastmod>
	</url><url>
		<loc> https://geoconnex.us/cuahsi/his/SNOTEL/1223_UT_SNTL </loc>
		<lastmod> 2023-06-24 02:35:33.537644 </lastmod>
	</url><url>
		<loc> https://geoconnex.us/cuahsi/his/SNOTEL/525_WY_SNTL </loc>
		<lastmod> 2023-06-24 02:35:33.537665 </lastmod>
	</url><url>
		<loc> https://geoconnex.us/cuahsi/his/SNOTEL/526_OR_SNTL </loc>
		<lastmod> 2023-06-24 02:35:33.537686 </lastmod>
	</url><url>
		<loc> https://geoconnex.us/cuahsi/his/SNOTEL/527_NV_SNTL </loc>
		<lastmod> 2023-06-24 02:35:33.537707 </lastmod>
	</url><url>
		<loc> https://geoconnex.us/cuahsi/his/SNOTEL/528_UT_SNTL </loc>
		<lastmod> 2023-06-24 02:35:33.537728 </lastmod>
	</url><url>
		<loc> https://geoconnex.us/cuahsi/his/SNOTEL/529_OR_SNTL </loc>
		<lastmod> 2023-06-24 02:35:33.537749 </lastmod>
	</url><url>
		<loc> https://geoconnex.us/cuahsi/his/SNOTEL/530_MT_SNTL </loc>
		<lastmod> 2023-06-24 02:35:33.537770 </lastmod>
	</url><url>
		<loc> https://geoconnex.us/cuahsi/his/SNOTEL/531_CO_SNTL </loc>
		<lastmod> 2023-06-24 02:35:33.537791 </lastmod>
	</url><url>
		<loc> https://geoconnex.us/cuahsi/his/SNOTEL/532_NM_SNTL </loc>
		<lastmod> 2023-06-24 02:35:33.537812 </lastmod>
	</url><url>
		<loc> https://geoconnex.us/cuahsi/his/SNOTEL/1050_CA_SNTL </loc>
		<lastmod> 2023-06-24 02:35:33.537833 </lastmod>
	</url><url>
		<loc> https://geoconnex.us/cuahsi/his/SNOTEL/533_UT_SNTL </loc>
		<lastmod> 2023-06-24 02:35:33.537881 </lastmod>
	</url><url>
		<loc> https://geoconnex.us/cuahsi/his/SNOTEL/1122_CO_SNTL </loc>
		<lastmod> 2023-06-24 02:35:33.537904 </lastmod>
	</url><url>
		<loc> https://geoconnex.us/cuahsi/his/SNOTEL/1158_OR_SNTL </loc>
		<lastmod> 2023-06-24 02:35:33.537927 </lastmod>
	</url><url>
		<loc> https://geoconnex.us/cuahsi/his/SNOTEL/534_ID_SNTL </loc>
		<lastmod> 2023-06-24 02:35:33.537949 </lastmod>
	</url><url>
		<loc> https://geoconnex.us/cuahsi/his/SNOTEL/991_WA_SNTL </loc>
		<lastmod> 2023-06-24 02:35:33.537972 </lastmod>
	</url><url>
		<loc> https://geoconnex.us/cuahsi/his/SNOTEL/928_WA_SNTL </loc>
		<lastmod> 2023-06-24 02:35:33.537994 </lastmod>
	</url><url>
		<loc> https://geoconnex.us/cuahsi/his/SNOTEL/535_ID_SNTL </loc>
		<lastmod> 2023-06-24 02:35:33.538016 </lastmod>
	</url><url>
		<loc> https://geoconnex.us/cuahsi/his/SNOTEL/1216_UT_SNTL </loc>
		<lastmod> 2023-06-24 02:35:33.538038 </lastmod>
	</url><url>
		<loc> https://geoconnex.us/cuahsi/his/SNOTEL/259_OR_SNTL </loc>
		<lastmod> 2023-06-24 02:35:33.538061 </lastmod>
	</url><url>
		<loc> https://geoconnex.us/cuahsi/his/SNOTEL/537_ID_SNTL </loc>
		<lastmod> 2023-06-24 02:35:33.538083 </lastmod>
	</url><url>
		<loc> https://geoconnex.us/cuahsi/his/SNOTEL/538_CO_SNTL </loc>
		<lastmod> 2023-06-24 02:35:33.538105 </lastmod>
	</url><url>
		<loc> https://geoconnex.us/cuahsi/his/SNOTEL/968_AK_SNTL </loc>
		<lastmod> 2023-06-24 02:35:33.538127 </lastmod>
	</url><url>
		<loc> https://geoconnex.us/cuahsi/his/SNOTEL/539_CA_SNTL </loc>
		<lastmod> 2023-06-24 02:35:33.538148 </lastmod>
	</url><url>
		<loc> https://geoconnex.us/cuahsi/his/SNOTEL/540_CA_SNTL </loc>
		<lastmod> 2023-06-24 02:35:33.538185 </lastmod>
	</url><url>
		<loc> https://geoconnex.us/cuahsi/his/SNOTEL/541_CA_SNTL </loc>
		<lastmod> 2023-06-24 02:35:33.538207 </lastmod>
	</url><url>
		<loc> https://geoconnex.us/cuahsi/his/SNOTEL/1091_AK_SNTL </loc>
		<lastmod> 2023-06-24 02:35:33.538228 </lastmod>
	</url><url>
		<loc> https://geoconnex.us/cuahsi/his/SNOTEL/542_CO_SNTL </loc>
		<lastmod> 2023-06-24 02:35:33.538267 </lastmod>
	</url><url>
		<loc> https://geoconnex.us/cuahsi/his/SNOTEL/543_UT_SNTL </loc>
		<lastmod> 2023-06-24 02:35:33.538288 </lastmod>
	</url><url>
		<loc> https://geoconnex.us/cuahsi/his/SNOTEL/544_WY_SNTL </loc>
		<lastmod> 2023-06-24 02:35:33.538310 </lastmod>
	</url><url>
		<loc> https://geoconnex.us/cuahsi/his/SNOTEL/946_AK_SNTL </loc>
		<lastmod> 2023-06-24 02:35:33.538339 </lastmod>
	</url><url>
		<loc> https://geoconnex.us/cuahsi/his/SNOTEL/1129_WA_SNTL </loc>
		<lastmod> 2023-06-24 02:35:33.538362 </lastmod>
	</url><url>
		<loc> https://geoconnex.us/cuahsi/his/SNOTEL/266_WY_SNTL </loc>
		<lastmod> 2023-06-24 02:35:33.538384 </lastmod>
	</url><url>
		<loc> https://geoconnex.us/cuahsi/his/SNOTEL/545_OR_SNTL </loc>
		<lastmod> 2023-06-24 02:35:33.538406 </lastmod>
	</url><url>
		<loc> https://geoconnex.us/cuahsi/his/SNOTEL/1276_ID_SNTL </loc>
		<lastmod> 2023-06-24 02:35:33.538428 </lastmod>
	</url><url>
		<loc> https://geoconnex.us/cuahsi/his/SNOTEL/546_ID_SNTL </loc>
		<lastmod> 2023-06-24 02:35:33.538450 </lastmod>
	</url><url>
		<loc> https://geoconnex.us/cuahsi/his/SNOTEL/547_CO_SNTL </loc>
		<lastmod> 2023-06-24 02:35:33.538472 </lastmod>
	</url><url>
		<loc> https://geoconnex.us/cuahsi/his/SNOTEL/548_NV_SNTL </loc>
		<lastmod> 2023-06-24 02:35:33.538494 </lastmod>
	</url><url>
		<loc> https://geoconnex.us/cuahsi/his/SNOTEL/1275_AK_SNTL </loc>
		<lastmod> 2023-06-24 02:35:33.538515 </lastmod>
	</url><url>
		<loc> https://geoconnex.us/cuahsi/his/SNOTEL/549_NV_SNTL </loc>
		<lastmod> 2023-06-24 02:35:33.538538 </lastmod>
	</url><url>
		<loc> https://geoconnex.us/cuahsi/his/SNOTEL/550_ID_SNTL </loc>
		<lastmod> 2023-06-24 02:35:33.538578 </lastmod>
	</url><url>
		<loc> https://geoconnex.us/cuahsi/his/SNOTEL/935_CO_SNTL </loc>
		<lastmod> 2023-06-24 02:35:33.538617 </lastmod>
	</url><url>
		<loc> https://geoconnex.us/cuahsi/his/SNOTEL/1211_NV_SNTL </loc>
		<lastmod> 2023-06-24 02:35:33.538639 </lastmod>
	</url><url>
		<loc> https://geoconnex.us/cuahsi/his/SNOTEL/551_CO_SNTL </loc>
		<lastmod> 2023-06-24 02:35:33.538662 </lastmod>
	</url><url>
		<loc> https://geoconnex.us/cuahsi/his/SNOTEL/1036_AK_SNTL </loc>
		<lastmod> 2023-06-24 02:35:33.538684 </lastmod>
	</url><url>
		<loc> https://geoconnex.us/cuahsi/his/SNOTEL/1099_UT_SNTL </loc>
		<lastmod> 2023-06-24 02:35:33.538706 </lastmod>
	</url><url>
		<loc> https://geoconnex.us/cuahsi/his/SNOTEL/970_CO_SNTL </loc>
		<lastmod> 2023-06-24 02:35:33.538728 </lastmod>
	</url><url>
		<loc> https://geoconnex.us/cuahsi/his/SNOTEL/552_OR_SNTL </loc>
		<lastmod> 2023-06-24 02:35:33.538750 </lastmod>
	</url><url>
		<loc> https://geoconnex.us/cuahsi/his/SNOTEL/553_WA_SNTL </loc>
		<lastmod> 2023-06-24 02:35:33.538773 </lastmod>
	</url><url>
		<loc> https://geoconnex.us/cuahsi/his/SNOTEL/1063_AK_SNTL </loc>
		<lastmod> 2023-06-24 02:35:33.538795 </lastmod>
	</url><url>
		<loc> https://geoconnex.us/cuahsi/his/SNOTEL/1150_NV_SNTL </loc>
		<lastmod> 2023-06-24 02:35:33.538817 </lastmod>
	</url><url>
		<loc> https://geoconnex.us/cuahsi/his/SNOTEL/1072_AK_SNTL </loc>
		<lastmod> 2023-06-24 02:35:33.538839 </lastmod>
	</url><url>
		<loc> https://geoconnex.us/cuahsi/his/SNOTEL/554_WY_SNTL </loc>
		<lastmod> 2023-06-24 02:35:33.538861 </lastmod>
	</url><url>
		<loc> https://geoconnex.us/cuahsi/his/SNOTEL/1175_AK_SNTL </loc>
		<lastmod> 2023-06-24 02:35:33.538884 </lastmod>
	</url><url>
		<loc> https://geoconnex.us/cuahsi/his/SNOTEL/966_AK_SNTL </loc>
		<lastmod> 2023-06-24 02:35:33.538906 </lastmod>
	</url><url>
		<loc> https://geoconnex.us/cuahsi/his/SNOTEL/555_WY_SNTL </loc>
		<lastmod> 2023-06-24 02:35:33.538928 </lastmod>
	</url><url>
		<loc> https://geoconnex.us/cuahsi/his/SNOTEL/1145_UT_SNTL </loc>
		<lastmod> 2023-06-24 02:35:33.538950 </lastmod>
	</url><url>
		<loc> https://geoconnex.us/cuahsi/his/SNOTEL/556_CO_SNTL </loc>
		<lastmod> 2023-06-24 02:35:33.539046 </lastmod>
	</url><url>
		<loc> https://geoconnex.us/cuahsi/his/SNOTEL/557_UT_SNTL </loc>
		<lastmod> 2023-06-24 02:35:33.539155 </lastmod>
	</url><url>
		<loc> https://geoconnex.us/cuahsi/his/SNOTEL/558_OR_SNTL </loc>
		<lastmod> 2023-06-24 02:35:33.539185 </lastmod>
	</url><url>
		<loc> https://geoconnex.us/cuahsi/his/SNOTEL/559_UT_SNTL </loc>
		<lastmod> 2023-06-24 02:35:33.539208 </lastmod>
	</url><url>
		<loc> https://geoconnex.us/cuahsi/his/SNOTEL/560_WY_SNTL </loc>
		<lastmod> 2023-06-24 02:35:33.539230 </lastmod>
	</url><url>
		<loc> https://geoconnex.us/cuahsi/his/SNOTEL/1115_UT_SNTL </loc>
		<lastmod> 2023-06-24 02:35:33.539253 </lastmod>
	</url><url>
		<loc> https://geoconnex.us/cuahsi/his/SNOTEL/201_AK_SNTL </loc>
		<lastmod> 2023-06-24 02:35:33.539276 </lastmod>
	</url><url>
		<loc> https://geoconnex.us/cuahsi/his/SNOTEL/561_UT_SNTL </loc>
		<lastmod> 2023-06-24 02:35:33.539299 </lastmod>
	</url><url>
		<loc> https://geoconnex.us/cuahsi/his/SNOTEL/562_MT_SNTL </loc>
		<lastmod> 2023-06-24 02:35:33.539322 </lastmod>
	</url><url>
		<loc> https://geoconnex.us/cuahsi/his/SNOTEL/563_OR_SNTL </loc>
		<lastmod> 2023-06-24 02:35:33.539344 </lastmod>
	</url><url>
		<loc> https://geoconnex.us/cuahsi/his/SNOTEL/564_CO_SNTL </loc>
		<lastmod> 2023-06-24 02:35:33.539367 </lastmod>
	</url><url>
		<loc> https://geoconnex.us/cuahsi/his/SNOTEL/565_CO_SNTL </loc>
		<lastmod> 2023-06-24 02:35:33.539389 </lastmod>
	</url><url>
		<loc> https://geoconnex.us/cuahsi/his/SNOTEL/566_UT_SNTL </loc>
		<lastmod> 2023-06-24 02:35:33.539412 </lastmod>
	</url><url>
		<loc> https://geoconnex.us/cuahsi/his/SNOTEL/1116_UT_SNTL </loc>
		<lastmod> 2023-06-24 02:35:33.539434 </lastmod>
	</url><url>
		<loc> https://geoconnex.us/cuahsi/his/SNOTEL/513_UT_SNTL </loc>
		<lastmod> 2023-06-24 02:35:33.539456 </lastmod>
	</url><url>
		<loc> https://geoconnex.us/cuahsi/his/SNOTEL/568_MT_SNTL </loc>
		<lastmod> 2023-06-24 02:35:33.539479 </lastmod>
	</url><url>
		<loc> https://geoconnex.us/cuahsi/his/SNOTEL/569_NV_SNTL </loc>
		<lastmod> 2023-06-24 02:35:33.539502 </lastmod>
	</url><url>
		<loc> https://geoconnex.us/cuahsi/his/SNOTEL/570_NV_SNTL </loc>
		<lastmod> 2023-06-24 02:35:33.539525 </lastmod>
	</url><url>
		<loc> https://geoconnex.us/cuahsi/his/SNOTEL/571_WY_SNTL </loc>
		<lastmod> 2023-06-24 02:35:33.539627 </lastmod>
	</url><url>
		<loc> https://geoconnex.us/cuahsi/his/SNOTEL/1134_WY_SNTL </loc>
		<lastmod> 2023-06-24 02:35:33.539682 </lastmod>
	</url><url>
		<loc> https://geoconnex.us/cuahsi/his/SNOTEL/572_UT_SNTL </loc>
		<lastmod> 2023-06-24 02:35:33.539707 </lastmod>
	</url><url>
		<loc> https://geoconnex.us/cuahsi/his/SNOTEL/1215_UT_SNTL </loc>
		<lastmod> 2023-06-24 02:35:33.539730 </lastmod>
	</url><url>
		<loc> https://geoconnex.us/cuahsi/his/SNOTEL/573_NV_SNTL </loc>
		<lastmod> 2023-06-24 02:35:33.539752 </lastmod>
	</url><url>
		<loc> https://geoconnex.us/cuahsi/his/SNOTEL/574_CA_SNTL </loc>
		<lastmod> 2023-06-24 02:35:33.539774 </lastmod>
	</url><url>
		<loc> https://geoconnex.us/cuahsi/his/SNOTEL/575_CA_SNTL </loc>
		<lastmod> 2023-06-24 02:35:33.539796 </lastmod>
	</url><url>
		<loc> https://geoconnex.us/cuahsi/his/SNOTEL/1112_NV_SNTL </loc>
		<lastmod> 2023-06-24 02:35:33.539818 </lastmod>
	</url><url>
		<loc> https://geoconnex.us/cuahsi/his/SNOTEL/576_MT_SNTL </loc>
		<lastmod> 2023-06-24 02:35:33.539840 </lastmod>
	</url><url>
		<loc> https://geoconnex.us/cuahsi/his/SNOTEL/577_WY_SNTL </loc>
		<lastmod> 2023-06-24 02:35:33.539862 </lastmod>
	</url><url>
		<loc> https://geoconnex.us/cuahsi/his/SNOTEL/1006_NV_SNTL </loc>
		<lastmod> 2023-06-24 02:35:33.539884 </lastmod>
	</url><url>
		<loc> https://geoconnex.us/cuahsi/his/SNOTEL/578_MT_SNTL </loc>
		<lastmod> 2023-06-24 02:35:33.539906 </lastmod>
	</url><url>
		<loc> https://geoconnex.us/cuahsi/his/SNOTEL/261_UT_SNTL </loc>
		<lastmod> 2023-06-24 02:35:33.539928 </lastmod>
	</url><url>
		<loc> https://geoconnex.us/cuahsi/his/SNOTEL/1056_UT_SNTL </loc>
		<lastmod> 2023-06-24 02:35:33.539949 </lastmod>
	</url><url>
		<loc> https://geoconnex.us/cuahsi/his/SNOTEL/579_UT_SNTL </loc>
		<lastmod> 2023-06-24 02:35:33.539971 </lastmod>
	</url><url>
		<loc> https://geoconnex.us/cuahsi/his/SNOTEL/580_CO_SNTL </loc>
		<lastmod> 2023-06-24 02:35:33.539994 </lastmod>
	</url><url>
		<loc> https://geoconnex.us/cuahsi/his/SNOTEL/582_UT_SNTL </loc>
		<lastmod> 2023-06-24 02:35:33.540016 </lastmod>
	</url><url>
		<loc> https://geoconnex.us/cuahsi/his/SNOTEL/947_AK_SNTL </loc>
		<lastmod> 2023-06-24 02:35:33.540038 </lastmod>
	</url><url>
		<loc> https://geoconnex.us/cuahsi/his/SNOTEL/1131_WY_SNTL </loc>
		<lastmod> 2023-06-24 02:35:33.540061 </lastmod>
	</url><url>
		<loc> https://geoconnex.us/cuahsi/his/SNOTEL/583_UT_SNTL </loc>
		<lastmod> 2023-06-24 02:35:33.540083 </lastmod>
	</url><url>
		<loc> https://geoconnex.us/cuahsi/his/SNOTEL/584_OR_SNTL </loc>
		<lastmod> 2023-06-24 02:35:33.540112 </lastmod>
	</url><url>
		<loc> https://geoconnex.us/cuahsi/his/SNOTEL/1047_WY_SNTL </loc>
		<lastmod> 2023-06-24 02:35:33.540135 </lastmod>
	</url><url>
		<loc> https://geoconnex.us/cuahsi/his/SNOTEL/1242_NV_SNTL </loc>
		<lastmod> 2023-06-24 02:35:33.540158 </lastmod>
	</url><url>
		<loc> https://geoconnex.us/cuahsi/his/SNOTEL/585_WY_SNTL </loc>
		<lastmod> 2023-06-24 02:35:33.540181 </lastmod>
	</url><url>
		<loc> https://geoconnex.us/cuahsi/his/SNOTEL/586_CO_SNTL </loc>
		<lastmod> 2023-06-24 02:35:33.540204 </lastmod>
	</url><url>
		<loc> https://geoconnex.us/cuahsi/his/SNOTEL/587_CA_SNTL </loc>
		<lastmod> 2023-06-24 02:35:33.540226 </lastmod>
	</url><url>
		<loc> https://geoconnex.us/cuahsi/his/SNOTEL/588_ID_SNTL </loc>
		<lastmod> 2023-06-24 02:35:33.540248 </lastmod>
	</url><url>
		<loc> https://geoconnex.us/cuahsi/his/SNOTEL/589_CO_SNTL </loc>
		<lastmod> 2023-06-24 02:35:33.540270 </lastmod>
	</url><url>
		<loc> https://geoconnex.us/cuahsi/his/SNOTEL/590_MT_SNTL </loc>
		<lastmod> 2023-06-24 02:35:33.540292 </lastmod>
	</url><url>
		<loc> https://geoconnex.us/cuahsi/his/SNOTEL/591_WA_SNTL </loc>
		<lastmod> 2023-06-24 02:35:33.540314 </lastmod>
	</url><url>
		<loc> https://geoconnex.us/cuahsi/his/SNOTEL/1261_UT_SNTL </loc>
		<lastmod> 2023-06-24 02:35:33.540337 </lastmod>
	</url><url>
		<loc> https://geoconnex.us/cuahsi/his/SNOTEL/1123_CO_SNTL </loc>
		<lastmod> 2023-06-24 02:35:33.540359 </lastmod>
	</url><url>
		<loc> https://geoconnex.us/cuahsi/his/SNOTEL/592_UT_SNTL </loc>
		<lastmod> 2023-06-24 02:35:33.540381 </lastmod>
	</url><url>
		<loc> https://geoconnex.us/cuahsi/his/SNOTEL/1001_AK_SNTL </loc>
		<lastmod> 2023-06-24 02:35:33.540403 </lastmod>
	</url><url>
		<loc> https://geoconnex.us/cuahsi/his/SNOTEL/1016_ID_SNTL </loc>
		<lastmod> 2023-06-24 02:35:33.540425 </lastmod>
	</url><url>
		<loc> https://geoconnex.us/cuahsi/his/SNOTEL/593_UT_SNTL </loc>
		<lastmod> 2023-06-24 02:35:33.540447 </lastmod>
	</url><url>
		<loc> https://geoconnex.us/cuahsi/his/SNOTEL/594_ID_SNTL </loc>
		<lastmod> 2023-06-24 02:35:33.540504 </lastmod>
	</url><url>
		<loc> https://geoconnex.us/cuahsi/his/SNOTEL/595_NM_SNTL </loc>
		<lastmod> 2023-06-24 02:35:33.540529 </lastmod>
	</url><url>
		<loc> https://geoconnex.us/cuahsi/his/SNOTEL/596_UT_SNTL </loc>
		<lastmod> 2023-06-24 02:35:33.540550 </lastmod>
	</url><url>
		<loc> https://geoconnex.us/cuahsi/his/SNOTEL/597_WY_SNTL </loc>
		<lastmod> 2023-06-24 02:35:33.540572 </lastmod>
	</url><url>
		<loc> https://geoconnex.us/cuahsi/his/SNOTEL/598_WY_SNTL </loc>
		<lastmod> 2023-06-24 02:35:33.540594 </lastmod>
	</url><url>
		<loc> https://geoconnex.us/cuahsi/his/SNOTEL/1118_UT_SNTL </loc>
		<lastmod> 2023-06-24 02:35:33.540616 </lastmod>
	</url><url>
		<loc> https://geoconnex.us/cuahsi/his/SNOTEL/940_CO_SNTL </loc>
		<lastmod> 2023-06-24 02:35:33.540637 </lastmod>
	</url><url>
		<loc> https://geoconnex.us/cuahsi/his/SNOTEL/599_WA_SNTL </loc>
		<lastmod> 2023-06-24 02:35:33.540660 </lastmod>
	</url><url>
		<loc> https://geoconnex.us/cuahsi/his/SNOTEL/600_ID_SNTL </loc>
		<lastmod> 2023-06-24 02:35:33.540683 </lastmod>
	</url><url>
		<loc> https://geoconnex.us/cuahsi/his/SNOTEL/601_ID_SNTL </loc>
		<lastmod> 2023-06-24 02:35:33.540705 </lastmod>
	</url><url>
		<loc> https://geoconnex.us/cuahsi/his/SNOTEL/972_UT_SNTL </loc>
		<lastmod> 2023-06-24 02:35:33.540727 </lastmod>
	</url><url>
		<loc> https://geoconnex.us/cuahsi/his/SNOTEL/602_CO_SNTL </loc>
		<lastmod> 2023-06-24 02:35:33.540750 </lastmod>
	</url><url>
		<loc> https://geoconnex.us/cuahsi/his/SNOTEL/1265_AK_SNTL </loc>
		<lastmod> 2023-06-24 02:35:33.540772 </lastmod>
	</url><url>
		<loc> https://geoconnex.us/cuahsi/his/SNOTEL/603_MT_SNTL </loc>
		<lastmod> 2023-06-24 02:35:33.540793 </lastmod>
	</url><url>
		<loc> https://geoconnex.us/cuahsi/his/SNOTEL/604_MT_SNTL </loc>
		<lastmod> 2023-06-24 02:35:33.540815 </lastmod>
	</url><url>
		<loc> https://geoconnex.us/cuahsi/his/SNOTEL/605_OR_SNTL </loc>
		<lastmod> 2023-06-24 02:35:33.540837 </lastmod>
	</url><url>
		<loc> https://geoconnex.us/cuahsi/his/SNOTEL/606_WA_SNTL </loc>
		<lastmod> 2023-06-24 02:35:33.540860 </lastmod>
	</url><url>
		<loc> https://geoconnex.us/cuahsi/his/SNOTEL/1069_WA_SNTL </loc>
		<lastmod> 2023-06-24 02:35:33.540882 </lastmod>
	</url><url>
		<loc> https://geoconnex.us/cuahsi/his/SNOTEL/607_CO_SNTL </loc>
		<lastmod> 2023-06-24 02:35:33.540904 </lastmod>
	</url><url>
		<loc> https://geoconnex.us/cuahsi/his/SNOTEL/608_OR_SNTL </loc>
		<lastmod> 2023-06-24 02:35:33.540926 </lastmod>
	</url><url>
		<loc> https://geoconnex.us/cuahsi/his/SNOTEL/609_MT_SNTL </loc>
		<lastmod> 2023-06-24 02:35:33.540948 </lastmod>
	</url><url>
		<loc> https://geoconnex.us/cuahsi/his/SNOTEL/610_ID_SNTL </loc>
		<lastmod> 2023-06-24 02:35:33.540970 </lastmod>
	</url><url>
		<loc> https://geoconnex.us/cuahsi/his/SNOTEL/611_SD_SNTL </loc>
		<lastmod> 2023-06-24 02:35:33.540992 </lastmod>
	</url><url>
		<loc> https://geoconnex.us/cuahsi/his/SNOTEL/612_UT_SNTL </loc>
		<lastmod> 2023-06-24 02:35:33.541014 </lastmod>
	</url><url>
		<loc> https://geoconnex.us/cuahsi/his/SNOTEL/905_CO_SNTL </loc>
		<lastmod> 2023-06-24 02:35:33.541036 </lastmod>
	</url><url>
		<loc> https://geoconnex.us/cuahsi/his/SNOTEL/613_MT_SNTL </loc>
		<lastmod> 2023-06-24 02:35:33.541058 </lastmod>
	</url><url>
		<loc> https://geoconnex.us/cuahsi/his/SNOTEL/614_OR_SNTL </loc>
		<lastmod> 2023-06-24 02:35:33.541080 </lastmod>
	</url><url>
		<loc> https://geoconnex.us/cuahsi/his/SNOTEL/615_NV_SNTL </loc>
		<lastmod> 2023-06-24 02:35:33.541102 </lastmod>
	</url><url>
		<loc> https://geoconnex.us/cuahsi/his/SNOTEL/616_WY_SNTL </loc>
		<lastmod> 2023-06-24 02:35:33.541123 </lastmod>
	</url><url>
		<loc> https://geoconnex.us/cuahsi/his/SNOTEL/999_WA_SNTL </loc>
		<lastmod> 2023-06-24 02:35:33.541145 </lastmod>
	</url><url>
		<loc> https://geoconnex.us/cuahsi/his/SNOTEL/617_AZ_SNTL </loc>
		<lastmod> 2023-06-24 02:35:33.541167 </lastmod>
	</url><url>
		<loc> https://geoconnex.us/cuahsi/his/SNOTEL/1096_AK_SNTL </loc>
		<lastmod> 2023-06-24 02:35:33.541189 </lastmod>
	</url><url>
		<loc> https://geoconnex.us/cuahsi/his/SNOTEL/254_MT_SNTL </loc>
		<lastmod> 2023-06-24 02:35:33.541211 </lastmod>
	</url><url>
		<loc> https://geoconnex.us/cuahsi/his/SNOTEL/618_CO_SNTL </loc>
		<lastmod> 2023-06-24 02:35:33.541232 </lastmod>
	</url><url>
		<loc> https://geoconnex.us/cuahsi/his/SNOTEL/1040_CO_SNTL </loc>
		<lastmod> 2023-06-24 02:35:33.541254 </lastmod>
	</url><url>
		<loc> https://geoconnex.us/cuahsi/his/SNOTEL/619_OR_SNTL </loc>
		<lastmod> 2023-06-24 02:35:33.541277 </lastmod>
	</url><url>
		<loc> https://geoconnex.us/cuahsi/his/SNOTEL/1048_NM_SNTL </loc>
		<lastmod> 2023-06-24 02:35:33.541299 </lastmod>
	</url><url>
		<loc> https://geoconnex.us/cuahsi/his/SNOTEL/1003_AK_SNTL </loc>
		<lastmod> 2023-06-24 02:35:33.541322 </lastmod>
	</url><url>
		<loc> https://geoconnex.us/cuahsi/his/SNOTEL/1191_AK_SNTL </loc>
		<lastmod> 2023-06-24 02:35:33.541344 </lastmod>
	</url><url>
		<loc> https://geoconnex.us/cuahsi/his/SNOTEL/620_ID_SNTL </loc>
		<lastmod> 2023-06-24 02:35:33.541367 </lastmod>
	</url><url>
		<loc> https://geoconnex.us/cuahsi/his/SNOTEL/897_WA_SNTL </loc>
		<lastmod> 2023-06-24 02:35:33.541389 </lastmod>
	</url><url>
		<loc> https://geoconnex.us/cuahsi/his/SNOTEL/1196_WY_SNTL </loc>
		<lastmod> 2023-06-24 02:35:33.541412 </lastmod>
	</url><url>
		<loc> https://geoconnex.us/cuahsi/his/SNOTEL/914_CO_SNTL </loc>
		<lastmod> 2023-06-24 02:35:33.541435 </lastmod>
	</url><url>
		<loc> https://geoconnex.us/cuahsi/his/SNOTEL/621_UT_SNTL </loc>
		<lastmod> 2023-06-24 02:35:33.541457 </lastmod>
	</url><url>
		<loc> https://geoconnex.us/cuahsi/his/SNOTEL/1207_NV_SNTL </loc>
		<lastmod> 2023-06-24 02:35:33.541487 </lastmod>
	</url><url>
		<loc> https://geoconnex.us/cuahsi/his/SNOTEL/622_CO_SNTL </loc>
		<lastmod> 2023-06-24 02:35:33.541510 </lastmod>
	</url><url>
		<loc> https://geoconnex.us/cuahsi/his/SNOTEL/1011_WA_SNTL </loc>
		<lastmod> 2023-06-24 02:35:33.541531 </lastmod>
	</url><url>
		<loc> https://geoconnex.us/cuahsi/his/SNOTEL/623_ID_SNTL </loc>
		<lastmod> 2023-06-24 02:35:33.541553 </lastmod>
	</url><url>
		<loc> https://geoconnex.us/cuahsi/his/SNOTEL/937_CO_SNTL </loc>
		<lastmod> 2023-06-24 02:35:33.541576 </lastmod>
	</url><url>
		<loc> https://geoconnex.us/cuahsi/his/SNOTEL/1206_NV_SNTL </loc>
		<lastmod> 2023-06-24 02:35:33.541613 </lastmod>
	</url><url>
		<loc> https://geoconnex.us/cuahsi/his/SNOTEL/624_CO_SNTL </loc>
		<lastmod> 2023-06-24 02:35:33.541634 </lastmod>
	</url><url>
		<loc> https://geoconnex.us/cuahsi/his/SNOTEL/1064_AK_SNTL </loc>
		<lastmod> 2023-06-24 02:35:33.541656 </lastmod>
	</url><url>
		<loc> https://geoconnex.us/cuahsi/his/SNOTEL/1014_CO_SNTL </loc>
		<lastmod> 2023-06-24 02:35:33.541678 </lastmod>
	</url><url>
		<loc> https://geoconnex.us/cuahsi/his/SNOTEL/625_WY_SNTL </loc>
		<lastmod> 2023-06-24 02:35:33.541700 </lastmod>
	</url><url>
		<loc> https://geoconnex.us/cuahsi/his/SNOTEL/626_UT_SNTL </loc>
		<lastmod> 2023-06-24 02:35:33.541720 </lastmod>
	</url><url>
		<loc> https://geoconnex.us/cuahsi/his/SNOTEL/1079_OR_SNTL </loc>
		<lastmod> 2023-06-24 02:35:33.541742 </lastmod>
	</url><url>
		<loc> https://geoconnex.us/cuahsi/his/SNOTEL/627_ID_SNTL </loc>
		<lastmod> 2023-06-24 02:35:33.541763 </lastmod>
	</url><url>
		<loc> https://geoconnex.us/cuahsi/his/SNOTEL/628_UT_SNTL </loc>
		<lastmod> 2023-06-24 02:35:33.541784 </lastmod>
	</url><url>
		<loc> https://geoconnex.us/cuahsi/his/SNOTEL/1084_OR_SNTL </loc>
		<lastmod> 2023-06-24 02:35:33.541806 </lastmod>
	</url><url>
		<loc> https://geoconnex.us/cuahsi/his/SNOTEL/629_CO_SNTL </loc>
		<lastmod> 2023-06-24 02:35:33.541827 </lastmod>
	</url><url>
		<loc> https://geoconnex.us/cuahsi/his/SNOTEL/630_WA_SNTL </loc>
		<lastmod> 2023-06-24 02:35:33.541848 </lastmod>
	</url><url>
		<loc> https://geoconnex.us/cuahsi/his/SNOTEL/631_UT_SNTL </loc>
		<lastmod> 2023-06-24 02:35:33.541869 </lastmod>
	</url><url>
		<loc> https://geoconnex.us/cuahsi/his/SNOTEL/262_WA_SNTL </loc>
		<lastmod> 2023-06-24 02:35:33.541890 </lastmod>
	</url><url>
		<loc> https://geoconnex.us/cuahsi/his/SNOTEL/632_CO_SNTL </loc>
		<lastmod> 2023-06-24 02:35:33.541911 </lastmod>
	</url><url>
		<loc> https://geoconnex.us/cuahsi/his/SNOTEL/1287_MT_SNTL </loc>
		<lastmod> 2023-06-24 02:35:33.541933 </lastmod>
	</url><url>
		<loc> https://geoconnex.us/cuahsi/his/SNOTEL/1094_AK_SNTL </loc>
		<lastmod> 2023-06-24 02:35:33.541954 </lastmod>
	</url><url>
		<loc> https://geoconnex.us/cuahsi/his/SNOTEL/633_CA_SNTL </loc>
		<lastmod> 2023-06-24 02:35:33.541975 </lastmod>
	</url><url>
		<loc> https://geoconnex.us/cuahsi/his/SNOTEL/634_UT_SNTL </loc>
		<lastmod> 2023-06-24 02:35:33.541997 </lastmod>
	</url><url>
		<loc> https://geoconnex.us/cuahsi/his/SNOTEL/949_AK_SNTL </loc>
		<lastmod> 2023-06-24 02:35:33.542018 </lastmod>
	</url><url>
		<loc> https://geoconnex.us/cuahsi/his/SNOTEL/635_MT_SNTL </loc>
		<lastmod> 2023-06-24 02:35:33.542039 </lastmod>
	</url><url>
		<loc> https://geoconnex.us/cuahsi/his/SNOTEL/1124_CO_SNTL </loc>
		<lastmod> 2023-06-24 02:35:33.542059 </lastmod>
	</url><url>
		<loc> https://geoconnex.us/cuahsi/his/SNOTEL/636_ID_SNTL </loc>
		<lastmod> 2023-06-24 02:35:33.542081 </lastmod>
	</url><url>
		<loc> https://geoconnex.us/cuahsi/his/SNOTEL/1176_AK_SNTL </loc>
		<lastmod> 2023-06-24 02:35:33.542102 </lastmod>
	</url><url>
		<loc> https://geoconnex.us/cuahsi/his/SNOTEL/638_ID_SNTL </loc>
		<lastmod> 2023-06-24 02:35:33.542123 </lastmod>
	</url><url>
		<loc> https://geoconnex.us/cuahsi/his/SNOTEL/1035_AK_SNTL </loc>
		<lastmod> 2023-06-24 02:35:33.542144 </lastmod>
	</url><url>
		<loc> https://geoconnex.us/cuahsi/his/SNOTEL/637_ID_SNTL </loc>
		<lastmod> 2023-06-24 02:35:33.542165 </lastmod>
	</url><url>
		<loc> https://geoconnex.us/cuahsi/his/SNOTEL/639_ID_SNTL </loc>
		<lastmod> 2023-06-24 02:35:33.542186 </lastmod>
	</url><url>
		<loc> https://geoconnex.us/cuahsi/his/SNOTEL/640_AZ_SNTL </loc>
		<lastmod> 2023-06-24 02:35:33.542207 </lastmod>
	</url><url>
		<loc> https://geoconnex.us/cuahsi/his/SNOTEL/1125_AZ_SNTL </loc>
		<lastmod> 2023-06-24 02:35:33.542228 </lastmod>
	</url><url>
		<loc> https://geoconnex.us/cuahsi/his/SNOTEL/642_WA_SNTL </loc>
		<lastmod> 2023-06-24 02:35:33.542249 </lastmod>
	</url><url>
		<loc> https://geoconnex.us/cuahsi/his/SNOTEL/643_UT_SNTL </loc>
		<lastmod> 2023-06-24 02:35:33.542270 </lastmod>
	</url><url>
		<loc> https://geoconnex.us/cuahsi/his/SNOTEL/989_ID_SNTL </loc>
		<lastmod> 2023-06-24 02:35:33.542316 </lastmod>
	</url><url>
		<loc> https://geoconnex.us/cuahsi/his/SNOTEL/644_WA_SNTL </loc>
		<lastmod> 2023-06-24 02:35:33.542338 </lastmod>
	</url><url>
		<loc> https://geoconnex.us/cuahsi/his/SNOTEL/645_ID_SNTL </loc>
		<lastmod> 2023-06-24 02:35:33.542360 </lastmod>
	</url><url>
		<loc> https://geoconnex.us/cuahsi/his/SNOTEL/646_MT_SNTL </loc>
		<lastmod> 2023-06-24 02:35:33.542382 </lastmod>
	</url><url>
		<loc> https://geoconnex.us/cuahsi/his/SNOTEL/647_OR_SNTL </loc>
		<lastmod> 2023-06-24 02:35:33.542404 </lastmod>
	</url><url>
		<loc> https://geoconnex.us/cuahsi/his/SNOTEL/648_WA_SNTL </loc>
		<lastmod> 2023-06-24 02:35:33.542426 </lastmod>
	</url><url>
		<loc> https://geoconnex.us/cuahsi/his/SNOTEL/898_WA_SNTL </loc>
		<lastmod> 2023-06-24 02:35:33.542448 </lastmod>
	</url><url>
		<loc> https://geoconnex.us/cuahsi/his/SNOTEL/649_MT_SNTL </loc>
		<lastmod> 2023-06-24 02:35:33.542469 </lastmod>
	</url><url>
		<loc> https://geoconnex.us/cuahsi/his/SNOTEL/650_ID_SNTL </loc>
		<lastmod> 2023-06-24 02:35:33.542491 </lastmod>
	</url><url>
		<loc> https://geoconnex.us/cuahsi/his/SNOTEL/941_WA_SNTL </loc>
		<lastmod> 2023-06-24 02:35:33.542513 </lastmod>
	</url><url>
		<loc> https://geoconnex.us/cuahsi/his/SNOTEL/1224_UT_SNTL </loc>
		<lastmod> 2023-06-24 02:35:33.542534 </lastmod>
	</url><url>
		<loc> https://geoconnex.us/cuahsi/his/SNOTEL/651_OR_SNTL </loc>
		<lastmod> 2023-06-24 02:35:33.542557 </lastmod>
	</url><url>
		<loc> https://geoconnex.us/cuahsi/his/SNOTEL/1269_UT_SNTL </loc>
		<lastmod> 2023-06-24 02:35:33.542579 </lastmod>
	</url><url>
		<loc> https://geoconnex.us/cuahsi/his/SNOTEL/652_NV_SNTL </loc>
		<lastmod> 2023-06-24 02:35:33.542601 </lastmod>
	</url><url>
		<loc> https://geoconnex.us/cuahsi/his/SNOTEL/1103_AK_SNTL </loc>
		<lastmod> 2023-06-24 02:35:33.542623 </lastmod>
	</url><url>
		<loc> https://geoconnex.us/cuahsi/his/SNOTEL/1073_AK_SNTL </loc>
		<lastmod> 2023-06-24 02:35:33.542645 </lastmod>
	</url><url>
		<loc> https://geoconnex.us/cuahsi/his/SNOTEL/653_OR_SNTL </loc>
		<lastmod> 2023-06-24 02:35:33.542667 </lastmod>
	</url><url>
		<loc> https://geoconnex.us/cuahsi/his/SNOTEL/258_NV_SNTL </loc>
		<lastmod> 2023-06-24 02:35:33.542689 </lastmod>
	</url><url>
		<loc> https://geoconnex.us/cuahsi/his/SNOTEL/948_AK_SNTL </loc>
		<lastmod> 2023-06-24 02:35:33.542711 </lastmod>
	</url><url>
		<loc> https://geoconnex.us/cuahsi/his/SNOTEL/1259_WA_SNTL </loc>
		<lastmod> 2023-06-24 02:35:33.542733 </lastmod>
	</url><url>
		<loc> https://geoconnex.us/cuahsi/his/SNOTEL/654_ID_SNTL </loc>
		<lastmod> 2023-06-24 02:35:33.542755 </lastmod>
	</url><url>
		<loc> https://geoconnex.us/cuahsi/his/SNOTEL/655_OR_SNTL </loc>
		<lastmod> 2023-06-24 02:35:33.542776 </lastmod>
	</url><url>
		<loc> https://geoconnex.us/cuahsi/his/SNOTEL/656_MT_SNTL </loc>
		<lastmod> 2023-06-24 02:35:33.542798 </lastmod>
	</url><url>
		<loc> https://geoconnex.us/cuahsi/his/SNOTEL/950_AK_SNTL </loc>
		<lastmod> 2023-06-24 02:35:33.542819 </lastmod>
	</url><url>
		<loc> https://geoconnex.us/cuahsi/his/SNOTEL/1053_ID_SNTL </loc>
		<lastmod> 2023-06-24 02:35:33.542841 </lastmod>
	</url><url>
		<loc> https://geoconnex.us/cuahsi/his/SNOTEL/657_MT_SNTL </loc>
		<lastmod> 2023-06-24 02:35:33.542863 </lastmod>
	</url><url>
		<loc> https://geoconnex.us/cuahsi/his/SNOTEL/658_CO_SNTL </loc>
		<lastmod> 2023-06-24 02:35:33.542885 </lastmod>
	</url><url>
		<loc> https://geoconnex.us/cuahsi/his/SNOTEL/1138_NM_SNTL </loc>
		<lastmod> 2023-06-24 02:35:33.542907 </lastmod>
	</url><url>
		<loc> https://geoconnex.us/cuahsi/his/SNOTEL/249_CO_SNTL </loc>
		<lastmod> 2023-06-24 02:35:33.542929 </lastmod>
	</url><url>
		<loc> https://geoconnex.us/cuahsi/his/SNOTEL/659_MT_SNTL </loc>
		<lastmod> 2023-06-24 02:35:33.542950 </lastmod>
	</url><url>
		<loc> https://geoconnex.us/cuahsi/his/SNOTEL/903_MT_SNTL </loc>
		<lastmod> 2023-06-24 02:35:33.542972 </lastmod>
	</url><url>
		<loc> https://geoconnex.us/cuahsi/his/SNOTEL/1031_CO_SNTL </loc>
		<lastmod> 2023-06-24 02:35:33.542993 </lastmod>
	</url><url>
		<loc> https://geoconnex.us/cuahsi/his/SNOTEL/660_OR_SNTL </loc>
		<lastmod> 2023-06-24 02:35:33.543015 </lastmod>
	</url><url>
		<loc> https://geoconnex.us/cuahsi/his/SNOTEL/661_WY_SNTL </loc>
		<lastmod> 2023-06-24 02:35:33.543036 </lastmod>
	</url><url>
		<loc> https://geoconnex.us/cuahsi/his/SNOTEL/662_MT_SNTL </loc>
		<lastmod> 2023-06-24 02:35:33.543058 </lastmod>
	</url><url>
		<loc> https://geoconnex.us/cuahsi/his/SNOTEL/663_CO_SNTL </loc>
		<lastmod> 2023-06-24 02:35:33.543113 </lastmod>
	</url><url>
		<loc> https://geoconnex.us/cuahsi/his/SNOTEL/664_MT_SNTL </loc>
		<lastmod> 2023-06-24 02:35:33.543137 </lastmod>
	</url><url>
		<loc> https://geoconnex.us/cuahsi/his/SNOTEL/665_NM_SNTL </loc>
		<lastmod> 2023-06-24 02:35:33.543159 </lastmod>
	</url><url>
		<loc> https://geoconnex.us/cuahsi/his/SNOTEL/666_OR_SNTL </loc>
		<lastmod> 2023-06-24 02:35:33.543181 </lastmod>
	</url><url>
		<loc> https://geoconnex.us/cuahsi/his/SNOTEL/667_MT_SNTL </loc>
		<lastmod> 2023-06-24 02:35:33.543203 </lastmod>
	</url><url>
		<loc> https://geoconnex.us/cuahsi/his/SNOTEL/668_WY_SNTL </loc>
		<lastmod> 2023-06-24 02:35:33.543225 </lastmod>
	</url><url>
		<loc> https://geoconnex.us/cuahsi/his/SNOTEL/669_CO_SNTL </loc>
		<lastmod> 2023-06-24 02:35:33.543246 </lastmod>
	</url><url>
		<loc> https://geoconnex.us/cuahsi/his/SNOTEL/920_SD_SNTL </loc>
		<lastmod> 2023-06-24 02:35:33.543277 </lastmod>
	</url><url>
		<loc> https://geoconnex.us/cuahsi/his/SNOTEL/670_MT_SNTL </loc>
		<lastmod> 2023-06-24 02:35:33.543301 </lastmod>
	</url><url>
		<loc> https://geoconnex.us/cuahsi/his/SNOTEL/267_WY_SNTL </loc>
		<lastmod> 2023-06-24 02:35:33.543323 </lastmod>
	</url><url>
		<loc> https://geoconnex.us/cuahsi/his/SNOTEL/1037_AK_SNTL </loc>
		<lastmod> 2023-06-24 02:35:33.543345 </lastmod>
	</url><url>
		<loc> https://geoconnex.us/cuahsi/his/SNOTEL/1127_AZ_SNTL </loc>
		<lastmod> 2023-06-24 02:35:33.543367 </lastmod>
	</url><url>
		<loc> https://geoconnex.us/cuahsi/his/SNOTEL/996_WA_SNTL </loc>
		<lastmod> 2023-06-24 02:35:33.543389 </lastmod>
	</url><url>
		<loc> https://geoconnex.us/cuahsi/his/SNOTEL/1146_UT_SNTL </loc>
		<lastmod> 2023-06-24 02:35:33.543411 </lastmod>
	</url><url>
		<loc> https://geoconnex.us/cuahsi/his/SNOTEL/671_OR_SNTL </loc>
		<lastmod> 2023-06-24 02:35:33.543433 </lastmod>
	</url><url>
		<loc> https://geoconnex.us/cuahsi/his/SNOTEL/672_WA_SNTL </loc>
		<lastmod> 2023-06-24 02:35:33.543454 </lastmod>
	</url><url>
		<loc> https://geoconnex.us/cuahsi/his/SNOTEL/673_WY_SNTL </loc>
		<lastmod> 2023-06-24 02:35:33.543476 </lastmod>
	</url><url>
		<loc> https://geoconnex.us/cuahsi/his/SNOTEL/1272_NV_SNTL </loc>
		<lastmod> 2023-06-24 02:35:33.543498 </lastmod>
	</url><url>
		<loc> https://geoconnex.us/cuahsi/his/SNOTEL/1008_MT_SNTL </loc>
		<lastmod> 2023-06-24 02:35:33.543520 </lastmod>
	</url><url>
		<loc> https://geoconnex.us/cuahsi/his/SNOTEL/675_CO_SNTL </loc>
		<lastmod> 2023-06-24 02:35:33.543542 </lastmod>
	</url><url>
		<loc> https://geoconnex.us/cuahsi/his/SNOTEL/676_WY_SNTL </loc>
		<lastmod> 2023-06-24 02:35:33.543564 </lastmod>
	</url><url>
		<loc> https://geoconnex.us/cuahsi/his/SNOTEL/677_ID_SNTL </loc>
		<lastmod> 2023-06-24 02:35:33.543586 </lastmod>
	</url><url>
		<loc> https://geoconnex.us/cuahsi/his/SNOTEL/1170_NM_SNTL </loc>
		<lastmod> 2023-06-24 02:35:33.543608 </lastmod>
	</url><url>
		<loc> https://geoconnex.us/cuahsi/his/SNOTEL/678_NM_SNTL </loc>
		<lastmod> 2023-06-24 02:35:33.543655 </lastmod>
	</url><url>
		<loc> https://geoconnex.us/cuahsi/his/SNOTEL/1148_UT_SNTL </loc>
		<lastmod> 2023-06-24 02:35:33.543703 </lastmod>
	</url><url>
		<loc> https://geoconnex.us/cuahsi/his/SNOTEL/679_WA_SNTL </loc>
		<lastmod> 2023-06-24 02:35:33.543726 </lastmod>
	</url><url>
		<loc> https://geoconnex.us/cuahsi/his/SNOTEL/986_AK_SNTL </loc>
		<lastmod> 2023-06-24 02:35:33.543748 </lastmod>
	</url><url>
		<loc> https://geoconnex.us/cuahsi/his/SNOTEL/680_CO_SNTL </loc>
		<lastmod> 2023-06-24 02:35:33.543769 </lastmod>
	</url><url>
		<loc> https://geoconnex.us/cuahsi/his/SNOTEL/681_WA_SNTL </loc>
		<lastmod> 2023-06-24 02:35:33.543791 </lastmod>
	</url><url>
		<loc> https://geoconnex.us/cuahsi/his/SNOTEL/682_CO_SNTL </loc>
		<lastmod> 2023-06-24 02:35:33.543812 </lastmod>
	</url><url>
		<loc> https://geoconnex.us/cuahsi/his/SNOTEL/683_WY_SNTL </loc>
		<lastmod> 2023-06-24 02:35:33.543833 </lastmod>
	</url><url>
		<loc> https://geoconnex.us/cuahsi/his/SNOTEL/684_UT_SNTL </loc>
		<lastmod> 2023-06-24 02:35:33.543855 </lastmod>
	</url><url>
		<loc> https://geoconnex.us/cuahsi/his/SNOTEL/971_UT_SNTL </loc>
		<lastmod> 2023-06-24 02:35:33.543877 </lastmod>
	</url><url>
		<loc> https://geoconnex.us/cuahsi/his/SNOTEL/685_CO_SNTL </loc>
		<lastmod> 2023-06-24 02:35:33.543900 </lastmod>
	</url><url>
		<loc> https://geoconnex.us/cuahsi/his/SNOTEL/686_UT_SNTL </loc>
		<lastmod> 2023-06-24 02:35:33.543922 </lastmod>
	</url><url>
		<loc> https://geoconnex.us/cuahsi/his/SNOTEL/687_OR_SNTL </loc>
		<lastmod> 2023-06-24 02:35:33.543944 </lastmod>
	</url><url>
		<loc> https://geoconnex.us/cuahsi/his/SNOTEL/1104_WA_SNTL </loc>
		<lastmod> 2023-06-24 02:35:33.543965 </lastmod>
	</url><url>
		<loc> https://geoconnex.us/cuahsi/his/SNOTEL/930_MT_SNTL </loc>
		<lastmod> 2023-06-24 02:35:33.543987 </lastmod>
	</url><url>
		<loc> https://geoconnex.us/cuahsi/his/SNOTEL/688_CO_SNTL </loc>
		<lastmod> 2023-06-24 02:35:33.544009 </lastmod>
	</url><url>
		<loc> https://geoconnex.us/cuahsi/his/SNOTEL/689_WY_SNTL </loc>
		<lastmod> 2023-06-24 02:35:33.544031 </lastmod>
	</url><url>
		<loc> https://geoconnex.us/cuahsi/his/SNOTEL/690_MT_SNTL </loc>
		<lastmod> 2023-06-24 02:35:33.544053 </lastmod>
	</url><url>
		<loc> https://geoconnex.us/cuahsi/his/SNOTEL/691_UT_SNTL </loc>
		<lastmod> 2023-06-24 02:35:33.544074 </lastmod>
	</url><url>
		<loc> https://geoconnex.us/cuahsi/his/SNOTEL/1142_ID_SNTL </loc>
		<lastmod> 2023-06-24 02:35:33.544107 </lastmod>
	</url><url>
		<loc> https://geoconnex.us/cuahsi/his/SNOTEL/692_WA_SNTL </loc>
		<lastmod> 2023-06-24 02:35:33.544128 </lastmod>
	</url><url>
		<loc> https://geoconnex.us/cuahsi/his/SNOTEL/693_MT_SNTL </loc>
		<lastmod> 2023-06-24 02:35:33.544150 </lastmod>
	</url><url>
		<loc> https://geoconnex.us/cuahsi/his/SNOTEL/694_UT_SNTL </loc>
		<lastmod> 2023-06-24 02:35:33.544172 </lastmod>
	</url><url>
		<loc> https://geoconnex.us/cuahsi/his/SNOTEL/695_ID_SNTL </loc>
		<lastmod> 2023-06-24 02:35:33.544194 </lastmod>
	</url><url>
		<loc> https://geoconnex.us/cuahsi/his/SNOTEL/1263_WA_SNTL </loc>
		<lastmod> 2023-06-24 02:35:33.544216 </lastmod>
	</url><url>
		<loc> https://geoconnex.us/cuahsi/his/SNOTEL/696_MT_SNTL </loc>
		<lastmod> 2023-06-24 02:35:33.544238 </lastmod>
	</url><url>
		<loc> https://geoconnex.us/cuahsi/his/SNOTEL/263_WA_SNTL </loc>
		<lastmod> 2023-06-24 02:35:33.544278 </lastmod>
	</url><url>
		<loc> https://geoconnex.us/cuahsi/his/SNOTEL/1133_WY_SNTL </loc>
		<lastmod> 2023-06-24 02:35:33.544300 </lastmod>
	</url><url>
		<loc> https://geoconnex.us/cuahsi/his/SNOTEL/1002_AK_SNTL </loc>
		<lastmod> 2023-06-24 02:35:33.544355 </lastmod>
	</url><url>
		<loc> https://geoconnex.us/cuahsi/his/SNOTEL/697_CA_SNTL </loc>
		<lastmod> 2023-06-24 02:35:33.544378 </lastmod>
	</url><url>
		<loc> https://geoconnex.us/cuahsi/his/SNOTEL/1244_NV_SNTL </loc>
		<lastmod> 2023-06-24 02:35:33.544400 </lastmod>
	</url><url>
		<loc> https://geoconnex.us/cuahsi/his/SNOTEL/698_NV_SNTL </loc>
		<lastmod> 2023-06-24 02:35:33.544423 </lastmod>
	</url><url>
		<loc> https://geoconnex.us/cuahsi/his/SNOTEL/932_MT_SNTL </loc>
		<lastmod> 2023-06-24 02:35:33.544446 </lastmod>
	</url><url>
		<loc> https://geoconnex.us/cuahsi/his/SNOTEL/699_WA_SNTL </loc>
		<lastmod> 2023-06-24 02:35:33.544468 </lastmod>
	</url><url>
		<loc> https://geoconnex.us/cuahsi/his/SNOTEL/700_MT_SNTL </loc>
		<lastmod> 2023-06-24 02:35:33.544507 </lastmod>
	</url><url>
		<loc> https://geoconnex.us/cuahsi/his/SNOTEL/701_CO_SNTL </loc>
		<lastmod> 2023-06-24 02:35:33.544529 </lastmod>
	</url><url>
		<loc> https://geoconnex.us/cuahsi/his/SNOTEL/987_AK_SNTL </loc>
		<lastmod> 2023-06-24 02:35:33.544551 </lastmod>
	</url><url>
		<loc> https://geoconnex.us/cuahsi/his/SNOTEL/702_WA_SNTL </loc>
		<lastmod> 2023-06-24 02:35:33.544573 </lastmod>
	</url><url>
		<loc> https://geoconnex.us/cuahsi/his/SNOTEL/703_WY_SNTL </loc>
		<lastmod> 2023-06-24 02:35:33.544594 </lastmod>
	</url><url>
		<loc> https://geoconnex.us/cuahsi/his/SNOTEL/704_ID_SNTL </loc>
		<lastmod> 2023-06-24 02:35:33.544616 </lastmod>
	</url><url>
		<loc> https://geoconnex.us/cuahsi/his/SNOTEL/705_AZ_SNTL </loc>
		<lastmod> 2023-06-24 02:35:33.544659 </lastmod>
	</url><url>
		<loc> https://geoconnex.us/cuahsi/his/SNOTEL/1177_AK_SNTL </loc>
		<lastmod> 2023-06-24 02:35:33.544682 </lastmod>
	</url><url>
		<loc> https://geoconnex.us/cuahsi/his/SNOTEL/706_OR_SNTL </loc>
		<lastmod> 2023-06-24 02:35:33.544704 </lastmod>
	</url><url>
		<loc> https://geoconnex.us/cuahsi/his/SNOTEL/707_WA_SNTL </loc>
		<lastmod> 2023-06-24 02:35:33.544727 </lastmod>
	</url><url>
		<loc> https://geoconnex.us/cuahsi/his/SNOTEL/708_NM_SNTL </loc>
		<lastmod> 2023-06-24 02:35:33.544749 </lastmod>
	</url><url>
		<loc> https://geoconnex.us/cuahsi/his/SNOTEL/709_CO_SNTL </loc>
		<lastmod> 2023-06-24 02:35:33.544772 </lastmod>
	</url><url>
		<loc> https://geoconnex.us/cuahsi/his/SNOTEL/1081_ID_SNTL </loc>
		<lastmod> 2023-06-24 02:35:33.544795 </lastmod>
	</url><url>
		<loc> https://geoconnex.us/cuahsi/his/SNOTEL/710_OR_SNTL </loc>
		<lastmod> 2023-06-24 02:35:33.544818 </lastmod>
	</url><url>
		<loc> https://geoconnex.us/cuahsi/his/SNOTEL/1110_NV_SNTL </loc>
		<lastmod> 2023-06-24 02:35:33.544841 </lastmod>
	</url><url>
		<loc> https://geoconnex.us/cuahsi/his/SNOTEL/711_WA_SNTL </loc>
		<lastmod> 2023-06-24 02:35:33.544863 </lastmod>
	</url><url>
		<loc> https://geoconnex.us/cuahsi/his/SNOTEL/1032_CO_SNTL </loc>
		<lastmod> 2023-06-24 02:35:33.544886 </lastmod>
	</url><url>
		<loc> https://geoconnex.us/cuahsi/his/SNOTEL/712_OR_SNTL </loc>
		<lastmod> 2023-06-24 02:35:33.544908 </lastmod>
	</url><url>
		<loc> https://geoconnex.us/cuahsi/his/SNOTEL/713_CO_SNTL </loc>
		<lastmod> 2023-06-24 02:35:33.544931 </lastmod>
	</url><url>
		<loc> https://geoconnex.us/cuahsi/his/SNOTEL/714_UT_SNTL </loc>
		<lastmod> 2023-06-24 02:35:33.544954 </lastmod>
	</url><url>
		<loc> https://geoconnex.us/cuahsi/his/SNOTEL/715_NM_SNTL </loc>
		<lastmod> 2023-06-24 02:35:33.544976 </lastmod>
	</url><url>
		<loc> https://geoconnex.us/cuahsi/his/SNOTEL/1225_UT_SNTL </loc>
		<lastmod> 2023-06-24 02:35:33.544999 </lastmod>
	</url><url>
		<loc> https://geoconnex.us/cuahsi/his/SNOTEL/1217_UT_SNTL </loc>
		<lastmod> 2023-06-24 02:35:33.545022 </lastmod>
	</url><url>
		<loc> https://geoconnex.us/cuahsi/his/SNOTEL/716_WY_SNTL </loc>
		<lastmod> 2023-06-24 02:35:33.545045 </lastmod>
	</url><url>
		<loc> https://geoconnex.us/cuahsi/his/SNOTEL/911_WA_SNTL </loc>
		<lastmod> 2023-06-24 02:35:33.545067 </lastmod>
	</url><url>
		<loc> https://geoconnex.us/cuahsi/his/SNOTEL/2029_ID_SNTL </loc>
		<lastmod> 2023-06-24 02:35:33.545090 </lastmod>
	</url><url>
		<loc> https://geoconnex.us/cuahsi/his/SNOTEL/1178_AK_SNTL </loc>
		<lastmod> 2023-06-24 02:35:33.545113 </lastmod>
	</url><url>
		<loc> https://geoconnex.us/cuahsi/his/SNOTEL/933_NM_SNTL </loc>
		<lastmod> 2023-06-24 02:35:33.545135 </lastmod>
	</url><url>
		<loc> https://geoconnex.us/cuahsi/his/SNOTEL/1254_NM_SNTL </loc>
		<lastmod> 2023-06-24 02:35:33.545158 </lastmod>
	</url><url>
		<loc> https://geoconnex.us/cuahsi/his/SNOTEL/717_CO_SNTL </loc>
		<lastmod> 2023-06-24 02:35:33.545180 </lastmod>
	</url><url>
		<loc> https://geoconnex.us/cuahsi/his/SNOTEL/718_CO_SNTL </loc>
		<lastmod> 2023-06-24 02:35:33.545203 </lastmod>
	</url><url>
		<loc> https://geoconnex.us/cuahsi/his/SNOTEL/719_OR_SNTL </loc>
		<lastmod> 2023-06-24 02:35:33.545228 </lastmod>
	</url><url>
		<loc> https://geoconnex.us/cuahsi/his/SNOTEL/720_UT_SNTL </loc>
		<lastmod> 2023-06-24 02:35:33.545251 </lastmod>
	</url><url>
		<loc> https://geoconnex.us/cuahsi/his/SNOTEL/721_OR_SNTL </loc>
		<lastmod> 2023-06-24 02:35:33.545274 </lastmod>
	</url><url>
		<loc> https://geoconnex.us/cuahsi/his/SNOTEL/722_MT_SNTL </loc>
		<lastmod> 2023-06-24 02:35:33.545297 </lastmod>
	</url><url>
		<loc> https://geoconnex.us/cuahsi/his/SNOTEL/723_UT_SNTL </loc>
		<lastmod> 2023-06-24 02:35:33.545319 </lastmod>
	</url><url>
		<loc> https://geoconnex.us/cuahsi/his/SNOTEL/917_MT_SNTL </loc>
		<lastmod> 2023-06-24 02:35:33.545343 </lastmod>
	</url><url>
		<loc> https://geoconnex.us/cuahsi/his/SNOTEL/973_AK_SNTL </loc>
		<lastmod> 2023-06-24 02:35:33.545365 </lastmod>
	</url><url>
		<loc> https://geoconnex.us/cuahsi/his/SNOTEL/939_CO_SNTL </loc>
		<lastmod> 2023-06-24 02:35:33.545388 </lastmod>
	</url><url>
		<loc> https://geoconnex.us/cuahsi/his/SNOTEL/724_CA_SNTL </loc>
		<lastmod> 2023-06-24 02:35:33.545411 </lastmod>
	</url><url>
		<loc> https://geoconnex.us/cuahsi/his/SNOTEL/725_MT_SNTL </loc>
		<lastmod> 2023-06-24 02:35:33.545434 </lastmod>
	</url><url>
		<loc> https://geoconnex.us/cuahsi/his/SNOTEL/929_MT_SNTL </loc>
		<lastmod> 2023-06-24 02:35:33.545463 </lastmod>
	</url><url>
		<loc> https://geoconnex.us/cuahsi/his/SNOTEL/726_OR_SNTL </loc>
		<lastmod> 2023-06-24 02:35:33.545486 </lastmod>
	</url><url>
		<loc> https://geoconnex.us/cuahsi/his/SNOTEL/727_MT_SNTL </loc>
		<lastmod> 2023-06-24 02:35:33.545509 </lastmod>
	</url><url>
		<loc> https://geoconnex.us/cuahsi/his/SNOTEL/1015_WY_SNTL </loc>
		<lastmod> 2023-06-24 02:35:33.545549 </lastmod>
	</url><url>
		<loc> https://geoconnex.us/cuahsi/his/SNOTEL/1183_AK_SNTL </loc>
		<lastmod> 2023-06-24 02:35:33.545571 </lastmod>
	</url><url>
		<loc> https://geoconnex.us/cuahsi/his/SNOTEL/1100_CO_SNTL </loc>
		<lastmod> 2023-06-24 02:35:33.545593 </lastmod>
	</url><url>
		<loc> https://geoconnex.us/cuahsi/his/SNOTEL/728_WA_SNTL </loc>
		<lastmod> 2023-06-24 02:35:33.545615 </lastmod>
	</url><url>
		<loc> https://geoconnex.us/cuahsi/his/SNOTEL/729_OR_SNTL </loc>
		<lastmod> 2023-06-24 02:35:33.545637 </lastmod>
	</url><url>
		<loc> https://geoconnex.us/cuahsi/his/SNOTEL/730_WY_SNTL </loc>
		<lastmod> 2023-06-24 02:35:33.545659 </lastmod>
	</url><url>
		<loc> https://geoconnex.us/cuahsi/his/SNOTEL/1172_NM_SNTL </loc>
		<lastmod> 2023-06-24 02:35:33.545681 </lastmod>
	</url><url>
		<loc> https://geoconnex.us/cuahsi/his/SNOTEL/731_WY_SNTL </loc>
		<lastmod> 2023-06-24 02:35:33.545703 </lastmod>
	</url><url>
		<loc> https://geoconnex.us/cuahsi/his/SNOTEL/732_WY_SNTL </loc>
		<lastmod> 2023-06-24 02:35:33.545725 </lastmod>
	</url><url>
		<loc> https://geoconnex.us/cuahsi/his/SNOTEL/922_NM_SNTL </loc>
		<lastmod> 2023-06-24 02:35:33.545747 </lastmod>
	</url><url>
		<loc> https://geoconnex.us/cuahsi/his/SNOTEL/1280_UT_SNTL </loc>
		<lastmod> 2023-06-24 02:35:33.545787 </lastmod>
	</url><url>
		<loc> https://geoconnex.us/cuahsi/his/SNOTEL/733_OR_SNTL </loc>
		<lastmod> 2023-06-24 02:35:33.545810 </lastmod>
	</url><url>
		<loc> https://geoconnex.us/cuahsi/his/SNOTEL/1128_CO_SNTL </loc>
		<lastmod> 2023-06-24 02:35:33.545833 </lastmod>
	</url><url>
		<loc> https://geoconnex.us/cuahsi/his/SNOTEL/734_WA_SNTL </loc>
		<lastmod> 2023-06-24 02:35:33.545855 </lastmod>
	</url><url>
		<loc> https://geoconnex.us/cuahsi/his/SNOTEL/1231_WA_SNTL </loc>
		<lastmod> 2023-06-24 02:35:33.545878 </lastmod>
	</url><url>
		<loc> https://geoconnex.us/cuahsi/his/SNOTEL/735_ID_SNTL </loc>
		<lastmod> 2023-06-24 02:35:33.545948 </lastmod>
	</url><url>
		<loc> https://geoconnex.us/cuahsi/his/SNOTEL/1068_WA_SNTL </loc>
		<lastmod> 2023-06-24 02:35:33.545971 </lastmod>
	</url><url>
		<loc> https://geoconnex.us/cuahsi/his/SNOTEL/1251_CO_SNTL </loc>
		<lastmod> 2023-06-24 02:35:33.545994 </lastmod>
	</url><url>
		<loc> https://geoconnex.us/cuahsi/his/SNOTEL/736_OR_SNTL </loc>
		<lastmod> 2023-06-24 02:35:33.546016 </lastmod>
	</url><url>
		<loc> https://geoconnex.us/cuahsi/his/SNOTEL/737_CO_SNTL </loc>
		<lastmod> 2023-06-24 02:35:33.546038 </lastmod>
	</url><url>
		<loc> https://geoconnex.us/cuahsi/his/SNOTEL/915_ID_SNTL </loc>
		<lastmod> 2023-06-24 02:35:33.546061 </lastmod>
	</url><url>
		<loc> https://geoconnex.us/cuahsi/his/SNOTEL/738_ID_SNTL </loc>
		<lastmod> 2023-06-24 02:35:33.546083 </lastmod>
	</url><url>
		<loc> https://geoconnex.us/cuahsi/his/SNOTEL/1038_ID_SNTL </loc>
		<lastmod> 2023-06-24 02:35:33.546104 </lastmod>
	</url><url>
		<loc> https://geoconnex.us/cuahsi/his/SNOTEL/739_CO_SNTL </loc>
		<lastmod> 2023-06-24 02:35:33.546126 </lastmod>
	</url><url>
		<loc> https://geoconnex.us/cuahsi/his/SNOTEL/740_ID_SNTL </loc>
		<lastmod> 2023-06-24 02:35:33.546148 </lastmod>
	</url><url>
		<loc> https://geoconnex.us/cuahsi/his/SNOTEL/741_ID_SNTL </loc>
		<lastmod> 2023-06-24 02:35:33.546171 </lastmod>
	</url><url>
		<loc> https://geoconnex.us/cuahsi/his/SNOTEL/742_UT_SNTL </loc>
		<lastmod> 2023-06-24 02:35:33.546193 </lastmod>
	</url><url>
		<loc> https://geoconnex.us/cuahsi/his/SNOTEL/743_OR_SNTL </loc>
		<lastmod> 2023-06-24 02:35:33.546215 </lastmod>
	</url><url>
		<loc> https://geoconnex.us/cuahsi/his/SNOTEL/744_NM_SNTL </loc>
		<lastmod> 2023-06-24 02:35:33.546237 </lastmod>
	</url><url>
		<loc> https://geoconnex.us/cuahsi/his/SNOTEL/1043_WA_SNTL </loc>
		<lastmod> 2023-06-24 02:35:33.546259 </lastmod>
	</url><url>
		<loc> https://geoconnex.us/cuahsi/his/SNOTEL/745_OR_SNTL </loc>
		<lastmod> 2023-06-24 02:35:33.546281 </lastmod>
	</url><url>
		<loc> https://geoconnex.us/cuahsi/his/SNOTEL/746_NV_SNTL </loc>
		<lastmod> 2023-06-24 02:35:33.546304 </lastmod>
	</url><url>
		<loc> https://geoconnex.us/cuahsi/his/SNOTEL/747_ID_SNTL </loc>
		<lastmod> 2023-06-24 02:35:33.546325 </lastmod>
	</url><url>
		<loc> https://geoconnex.us/cuahsi/his/SNOTEL/1060_CO_SNTL </loc>
		<lastmod> 2023-06-24 02:35:33.546366 </lastmod>
	</url><url>
		<loc> https://geoconnex.us/cuahsi/his/SNOTEL/748_WA_SNTL </loc>
		<lastmod> 2023-06-24 02:35:33.546389 </lastmod>
	</url><url>
		<loc> https://geoconnex.us/cuahsi/his/SNOTEL/749_ID_SNTL </loc>
		<lastmod> 2023-06-24 02:35:33.546412 </lastmod>
	</url></ns0:urlset>