<?xml version='1.0' encoding='utf-8'?>
<ns0:urlset xmlns:ns0="http://www.sitemaps.org/schemas/sitemap/0.9">
<url>
		<loc> https://geoconnex.us/cuahsi/his/Isábena/Barasona </loc>
		<lastmod> 2023-05-03 17:16:16.431434 </lastmod>
	</url><url>
		<loc> https://geoconnex.us/cuahsi/his/Isábena/Cab1 </loc>
		<lastmod> 2023-05-03 17:16:16.431471 </lastmod>
	</url><url>
		<loc> https://geoconnex.us/cuahsi/his/Isábena/Cab2 </loc>
		<lastmod> 2023-05-03 17:16:16.431493 </lastmod>
	</url><url>
		<loc> https://geoconnex.us/cuahsi/his/Isábena/Calvera </loc>
		<lastmod> 2023-05-03 17:16:16.431511 </lastmod>
	</url><url>
		<loc> https://geoconnex.us/cuahsi/his/Isábena/Campo </loc>
		<lastmod> 2023-05-03 17:16:16.431528 </lastmod>
	</url><url>
		<loc> https://geoconnex.us/cuahsi/his/Isábena/Capella </loc>
		<lastmod> 2023-05-03 17:16:16.431545 </lastmod>
	</url><url>
		<loc> https://geoconnex.us/cuahsi/his/Isábena/Car </loc>
		<lastmod> 2023-05-03 17:16:16.431561 </lastmod>
	</url><url>
		<loc> https://geoconnex.us/cuahsi/his/Isábena/Carrasquero </loc>
		<lastmod> 2023-05-03 17:16:16.431578 </lastmod>
	</url><url>
		<loc> https://geoconnex.us/cuahsi/his/Isábena/Casa_Llera </loc>
		<lastmod> 2023-05-03 17:16:16.431594 </lastmod>
	</url><url>
		<loc> https://geoconnex.us/cuahsi/his/Isábena/Castigaleu </loc>
		<lastmod> 2023-05-03 17:16:16.431611 </lastmod>
	</url><url>
		<loc> https://geoconnex.us/cuahsi/his/Isábena/Ceg1 </loc>
		<lastmod> 2023-05-03 17:16:16.431627 </lastmod>
	</url><url>
		<loc> https://geoconnex.us/cuahsi/his/Isábena/Ceg2 </loc>
		<lastmod> 2023-05-03 17:16:16.431643 </lastmod>
	</url><url>
		<loc> https://geoconnex.us/cuahsi/his/Isábena/Ceguera </loc>
		<lastmod> 2023-05-03 17:16:16.431659 </lastmod>
	</url><url>
		<loc> https://geoconnex.us/cuahsi/his/Isábena/Cerler </loc>
		<lastmod> 2023-05-03 17:16:16.431693 </lastmod>
	</url><url>
		<loc> https://geoconnex.us/cuahsi/his/Isábena/Chordal </loc>
		<lastmod> 2023-05-03 17:16:16.431710 </lastmod>
	</url><url>
		<loc> https://geoconnex.us/cuahsi/his/Isábena/El_Grado </loc>
		<lastmod> 2023-05-03 17:16:16.431726 </lastmod>
	</url><url>
		<loc> https://geoconnex.us/cuahsi/his/Isábena/Eriste </loc>
		<lastmod> 2023-05-03 17:16:16.431741 </lastmod>
	</url><url>
		<loc> https://geoconnex.us/cuahsi/his/Isábena/Las_Paules </loc>
		<lastmod> 2023-05-03 17:16:16.431757 </lastmod>
	</url><url>
		<loc> https://geoconnex.us/cuahsi/his/Isábena/Las1 </loc>
		<lastmod> 2023-05-03 17:16:16.431773 </lastmod>
	</url><url>
		<loc> https://geoconnex.us/cuahsi/his/Isábena/Las2 </loc>
		<lastmod> 2023-05-03 17:16:16.431789 </lastmod>
	</url><url>
		<loc> https://geoconnex.us/cuahsi/his/Isábena/Lascuarre_tube </loc>
		<lastmod> 2023-05-03 17:16:16.431805 </lastmod>
	</url><url>
		<loc> https://geoconnex.us/cuahsi/his/Isábena/Roda </loc>
		<lastmod> 2023-05-03 17:16:16.431822 </lastmod>
	</url><url>
		<loc> https://geoconnex.us/cuahsi/his/Isábena/Samper </loc>
		<lastmod> 2023-05-03 17:16:16.431837 </lastmod>
	</url><url>
		<loc> https://geoconnex.us/cuahsi/his/Isábena/Via1 </loc>
		<lastmod> 2023-05-03 17:16:16.431854 </lastmod>
	</url><url>
		<loc> https://geoconnex.us/cuahsi/his/Isábena/Via2 </loc>
		<lastmod> 2023-05-03 17:16:16.431869 </lastmod>
	</url><url>
		<loc> https://geoconnex.us/cuahsi/his/Isábena/Villacarli_Bridge </loc>
		<lastmod> 2023-05-03 17:16:16.431885 </lastmod>
	</url><url>
		<loc> https://geoconnex.us/cuahsi/his/Isábena/Villacarli_Bridge_1 </loc>
		<lastmod> 2023-05-03 17:16:16.431901 </lastmod>
	</url><url>
		<loc> https://geoconnex.us/cuahsi/his/Isábena/Villacarli_Bridge_2 </loc>
		<lastmod> 2023-05-03 17:16:16.431917 </lastmod>
	</url><url>
		<loc> https://geoconnex.us/cuahsi/his/Isábena/Villacarli </loc>
		<lastmod> 2023-05-03 17:16:16.431933 </lastmod>
	</url><url>
		<loc> https://geoconnex.us/cuahsi/his/Isábena/A01 </loc>
		<lastmod> 2023-05-03 17:16:16.431949 </lastmod>
	</url><url>
		<loc> https://geoconnex.us/cuahsi/his/Isábena/A02 </loc>
		<lastmod> 2023-05-03 17:16:16.431964 </lastmod>
	</url><url>
		<loc> https://geoconnex.us/cuahsi/his/Isábena/A03 </loc>
		<lastmod> 2023-05-03 17:16:16.431980 </lastmod>
	</url><url>
		<loc> https://geoconnex.us/cuahsi/his/Isábena/A04 </loc>
		<lastmod> 2023-05-03 17:16:16.431995 </lastmod>
	</url><url>
		<loc> https://geoconnex.us/cuahsi/his/Isábena/A05 </loc>
		<lastmod> 2023-05-03 17:16:16.432011 </lastmod>
	</url><url>
		<loc> https://geoconnex.us/cuahsi/his/Isábena/A06 </loc>
		<lastmod> 2023-05-03 17:16:16.432026 </lastmod>
	</url><url>
		<loc> https://geoconnex.us/cuahsi/his/Isábena/A07 </loc>
		<lastmod> 2023-05-03 17:16:16.432042 </lastmod>
	</url><url>
		<loc> https://geoconnex.us/cuahsi/his/Isábena/A08 </loc>
		<lastmod> 2023-05-03 17:16:16.432057 </lastmod>
	</url><url>
		<loc> https://geoconnex.us/cuahsi/his/Isábena/A10 </loc>
		<lastmod> 2023-05-03 17:16:16.432073 </lastmod>
	</url><url>
		<loc> https://geoconnex.us/cuahsi/his/Isábena/A11 </loc>
		<lastmod> 2023-05-03 17:16:16.432089 </lastmod>
	</url><url>
		<loc> https://geoconnex.us/cuahsi/his/Isábena/A12 </loc>
		<lastmod> 2023-05-03 17:16:16.432104 </lastmod>
	</url><url>
		<loc> https://geoconnex.us/cuahsi/his/Isábena/A14 </loc>
		<lastmod> 2023-05-03 17:16:16.432119 </lastmod>
	</url><url>
		<loc> https://geoconnex.us/cuahsi/his/Isábena/A15 </loc>
		<lastmod> 2023-05-03 17:16:16.432135 </lastmod>
	</url><url>
		<loc> https://geoconnex.us/cuahsi/his/Isábena/A16 </loc>
		<lastmod> 2023-05-03 17:16:16.432151 </lastmod>
	</url><url>
		<loc> https://geoconnex.us/cuahsi/his/Isábena/A17 </loc>
		<lastmod> 2023-05-03 17:16:16.432167 </lastmod>
	</url><url>
		<loc> https://geoconnex.us/cuahsi/his/Isábena/A18 </loc>
		<lastmod> 2023-05-03 17:16:16.432183 </lastmod>
	</url><url>
		<loc> https://geoconnex.us/cuahsi/his/Isábena/A19 </loc>
		<lastmod> 2023-05-03 17:16:16.432199 </lastmod>
	</url><url>
		<loc> https://geoconnex.us/cuahsi/his/Isábena/A20 </loc>
		<lastmod> 2023-05-03 17:16:16.432215 </lastmod>
	</url><url>
		<loc> https://geoconnex.us/cuahsi/his/Isábena/A21 </loc>
		<lastmod> 2023-05-03 17:16:16.432231 </lastmod>
	</url><url>
		<loc> https://geoconnex.us/cuahsi/his/Isábena/A22 </loc>
		<lastmod> 2023-05-03 17:16:16.432247 </lastmod>
	</url><url>
		<loc> https://geoconnex.us/cuahsi/his/Isábena/A23 </loc>
		<lastmod> 2023-05-03 17:16:16.432262 </lastmod>
	</url><url>
		<loc> https://geoconnex.us/cuahsi/his/Isábena/A24 </loc>
		<lastmod> 2023-05-03 17:16:16.432278 </lastmod>
	</url><url>
		<loc> https://geoconnex.us/cuahsi/his/Isábena/A25 </loc>
		<lastmod> 2023-05-03 17:16:16.432294 </lastmod>
	</url><url>
		<loc> https://geoconnex.us/cuahsi/his/Isábena/A26 </loc>
		<lastmod> 2023-05-03 17:16:16.432309 </lastmod>
	</url><url>
		<loc> https://geoconnex.us/cuahsi/his/Isábena/A27 </loc>
		<lastmod> 2023-05-03 17:16:16.432325 </lastmod>
	</url><url>
		<loc> https://geoconnex.us/cuahsi/his/Isábena/A28 </loc>
		<lastmod> 2023-05-03 17:16:16.432341 </lastmod>
	</url><url>
		<loc> https://geoconnex.us/cuahsi/his/Isábena/A30 </loc>
		<lastmod> 2023-05-03 17:16:16.432357 </lastmod>
	</url><url>
		<loc> https://geoconnex.us/cuahsi/his/Isábena/A31 </loc>
		<lastmod> 2023-05-03 17:16:16.432373 </lastmod>
	</url><url>
		<loc> https://geoconnex.us/cuahsi/his/Isábena/A32 </loc>
		<lastmod> 2023-05-03 17:16:16.432390 </lastmod>
	</url><url>
		<loc> https://geoconnex.us/cuahsi/his/Isábena/A33 </loc>
		<lastmod> 2023-05-03 17:16:16.432405 </lastmod>
	</url><url>
		<loc> https://geoconnex.us/cuahsi/his/Isábena/A35 </loc>
		<lastmod> 2023-05-03 17:16:16.432421 </lastmod>
	</url><url>
		<loc> https://geoconnex.us/cuahsi/his/Isábena/A37 </loc>
		<lastmod> 2023-05-03 17:16:16.432437 </lastmod>
	</url><url>
		<loc> https://geoconnex.us/cuahsi/his/Isábena/A38 </loc>
		<lastmod> 2023-05-03 17:16:16.432462 </lastmod>
	</url><url>
		<loc> https://geoconnex.us/cuahsi/his/Isábena/A39 </loc>
		<lastmod> 2023-05-03 17:16:16.432478 </lastmod>
	</url><url>
		<loc> https://geoconnex.us/cuahsi/his/Isábena/A40 </loc>
		<lastmod> 2023-05-03 17:16:16.432493 </lastmod>
	</url><url>
		<loc> https://geoconnex.us/cuahsi/his/Isábena/A41 </loc>
		<lastmod> 2023-05-03 17:16:16.432509 </lastmod>
	</url><url>
		<loc> https://geoconnex.us/cuahsi/his/Isábena/A42 </loc>
		<lastmod> 2023-05-03 17:16:16.432525 </lastmod>
	</url><url>
		<loc> https://geoconnex.us/cuahsi/his/Isábena/A43 </loc>
		<lastmod> 2023-05-03 17:16:16.432541 </lastmod>
	</url><url>
		<loc> https://geoconnex.us/cuahsi/his/Isábena/A44 </loc>
		<lastmod> 2023-05-03 17:16:16.432556 </lastmod>
	</url><url>
		<loc> https://geoconnex.us/cuahsi/his/Isábena/A45 </loc>
		<lastmod> 2023-05-03 17:16:16.432572 </lastmod>
	</url><url>
		<loc> https://geoconnex.us/cuahsi/his/Isábena/A46 </loc>
		<lastmod> 2023-05-03 17:16:16.432588 </lastmod>
	</url><url>
		<loc> https://geoconnex.us/cuahsi/his/Isábena/A47 </loc>
		<lastmod> 2023-05-03 17:16:16.432604 </lastmod>
	</url><url>
		<loc> https://geoconnex.us/cuahsi/his/Isábena/A48 </loc>
		<lastmod> 2023-05-03 17:16:16.432620 </lastmod>
	</url><url>
		<loc> https://geoconnex.us/cuahsi/his/Isábena/A49 </loc>
		<lastmod> 2023-05-03 17:16:16.432635 </lastmod>
	</url><url>
		<loc> https://geoconnex.us/cuahsi/his/Isábena/A50 </loc>
		<lastmod> 2023-05-03 17:16:16.432651 </lastmod>
	</url><url>
		<loc> https://geoconnex.us/cuahsi/his/Isábena/A51 </loc>
		<lastmod> 2023-05-03 17:16:16.432667 </lastmod>
	</url><url>
		<loc> https://geoconnex.us/cuahsi/his/Isábena/A52 </loc>
		<lastmod> 2023-05-03 17:16:16.432683 </lastmod>
	</url><url>
		<loc> https://geoconnex.us/cuahsi/his/Isábena/A53 </loc>
		<lastmod> 2023-05-03 17:16:16.432698 </lastmod>
	</url><url>
		<loc> https://geoconnex.us/cuahsi/his/Isábena/A54 </loc>
		<lastmod> 2023-05-03 17:16:16.432714 </lastmod>
	</url><url>
		<loc> https://geoconnex.us/cuahsi/his/Isábena/A55 </loc>
		<lastmod> 2023-05-03 17:16:16.432729 </lastmod>
	</url><url>
		<loc> https://geoconnex.us/cuahsi/his/Isábena/A56 </loc>
		<lastmod> 2023-05-03 17:16:16.432745 </lastmod>
	</url><url>
		<loc> https://geoconnex.us/cuahsi/his/Isábena/A57 </loc>
		<lastmod> 2023-05-03 17:16:16.432760 </lastmod>
	</url><url>
		<loc> https://geoconnex.us/cuahsi/his/Isábena/A58 </loc>
		<lastmod> 2023-05-03 17:16:16.432775 </lastmod>
	</url><url>
		<loc> https://geoconnex.us/cuahsi/his/Isábena/A59 </loc>
		<lastmod> 2023-05-03 17:16:16.432791 </lastmod>
	</url><url>
		<loc> https://geoconnex.us/cuahsi/his/Isábena/A60 </loc>
		<lastmod> 2023-05-03 17:16:16.432807 </lastmod>
	</url><url>
		<loc> https://geoconnex.us/cuahsi/his/Isábena/A61 </loc>
		<lastmod> 2023-05-03 17:16:16.432822 </lastmod>
	</url><url>
		<loc> https://geoconnex.us/cuahsi/his/Isábena/A62 </loc>
		<lastmod> 2023-05-03 17:16:16.432838 </lastmod>
	</url><url>
		<loc> https://geoconnex.us/cuahsi/his/Isábena/A63 </loc>
		<lastmod> 2023-05-03 17:16:16.432853 </lastmod>
	</url><url>
		<loc> https://geoconnex.us/cuahsi/his/Isábena/A64 </loc>
		<lastmod> 2023-05-03 17:16:16.432868 </lastmod>
	</url><url>
		<loc> https://geoconnex.us/cuahsi/his/Isábena/A65 </loc>
		<lastmod> 2023-05-03 17:16:16.432884 </lastmod>
	</url><url>
		<loc> https://geoconnex.us/cuahsi/his/Isábena/A66 </loc>
		<lastmod> 2023-05-03 17:16:16.432900 </lastmod>
	</url><url>
		<loc> https://geoconnex.us/cuahsi/his/Isábena/A67 </loc>
		<lastmod> 2023-05-03 17:16:16.432916 </lastmod>
	</url><url>
		<loc> https://geoconnex.us/cuahsi/his/Isábena/A69 </loc>
		<lastmod> 2023-05-03 17:16:16.432932 </lastmod>
	</url><url>
		<loc> https://geoconnex.us/cuahsi/his/Isábena/A70 </loc>
		<lastmod> 2023-05-03 17:16:16.432948 </lastmod>
	</url><url>
		<loc> https://geoconnex.us/cuahsi/his/Isábena/A71 </loc>
		<lastmod> 2023-05-03 17:16:16.432963 </lastmod>
	</url><url>
		<loc> https://geoconnex.us/cuahsi/his/Isábena/A72 </loc>
		<lastmod> 2023-05-03 17:16:16.432979 </lastmod>
	</url><url>
		<loc> https://geoconnex.us/cuahsi/his/Isábena/A73 </loc>
		<lastmod> 2023-05-03 17:16:16.432995 </lastmod>
	</url><url>
		<loc> https://geoconnex.us/cuahsi/his/Isábena/A74 </loc>
		<lastmod> 2023-05-03 17:16:16.433010 </lastmod>
	</url><url>
		<loc> https://geoconnex.us/cuahsi/his/Isábena/A75 </loc>
		<lastmod> 2023-05-03 17:16:16.433026 </lastmod>
	</url><url>
		<loc> https://geoconnex.us/cuahsi/his/Isábena/A79 </loc>
		<lastmod> 2023-05-03 17:16:16.433041 </lastmod>
	</url><url>
		<loc> https://geoconnex.us/cuahsi/his/Isábena/A80 </loc>
		<lastmod> 2023-05-03 17:16:16.433057 </lastmod>
	</url><url>
		<loc> https://geoconnex.us/cuahsi/his/Isábena/A81 </loc>
		<lastmod> 2023-05-03 17:16:16.433072 </lastmod>
	</url><url>
		<loc> https://geoconnex.us/cuahsi/his/Isábena/A82 </loc>
		<lastmod> 2023-05-03 17:16:16.433089 </lastmod>
	</url><url>
		<loc> https://geoconnex.us/cuahsi/his/Isábena/A83 </loc>
		<lastmod> 2023-05-03 17:16:16.433104 </lastmod>
	</url><url>
		<loc> https://geoconnex.us/cuahsi/his/Isábena/A84 </loc>
		<lastmod> 2023-05-03 17:16:16.433121 </lastmod>
	</url><url>
		<loc> https://geoconnex.us/cuahsi/his/Isábena/A85 </loc>
		<lastmod> 2023-05-03 17:16:16.433138 </lastmod>
	</url><url>
		<loc> https://geoconnex.us/cuahsi/his/Isábena/B01 </loc>
		<lastmod> 2023-05-03 17:16:16.433153 </lastmod>
	</url><url>
		<loc> https://geoconnex.us/cuahsi/his/Isábena/B02 </loc>
		<lastmod> 2023-05-03 17:16:16.433169 </lastmod>
	</url><url>
		<loc> https://geoconnex.us/cuahsi/his/Isábena/B04 </loc>
		<lastmod> 2023-05-03 17:16:16.433185 </lastmod>
	</url><url>
		<loc> https://geoconnex.us/cuahsi/his/Isábena/B05 </loc>
		<lastmod> 2023-05-03 17:16:16.433201 </lastmod>
	</url><url>
		<loc> https://geoconnex.us/cuahsi/his/Isábena/B06 </loc>
		<lastmod> 2023-05-03 17:16:16.433218 </lastmod>
	</url><url>
		<loc> https://geoconnex.us/cuahsi/his/Isábena/B07 </loc>
		<lastmod> 2023-05-03 17:16:16.433234 </lastmod>
	</url><url>
		<loc> https://geoconnex.us/cuahsi/his/Isábena/B08 </loc>
		<lastmod> 2023-05-03 17:16:16.433249 </lastmod>
	</url><url>
		<loc> https://geoconnex.us/cuahsi/his/Isábena/B09 </loc>
		<lastmod> 2023-05-03 17:16:16.433265 </lastmod>
	</url><url>
		<loc> https://geoconnex.us/cuahsi/his/Isábena/B10 </loc>
		<lastmod> 2023-05-03 17:16:16.433281 </lastmod>
	</url><url>
		<loc> https://geoconnex.us/cuahsi/his/Isábena/B11 </loc>
		<lastmod> 2023-05-03 17:16:16.433300 </lastmod>
	</url><url>
		<loc> https://geoconnex.us/cuahsi/his/Isábena/B12 </loc>
		<lastmod> 2023-05-03 17:16:16.433316 </lastmod>
	</url><url>
		<loc> https://geoconnex.us/cuahsi/his/Isábena/B13 </loc>
		<lastmod> 2023-05-03 17:16:16.433331 </lastmod>
	</url><url>
		<loc> https://geoconnex.us/cuahsi/his/Isábena/B14 </loc>
		<lastmod> 2023-05-03 17:16:16.433347 </lastmod>
	</url><url>
		<loc> https://geoconnex.us/cuahsi/his/Isábena/B15 </loc>
		<lastmod> 2023-05-03 17:16:16.433362 </lastmod>
	</url><url>
		<loc> https://geoconnex.us/cuahsi/his/Isábena/B16 </loc>
		<lastmod> 2023-05-03 17:16:16.433378 </lastmod>
	</url><url>
		<loc> https://geoconnex.us/cuahsi/his/Isábena/B17 </loc>
		<lastmod> 2023-05-03 17:16:16.433393 </lastmod>
	</url><url>
		<loc> https://geoconnex.us/cuahsi/his/Isábena/B18 </loc>
		<lastmod> 2023-05-03 17:16:16.433409 </lastmod>
	</url><url>
		<loc> https://geoconnex.us/cuahsi/his/Isábena/B19 </loc>
		<lastmod> 2023-05-03 17:16:16.433424 </lastmod>
	</url><url>
		<loc> https://geoconnex.us/cuahsi/his/Isábena/B20 </loc>
		<lastmod> 2023-05-03 17:16:16.433439 </lastmod>
	</url><url>
		<loc> https://geoconnex.us/cuahsi/his/Isábena/B21 </loc>
		<lastmod> 2023-05-03 17:16:16.433455 </lastmod>
	</url><url>
		<loc> https://geoconnex.us/cuahsi/his/Isábena/B22 </loc>
		<lastmod> 2023-05-03 17:16:16.433470 </lastmod>
	</url><url>
		<loc> https://geoconnex.us/cuahsi/his/Isábena/B24 </loc>
		<lastmod> 2023-05-03 17:16:16.433486 </lastmod>
	</url><url>
		<loc> https://geoconnex.us/cuahsi/his/Isábena/B25 </loc>
		<lastmod> 2023-05-03 17:16:16.433501 </lastmod>
	</url><url>
		<loc> https://geoconnex.us/cuahsi/his/Isábena/B26 </loc>
		<lastmod> 2023-05-03 17:16:16.433553 </lastmod>
	</url><url>
		<loc> https://geoconnex.us/cuahsi/his/Isábena/B27 </loc>
		<lastmod> 2023-05-03 17:16:16.433569 </lastmod>
	</url><url>
		<loc> https://geoconnex.us/cuahsi/his/Isábena/B28 </loc>
		<lastmod> 2023-05-03 17:16:16.433584 </lastmod>
	</url><url>
		<loc> https://geoconnex.us/cuahsi/his/Isábena/B29 </loc>
		<lastmod> 2023-05-03 17:16:16.433600 </lastmod>
	</url><url>
		<loc> https://geoconnex.us/cuahsi/his/Isábena/B30 </loc>
		<lastmod> 2023-05-03 17:16:16.433616 </lastmod>
	</url><url>
		<loc> https://geoconnex.us/cuahsi/his/Isábena/B31 </loc>
		<lastmod> 2023-05-03 17:16:16.433631 </lastmod>
	</url><url>
		<loc> https://geoconnex.us/cuahsi/his/Isábena/B32 </loc>
		<lastmod> 2023-05-03 17:16:16.433647 </lastmod>
	</url><url>
		<loc> https://geoconnex.us/cuahsi/his/Isábena/B35 </loc>
		<lastmod> 2023-05-03 17:16:16.433662 </lastmod>
	</url><url>
		<loc> https://geoconnex.us/cuahsi/his/Isábena/B36 </loc>
		<lastmod> 2023-05-03 17:16:16.433678 </lastmod>
	</url><url>
		<loc> https://geoconnex.us/cuahsi/his/Isábena/B37 </loc>
		<lastmod> 2023-05-03 17:16:16.433694 </lastmod>
	</url><url>
		<loc> https://geoconnex.us/cuahsi/his/Isábena/B38 </loc>
		<lastmod> 2023-05-03 17:16:16.433710 </lastmod>
	</url><url>
		<loc> https://geoconnex.us/cuahsi/his/Isábena/B39 </loc>
		<lastmod> 2023-05-03 17:16:16.433725 </lastmod>
	</url><url>
		<loc> https://geoconnex.us/cuahsi/his/Isábena/B40 </loc>
		<lastmod> 2023-05-03 17:16:16.433741 </lastmod>
	</url><url>
		<loc> https://geoconnex.us/cuahsi/his/Isábena/B41 </loc>
		<lastmod> 2023-05-03 17:16:16.433758 </lastmod>
	</url><url>
		<loc> https://geoconnex.us/cuahsi/his/Isábena/B43 </loc>
		<lastmod> 2023-05-03 17:16:16.433774 </lastmod>
	</url><url>
		<loc> https://geoconnex.us/cuahsi/his/Isábena/B44 </loc>
		<lastmod> 2023-05-03 17:16:16.433790 </lastmod>
	</url><url>
		<loc> https://geoconnex.us/cuahsi/his/Isábena/B45 </loc>
		<lastmod> 2023-05-03 17:16:16.433806 </lastmod>
	</url><url>
		<loc> https://geoconnex.us/cuahsi/his/Isábena/B46 </loc>
		<lastmod> 2023-05-03 17:16:16.433822 </lastmod>
	</url><url>
		<loc> https://geoconnex.us/cuahsi/his/Isábena/B47 </loc>
		<lastmod> 2023-05-03 17:16:16.433838 </lastmod>
	</url><url>
		<loc> https://geoconnex.us/cuahsi/his/Isábena/B48 </loc>
		<lastmod> 2023-05-03 17:16:16.433854 </lastmod>
	</url><url>
		<loc> https://geoconnex.us/cuahsi/his/Isábena/B49 </loc>
		<lastmod> 2023-05-03 17:16:16.433869 </lastmod>
	</url><url>
		<loc> https://geoconnex.us/cuahsi/his/Isábena/B50 </loc>
		<lastmod> 2023-05-03 17:16:16.433885 </lastmod>
	</url><url>
		<loc> https://geoconnex.us/cuahsi/his/Isábena/B51 </loc>
		<lastmod> 2023-05-03 17:16:16.433901 </lastmod>
	</url><url>
		<loc> https://geoconnex.us/cuahsi/his/Isábena/B52 </loc>
		<lastmod> 2023-05-03 17:16:16.433917 </lastmod>
	</url><url>
		<loc> https://geoconnex.us/cuahsi/his/Isábena/B53 </loc>
		<lastmod> 2023-05-03 17:16:16.433932 </lastmod>
	</url><url>
		<loc> https://geoconnex.us/cuahsi/his/Isábena/B54 </loc>
		<lastmod> 2023-05-03 17:16:16.433948 </lastmod>
	</url><url>
		<loc> https://geoconnex.us/cuahsi/his/Isábena/B55 </loc>
		<lastmod> 2023-05-03 17:16:16.433963 </lastmod>
	</url><url>
		<loc> https://geoconnex.us/cuahsi/his/Isábena/B56 </loc>
		<lastmod> 2023-05-03 17:16:16.433979 </lastmod>
	</url><url>
		<loc> https://geoconnex.us/cuahsi/his/Isábena/B57 </loc>
		<lastmod> 2023-05-03 17:16:16.433994 </lastmod>
	</url><url>
		<loc> https://geoconnex.us/cuahsi/his/Isábena/B58 </loc>
		<lastmod> 2023-05-03 17:16:16.434010 </lastmod>
	</url><url>
		<loc> https://geoconnex.us/cuahsi/his/Isábena/B59 </loc>
		<lastmod> 2023-05-03 17:16:16.434025 </lastmod>
	</url><url>
		<loc> https://geoconnex.us/cuahsi/his/Isábena/B60 </loc>
		<lastmod> 2023-05-03 17:16:16.434041 </lastmod>
	</url><url>
		<loc> https://geoconnex.us/cuahsi/his/Isábena/B61 </loc>
		<lastmod> 2023-05-03 17:16:16.434057 </lastmod>
	</url><url>
		<loc> https://geoconnex.us/cuahsi/his/Isábena/B63 </loc>
		<lastmod> 2023-05-03 17:16:16.434072 </lastmod>
	</url><url>
		<loc> https://geoconnex.us/cuahsi/his/Isábena/B64 </loc>
		<lastmod> 2023-05-03 17:16:16.434088 </lastmod>
	</url><url>
		<loc> https://geoconnex.us/cuahsi/his/Isábena/B65 </loc>
		<lastmod> 2023-05-03 17:16:16.434104 </lastmod>
	</url><url>
		<loc> https://geoconnex.us/cuahsi/his/Isábena/B66 </loc>
		<lastmod> 2023-05-03 17:16:16.434120 </lastmod>
	</url><url>
		<loc> https://geoconnex.us/cuahsi/his/Isábena/B67 </loc>
		<lastmod> 2023-05-03 17:16:16.434136 </lastmod>
	</url><url>
		<loc> https://geoconnex.us/cuahsi/his/Isábena/B68 </loc>
		<lastmod> 2023-05-03 17:16:16.434151 </lastmod>
	</url><url>
		<loc> https://geoconnex.us/cuahsi/his/Isábena/B69 </loc>
		<lastmod> 2023-05-03 17:16:16.434167 </lastmod>
	</url><url>
		<loc> https://geoconnex.us/cuahsi/his/Isábena/B70 </loc>
		<lastmod> 2023-05-03 17:16:16.434182 </lastmod>
	</url><url>
		<loc> https://geoconnex.us/cuahsi/his/Isábena/B71 </loc>
		<lastmod> 2023-05-03 17:16:16.434198 </lastmod>
	</url><url>
		<loc> https://geoconnex.us/cuahsi/his/Isábena/B72 </loc>
		<lastmod> 2023-05-03 17:16:16.434214 </lastmod>
	</url><url>
		<loc> https://geoconnex.us/cuahsi/his/Isábena/B73 </loc>
		<lastmod> 2023-05-03 17:16:16.434229 </lastmod>
	</url><url>
		<loc> https://geoconnex.us/cuahsi/his/Isábena/B74 </loc>
		<lastmod> 2023-05-03 17:16:16.434245 </lastmod>
	</url><url>
		<loc> https://geoconnex.us/cuahsi/his/Isábena/B75 </loc>
		<lastmod> 2023-05-03 17:16:16.434260 </lastmod>
	</url><url>
		<loc> https://geoconnex.us/cuahsi/his/Isábena/B76 </loc>
		<lastmod> 2023-05-03 17:16:16.434276 </lastmod>
	</url><url>
		<loc> https://geoconnex.us/cuahsi/his/Isábena/B77 </loc>
		<lastmod> 2023-05-03 17:16:16.434292 </lastmod>
	</url><url>
		<loc> https://geoconnex.us/cuahsi/his/Isábena/B78 </loc>
		<lastmod> 2023-05-03 17:16:16.434307 </lastmod>
	</url><url>
		<loc> https://geoconnex.us/cuahsi/his/Isábena/B79 </loc>
		<lastmod> 2023-05-03 17:16:16.434323 </lastmod>
	</url><url>
		<loc> https://geoconnex.us/cuahsi/his/Isábena/B80 </loc>
		<lastmod> 2023-05-03 17:16:16.434338 </lastmod>
	</url><url>
		<loc> https://geoconnex.us/cuahsi/his/Isábena/B81 </loc>
		<lastmod> 2023-05-03 17:16:16.434354 </lastmod>
	</url><url>
		<loc> https://geoconnex.us/cuahsi/his/Isábena/B82 </loc>
		<lastmod> 2023-05-03 17:16:16.434371 </lastmod>
	</url><url>
		<loc> https://geoconnex.us/cuahsi/his/Isábena/Cabecera </loc>
		<lastmod> 2023-05-03 17:16:16.434387 </lastmod>
	</url></ns0:urlset>