<?xml version='1.0' encoding='utf-8'?>
<ns0:urlset xmlns:ns0="http://www.sitemaps.org/schemas/sitemap/0.9">
<url>
		<loc> https://geoconnex.us/cuahsi/his/Isábena/Barasona </loc>
		<lastmod> 2022-08-22 15:28:13.986317 </lastmod>
	</url><url>
		<loc> https://geoconnex.us/cuahsi/his/Isábena/Cab1 </loc>
		<lastmod> 2022-08-22 15:28:13.986357 </lastmod>
	</url><url>
		<loc> https://geoconnex.us/cuahsi/his/Isábena/Cab2 </loc>
		<lastmod> 2022-08-22 15:28:13.986381 </lastmod>
	</url><url>
		<loc> https://geoconnex.us/cuahsi/his/Isábena/Calvera </loc>
		<lastmod> 2022-08-22 15:28:13.986401 </lastmod>
	</url><url>
		<loc> https://geoconnex.us/cuahsi/his/Isábena/Campo </loc>
		<lastmod> 2022-08-22 15:28:13.986418 </lastmod>
	</url><url>
		<loc> https://geoconnex.us/cuahsi/his/Isábena/Capella </loc>
		<lastmod> 2022-08-22 15:28:13.986436 </lastmod>
	</url><url>
		<loc> https://geoconnex.us/cuahsi/his/Isábena/Car </loc>
		<lastmod> 2022-08-22 15:28:13.986453 </lastmod>
	</url><url>
		<loc> https://geoconnex.us/cuahsi/his/Isábena/Carrasquero </loc>
		<lastmod> 2022-08-22 15:28:13.986471 </lastmod>
	</url><url>
		<loc> https://geoconnex.us/cuahsi/his/Isábena/Casa_Llera </loc>
		<lastmod> 2022-08-22 15:28:13.986488 </lastmod>
	</url><url>
		<loc> https://geoconnex.us/cuahsi/his/Isábena/Castigaleu </loc>
		<lastmod> 2022-08-22 15:28:13.986505 </lastmod>
	</url><url>
		<loc> https://geoconnex.us/cuahsi/his/Isábena/Ceg1 </loc>
		<lastmod> 2022-08-22 15:28:13.986522 </lastmod>
	</url><url>
		<loc> https://geoconnex.us/cuahsi/his/Isábena/Ceg2 </loc>
		<lastmod> 2022-08-22 15:28:13.986539 </lastmod>
	</url><url>
		<loc> https://geoconnex.us/cuahsi/his/Isábena/Ceguera </loc>
		<lastmod> 2022-08-22 15:28:13.986555 </lastmod>
	</url><url>
		<loc> https://geoconnex.us/cuahsi/his/Isábena/Cerler </loc>
		<lastmod> 2022-08-22 15:28:13.986589 </lastmod>
	</url><url>
		<loc> https://geoconnex.us/cuahsi/his/Isábena/Chordal </loc>
		<lastmod> 2022-08-22 15:28:13.986606 </lastmod>
	</url><url>
		<loc> https://geoconnex.us/cuahsi/his/Isábena/El_Grado </loc>
		<lastmod> 2022-08-22 15:28:13.986623 </lastmod>
	</url><url>
		<loc> https://geoconnex.us/cuahsi/his/Isábena/Eriste </loc>
		<lastmod> 2022-08-22 15:28:13.986640 </lastmod>
	</url><url>
		<loc> https://geoconnex.us/cuahsi/his/Isábena/Las_Paules </loc>
		<lastmod> 2022-08-22 15:28:13.986658 </lastmod>
	</url><url>
		<loc> https://geoconnex.us/cuahsi/his/Isábena/Las1 </loc>
		<lastmod> 2022-08-22 15:28:13.986675 </lastmod>
	</url><url>
		<loc> https://geoconnex.us/cuahsi/his/Isábena/Las2 </loc>
		<lastmod> 2022-08-22 15:28:13.986692 </lastmod>
	</url><url>
		<loc> https://geoconnex.us/cuahsi/his/Isábena/Lascuarre_tube </loc>
		<lastmod> 2022-08-22 15:28:13.986709 </lastmod>
	</url><url>
		<loc> https://geoconnex.us/cuahsi/his/Isábena/Roda </loc>
		<lastmod> 2022-08-22 15:28:13.986726 </lastmod>
	</url><url>
		<loc> https://geoconnex.us/cuahsi/his/Isábena/Samper </loc>
		<lastmod> 2022-08-22 15:28:13.986743 </lastmod>
	</url><url>
		<loc> https://geoconnex.us/cuahsi/his/Isábena/Via1 </loc>
		<lastmod> 2022-08-22 15:28:13.986760 </lastmod>
	</url><url>
		<loc> https://geoconnex.us/cuahsi/his/Isábena/Via2 </loc>
		<lastmod> 2022-08-22 15:28:13.986777 </lastmod>
	</url><url>
		<loc> https://geoconnex.us/cuahsi/his/Isábena/Villacarli_Bridge </loc>
		<lastmod> 2022-08-22 15:28:13.986794 </lastmod>
	</url><url>
		<loc> https://geoconnex.us/cuahsi/his/Isábena/Villacarli_Bridge_1 </loc>
		<lastmod> 2022-08-22 15:28:13.986835 </lastmod>
	</url><url>
		<loc> https://geoconnex.us/cuahsi/his/Isábena/Villacarli_Bridge_2 </loc>
		<lastmod> 2022-08-22 15:28:13.986869 </lastmod>
	</url><url>
		<loc> https://geoconnex.us/cuahsi/his/Isábena/Villacarli </loc>
		<lastmod> 2022-08-22 15:28:13.986886 </lastmod>
	</url><url>
		<loc> https://geoconnex.us/cuahsi/his/Isábena/A01 </loc>
		<lastmod> 2022-08-22 15:28:13.986903 </lastmod>
	</url><url>
		<loc> https://geoconnex.us/cuahsi/his/Isábena/A02 </loc>
		<lastmod> 2022-08-22 15:28:13.986939 </lastmod>
	</url><url>
		<loc> https://geoconnex.us/cuahsi/his/Isábena/A03 </loc>
		<lastmod> 2022-08-22 15:28:13.986955 </lastmod>
	</url><url>
		<loc> https://geoconnex.us/cuahsi/his/Isábena/A04 </loc>
		<lastmod> 2022-08-22 15:28:13.986972 </lastmod>
	</url><url>
		<loc> https://geoconnex.us/cuahsi/his/Isábena/A05 </loc>
		<lastmod> 2022-08-22 15:28:13.986988 </lastmod>
	</url><url>
		<loc> https://geoconnex.us/cuahsi/his/Isábena/A06 </loc>
		<lastmod> 2022-08-22 15:28:13.987005 </lastmod>
	</url><url>
		<loc> https://geoconnex.us/cuahsi/his/Isábena/A07 </loc>
		<lastmod> 2022-08-22 15:28:13.987021 </lastmod>
	</url><url>
		<loc> https://geoconnex.us/cuahsi/his/Isábena/A08 </loc>
		<lastmod> 2022-08-22 15:28:13.987038 </lastmod>
	</url><url>
		<loc> https://geoconnex.us/cuahsi/his/Isábena/A10 </loc>
		<lastmod> 2022-08-22 15:28:13.987055 </lastmod>
	</url><url>
		<loc> https://geoconnex.us/cuahsi/his/Isábena/A11 </loc>
		<lastmod> 2022-08-22 15:28:13.987072 </lastmod>
	</url><url>
		<loc> https://geoconnex.us/cuahsi/his/Isábena/A12 </loc>
		<lastmod> 2022-08-22 15:28:13.987104 </lastmod>
	</url><url>
		<loc> https://geoconnex.us/cuahsi/his/Isábena/A14 </loc>
		<lastmod> 2022-08-22 15:28:13.987120 </lastmod>
	</url><url>
		<loc> https://geoconnex.us/cuahsi/his/Isábena/A15 </loc>
		<lastmod> 2022-08-22 15:28:13.987136 </lastmod>
	</url><url>
		<loc> https://geoconnex.us/cuahsi/his/Isábena/A16 </loc>
		<lastmod> 2022-08-22 15:28:13.987152 </lastmod>
	</url><url>
		<loc> https://geoconnex.us/cuahsi/his/Isábena/A17 </loc>
		<lastmod> 2022-08-22 15:28:13.987169 </lastmod>
	</url><url>
		<loc> https://geoconnex.us/cuahsi/his/Isábena/A18 </loc>
		<lastmod> 2022-08-22 15:28:13.987202 </lastmod>
	</url><url>
		<loc> https://geoconnex.us/cuahsi/his/Isábena/A19 </loc>
		<lastmod> 2022-08-22 15:28:13.987236 </lastmod>
	</url><url>
		<loc> https://geoconnex.us/cuahsi/his/Isábena/A20 </loc>
		<lastmod> 2022-08-22 15:28:13.987253 </lastmod>
	</url><url>
		<loc> https://geoconnex.us/cuahsi/his/Isábena/A21 </loc>
		<lastmod> 2022-08-22 15:28:13.987271 </lastmod>
	</url><url>
		<loc> https://geoconnex.us/cuahsi/his/Isábena/A22 </loc>
		<lastmod> 2022-08-22 15:28:13.987303 </lastmod>
	</url><url>
		<loc> https://geoconnex.us/cuahsi/his/Isábena/A23 </loc>
		<lastmod> 2022-08-22 15:28:13.987338 </lastmod>
	</url><url>
		<loc> https://geoconnex.us/cuahsi/his/Isábena/A24 </loc>
		<lastmod> 2022-08-22 15:28:13.987379 </lastmod>
	</url><url>
		<loc> https://geoconnex.us/cuahsi/his/Isábena/A25 </loc>
		<lastmod> 2022-08-22 15:28:13.987396 </lastmod>
	</url><url>
		<loc> https://geoconnex.us/cuahsi/his/Isábena/A26 </loc>
		<lastmod> 2022-08-22 15:28:13.987414 </lastmod>
	</url><url>
		<loc> https://geoconnex.us/cuahsi/his/Isábena/A27 </loc>
		<lastmod> 2022-08-22 15:28:13.987431 </lastmod>
	</url><url>
		<loc> https://geoconnex.us/cuahsi/his/Isábena/A28 </loc>
		<lastmod> 2022-08-22 15:28:13.987449 </lastmod>
	</url><url>
		<loc> https://geoconnex.us/cuahsi/his/Isábena/A30 </loc>
		<lastmod> 2022-08-22 15:28:13.987466 </lastmod>
	</url><url>
		<loc> https://geoconnex.us/cuahsi/his/Isábena/A31 </loc>
		<lastmod> 2022-08-22 15:28:13.987499 </lastmod>
	</url><url>
		<loc> https://geoconnex.us/cuahsi/his/Isábena/A32 </loc>
		<lastmod> 2022-08-22 15:28:13.987516 </lastmod>
	</url><url>
		<loc> https://geoconnex.us/cuahsi/his/Isábena/A33 </loc>
		<lastmod> 2022-08-22 15:28:13.987533 </lastmod>
	</url><url>
		<loc> https://geoconnex.us/cuahsi/his/Isábena/A35 </loc>
		<lastmod> 2022-08-22 15:28:13.987550 </lastmod>
	</url><url>
		<loc> https://geoconnex.us/cuahsi/his/Isábena/A37 </loc>
		<lastmod> 2022-08-22 15:28:13.987582 </lastmod>
	</url><url>
		<loc> https://geoconnex.us/cuahsi/his/Isábena/A38 </loc>
		<lastmod> 2022-08-22 15:28:13.987599 </lastmod>
	</url><url>
		<loc> https://geoconnex.us/cuahsi/his/Isábena/A39 </loc>
		<lastmod> 2022-08-22 15:28:13.987615 </lastmod>
	</url><url>
		<loc> https://geoconnex.us/cuahsi/his/Isábena/A40 </loc>
		<lastmod> 2022-08-22 15:28:13.987632 </lastmod>
	</url><url>
		<loc> https://geoconnex.us/cuahsi/his/Isábena/A41 </loc>
		<lastmod> 2022-08-22 15:28:13.987648 </lastmod>
	</url><url>
		<loc> https://geoconnex.us/cuahsi/his/Isábena/A42 </loc>
		<lastmod> 2022-08-22 15:28:13.987665 </lastmod>
	</url><url>
		<loc> https://geoconnex.us/cuahsi/his/Isábena/A43 </loc>
		<lastmod> 2022-08-22 15:28:13.987682 </lastmod>
	</url><url>
		<loc> https://geoconnex.us/cuahsi/his/Isábena/A44 </loc>
		<lastmod> 2022-08-22 15:28:13.987698 </lastmod>
	</url><url>
		<loc> https://geoconnex.us/cuahsi/his/Isábena/A45 </loc>
		<lastmod> 2022-08-22 15:28:13.987715 </lastmod>
	</url><url>
		<loc> https://geoconnex.us/cuahsi/his/Isábena/A46 </loc>
		<lastmod> 2022-08-22 15:28:13.987731 </lastmod>
	</url><url>
		<loc> https://geoconnex.us/cuahsi/his/Isábena/A47 </loc>
		<lastmod> 2022-08-22 15:28:13.987748 </lastmod>
	</url><url>
		<loc> https://geoconnex.us/cuahsi/his/Isábena/A48 </loc>
		<lastmod> 2022-08-22 15:28:13.987765 </lastmod>
	</url><url>
		<loc> https://geoconnex.us/cuahsi/his/Isábena/A49 </loc>
		<lastmod> 2022-08-22 15:28:13.987781 </lastmod>
	</url><url>
		<loc> https://geoconnex.us/cuahsi/his/Isábena/A50 </loc>
		<lastmod> 2022-08-22 15:28:13.987799 </lastmod>
	</url><url>
		<loc> https://geoconnex.us/cuahsi/his/Isábena/A51 </loc>
		<lastmod> 2022-08-22 15:28:13.987816 </lastmod>
	</url><url>
		<loc> https://geoconnex.us/cuahsi/his/Isábena/A52 </loc>
		<lastmod> 2022-08-22 15:28:13.987833 </lastmod>
	</url><url>
		<loc> https://geoconnex.us/cuahsi/his/Isábena/A53 </loc>
		<lastmod> 2022-08-22 15:28:13.987850 </lastmod>
	</url><url>
		<loc> https://geoconnex.us/cuahsi/his/Isábena/A54 </loc>
		<lastmod> 2022-08-22 15:28:13.987866 </lastmod>
	</url><url>
		<loc> https://geoconnex.us/cuahsi/his/Isábena/A55 </loc>
		<lastmod> 2022-08-22 15:28:13.987883 </lastmod>
	</url><url>
		<loc> https://geoconnex.us/cuahsi/his/Isábena/A56 </loc>
		<lastmod> 2022-08-22 15:28:13.987899 </lastmod>
	</url><url>
		<loc> https://geoconnex.us/cuahsi/his/Isábena/A57 </loc>
		<lastmod> 2022-08-22 15:28:13.987916 </lastmod>
	</url><url>
		<loc> https://geoconnex.us/cuahsi/his/Isábena/A58 </loc>
		<lastmod> 2022-08-22 15:28:13.987932 </lastmod>
	</url><url>
		<loc> https://geoconnex.us/cuahsi/his/Isábena/A59 </loc>
		<lastmod> 2022-08-22 15:28:13.987949 </lastmod>
	</url><url>
		<loc> https://geoconnex.us/cuahsi/his/Isábena/A60 </loc>
		<lastmod> 2022-08-22 15:28:13.987966 </lastmod>
	</url><url>
		<loc> https://geoconnex.us/cuahsi/his/Isábena/A61 </loc>
		<lastmod> 2022-08-22 15:28:13.987982 </lastmod>
	</url><url>
		<loc> https://geoconnex.us/cuahsi/his/Isábena/A62 </loc>
		<lastmod> 2022-08-22 15:28:13.987998 </lastmod>
	</url><url>
		<loc> https://geoconnex.us/cuahsi/his/Isábena/A63 </loc>
		<lastmod> 2022-08-22 15:28:13.988015 </lastmod>
	</url><url>
		<loc> https://geoconnex.us/cuahsi/his/Isábena/A64 </loc>
		<lastmod> 2022-08-22 15:28:13.988032 </lastmod>
	</url><url>
		<loc> https://geoconnex.us/cuahsi/his/Isábena/A65 </loc>
		<lastmod> 2022-08-22 15:28:13.988048 </lastmod>
	</url><url>
		<loc> https://geoconnex.us/cuahsi/his/Isábena/A66 </loc>
		<lastmod> 2022-08-22 15:28:13.988065 </lastmod>
	</url><url>
		<loc> https://geoconnex.us/cuahsi/his/Isábena/A67 </loc>
		<lastmod> 2022-08-22 15:28:13.988082 </lastmod>
	</url><url>
		<loc> https://geoconnex.us/cuahsi/his/Isábena/A69 </loc>
		<lastmod> 2022-08-22 15:28:13.988099 </lastmod>
	</url><url>
		<loc> https://geoconnex.us/cuahsi/his/Isábena/A70 </loc>
		<lastmod> 2022-08-22 15:28:13.988115 </lastmod>
	</url><url>
		<loc> https://geoconnex.us/cuahsi/his/Isábena/A71 </loc>
		<lastmod> 2022-08-22 15:28:13.988132 </lastmod>
	</url><url>
		<loc> https://geoconnex.us/cuahsi/his/Isábena/A72 </loc>
		<lastmod> 2022-08-22 15:28:13.988148 </lastmod>
	</url><url>
		<loc> https://geoconnex.us/cuahsi/his/Isábena/A73 </loc>
		<lastmod> 2022-08-22 15:28:13.988165 </lastmod>
	</url><url>
		<loc> https://geoconnex.us/cuahsi/his/Isábena/A74 </loc>
		<lastmod> 2022-08-22 15:28:13.988181 </lastmod>
	</url><url>
		<loc> https://geoconnex.us/cuahsi/his/Isábena/A75 </loc>
		<lastmod> 2022-08-22 15:28:13.988198 </lastmod>
	</url><url>
		<loc> https://geoconnex.us/cuahsi/his/Isábena/A79 </loc>
		<lastmod> 2022-08-22 15:28:13.988215 </lastmod>
	</url><url>
		<loc> https://geoconnex.us/cuahsi/his/Isábena/A80 </loc>
		<lastmod> 2022-08-22 15:28:13.988231 </lastmod>
	</url><url>
		<loc> https://geoconnex.us/cuahsi/his/Isábena/A81 </loc>
		<lastmod> 2022-08-22 15:28:13.988248 </lastmod>
	</url><url>
		<loc> https://geoconnex.us/cuahsi/his/Isábena/A82 </loc>
		<lastmod> 2022-08-22 15:28:13.988265 </lastmod>
	</url><url>
		<loc> https://geoconnex.us/cuahsi/his/Isábena/A83 </loc>
		<lastmod> 2022-08-22 15:28:13.988282 </lastmod>
	</url><url>
		<loc> https://geoconnex.us/cuahsi/his/Isábena/A84 </loc>
		<lastmod> 2022-08-22 15:28:13.988299 </lastmod>
	</url><url>
		<loc> https://geoconnex.us/cuahsi/his/Isábena/A85 </loc>
		<lastmod> 2022-08-22 15:28:13.988315 </lastmod>
	</url><url>
		<loc> https://geoconnex.us/cuahsi/his/Isábena/B01 </loc>
		<lastmod> 2022-08-22 15:28:13.988332 </lastmod>
	</url><url>
		<loc> https://geoconnex.us/cuahsi/his/Isábena/B02 </loc>
		<lastmod> 2022-08-22 15:28:13.988349 </lastmod>
	</url><url>
		<loc> https://geoconnex.us/cuahsi/his/Isábena/B04 </loc>
		<lastmod> 2022-08-22 15:28:13.988366 </lastmod>
	</url><url>
		<loc> https://geoconnex.us/cuahsi/his/Isábena/B05 </loc>
		<lastmod> 2022-08-22 15:28:13.988384 </lastmod>
	</url><url>
		<loc> https://geoconnex.us/cuahsi/his/Isábena/B06 </loc>
		<lastmod> 2022-08-22 15:28:13.988401 </lastmod>
	</url><url>
		<loc> https://geoconnex.us/cuahsi/his/Isábena/B07 </loc>
		<lastmod> 2022-08-22 15:28:13.988418 </lastmod>
	</url><url>
		<loc> https://geoconnex.us/cuahsi/his/Isábena/B08 </loc>
		<lastmod> 2022-08-22 15:28:13.988435 </lastmod>
	</url><url>
		<loc> https://geoconnex.us/cuahsi/his/Isábena/B09 </loc>
		<lastmod> 2022-08-22 15:28:13.988452 </lastmod>
	</url><url>
		<loc> https://geoconnex.us/cuahsi/his/Isábena/B10 </loc>
		<lastmod> 2022-08-22 15:28:13.988469 </lastmod>
	</url><url>
		<loc> https://geoconnex.us/cuahsi/his/Isábena/B11 </loc>
		<lastmod> 2022-08-22 15:28:13.988485 </lastmod>
	</url><url>
		<loc> https://geoconnex.us/cuahsi/his/Isábena/B12 </loc>
		<lastmod> 2022-08-22 15:28:13.988503 </lastmod>
	</url><url>
		<loc> https://geoconnex.us/cuahsi/his/Isábena/B13 </loc>
		<lastmod> 2022-08-22 15:28:13.988520 </lastmod>
	</url><url>
		<loc> https://geoconnex.us/cuahsi/his/Isábena/B14 </loc>
		<lastmod> 2022-08-22 15:28:13.988537 </lastmod>
	</url><url>
		<loc> https://geoconnex.us/cuahsi/his/Isábena/B15 </loc>
		<lastmod> 2022-08-22 15:28:13.988554 </lastmod>
	</url><url>
		<loc> https://geoconnex.us/cuahsi/his/Isábena/B16 </loc>
		<lastmod> 2022-08-22 15:28:13.988587 </lastmod>
	</url><url>
		<loc> https://geoconnex.us/cuahsi/his/Isábena/B17 </loc>
		<lastmod> 2022-08-22 15:28:13.988604 </lastmod>
	</url><url>
		<loc> https://geoconnex.us/cuahsi/his/Isábena/B18 </loc>
		<lastmod> 2022-08-22 15:28:13.988620 </lastmod>
	</url><url>
		<loc> https://geoconnex.us/cuahsi/his/Isábena/B19 </loc>
		<lastmod> 2022-08-22 15:28:13.988662 </lastmod>
	</url><url>
		<loc> https://geoconnex.us/cuahsi/his/Isábena/B20 </loc>
		<lastmod> 2022-08-22 15:28:13.988686 </lastmod>
	</url><url>
		<loc> https://geoconnex.us/cuahsi/his/Isábena/B21 </loc>
		<lastmod> 2022-08-22 15:28:13.988703 </lastmod>
	</url><url>
		<loc> https://geoconnex.us/cuahsi/his/Isábena/B22 </loc>
		<lastmod> 2022-08-22 15:28:13.988720 </lastmod>
	</url><url>
		<loc> https://geoconnex.us/cuahsi/his/Isábena/B24 </loc>
		<lastmod> 2022-08-22 15:28:13.988736 </lastmod>
	</url><url>
		<loc> https://geoconnex.us/cuahsi/his/Isábena/B25 </loc>
		<lastmod> 2022-08-22 15:28:13.988753 </lastmod>
	</url><url>
		<loc> https://geoconnex.us/cuahsi/his/Isábena/B26 </loc>
		<lastmod> 2022-08-22 15:28:13.988812 </lastmod>
	</url><url>
		<loc> https://geoconnex.us/cuahsi/his/Isábena/B27 </loc>
		<lastmod> 2022-08-22 15:28:13.988830 </lastmod>
	</url><url>
		<loc> https://geoconnex.us/cuahsi/his/Isábena/B28 </loc>
		<lastmod> 2022-08-22 15:28:13.988847 </lastmod>
	</url><url>
		<loc> https://geoconnex.us/cuahsi/his/Isábena/B29 </loc>
		<lastmod> 2022-08-22 15:28:13.988863 </lastmod>
	</url><url>
		<loc> https://geoconnex.us/cuahsi/his/Isábena/B30 </loc>
		<lastmod> 2022-08-22 15:28:13.988879 </lastmod>
	</url><url>
		<loc> https://geoconnex.us/cuahsi/his/Isábena/B31 </loc>
		<lastmod> 2022-08-22 15:28:13.988895 </lastmod>
	</url><url>
		<loc> https://geoconnex.us/cuahsi/his/Isábena/B32 </loc>
		<lastmod> 2022-08-22 15:28:13.988912 </lastmod>
	</url><url>
		<loc> https://geoconnex.us/cuahsi/his/Isábena/B35 </loc>
		<lastmod> 2022-08-22 15:28:13.988928 </lastmod>
	</url><url>
		<loc> https://geoconnex.us/cuahsi/his/Isábena/B36 </loc>
		<lastmod> 2022-08-22 15:28:13.988944 </lastmod>
	</url><url>
		<loc> https://geoconnex.us/cuahsi/his/Isábena/B37 </loc>
		<lastmod> 2022-08-22 15:28:13.988960 </lastmod>
	</url><url>
		<loc> https://geoconnex.us/cuahsi/his/Isábena/B38 </loc>
		<lastmod> 2022-08-22 15:28:13.988976 </lastmod>
	</url><url>
		<loc> https://geoconnex.us/cuahsi/his/Isábena/B39 </loc>
		<lastmod> 2022-08-22 15:28:13.988992 </lastmod>
	</url><url>
		<loc> https://geoconnex.us/cuahsi/his/Isábena/B40 </loc>
		<lastmod> 2022-08-22 15:28:13.989009 </lastmod>
	</url><url>
		<loc> https://geoconnex.us/cuahsi/his/Isábena/B41 </loc>
		<lastmod> 2022-08-22 15:28:13.989025 </lastmod>
	</url><url>
		<loc> https://geoconnex.us/cuahsi/his/Isábena/B43 </loc>
		<lastmod> 2022-08-22 15:28:13.989041 </lastmod>
	</url><url>
		<loc> https://geoconnex.us/cuahsi/his/Isábena/B44 </loc>
		<lastmod> 2022-08-22 15:28:13.989058 </lastmod>
	</url><url>
		<loc> https://geoconnex.us/cuahsi/his/Isábena/B45 </loc>
		<lastmod> 2022-08-22 15:28:13.989074 </lastmod>
	</url><url>
		<loc> https://geoconnex.us/cuahsi/his/Isábena/B46 </loc>
		<lastmod> 2022-08-22 15:28:13.989090 </lastmod>
	</url><url>
		<loc> https://geoconnex.us/cuahsi/his/Isábena/B47 </loc>
		<lastmod> 2022-08-22 15:28:13.989107 </lastmod>
	</url><url>
		<loc> https://geoconnex.us/cuahsi/his/Isábena/B48 </loc>
		<lastmod> 2022-08-22 15:28:13.989123 </lastmod>
	</url><url>
		<loc> https://geoconnex.us/cuahsi/his/Isábena/B49 </loc>
		<lastmod> 2022-08-22 15:28:13.989139 </lastmod>
	</url><url>
		<loc> https://geoconnex.us/cuahsi/his/Isábena/B50 </loc>
		<lastmod> 2022-08-22 15:28:13.989155 </lastmod>
	</url><url>
		<loc> https://geoconnex.us/cuahsi/his/Isábena/B51 </loc>
		<lastmod> 2022-08-22 15:28:13.989172 </lastmod>
	</url><url>
		<loc> https://geoconnex.us/cuahsi/his/Isábena/B52 </loc>
		<lastmod> 2022-08-22 15:28:13.989188 </lastmod>
	</url><url>
		<loc> https://geoconnex.us/cuahsi/his/Isábena/B53 </loc>
		<lastmod> 2022-08-22 15:28:13.989204 </lastmod>
	</url><url>
		<loc> https://geoconnex.us/cuahsi/his/Isábena/B54 </loc>
		<lastmod> 2022-08-22 15:28:13.989220 </lastmod>
	</url><url>
		<loc> https://geoconnex.us/cuahsi/his/Isábena/B55 </loc>
		<lastmod> 2022-08-22 15:28:13.989236 </lastmod>
	</url><url>
		<loc> https://geoconnex.us/cuahsi/his/Isábena/B56 </loc>
		<lastmod> 2022-08-22 15:28:13.989252 </lastmod>
	</url><url>
		<loc> https://geoconnex.us/cuahsi/his/Isábena/B57 </loc>
		<lastmod> 2022-08-22 15:28:13.989268 </lastmod>
	</url><url>
		<loc> https://geoconnex.us/cuahsi/his/Isábena/B58 </loc>
		<lastmod> 2022-08-22 15:28:13.989303 </lastmod>
	</url><url>
		<loc> https://geoconnex.us/cuahsi/his/Isábena/B59 </loc>
		<lastmod> 2022-08-22 15:28:13.989357 </lastmod>
	</url><url>
		<loc> https://geoconnex.us/cuahsi/his/Isábena/B60 </loc>
		<lastmod> 2022-08-22 15:28:13.989374 </lastmod>
	</url><url>
		<loc> https://geoconnex.us/cuahsi/his/Isábena/B61 </loc>
		<lastmod> 2022-08-22 15:28:13.989390 </lastmod>
	</url><url>
		<loc> https://geoconnex.us/cuahsi/his/Isábena/B63 </loc>
		<lastmod> 2022-08-22 15:28:13.989407 </lastmod>
	</url><url>
		<loc> https://geoconnex.us/cuahsi/his/Isábena/B64 </loc>
		<lastmod> 2022-08-22 15:28:13.989423 </lastmod>
	</url><url>
		<loc> https://geoconnex.us/cuahsi/his/Isábena/B65 </loc>
		<lastmod> 2022-08-22 15:28:13.989440 </lastmod>
	</url><url>
		<loc> https://geoconnex.us/cuahsi/his/Isábena/B66 </loc>
		<lastmod> 2022-08-22 15:28:13.989478 </lastmod>
	</url><url>
		<loc> https://geoconnex.us/cuahsi/his/Isábena/B67 </loc>
		<lastmod> 2022-08-22 15:28:13.989501 </lastmod>
	</url><url>
		<loc> https://geoconnex.us/cuahsi/his/Isábena/B68 </loc>
		<lastmod> 2022-08-22 15:28:13.989537 </lastmod>
	</url><url>
		<loc> https://geoconnex.us/cuahsi/his/Isábena/B69 </loc>
		<lastmod> 2022-08-22 15:28:13.989555 </lastmod>
	</url><url>
		<loc> https://geoconnex.us/cuahsi/his/Isábena/B70 </loc>
		<lastmod> 2022-08-22 15:28:13.989573 </lastmod>
	</url><url>
		<loc> https://geoconnex.us/cuahsi/his/Isábena/B71 </loc>
		<lastmod> 2022-08-22 15:28:13.989591 </lastmod>
	</url><url>
		<loc> https://geoconnex.us/cuahsi/his/Isábena/B72 </loc>
		<lastmod> 2022-08-22 15:28:13.989609 </lastmod>
	</url><url>
		<loc> https://geoconnex.us/cuahsi/his/Isábena/B73 </loc>
		<lastmod> 2022-08-22 15:28:13.989627 </lastmod>
	</url><url>
		<loc> https://geoconnex.us/cuahsi/his/Isábena/B74 </loc>
		<lastmod> 2022-08-22 15:28:13.989645 </lastmod>
	</url><url>
		<loc> https://geoconnex.us/cuahsi/his/Isábena/B75 </loc>
		<lastmod> 2022-08-22 15:28:13.989663 </lastmod>
	</url><url>
		<loc> https://geoconnex.us/cuahsi/his/Isábena/B76 </loc>
		<lastmod> 2022-08-22 15:28:13.989681 </lastmod>
	</url><url>
		<loc> https://geoconnex.us/cuahsi/his/Isábena/B77 </loc>
		<lastmod> 2022-08-22 15:28:13.989699 </lastmod>
	</url><url>
		<loc> https://geoconnex.us/cuahsi/his/Isábena/B78 </loc>
		<lastmod> 2022-08-22 15:28:13.989717 </lastmod>
	</url><url>
		<loc> https://geoconnex.us/cuahsi/his/Isábena/B79 </loc>
		<lastmod> 2022-08-22 15:28:13.989751 </lastmod>
	</url><url>
		<loc> https://geoconnex.us/cuahsi/his/Isábena/B80 </loc>
		<lastmod> 2022-08-22 15:28:13.989784 </lastmod>
	</url><url>
		<loc> https://geoconnex.us/cuahsi/his/Isábena/B81 </loc>
		<lastmod> 2022-08-22 15:28:13.989801 </lastmod>
	</url><url>
		<loc> https://geoconnex.us/cuahsi/his/Isábena/B82 </loc>
		<lastmod> 2022-08-22 15:28:13.989818 </lastmod>
	</url><url>
		<loc> https://geoconnex.us/cuahsi/his/Isábena/Cabecera </loc>
		<lastmod> 2022-08-22 15:28:13.989851 </lastmod>
	</url></ns0:urlset>