<?xml version='1.0' encoding='utf-8'?>
<ns0:urlset xmlns:ns0="http://www.sitemaps.org/schemas/sitemap/0.9">
<url>
		<loc> https://geoconnex.us/cuahsi/his/Nevados/2272886 </loc>
		<lastmod> 2022-08-22 15:27:28.746551 </lastmod>
	</url><url>
		<loc> https://geoconnex.us/cuahsi/his/Nevados/2272887 </loc>
		<lastmod> 2022-08-22 15:27:28.746583 </lastmod>
	</url><url>
		<loc> https://geoconnex.us/cuahsi/his/Nevados/2272888 </loc>
		<lastmod> 2022-08-22 15:27:28.746602 </lastmod>
	</url><url>
		<loc> https://geoconnex.us/cuahsi/his/Nevados/2272889 </loc>
		<lastmod> 2022-08-22 15:27:28.746617 </lastmod>
	</url><url>
		<loc> https://geoconnex.us/cuahsi/his/Nevados/9950000 </loc>
		<lastmod> 2022-08-22 15:27:28.746631 </lastmod>
	</url><url>
		<loc> https://geoconnex.us/cuahsi/his/Nevados/10047204 </loc>
		<lastmod> 2022-08-22 15:27:28.746644 </lastmod>
	</url><url>
		<loc> https://geoconnex.us/cuahsi/his/Nevados/10170473 </loc>
		<lastmod> 2022-08-22 15:27:28.746658 </lastmod>
	</url><url>
		<loc> https://geoconnex.us/cuahsi/his/Nevados/10409121 </loc>
		<lastmod> 2022-08-22 15:27:28.746672 </lastmod>
	</url><url>
		<loc> https://geoconnex.us/cuahsi/his/Nevados/10409122 </loc>
		<lastmod> 2022-08-22 15:27:28.746685 </lastmod>
	</url><url>
		<loc> https://geoconnex.us/cuahsi/his/Nevados/10409123 </loc>
		<lastmod> 2022-08-22 15:27:28.746698 </lastmod>
	</url><url>
		<loc> https://geoconnex.us/cuahsi/his/Nevados/10170474 </loc>
		<lastmod> 2022-08-22 15:27:28.746711 </lastmod>
	</url><url>
		<loc> https://geoconnex.us/cuahsi/his/Nevados/10667797 </loc>
		<lastmod> 2022-08-22 15:27:28.746724 </lastmod>
	</url><url>
		<loc> https://geoconnex.us/cuahsi/his/Nevados/10667798 </loc>
		<lastmod> 2022-08-22 15:27:28.746736 </lastmod>
	</url><url>
		<loc> https://geoconnex.us/cuahsi/his/Nevados/10667799 </loc>
		<lastmod> 2022-08-22 15:27:28.746750 </lastmod>
	</url><url>
		<loc> https://geoconnex.us/cuahsi/his/Nevados/10790471 </loc>
		<lastmod> 2022-08-22 15:27:28.746762 </lastmod>
	</url><url>
		<loc> https://geoconnex.us/cuahsi/his/Nevados/10790472 </loc>
		<lastmod> 2022-08-22 15:27:28.746775 </lastmod>
	</url><url>
		<loc> https://geoconnex.us/cuahsi/his/Nevados/10790475 </loc>
		<lastmod> 2022-08-22 15:27:28.746788 </lastmod>
	</url><url>
		<loc> https://geoconnex.us/cuahsi/his/Nevados/10790476 </loc>
		<lastmod> 2022-08-22 15:27:28.746801 </lastmod>
	</url><url>
		<loc> https://geoconnex.us/cuahsi/his/Nevados/0000Santa_Isabel </loc>
		<lastmod> 2022-08-22 15:27:28.746815 </lastmod>
	</url><url>
		<loc> https://geoconnex.us/cuahsi/his/Nevados/2886Salto_Cueva </loc>
		<lastmod> 2022-08-22 15:27:28.746828 </lastmod>
	</url><url>
		<loc> https://geoconnex.us/cuahsi/his/Nevados/2887Microcentral </loc>
		<lastmod> 2022-08-22 15:27:28.746841 </lastmod>
	</url><url>
		<loc> https://geoconnex.us/cuahsi/his/Nevados/2888El_Cisne </loc>
		<lastmod> 2022-08-22 15:27:28.746854 </lastmod>
	</url><url>
		<loc> https://geoconnex.us/cuahsi/his/Nevados/2889Nariz_Diablo </loc>
		<lastmod> 2022-08-22 15:27:28.746867 </lastmod>
	</url><url>
		<loc> https://geoconnex.us/cuahsi/his/Nevados/09121San_Antonio </loc>
		<lastmod> 2022-08-22 15:27:28.746881 </lastmod>
	</url><url>
		<loc> https://geoconnex.us/cuahsi/his/Nevados/09122La_Fonda </loc>
		<lastmod> 2022-08-22 15:27:28.746894 </lastmod>
	</url><url>
		<loc> https://geoconnex.us/cuahsi/his/Nevados/09123La_Quinta </loc>
		<lastmod> 2022-08-22 15:27:28.746907 </lastmod>
	</url><url>
		<loc> https://geoconnex.us/cuahsi/his/Nevados/67797FincaBuenavista </loc>
		<lastmod> 2022-08-22 15:27:28.746921 </lastmod>
	</url><url>
		<loc> https://geoconnex.us/cuahsi/his/Nevados/6779898ClaroMolinos </loc>
		<lastmod> 2022-08-22 15:27:28.746934 </lastmod>
	</url><url>
		<loc> https://geoconnex.us/cuahsi/his/Nevados/67799Molinos </loc>
		<lastmod> 2022-08-22 15:27:28.746947 </lastmod>
	</url><url>
		<loc> https://geoconnex.us/cuahsi/his/Nevados/70473Valle_Quemado_1 </loc>
		<lastmod> 2022-08-22 15:27:28.746961 </lastmod>
	</url><url>
		<loc> https://geoconnex.us/cuahsi/his/Nevados/70474Valle_Quemado_2 </loc>
		<lastmod> 2022-08-22 15:27:28.746973 </lastmod>
	</url><url>
		<loc> https://geoconnex.us/cuahsi/his/Nevados/90471LosAlpes </loc>
		<lastmod> 2022-08-22 15:27:28.746986 </lastmod>
	</url><url>
		<loc> https://geoconnex.us/cuahsi/his/Nevados/90472PozoNereidas </loc>
		<lastmod> 2022-08-22 15:27:28.746999 </lastmod>
	</url><url>
		<loc> https://geoconnex.us/cuahsi/his/Nevados/90475Alfombrales </loc>
		<lastmod> 2022-08-22 15:27:28.747012 </lastmod>
	</url><url>
		<loc> https://geoconnex.us/cuahsi/his/Nevados/90476ZigZag </loc>
		<lastmod> 2022-08-22 15:27:28.747025 </lastmod>
	</url><url>
		<loc> https://geoconnex.us/cuahsi/his/Nevados/39281Lupinus_ValleyII </loc>
		<lastmod> 2022-08-22 15:27:28.747038 </lastmod>
	</url><url>
		<loc> https://geoconnex.us/cuahsi/his/Nevados/09123LaQuinta </loc>
		<lastmod> 2022-08-22 15:27:28.747052 </lastmod>
	</url></ns0:urlset>