<?xml version='1.0' encoding='utf-8'?>
<ns0:urlset xmlns:ns0="http://www.sitemaps.org/schemas/sitemap/0.9">
<url>
		<loc> https://geoconnex.us/cuahsi/his/LCZOODM2/QPA_Arriba </loc>
		<lastmod> 2023-06-06 02:36:28.339513 </lastmod>
	</url><url>
		<loc> https://geoconnex.us/cuahsi/his/LCZOODM2/RESL </loc>
		<lastmod> 2023-06-06 02:36:28.339575 </lastmod>
	</url><url>
		<loc> https://geoconnex.us/cuahsi/his/LCZOODM2/QPA_mid_light </loc>
		<lastmod> 2023-06-06 02:36:28.339664 </lastmod>
	</url><url>
		<loc> https://geoconnex.us/cuahsi/his/LCZOODM2/LGW2B </loc>
		<lastmod> 2023-06-06 02:36:28.339702 </lastmod>
	</url><url>
		<loc> https://geoconnex.us/cuahsi/his/LCZOODM2/RESSH </loc>
		<lastmod> 2023-06-06 02:36:28.339721 </lastmod>
	</url><url>
		<loc> https://geoconnex.us/cuahsi/his/LCZOODM2/I-06 </loc>
		<lastmod> 2023-06-06 02:36:28.339740 </lastmod>
	</url><url>
		<loc> https://geoconnex.us/cuahsi/his/LCZOODM2/Icacos-Pulse-RI </loc>
		<lastmod> 2023-06-06 02:36:28.339759 </lastmod>
	</url><url>
		<loc> https://geoconnex.us/cuahsi/his/LCZOODM2/394 </loc>
		<lastmod> 2023-06-06 02:36:28.339777 </lastmod>
	</url><url>
		<loc> https://geoconnex.us/cuahsi/his/LCZOODM2/QPA_abajo </loc>
		<lastmod> 2023-06-06 02:36:28.339795 </lastmod>
	</url><url>
		<loc> https://geoconnex.us/cuahsi/his/LCZOODM2/QPB_Abajo </loc>
		<lastmod> 2023-06-06 02:36:28.339813 </lastmod>
	</url><url>
		<loc> https://geoconnex.us/cuahsi/his/LCZOODM2/I-04 </loc>
		<lastmod> 2023-06-06 02:36:28.339831 </lastmod>
	</url><url>
		<loc> https://geoconnex.us/cuahsi/his/LCZOODM2/RESDN </loc>
		<lastmod> 2023-06-06 02:36:28.339848 </lastmod>
	</url><url>
		<loc> https://geoconnex.us/cuahsi/his/LCZOODM2/QS-Quebrada_Sonadora </loc>
		<lastmod> 2023-06-06 02:36:28.339865 </lastmod>
	</url><url>
		<loc> https://geoconnex.us/cuahsi/his/LCZOODM2/QPB_light_mid </loc>
		<lastmod> 2023-06-06 02:36:28.339883 </lastmod>
	</url><url>
		<loc> https://geoconnex.us/cuahsi/his/LCZOODM2/QPB_Arriba </loc>
		<lastmod> 2023-06-06 02:36:28.339900 </lastmod>
	</url><url>
		<loc> https://geoconnex.us/cuahsi/his/LCZOODM2/I-23 </loc>
		<lastmod> 2023-06-06 02:36:28.339918 </lastmod>
	</url><url>
		<loc> https://geoconnex.us/cuahsi/his/LCZOODM2/Prieta </loc>
		<lastmod> 2023-06-06 02:36:28.339952 </lastmod>
	</url><url>
		<loc> https://geoconnex.us/cuahsi/his/LCZOODM2/Bisley-Q3 </loc>
		<lastmod> 2023-06-06 02:36:28.339971 </lastmod>
	</url><url>
		<loc> https://geoconnex.us/cuahsi/his/LCZOODM2/Quebrada_Toronja </loc>
		<lastmod> 2023-06-06 02:36:28.339988 </lastmod>
	</url><url>
		<loc> https://geoconnex.us/cuahsi/his/LCZOODM2/B15 </loc>
		<lastmod> 2023-06-06 02:36:28.340041 </lastmod>
	</url><url>
		<loc> https://geoconnex.us/cuahsi/his/LCZOODM2/Rio_Icacos_Trib-IO </loc>
		<lastmod> 2023-06-06 02:36:28.340060 </lastmod>
	</url></ns0:urlset>