<?xml version='1.0' encoding='utf-8'?>
<ns0:urlset xmlns:ns0="http://www.sitemaps.org/schemas/sitemap/0.9">
<url>
		<loc> https://geoconnex.us/cuahsi/his/czo_udel/WCC_SpencerRdBridge </loc>
		<lastmod> 2023-06-24 02:33:53.430453 </lastmod>
	</url><url>
		<loc> https://geoconnex.us/cuahsi/his/czo_udel/BUCKANDDOE </loc>
		<lastmod> 2023-06-24 02:33:53.430537 </lastmod>
	</url><url>
		<loc> https://geoconnex.us/cuahsi/his/czo_udel/CHOATES </loc>
		<lastmod> 2023-06-24 02:33:53.430566 </lastmod>
	</url><url>
		<loc> https://geoconnex.us/cuahsi/his/czo_udel/HALFWAYRUN </loc>
		<lastmod> 2023-06-24 02:33:53.430604 </lastmod>
	</url><url>
		<loc> https://geoconnex.us/cuahsi/his/czo_udel/LAURELSSPR1 </loc>
		<lastmod> 2023-06-24 02:33:53.430625 </lastmod>
	</url><url>
		<loc> https://geoconnex.us/cuahsi/his/czo_udel/LSBMAIN </loc>
		<lastmod> 2023-06-24 02:33:53.430661 </lastmod>
	</url><url>
		<loc> https://geoconnex.us/cuahsi/his/czo_udel/LSBSIDE </loc>
		<lastmod> 2023-06-24 02:33:53.430682 </lastmod>
	</url><url>
		<loc> https://geoconnex.us/cuahsi/his/czo_udel/MCCORKLES1 </loc>
		<lastmod> 2023-06-24 02:33:53.430721 </lastmod>
	</url><url>
		<loc> https://geoconnex.us/cuahsi/his/czo_udel/MCCORKLES2 </loc>
		<lastmod> 2023-06-24 02:33:53.430769 </lastmod>
	</url><url>
		<loc> https://geoconnex.us/cuahsi/his/czo_udel/MINEHILLRUN </loc>
		<lastmod> 2023-06-24 02:33:53.430790 </lastmod>
	</url><url>
		<loc> https://geoconnex.us/cuahsi/his/czo_udel/MORRISRUN </loc>
		<lastmod> 2023-06-24 02:33:53.430812 </lastmod>
	</url><url>
		<loc> https://geoconnex.us/cuahsi/his/czo_udel/PUSEY_LOWER </loc>
		<lastmod> 2023-06-24 02:33:53.430832 </lastmod>
	</url><url>
		<loc> https://geoconnex.us/cuahsi/his/czo_udel/PUSEY_UPPER </loc>
		<lastmod> 2023-06-24 02:33:53.430868 </lastmod>
	</url><url>
		<loc> https://geoconnex.us/cuahsi/his/czo_udel/STA2 </loc>
		<lastmod> 2023-06-24 02:33:53.430889 </lastmod>
	</url><url>
		<loc> https://geoconnex.us/cuahsi/his/czo_udel/STA2TEMP </loc>
		<lastmod> 2023-06-24 02:33:53.430927 </lastmod>
	</url><url>
		<loc> https://geoconnex.us/cuahsi/his/czo_udel/STA3 </loc>
		<lastmod> 2023-06-24 02:33:53.430948 </lastmod>
	</url><url>
		<loc> https://geoconnex.us/cuahsi/his/czo_udel/STA4 </loc>
		<lastmod> 2023-06-24 02:33:53.430969 </lastmod>
	</url><url>
		<loc> https://geoconnex.us/cuahsi/his/czo_udel/STA5 </loc>
		<lastmod> 2023-06-24 02:33:53.430990 </lastmod>
	</url><url>
		<loc> https://geoconnex.us/cuahsi/his/czo_udel/STA6 </loc>
		<lastmod> 2023-06-24 02:33:53.431011 </lastmod>
	</url><url>
		<loc> https://geoconnex.us/cuahsi/his/czo_udel/WALTONS </loc>
		<lastmod> 2023-06-24 02:33:53.431031 </lastmod>
	</url><url>
		<loc> https://geoconnex.us/cuahsi/his/czo_udel/WATERCRESS_LOWER </loc>
		<lastmod> 2023-06-24 02:33:53.431052 </lastmod>
	</url><url>
		<loc> https://geoconnex.us/cuahsi/his/czo_udel/WATERCRESS_UPPER </loc>
		<lastmod> 2023-06-24 02:33:53.431073 </lastmod>
	</url><url>
		<loc> https://geoconnex.us/cuahsi/his/czo_udel/WCC </loc>
		<lastmod> 2023-06-24 02:33:53.431093 </lastmod>
	</url><url>
		<loc> https://geoconnex.us/cuahsi/his/czo_udel/WCC558 </loc>
		<lastmod> 2023-06-24 02:33:53.431114 </lastmod>
	</url><url>
		<loc> https://geoconnex.us/cuahsi/his/czo_udel/WCCLAB </loc>
		<lastmod> 2023-06-24 02:33:53.431135 </lastmod>
	</url><url>
		<loc> https://geoconnex.us/cuahsi/his/czo_udel/WCCLABTEMP </loc>
		<lastmod> 2023-06-24 02:33:53.431157 </lastmod>
	</url><url>
		<loc> https://geoconnex.us/cuahsi/his/czo_udel/WCCPH </loc>
		<lastmod> 2023-06-24 02:33:53.431178 </lastmod>
	</url><url>
		<loc> https://geoconnex.us/cuahsi/his/czo_udel/WCC_MEADOW </loc>
		<lastmod> 2023-06-24 02:33:53.431199 </lastmod>
	</url><url>
		<loc> https://geoconnex.us/cuahsi/his/czo_udel/WCW </loc>
		<lastmod> 2023-06-24 02:33:53.431219 </lastmod>
	</url><url>
		<loc> https://geoconnex.us/cuahsi/his/czo_udel/WLY_MOUTH </loc>
		<lastmod> 2023-06-24 02:33:53.431241 </lastmod>
	</url><url>
		<loc> https://geoconnex.us/cuahsi/his/czo_udel/WLY_SPENCER </loc>
		<lastmod> 2023-06-24 02:33:53.431262 </lastmod>
	</url><url>
		<loc> https://geoconnex.us/cuahsi/his/czo_udel/BOULTON_PATH </loc>
		<lastmod> 2023-06-24 02:33:53.431282 </lastmod>
	</url><url>
		<loc> https://geoconnex.us/cuahsi/his/czo_udel/DDSS </loc>
		<lastmod> 2023-06-24 02:33:53.431303 </lastmod>
	</url><url>
		<loc> https://geoconnex.us/cuahsi/his/czo_udel/DOERUN_SBFUNK </loc>
		<lastmod> 2023-06-24 02:33:53.431324 </lastmod>
	</url><url>
		<loc> https://geoconnex.us/cuahsi/his/czo_udel/LSS </loc>
		<lastmod> 2023-06-24 02:33:53.431345 </lastmod>
	</url><url>
		<loc> https://geoconnex.us/cuahsi/his/czo_udel/STATION2 </loc>
		<lastmod> 2023-06-24 02:33:53.431366 </lastmod>
	</url><url>
		<loc> https://geoconnex.us/cuahsi/his/czo_udel/STATION3 </loc>
		<lastmod> 2023-06-24 02:33:53.431387 </lastmod>
	</url><url>
		<loc> https://geoconnex.us/cuahsi/his/czo_udel/STATION4 </loc>
		<lastmod> 2023-06-24 02:33:53.431409 </lastmod>
	</url><url>
		<loc> https://geoconnex.us/cuahsi/his/czo_udel/STATION5 </loc>
		<lastmod> 2023-06-24 02:33:53.431430 </lastmod>
	</url><url>
		<loc> https://geoconnex.us/cuahsi/his/czo_udel/STATION6 </loc>
		<lastmod> 2023-06-24 02:33:53.431456 </lastmod>
	</url><url>
		<loc> https://geoconnex.us/cuahsi/his/czo_udel/TTRWS1 </loc>
		<lastmod> 2023-06-24 02:33:53.431504 </lastmod>
	</url><url>
		<loc> https://geoconnex.us/cuahsi/his/czo_udel/USGSNRNEWARK </loc>
		<lastmod> 2023-06-24 02:33:53.431558 </lastmod>
	</url><url>
		<loc> https://geoconnex.us/cuahsi/his/czo_udel/WCC0 </loc>
		<lastmod> 2023-06-24 02:33:53.431578 </lastmod>
	</url><url>
		<loc> https://geoconnex.us/cuahsi/his/czo_udel/WCCISCO_926 </loc>
		<lastmod> 2023-06-24 02:33:53.431598 </lastmod>
	</url><url>
		<loc> https://geoconnex.us/cuahsi/his/czo_udel/WCD478 </loc>
		<lastmod> 2023-06-24 02:33:53.431619 </lastmod>
	</url><url>
		<loc> https://geoconnex.us/cuahsi/his/czo_udel/WCWISCO_926 </loc>
		<lastmod> 2023-06-24 02:33:53.431657 </lastmod>
	</url><url>
		<loc> https://geoconnex.us/cuahsi/his/czo_udel/WLYATSPENCER </loc>
		<lastmod> 2023-06-24 02:33:53.431677 </lastmod>
	</url><url>
		<loc> https://geoconnex.us/cuahsi/his/czo_udel/WLYMOUTH </loc>
		<lastmod> 2023-06-24 02:33:53.431699 </lastmod>
	</url><url>
		<loc> https://geoconnex.us/cuahsi/his/czo_udel/WSS </loc>
		<lastmod> 2023-06-24 02:33:53.431741 </lastmod>
	</url><url>
		<loc> https://geoconnex.us/cuahsi/his/czo_udel/WCC573 </loc>
		<lastmod> 2023-06-24 02:33:53.431761 </lastmod>
	</url><url>
		<loc> https://geoconnex.us/cuahsi/his/czo_udel/WELL001 </loc>
		<lastmod> 2023-06-24 02:33:53.431799 </lastmod>
	</url><url>
		<loc> https://geoconnex.us/cuahsi/his/czo_udel/WELL002 </loc>
		<lastmod> 2023-06-24 02:33:53.431820 </lastmod>
	</url><url>
		<loc> https://geoconnex.us/cuahsi/his/czo_udel/WELL003 </loc>
		<lastmod> 2023-06-24 02:33:53.431873 </lastmod>
	</url><url>
		<loc> https://geoconnex.us/cuahsi/his/czo_udel/WELL004 </loc>
		<lastmod> 2023-06-24 02:33:53.431909 </lastmod>
	</url><url>
		<loc> https://geoconnex.us/cuahsi/his/czo_udel/WELL005 </loc>
		<lastmod> 2023-06-24 02:33:53.431928 </lastmod>
	</url><url>
		<loc> https://geoconnex.us/cuahsi/his/czo_udel/WELL006 </loc>
		<lastmod> 2023-06-24 02:33:53.431974 </lastmod>
	</url><url>
		<loc> https://geoconnex.us/cuahsi/his/czo_udel/WELL007 </loc>
		<lastmod> 2023-06-24 02:33:53.432011 </lastmod>
	</url><url>
		<loc> https://geoconnex.us/cuahsi/his/czo_udel/WELL008 </loc>
		<lastmod> 2023-06-24 02:33:53.432032 </lastmod>
	</url><url>
		<loc> https://geoconnex.us/cuahsi/his/czo_udel/WELL009 </loc>
		<lastmod> 2023-06-24 02:33:53.432056 </lastmod>
	</url><url>
		<loc> https://geoconnex.us/cuahsi/his/czo_udel/WELL010 </loc>
		<lastmod> 2023-06-24 02:33:53.432165 </lastmod>
	</url><url>
		<loc> https://geoconnex.us/cuahsi/his/czo_udel/WELL011 </loc>
		<lastmod> 2023-06-24 02:33:53.432207 </lastmod>
	</url><url>
		<loc> https://geoconnex.us/cuahsi/his/czo_udel/WELL012 </loc>
		<lastmod> 2023-06-24 02:33:53.432232 </lastmod>
	</url><url>
		<loc> https://geoconnex.us/cuahsi/his/czo_udel/WELL013 </loc>
		<lastmod> 2023-06-24 02:33:53.432254 </lastmod>
	</url><url>
		<loc> https://geoconnex.us/cuahsi/his/czo_udel/WELL014 </loc>
		<lastmod> 2023-06-24 02:33:53.432275 </lastmod>
	</url><url>
		<loc> https://geoconnex.us/cuahsi/his/czo_udel/WELL015 </loc>
		<lastmod> 2023-06-24 02:33:53.432296 </lastmod>
	</url><url>
		<loc> https://geoconnex.us/cuahsi/his/czo_udel/WELL016 </loc>
		<lastmod> 2023-06-24 02:33:53.432318 </lastmod>
	</url><url>
		<loc> https://geoconnex.us/cuahsi/his/czo_udel/WELL017 </loc>
		<lastmod> 2023-06-24 02:33:53.432339 </lastmod>
	</url><url>
		<loc> https://geoconnex.us/cuahsi/his/czo_udel/WELL018 </loc>
		<lastmod> 2023-06-24 02:33:53.432360 </lastmod>
	</url><url>
		<loc> https://geoconnex.us/cuahsi/his/czo_udel/WELL019 </loc>
		<lastmod> 2023-06-24 02:33:53.432381 </lastmod>
	</url><url>
		<loc> https://geoconnex.us/cuahsi/his/czo_udel/WELL021 </loc>
		<lastmod> 2023-06-24 02:33:53.432402 </lastmod>
	</url><url>
		<loc> https://geoconnex.us/cuahsi/his/czo_udel/WELL022 </loc>
		<lastmod> 2023-06-24 02:33:53.432423 </lastmod>
	</url><url>
		<loc> https://geoconnex.us/cuahsi/his/czo_udel/WELL023 </loc>
		<lastmod> 2023-06-24 02:33:53.432444 </lastmod>
	</url><url>
		<loc> https://geoconnex.us/cuahsi/his/czo_udel/WELL024 </loc>
		<lastmod> 2023-06-24 02:33:53.432465 </lastmod>
	</url><url>
		<loc> https://geoconnex.us/cuahsi/his/czo_udel/WELL031 </loc>
		<lastmod> 2023-06-24 02:33:53.432487 </lastmod>
	</url><url>
		<loc> https://geoconnex.us/cuahsi/his/czo_udel/WELL032 </loc>
		<lastmod> 2023-06-24 02:33:53.432508 </lastmod>
	</url><url>
		<loc> https://geoconnex.us/cuahsi/his/czo_udel/WELL041 </loc>
		<lastmod> 2023-06-24 02:33:53.432529 </lastmod>
	</url><url>
		<loc> https://geoconnex.us/cuahsi/his/czo_udel/WELL042 </loc>
		<lastmod> 2023-06-24 02:33:53.432550 </lastmod>
	</url><url>
		<loc> https://geoconnex.us/cuahsi/his/czo_udel/WELL043 </loc>
		<lastmod> 2023-06-24 02:33:53.432572 </lastmod>
	</url><url>
		<loc> https://geoconnex.us/cuahsi/his/czo_udel/WELL044 </loc>
		<lastmod> 2023-06-24 02:33:53.432624 </lastmod>
	</url><url>
		<loc> https://geoconnex.us/cuahsi/his/czo_udel/WCC2153 </loc>
		<lastmod> 2023-06-24 02:33:53.432643 </lastmod>
	</url><url>
		<loc> https://geoconnex.us/cuahsi/his/czo_udel/WCW374 </loc>
		<lastmod> 2023-06-24 02:33:53.432663 </lastmod>
	</url></ns0:urlset>