<ns0:urlset xmlns:ns0="http://www.sitemaps.org/schemas/sitemap/0.9">
<url>
		<loc> https://geoconnex.us/cuahsi/his/MudLake/USU-ML-Causeway </loc>
		<lastmod> 2021-11-03 19:36:57.271625 </lastmod>
	</url><url>
		<loc> https://geoconnex.us/cuahsi/his/MudLake/USU-ML-Lifton </loc>
		<lastmod> 2021-11-03 19:36:57.271669 </lastmod>
	</url><url>
		<loc> https://geoconnex.us/cuahsi/his/MudLake/USU-ML-Weather </loc>
		<lastmod> 2021-11-03 19:36:57.271699 </lastmod>
	</url><url>
		<loc> https://geoconnex.us/cuahsi/his/MudLake/USU-ML-Inlet </loc>
		<lastmod> 2021-11-03 19:36:57.271724 </lastmod>
	</url><url>
		<loc> https://geoconnex.us/cuahsi/his/MudLake/USU-ML-Outlet </loc>
		<lastmod> 2021-11-03 19:36:57.271747 </lastmod>
	</url><url>
		<loc> https://geoconnex.us/cuahsi/his/MudLake/PAC-ML-Level </loc>
		<lastmod> 2021-11-03 19:36:57.271768 </lastmod>
	</url><url>
		<loc> https://geoconnex.us/cuahsi/his/MudLake/PAC-ML-Rainbow </loc>
		<lastmod> 2021-11-03 19:36:57.271789 </lastmod>
	</url><url>
		<loc> https://geoconnex.us/cuahsi/his/MudLake/PAC-ML-Outlet </loc>
		<lastmod> 2021-11-03 19:36:57.271810 </lastmod>
	</url><url>
		<loc> https://geoconnex.us/cuahsi/his/MudLake/PAC-ML-Lifton </loc>
		<lastmod> 2021-11-03 19:36:57.271842 </lastmod>
	</url><url>
		<loc> https://geoconnex.us/cuahsi/his/MudLake/PAC-ML-Causeway </loc>
		<lastmod> 2021-11-03 19:36:57.271862 </lastmod>
	</url><url>
		<loc> https://geoconnex.us/cuahsi/his/MudLake/PAC-ML-BlackOtter </loc>
		<lastmod> 2021-11-03 19:36:57.271882 </lastmod>
	</url><url>
		<loc> https://geoconnex.us/cuahsi/his/MudLake/PAC-ML-ReamCrockett </loc>
		<lastmod> 2021-11-03 19:36:57.271902 </lastmod>
	</url></ns0:urlset>