<?xml version='1.0' encoding='utf-8'?>
<ns0:urlset xmlns:ns0="http://www.sitemaps.org/schemas/sitemap/0.9">
<url>
		<loc> https://geoconnex.us/cuahsi/his/IRWA/ER-1A </loc>
		<lastmod> 2022-05-19 20:23:28.648633 </lastmod>
	</url><url>
		<loc> https://geoconnex.us/cuahsi/his/IRWA/FB-BV </loc>
		<lastmod> 2022-05-19 20:23:28.648663 </lastmod>
	</url><url>
		<loc> https://geoconnex.us/cuahsi/his/IRWA/FB-MI </loc>
		<lastmod> 2022-05-19 20:23:28.648683 </lastmod>
	</url><url>
		<loc> https://geoconnex.us/cuahsi/his/IRWA/FB-WA </loc>
		<lastmod> 2022-05-19 20:23:28.648699 </lastmod>
	</url><url>
		<loc> https://geoconnex.us/cuahsi/his/IRWA/GB </loc>
		<lastmod> 2022-05-19 20:23:28.648713 </lastmod>
	</url><url>
		<loc> https://geoconnex.us/cuahsi/his/IRWA/GC </loc>
		<lastmod> 2022-05-19 20:23:28.648728 </lastmod>
	</url><url>
		<loc> https://geoconnex.us/cuahsi/his/IRWA/HB </loc>
		<lastmod> 2022-05-19 20:23:28.648743 </lastmod>
	</url><url>
		<loc> https://geoconnex.us/cuahsi/his/IRWA/IP00 </loc>
		<lastmod> 2022-05-19 20:23:28.648757 </lastmod>
	</url><url>
		<loc> https://geoconnex.us/cuahsi/his/IRWA/IP00.5 </loc>
		<lastmod> 2022-05-19 20:23:28.648772 </lastmod>
	</url><url>
		<loc> https://geoconnex.us/cuahsi/his/IRWA/IP01 </loc>
		<lastmod> 2022-05-19 20:23:28.648786 </lastmod>
	</url><url>
		<loc> https://geoconnex.us/cuahsi/his/IRWA/IP02 </loc>
		<lastmod> 2022-05-19 20:23:28.648800 </lastmod>
	</url><url>
		<loc> https://geoconnex.us/cuahsi/his/IRWA/IP03 </loc>
		<lastmod> 2022-05-19 20:23:28.648813 </lastmod>
	</url><url>
		<loc> https://geoconnex.us/cuahsi/his/IRWA/IP04 </loc>
		<lastmod> 2022-05-19 20:23:28.648827 </lastmod>
	</url><url>
		<loc> https://geoconnex.us/cuahsi/his/IRWA/IP06 </loc>
		<lastmod> 2022-05-19 20:23:28.648840 </lastmod>
	</url><url>
		<loc> https://geoconnex.us/cuahsi/his/IRWA/IP08 </loc>
		<lastmod> 2022-05-19 20:23:28.648854 </lastmod>
	</url><url>
		<loc> https://geoconnex.us/cuahsi/his/IRWA/IP10 </loc>
		<lastmod> 2022-05-19 20:23:28.648867 </lastmod>
	</url><url>
		<loc> https://geoconnex.us/cuahsi/his/IRWA/IP11 </loc>
		<lastmod> 2022-05-19 20:23:28.648880 </lastmod>
	</url><url>
		<loc> https://geoconnex.us/cuahsi/his/IRWA/IP12 </loc>
		<lastmod> 2022-05-19 20:23:28.648894 </lastmod>
	</url><url>
		<loc> https://geoconnex.us/cuahsi/his/IRWA/IP13 </loc>
		<lastmod> 2022-05-19 20:23:28.648908 </lastmod>
	</url><url>
		<loc> https://geoconnex.us/cuahsi/his/IRWA/IP14 </loc>
		<lastmod> 2022-05-19 20:23:28.648921 </lastmod>
	</url><url>
		<loc> https://geoconnex.us/cuahsi/his/IRWA/IP16 </loc>
		<lastmod> 2022-05-19 20:23:28.648935 </lastmod>
	</url><url>
		<loc> https://geoconnex.us/cuahsi/his/IRWA/IP18 </loc>
		<lastmod> 2022-05-19 20:23:28.648948 </lastmod>
	</url><url>
		<loc> https://geoconnex.us/cuahsi/his/IRWA/IP19 </loc>
		<lastmod> 2022-05-19 20:23:28.648961 </lastmod>
	</url><url>
		<loc> https://geoconnex.us/cuahsi/his/IRWA/IP19A </loc>
		<lastmod> 2022-05-19 20:23:28.648974 </lastmod>
	</url><url>
		<loc> https://geoconnex.us/cuahsi/his/IRWA/IP20 </loc>
		<lastmod> 2022-05-19 20:23:28.648988 </lastmod>
	</url><url>
		<loc> https://geoconnex.us/cuahsi/his/IRWA/IP22 </loc>
		<lastmod> 2022-05-19 20:23:28.649001 </lastmod>
	</url><url>
		<loc> https://geoconnex.us/cuahsi/his/IRWA/IP24 </loc>
		<lastmod> 2022-05-19 20:23:28.649014 </lastmod>
	</url><url>
		<loc> https://geoconnex.us/cuahsi/his/IRWA/IP25 </loc>
		<lastmod> 2022-05-19 20:23:28.649028 </lastmod>
	</url><url>
		<loc> https://geoconnex.us/cuahsi/his/IRWA/IP26 </loc>
		<lastmod> 2022-05-19 20:23:28.649041 </lastmod>
	</url><url>
		<loc> https://geoconnex.us/cuahsi/his/IRWA/LB </loc>
		<lastmod> 2022-05-19 20:23:28.649055 </lastmod>
	</url><url>
		<loc> https://geoconnex.us/cuahsi/his/IRWA/MB-62 </loc>
		<lastmod> 2022-05-19 20:23:28.649068 </lastmod>
	</url><url>
		<loc> https://geoconnex.us/cuahsi/his/IRWA/MB-PS </loc>
		<lastmod> 2022-05-19 20:23:28.649082 </lastmod>
	</url><url>
		<loc> https://geoconnex.us/cuahsi/his/IRWA/MMB </loc>
		<lastmod> 2022-05-19 20:23:28.649095 </lastmod>
	</url><url>
		<loc> https://geoconnex.us/cuahsi/his/IRWA/MR-1A </loc>
		<lastmod> 2022-05-19 20:23:28.649109 </lastmod>
	</url></ns0:urlset>