<?xml version='1.0' encoding='utf-8'?>
<ns0:urlset xmlns:ns0="http://www.sitemaps.org/schemas/sitemap/0.9">
<url>
		<loc> https://geoconnex.us/cuahsi/his/UBWPAD/DEPOT </loc>
		<lastmod> 2023-06-07 17:42:39.633322 </lastmod>
	</url><url>
		<loc> https://geoconnex.us/cuahsi/his/UBWPAD/R116 </loc>
		<lastmod> 2023-06-07 17:42:39.633366 </lastmod>
	</url><url>
		<loc> https://geoconnex.us/cuahsi/his/UBWPAD/RMSD </loc>
		<lastmod> 2023-06-07 17:42:39.633396 </lastmod>
	</url><url>
		<loc> https://geoconnex.us/cuahsi/his/UBWPAD/RMSL </loc>
		<lastmod> 2023-06-07 17:42:39.633422 </lastmod>
	</url><url>
		<loc> https://geoconnex.us/cuahsi/his/UBWPAD/UBWPAD </loc>
		<lastmod> 2023-06-07 17:42:39.633446 </lastmod>
	</url><url>
		<loc> https://geoconnex.us/cuahsi/his/UBWPAD/UBWPAD2 </loc>
		<lastmod> 2023-06-07 17:42:39.633480 </lastmod>
	</url><url>
		<loc> https://geoconnex.us/cuahsi/his/UBWPAD/UPSTRM1 </loc>
		<lastmod> 2023-06-07 17:42:39.633502 </lastmod>
	</url><url>
		<loc> https://geoconnex.us/cuahsi/his/UBWPAD/W0505 </loc>
		<lastmod> 2023-06-07 17:42:39.633524 </lastmod>
	</url><url>
		<loc> https://geoconnex.us/cuahsi/his/UBWPAD/W0680 </loc>
		<lastmod> 2023-06-07 17:42:39.633546 </lastmod>
	</url><url>
		<loc> https://geoconnex.us/cuahsi/his/UBWPAD/W0767 </loc>
		<lastmod> 2023-06-07 17:42:39.633567 </lastmod>
	</url><url>
		<loc> https://geoconnex.us/cuahsi/his/UBWPAD/W1017 </loc>
		<lastmod> 2023-06-07 17:42:39.633588 </lastmod>
	</url><url>
		<loc> https://geoconnex.us/cuahsi/his/UBWPAD/W1023 </loc>
		<lastmod> 2023-06-07 17:42:39.633609 </lastmod>
	</url><url>
		<loc> https://geoconnex.us/cuahsi/his/UBWPAD/W1242 </loc>
		<lastmod> 2023-06-07 17:42:39.633630 </lastmod>
	</url><url>
		<loc> https://geoconnex.us/cuahsi/his/UBWPAD/W1243 </loc>
		<lastmod> 2023-06-07 17:42:39.633650 </lastmod>
	</url><url>
		<loc> https://geoconnex.us/cuahsi/his/UBWPAD/W1258 </loc>
		<lastmod> 2023-06-07 17:42:39.633671 </lastmod>
	</url><url>
		<loc> https://geoconnex.us/cuahsi/his/UBWPAD/W1763 </loc>
		<lastmod> 2023-06-07 17:42:39.633691 </lastmod>
	</url><url>
		<loc> https://geoconnex.us/cuahsi/his/UBWPAD/W1764 </loc>
		<lastmod> 2023-06-07 17:42:39.633712 </lastmod>
	</url><url>
		<loc> https://geoconnex.us/cuahsi/his/UBWPAD/W1764A </loc>
		<lastmod> 2023-06-07 17:42:39.633733 </lastmod>
	</url><url>
		<loc> https://geoconnex.us/cuahsi/his/UBWPAD/W1764B </loc>
		<lastmod> 2023-06-07 17:42:39.633754 </lastmod>
	</url><url>
		<loc> https://geoconnex.us/cuahsi/his/UBWPAD/W1765 </loc>
		<lastmod> 2023-06-07 17:42:39.633774 </lastmod>
	</url><url>
		<loc> https://geoconnex.us/cuahsi/his/UBWPAD/W1779 </loc>
		<lastmod> 2023-06-07 17:42:39.633795 </lastmod>
	</url></ns0:urlset>