<?xml version='1.0' encoding='utf-8'?>
<ns0:urlset xmlns:ns0="http://www.sitemaps.org/schemas/sitemap/0.9">
<url>
		<loc> https://geoconnex.us/cuahsi/his/Mazar_River_Project/Mazar1 </loc>
		<lastmod> 2022-04-13 13:46:51.795825 </lastmod>
	</url><url>
		<loc> https://geoconnex.us/cuahsi/his/Mazar_River_Project/La_Libertad </loc>
		<lastmod> 2022-04-13 13:46:51.795858 </lastmod>
	</url><url>
		<loc> https://geoconnex.us/cuahsi/his/Mazar_River_Project/Rio_Mazar </loc>
		<lastmod> 2022-04-13 13:46:51.795877 </lastmod>
	</url><url>
		<loc> https://geoconnex.us/cuahsi/his/Mazar_River_Project/Jennings </loc>
		<lastmod> 2022-04-13 13:46:51.795893 </lastmod>
	</url><url>
		<loc> https://geoconnex.us/cuahsi/his/Mazar_River_Project/KOH </loc>
		<lastmod> 2022-04-13 13:46:51.795908 </lastmod>
	</url><url>
		<loc> https://geoconnex.us/cuahsi/his/Mazar_River_Project/391423077150501 </loc>
		<lastmod> 2022-04-13 13:46:51.795922 </lastmod>
	</url><url>
		<loc> https://geoconnex.us/cuahsi/his/Mazar_River_Project/391426077151701 </loc>
		<lastmod> 2022-04-13 13:46:51.795937 </lastmod>
	</url><url>
		<loc> https://geoconnex.us/cuahsi/his/Mazar_River_Project/391421077153901 </loc>
		<lastmod> 2022-04-13 13:46:51.795952 </lastmod>
	</url><url>
		<loc> https://geoconnex.us/cuahsi/his/Mazar_River_Project/391433077154101 </loc>
		<lastmod> 2022-04-13 13:46:51.795967 </lastmod>
	</url><url>
		<loc> https://geoconnex.us/cuahsi/his/Mazar_River_Project/391425077160301 </loc>
		<lastmod> 2022-04-13 13:46:51.795981 </lastmod>
	</url><url>
		<loc> https://geoconnex.us/cuahsi/his/Mazar_River_Project/391420077153301 </loc>
		<lastmod> 2022-04-13 13:46:51.795995 </lastmod>
	</url><url>
		<loc> https://geoconnex.us/cuahsi/his/Mazar_River_Project/391359077152601 </loc>
		<lastmod> 2022-04-13 13:46:51.796009 </lastmod>
	</url><url>
		<loc> https://geoconnex.us/cuahsi/his/Mazar_River_Project/wq7 </loc>
		<lastmod> 2022-04-13 13:46:51.796023 </lastmod>
	</url><url>
		<loc> https://geoconnex.us/cuahsi/his/Mazar_River_Project/wq8 </loc>
		<lastmod> 2022-04-13 13:46:51.796037 </lastmod>
	</url><url>
		<loc> https://geoconnex.us/cuahsi/his/Mazar_River_Project/wq117 </loc>
		<lastmod> 2022-04-13 13:46:51.796050 </lastmod>
	</url><url>
		<loc> https://geoconnex.us/cuahsi/his/Mazar_River_Project/wq118 </loc>
		<lastmod> 2022-04-13 13:46:51.796064 </lastmod>
	</url><url>
		<loc> https://geoconnex.us/cuahsi/his/Mazar_River_Project/wq119 </loc>
		<lastmod> 2022-04-13 13:46:51.796078 </lastmod>
	</url><url>
		<loc> https://geoconnex.us/cuahsi/his/Mazar_River_Project/wq120 </loc>
		<lastmod> 2022-04-13 13:46:51.796092 </lastmod>
	</url><url>
		<loc> https://geoconnex.us/cuahsi/his/Mazar_River_Project/wq127 </loc>
		<lastmod> 2022-04-13 13:46:51.796105 </lastmod>
	</url><url>
		<loc> https://geoconnex.us/cuahsi/his/Mazar_River_Project/wq129 </loc>
		<lastmod> 2022-04-13 13:46:51.796119 </lastmod>
	</url><url>
		<loc> https://geoconnex.us/cuahsi/his/Mazar_River_Project/wq131 </loc>
		<lastmod> 2022-04-13 13:46:51.796133 </lastmod>
	</url><url>
		<loc> https://geoconnex.us/cuahsi/his/Mazar_River_Project/wq133 </loc>
		<lastmod> 2022-04-13 13:46:51.796147 </lastmod>
	</url><url>
		<loc> https://geoconnex.us/cuahsi/his/Mazar_River_Project/wq134 </loc>
		<lastmod> 2022-04-13 13:46:51.796161 </lastmod>
	</url><url>
		<loc> https://geoconnex.us/cuahsi/his/Mazar_River_Project/wq135 </loc>
		<lastmod> 2022-04-13 13:46:51.796174 </lastmod>
	</url><url>
		<loc> https://geoconnex.us/cuahsi/his/Mazar_River_Project/wq136 </loc>
		<lastmod> 2022-04-13 13:46:51.796188 </lastmod>
	</url><url>
		<loc> https://geoconnex.us/cuahsi/his/Mazar_River_Project/wq138 </loc>
		<lastmod> 2022-04-13 13:46:51.796201 </lastmod>
	</url><url>
		<loc> https://geoconnex.us/cuahsi/his/Mazar_River_Project/wq139 </loc>
		<lastmod> 2022-04-13 13:46:51.796215 </lastmod>
	</url><url>
		<loc> https://geoconnex.us/cuahsi/his/Mazar_River_Project/wq140 </loc>
		<lastmod> 2022-04-13 13:46:51.796229 </lastmod>
	</url><url>
		<loc> https://geoconnex.us/cuahsi/his/Mazar_River_Project/wq143 </loc>
		<lastmod> 2022-04-13 13:46:51.796242 </lastmod>
	</url><url>
		<loc> https://geoconnex.us/cuahsi/his/Mazar_River_Project/wq193 </loc>
		<lastmod> 2022-04-13 13:46:51.796256 </lastmod>
	</url><url>
		<loc> https://geoconnex.us/cuahsi/his/Mazar_River_Project/wq221 </loc>
		<lastmod> 2022-04-13 13:46:51.796270 </lastmod>
	</url><url>
		<loc> https://geoconnex.us/cuahsi/his/Mazar_River_Project/wq222 </loc>
		<lastmod> 2022-04-13 13:46:51.796284 </lastmod>
	</url><url>
		<loc> https://geoconnex.us/cuahsi/his/Mazar_River_Project/wq224 </loc>
		<lastmod> 2022-04-13 13:46:51.796297 </lastmod>
	</url><url>
		<loc> https://geoconnex.us/cuahsi/his/Mazar_River_Project/wq225 </loc>
		<lastmod> 2022-04-13 13:46:51.796310 </lastmod>
	</url><url>
		<loc> https://geoconnex.us/cuahsi/his/Mazar_River_Project/wq226 </loc>
		<lastmod> 2022-04-13 13:46:51.796324 </lastmod>
	</url><url>
		<loc> https://geoconnex.us/cuahsi/his/Mazar_River_Project/wq227 </loc>
		<lastmod> 2022-04-13 13:46:51.796338 </lastmod>
	</url><url>
		<loc> https://geoconnex.us/cuahsi/his/Mazar_River_Project/wq228 </loc>
		<lastmod> 2022-04-13 13:46:51.796351 </lastmod>
	</url><url>
		<loc> https://geoconnex.us/cuahsi/his/Mazar_River_Project/wq233 </loc>
		<lastmod> 2022-04-13 13:46:51.796365 </lastmod>
	</url><url>
		<loc> https://geoconnex.us/cuahsi/his/Mazar_River_Project/wq234 </loc>
		<lastmod> 2022-04-13 13:46:51.796379 </lastmod>
	</url><url>
		<loc> https://geoconnex.us/cuahsi/his/Mazar_River_Project/wq235 </loc>
		<lastmod> 2022-04-13 13:46:51.796392 </lastmod>
	</url><url>
		<loc> https://geoconnex.us/cuahsi/his/Mazar_River_Project/wq236 </loc>
		<lastmod> 2022-04-13 13:46:51.796406 </lastmod>
	</url><url>
		<loc> https://geoconnex.us/cuahsi/his/Mazar_River_Project/wq238 </loc>
		<lastmod> 2022-04-13 13:46:51.796419 </lastmod>
	</url><url>
		<loc> https://geoconnex.us/cuahsi/his/Mazar_River_Project/wq239 </loc>
		<lastmod> 2022-04-13 13:46:51.796433 </lastmod>
	</url><url>
		<loc> https://geoconnex.us/cuahsi/his/Mazar_River_Project/wq240 </loc>
		<lastmod> 2022-04-13 13:46:51.796446 </lastmod>
	</url><url>
		<loc> https://geoconnex.us/cuahsi/his/Mazar_River_Project/wq241 </loc>
		<lastmod> 2022-04-13 13:46:51.796461 </lastmod>
	</url><url>
		<loc> https://geoconnex.us/cuahsi/his/Mazar_River_Project/wq253 </loc>
		<lastmod> 2022-04-13 13:46:51.796475 </lastmod>
	</url><url>
		<loc> https://geoconnex.us/cuahsi/his/Mazar_River_Project/wq255 </loc>
		<lastmod> 2022-04-13 13:46:51.796488 </lastmod>
	</url><url>
		<loc> https://geoconnex.us/cuahsi/his/Mazar_River_Project/wq259 </loc>
		<lastmod> 2022-04-13 13:46:51.796503 </lastmod>
	</url><url>
		<loc> https://geoconnex.us/cuahsi/his/Mazar_River_Project/wq260 </loc>
		<lastmod> 2022-04-13 13:46:51.796516 </lastmod>
	</url><url>
		<loc> https://geoconnex.us/cuahsi/his/Mazar_River_Project/wq261 </loc>
		<lastmod> 2022-04-13 13:46:51.796530 </lastmod>
	</url><url>
		<loc> https://geoconnex.us/cuahsi/his/Mazar_River_Project/wq262 </loc>
		<lastmod> 2022-04-13 13:46:51.796544 </lastmod>
	</url><url>
		<loc> https://geoconnex.us/cuahsi/his/Mazar_River_Project/wq264 </loc>
		<lastmod> 2022-04-13 13:46:51.796557 </lastmod>
	</url><url>
		<loc> https://geoconnex.us/cuahsi/his/Mazar_River_Project/wq265 </loc>
		<lastmod> 2022-04-13 13:46:51.796571 </lastmod>
	</url><url>
		<loc> https://geoconnex.us/cuahsi/his/Mazar_River_Project/wq266 </loc>
		<lastmod> 2022-04-13 13:46:51.796585 </lastmod>
	</url><url>
		<loc> https://geoconnex.us/cuahsi/his/Mazar_River_Project/wq267 </loc>
		<lastmod> 2022-04-13 13:46:51.796598 </lastmod>
	</url><url>
		<loc> https://geoconnex.us/cuahsi/his/Mazar_River_Project/wq268 </loc>
		<lastmod> 2022-04-13 13:46:51.796612 </lastmod>
	</url><url>
		<loc> https://geoconnex.us/cuahsi/his/Mazar_River_Project/wq269 </loc>
		<lastmod> 2022-04-13 13:46:51.796625 </lastmod>
	</url><url>
		<loc> https://geoconnex.us/cuahsi/his/Mazar_River_Project/wq270 </loc>
		<lastmod> 2022-04-13 13:46:51.796639 </lastmod>
	</url><url>
		<loc> https://geoconnex.us/cuahsi/his/Mazar_River_Project/wq271 </loc>
		<lastmod> 2022-04-13 13:46:51.796652 </lastmod>
	</url><url>
		<loc> https://geoconnex.us/cuahsi/his/Mazar_River_Project/wq272 </loc>
		<lastmod> 2022-04-13 13:46:51.796666 </lastmod>
	</url><url>
		<loc> https://geoconnex.us/cuahsi/his/Mazar_River_Project/wq275 </loc>
		<lastmod> 2022-04-13 13:46:51.796680 </lastmod>
	</url><url>
		<loc> https://geoconnex.us/cuahsi/his/Mazar_River_Project/wq290 </loc>
		<lastmod> 2022-04-13 13:46:51.796693 </lastmod>
	</url><url>
		<loc> https://geoconnex.us/cuahsi/his/Mazar_River_Project/wq296 </loc>
		<lastmod> 2022-04-13 13:46:51.796707 </lastmod>
	</url><url>
		<loc> https://geoconnex.us/cuahsi/his/Mazar_River_Project/wq297 </loc>
		<lastmod> 2022-04-13 13:46:51.796720 </lastmod>
	</url><url>
		<loc> https://geoconnex.us/cuahsi/his/Mazar_River_Project/wq299 </loc>
		<lastmod> 2022-04-13 13:46:51.796734 </lastmod>
	</url><url>
		<loc> https://geoconnex.us/cuahsi/his/Mazar_River_Project/wq300 </loc>
		<lastmod> 2022-04-13 13:46:51.796748 </lastmod>
	</url><url>
		<loc> https://geoconnex.us/cuahsi/his/Mazar_River_Project/wq301 </loc>
		<lastmod> 2022-04-13 13:46:51.796762 </lastmod>
	</url><url>
		<loc> https://geoconnex.us/cuahsi/his/Mazar_River_Project/wq302 </loc>
		<lastmod> 2022-04-13 13:46:51.796775 </lastmod>
	</url><url>
		<loc> https://geoconnex.us/cuahsi/his/Mazar_River_Project/wq303 </loc>
		<lastmod> 2022-04-13 13:46:51.796789 </lastmod>
	</url><url>
		<loc> https://geoconnex.us/cuahsi/his/Mazar_River_Project/wq304 </loc>
		<lastmod> 2022-04-13 13:46:51.796802 </lastmod>
	</url><url>
		<loc> https://geoconnex.us/cuahsi/his/Mazar_River_Project/wq305 </loc>
		<lastmod> 2022-04-13 13:46:51.796816 </lastmod>
	</url><url>
		<loc> https://geoconnex.us/cuahsi/his/Mazar_River_Project/wq306 </loc>
		<lastmod> 2022-04-13 13:46:51.796829 </lastmod>
	</url><url>
		<loc> https://geoconnex.us/cuahsi/his/Mazar_River_Project/wq308 </loc>
		<lastmod> 2022-04-13 13:46:51.796844 </lastmod>
	</url><url>
		<loc> https://geoconnex.us/cuahsi/his/Mazar_River_Project/wq309 </loc>
		<lastmod> 2022-04-13 13:46:51.796858 </lastmod>
	</url><url>
		<loc> https://geoconnex.us/cuahsi/his/Mazar_River_Project/wq310 </loc>
		<lastmod> 2022-04-13 13:46:51.796872 </lastmod>
	</url><url>
		<loc> https://geoconnex.us/cuahsi/his/Mazar_River_Project/wq311 </loc>
		<lastmod> 2022-04-13 13:46:51.796886 </lastmod>
	</url><url>
		<loc> https://geoconnex.us/cuahsi/his/Mazar_River_Project/wq312 </loc>
		<lastmod> 2022-04-13 13:46:51.796900 </lastmod>
	</url><url>
		<loc> https://geoconnex.us/cuahsi/his/Mazar_River_Project/wq325 </loc>
		<lastmod> 2022-04-13 13:46:51.796914 </lastmod>
	</url><url>
		<loc> https://geoconnex.us/cuahsi/his/Mazar_River_Project/wq326 </loc>
		<lastmod> 2022-04-13 13:46:51.796928 </lastmod>
	</url><url>
		<loc> https://geoconnex.us/cuahsi/his/Mazar_River_Project/wq456 </loc>
		<lastmod> 2022-04-13 13:46:51.796942 </lastmod>
	</url><url>
		<loc> https://geoconnex.us/cuahsi/his/Mazar_River_Project/wq457 </loc>
		<lastmod> 2022-04-13 13:46:51.796956 </lastmod>
	</url><url>
		<loc> https://geoconnex.us/cuahsi/his/Mazar_River_Project/wq475 </loc>
		<lastmod> 2022-04-13 13:46:51.796969 </lastmod>
	</url><url>
		<loc> https://geoconnex.us/cuahsi/his/Mazar_River_Project/wq477 </loc>
		<lastmod> 2022-04-13 13:46:51.796983 </lastmod>
	</url><url>
		<loc> https://geoconnex.us/cuahsi/his/Mazar_River_Project/wq478 </loc>
		<lastmod> 2022-04-13 13:46:51.796997 </lastmod>
	</url><url>
		<loc> https://geoconnex.us/cuahsi/his/Mazar_River_Project/wq480 </loc>
		<lastmod> 2022-04-13 13:46:51.797011 </lastmod>
	</url><url>
		<loc> https://geoconnex.us/cuahsi/his/Mazar_River_Project/wq482 </loc>
		<lastmod> 2022-04-13 13:46:51.797025 </lastmod>
	</url><url>
		<loc> https://geoconnex.us/cuahsi/his/Mazar_River_Project/wq484 </loc>
		<lastmod> 2022-04-13 13:46:51.797039 </lastmod>
	</url><url>
		<loc> https://geoconnex.us/cuahsi/his/Mazar_River_Project/wq553 </loc>
		<lastmod> 2022-04-13 13:46:51.797053 </lastmod>
	</url><url>
		<loc> https://geoconnex.us/cuahsi/his/Mazar_River_Project/wq554 </loc>
		<lastmod> 2022-04-13 13:46:51.797066 </lastmod>
	</url><url>
		<loc> https://geoconnex.us/cuahsi/his/Mazar_River_Project/wq555 </loc>
		<lastmod> 2022-04-13 13:46:51.797081 </lastmod>
	</url><url>
		<loc> https://geoconnex.us/cuahsi/his/Mazar_River_Project/wq563 </loc>
		<lastmod> 2022-04-13 13:46:51.797095 </lastmod>
	</url><url>
		<loc> https://geoconnex.us/cuahsi/his/Mazar_River_Project/wq566 </loc>
		<lastmod> 2022-04-13 13:46:51.797109 </lastmod>
	</url><url>
		<loc> https://geoconnex.us/cuahsi/his/Mazar_River_Project/wq567 </loc>
		<lastmod> 2022-04-13 13:46:51.797123 </lastmod>
	</url><url>
		<loc> https://geoconnex.us/cuahsi/his/Mazar_River_Project/wq568 </loc>
		<lastmod> 2022-04-13 13:46:51.797137 </lastmod>
	</url><url>
		<loc> https://geoconnex.us/cuahsi/his/Mazar_River_Project/wq569 </loc>
		<lastmod> 2022-04-13 13:46:51.797151 </lastmod>
	</url><url>
		<loc> https://geoconnex.us/cuahsi/his/Mazar_River_Project/wq572 </loc>
		<lastmod> 2022-04-13 13:46:51.797164 </lastmod>
	</url><url>
		<loc> https://geoconnex.us/cuahsi/his/Mazar_River_Project/wq586 </loc>
		<lastmod> 2022-04-13 13:46:51.797178 </lastmod>
	</url><url>
		<loc> https://geoconnex.us/cuahsi/his/Mazar_River_Project/wq872 </loc>
		<lastmod> 2022-04-13 13:46:51.797192 </lastmod>
	</url><url>
		<loc> https://geoconnex.us/cuahsi/his/Mazar_River_Project/wq874 </loc>
		<lastmod> 2022-04-13 13:46:51.797205 </lastmod>
	</url><url>
		<loc> https://geoconnex.us/cuahsi/his/Mazar_River_Project/wq880 </loc>
		<lastmod> 2022-04-13 13:46:51.797219 </lastmod>
	</url><url>
		<loc> https://geoconnex.us/cuahsi/his/Mazar_River_Project/wq925 </loc>
		<lastmod> 2022-04-13 13:46:51.797233 </lastmod>
	</url><url>
		<loc> https://geoconnex.us/cuahsi/his/Mazar_River_Project/wq926 </loc>
		<lastmod> 2022-04-13 13:46:51.797247 </lastmod>
	</url><url>
		<loc> https://geoconnex.us/cuahsi/his/Mazar_River_Project/wq927 </loc>
		<lastmod> 2022-04-13 13:46:51.797261 </lastmod>
	</url><url>
		<loc> https://geoconnex.us/cuahsi/his/Mazar_River_Project/wq928 </loc>
		<lastmod> 2022-04-13 13:46:51.797274 </lastmod>
	</url><url>
		<loc> https://geoconnex.us/cuahsi/his/Mazar_River_Project/wq929 </loc>
		<lastmod> 2022-04-13 13:46:51.797288 </lastmod>
	</url><url>
		<loc> https://geoconnex.us/cuahsi/his/Mazar_River_Project/wq1155 </loc>
		<lastmod> 2022-04-13 13:46:51.797302 </lastmod>
	</url><url>
		<loc> https://geoconnex.us/cuahsi/his/Mazar_River_Project/wq1159 </loc>
		<lastmod> 2022-04-13 13:46:51.797315 </lastmod>
	</url><url>
		<loc> https://geoconnex.us/cuahsi/his/Mazar_River_Project/wq1167 </loc>
		<lastmod> 2022-04-13 13:46:51.797330 </lastmod>
	</url><url>
		<loc> https://geoconnex.us/cuahsi/his/Mazar_River_Project/wq1169 </loc>
		<lastmod> 2022-04-13 13:46:51.797343 </lastmod>
	</url><url>
		<loc> https://geoconnex.us/cuahsi/his/Mazar_River_Project/wq1170 </loc>
		<lastmod> 2022-04-13 13:46:51.797357 </lastmod>
	</url><url>
		<loc> https://geoconnex.us/cuahsi/his/Mazar_River_Project/wq1171 </loc>
		<lastmod> 2022-04-13 13:46:51.797370 </lastmod>
	</url><url>
		<loc> https://geoconnex.us/cuahsi/his/Mazar_River_Project/wq1174 </loc>
		<lastmod> 2022-04-13 13:46:51.797384 </lastmod>
	</url><url>
		<loc> https://geoconnex.us/cuahsi/his/Mazar_River_Project/wq1201 </loc>
		<lastmod> 2022-04-13 13:46:51.797398 </lastmod>
	</url><url>
		<loc> https://geoconnex.us/cuahsi/his/Mazar_River_Project/wq1202 </loc>
		<lastmod> 2022-04-13 13:46:51.797411 </lastmod>
	</url><url>
		<loc> https://geoconnex.us/cuahsi/his/Mazar_River_Project/wq1203 </loc>
		<lastmod> 2022-04-13 13:46:51.797424 </lastmod>
	</url><url>
		<loc> https://geoconnex.us/cuahsi/his/Mazar_River_Project/wq1204 </loc>
		<lastmod> 2022-04-13 13:46:51.797438 </lastmod>
	</url><url>
		<loc> https://geoconnex.us/cuahsi/his/Mazar_River_Project/wq1205 </loc>
		<lastmod> 2022-04-13 13:46:51.797452 </lastmod>
	</url><url>
		<loc> https://geoconnex.us/cuahsi/his/Mazar_River_Project/wq1206 </loc>
		<lastmod> 2022-04-13 13:46:51.797465 </lastmod>
	</url><url>
		<loc> https://geoconnex.us/cuahsi/his/Mazar_River_Project/wq1207 </loc>
		<lastmod> 2022-04-13 13:46:51.797478 </lastmod>
	</url><url>
		<loc> https://geoconnex.us/cuahsi/his/Mazar_River_Project/wq1208 </loc>
		<lastmod> 2022-04-13 13:46:51.797492 </lastmod>
	</url><url>
		<loc> https://geoconnex.us/cuahsi/his/Mazar_River_Project/wq1211 </loc>
		<lastmod> 2022-04-13 13:46:51.797506 </lastmod>
	</url><url>
		<loc> https://geoconnex.us/cuahsi/his/Mazar_River_Project/wq1220 </loc>
		<lastmod> 2022-04-13 13:46:51.797519 </lastmod>
	</url><url>
		<loc> https://geoconnex.us/cuahsi/his/Mazar_River_Project/wq1245 </loc>
		<lastmod> 2022-04-13 13:46:51.797533 </lastmod>
	</url><url>
		<loc> https://geoconnex.us/cuahsi/his/Mazar_River_Project/wq1256 </loc>
		<lastmod> 2022-04-13 13:46:51.797547 </lastmod>
	</url><url>
		<loc> https://geoconnex.us/cuahsi/his/Mazar_River_Project/wq1259 </loc>
		<lastmod> 2022-04-13 13:46:51.797560 </lastmod>
	</url><url>
		<loc> https://geoconnex.us/cuahsi/his/Mazar_River_Project/wq1260 </loc>
		<lastmod> 2022-04-13 13:46:51.797574 </lastmod>
	</url><url>
		<loc> https://geoconnex.us/cuahsi/his/Mazar_River_Project/wq1262 </loc>
		<lastmod> 2022-04-13 13:46:51.797587 </lastmod>
	</url><url>
		<loc> https://geoconnex.us/cuahsi/his/Mazar_River_Project/wq1263 </loc>
		<lastmod> 2022-04-13 13:46:51.797601 </lastmod>
	</url><url>
		<loc> https://geoconnex.us/cuahsi/his/Mazar_River_Project/wq1282 </loc>
		<lastmod> 2022-04-13 13:46:51.797647 </lastmod>
	</url><url>
		<loc> https://geoconnex.us/cuahsi/his/Mazar_River_Project/wq1296 </loc>
		<lastmod> 2022-04-13 13:46:51.797662 </lastmod>
	</url><url>
		<loc> https://geoconnex.us/cuahsi/his/Mazar_River_Project/wq1312 </loc>
		<lastmod> 2022-04-13 13:46:51.797676 </lastmod>
	</url><url>
		<loc> https://geoconnex.us/cuahsi/his/Mazar_River_Project/wq1328 </loc>
		<lastmod> 2022-04-13 13:46:51.797690 </lastmod>
	</url><url>
		<loc> https://geoconnex.us/cuahsi/his/Mazar_River_Project/wq1329 </loc>
		<lastmod> 2022-04-13 13:46:51.797704 </lastmod>
	</url><url>
		<loc> https://geoconnex.us/cuahsi/his/Mazar_River_Project/wq1331 </loc>
		<lastmod> 2022-04-13 13:46:51.797718 </lastmod>
	</url><url>
		<loc> https://geoconnex.us/cuahsi/his/Mazar_River_Project/wq1332 </loc>
		<lastmod> 2022-04-13 13:46:51.797731 </lastmod>
	</url><url>
		<loc> https://geoconnex.us/cuahsi/his/Mazar_River_Project/wq1333 </loc>
		<lastmod> 2022-04-13 13:46:51.797745 </lastmod>
	</url><url>
		<loc> https://geoconnex.us/cuahsi/his/Mazar_River_Project/wq1334 </loc>
		<lastmod> 2022-04-13 13:46:51.797758 </lastmod>
	</url><url>
		<loc> https://geoconnex.us/cuahsi/his/Mazar_River_Project/wq1335 </loc>
		<lastmod> 2022-04-13 13:46:51.797772 </lastmod>
	</url><url>
		<loc> https://geoconnex.us/cuahsi/his/Mazar_River_Project/wq1353 </loc>
		<lastmod> 2022-04-13 13:46:51.797786 </lastmod>
	</url><url>
		<loc> https://geoconnex.us/cuahsi/his/Mazar_River_Project/wq1354 </loc>
		<lastmod> 2022-04-13 13:46:51.797799 </lastmod>
	</url><url>
		<loc> https://geoconnex.us/cuahsi/his/Mazar_River_Project/wq1355 </loc>
		<lastmod> 2022-04-13 13:46:51.797812 </lastmod>
	</url><url>
		<loc> https://geoconnex.us/cuahsi/his/Mazar_River_Project/wq1356 </loc>
		<lastmod> 2022-04-13 13:46:51.797826 </lastmod>
	</url><url>
		<loc> https://geoconnex.us/cuahsi/his/Mazar_River_Project/wq1357 </loc>
		<lastmod> 2022-04-13 13:46:51.797839 </lastmod>
	</url><url>
		<loc> https://geoconnex.us/cuahsi/his/Mazar_River_Project/wq1358 </loc>
		<lastmod> 2022-04-13 13:46:51.797853 </lastmod>
	</url><url>
		<loc> https://geoconnex.us/cuahsi/his/Mazar_River_Project/wq1359 </loc>
		<lastmod> 2022-04-13 13:46:51.797867 </lastmod>
	</url><url>
		<loc> https://geoconnex.us/cuahsi/his/Mazar_River_Project/wq1361 </loc>
		<lastmod> 2022-04-13 13:46:51.797881 </lastmod>
	</url><url>
		<loc> https://geoconnex.us/cuahsi/his/Mazar_River_Project/wq1362 </loc>
		<lastmod> 2022-04-13 13:46:51.797895 </lastmod>
	</url><url>
		<loc> https://geoconnex.us/cuahsi/his/Mazar_River_Project/wq1363 </loc>
		<lastmod> 2022-04-13 13:46:51.797909 </lastmod>
	</url><url>
		<loc> https://geoconnex.us/cuahsi/his/Mazar_River_Project/wq1367 </loc>
		<lastmod> 2022-04-13 13:46:51.797922 </lastmod>
	</url><url>
		<loc> https://geoconnex.us/cuahsi/his/Mazar_River_Project/wq1375 </loc>
		<lastmod> 2022-04-13 13:46:51.797936 </lastmod>
	</url><url>
		<loc> https://geoconnex.us/cuahsi/his/Mazar_River_Project/wq1398 </loc>
		<lastmod> 2022-04-13 13:46:51.797950 </lastmod>
	</url><url>
		<loc> https://geoconnex.us/cuahsi/his/Mazar_River_Project/wq1400 </loc>
		<lastmod> 2022-04-13 13:46:51.797963 </lastmod>
	</url><url>
		<loc> https://geoconnex.us/cuahsi/his/Mazar_River_Project/wq1445 </loc>
		<lastmod> 2022-04-13 13:46:51.797977 </lastmod>
	</url><url>
		<loc> https://geoconnex.us/cuahsi/his/Mazar_River_Project/wq1447 </loc>
		<lastmod> 2022-04-13 13:46:51.797990 </lastmod>
	</url><url>
		<loc> https://geoconnex.us/cuahsi/his/Mazar_River_Project/wq1456 </loc>
		<lastmod> 2022-04-13 13:46:51.798004 </lastmod>
	</url><url>
		<loc> https://geoconnex.us/cuahsi/his/Mazar_River_Project/wq1460 </loc>
		<lastmod> 2022-04-13 13:46:51.798018 </lastmod>
	</url><url>
		<loc> https://geoconnex.us/cuahsi/his/Mazar_River_Project/wq1462 </loc>
		<lastmod> 2022-04-13 13:46:51.798032 </lastmod>
	</url><url>
		<loc> https://geoconnex.us/cuahsi/his/Mazar_River_Project/wq1472 </loc>
		<lastmod> 2022-04-13 13:46:51.798046 </lastmod>
	</url><url>
		<loc> https://geoconnex.us/cuahsi/his/Mazar_River_Project/wq1473 </loc>
		<lastmod> 2022-04-13 13:46:51.798060 </lastmod>
	</url><url>
		<loc> https://geoconnex.us/cuahsi/his/Mazar_River_Project/wq1490 </loc>
		<lastmod> 2022-04-13 13:46:51.798073 </lastmod>
	</url><url>
		<loc> https://geoconnex.us/cuahsi/his/Mazar_River_Project/wq1492 </loc>
		<lastmod> 2022-04-13 13:46:51.798086 </lastmod>
	</url><url>
		<loc> https://geoconnex.us/cuahsi/his/Mazar_River_Project/wq1494 </loc>
		<lastmod> 2022-04-13 13:46:51.798100 </lastmod>
	</url><url>
		<loc> https://geoconnex.us/cuahsi/his/Mazar_River_Project/wq1495 </loc>
		<lastmod> 2022-04-13 13:46:51.798113 </lastmod>
	</url><url>
		<loc> https://geoconnex.us/cuahsi/his/Mazar_River_Project/wq1531 </loc>
		<lastmod> 2022-04-13 13:46:51.798127 </lastmod>
	</url><url>
		<loc> https://geoconnex.us/cuahsi/his/Mazar_River_Project/wq1532 </loc>
		<lastmod> 2022-04-13 13:46:51.798141 </lastmod>
	</url><url>
		<loc> https://geoconnex.us/cuahsi/his/Mazar_River_Project/wq1533 </loc>
		<lastmod> 2022-04-13 13:46:51.798154 </lastmod>
	</url><url>
		<loc> https://geoconnex.us/cuahsi/his/Mazar_River_Project/wq1534 </loc>
		<lastmod> 2022-04-13 13:46:51.798168 </lastmod>
	</url><url>
		<loc> https://geoconnex.us/cuahsi/his/Mazar_River_Project/wq1535 </loc>
		<lastmod> 2022-04-13 13:46:51.798181 </lastmod>
	</url><url>
		<loc> https://geoconnex.us/cuahsi/his/Mazar_River_Project/wq1536 </loc>
		<lastmod> 2022-04-13 13:46:51.798194 </lastmod>
	</url><url>
		<loc> https://geoconnex.us/cuahsi/his/Mazar_River_Project/wq1537 </loc>
		<lastmod> 2022-04-13 13:46:51.798208 </lastmod>
	</url><url>
		<loc> https://geoconnex.us/cuahsi/his/Mazar_River_Project/wq1538 </loc>
		<lastmod> 2022-04-13 13:46:51.798222 </lastmod>
	</url><url>
		<loc> https://geoconnex.us/cuahsi/his/Mazar_River_Project/wq1539 </loc>
		<lastmod> 2022-04-13 13:46:51.798235 </lastmod>
	</url><url>
		<loc> https://geoconnex.us/cuahsi/his/Mazar_River_Project/wq1540 </loc>
		<lastmod> 2022-04-13 13:46:51.798249 </lastmod>
	</url><url>
		<loc> https://geoconnex.us/cuahsi/his/Mazar_River_Project/wq1541 </loc>
		<lastmod> 2022-04-13 13:46:51.798263 </lastmod>
	</url><url>
		<loc> https://geoconnex.us/cuahsi/his/Mazar_River_Project/wq1542 </loc>
		<lastmod> 2022-04-13 13:46:51.798277 </lastmod>
	</url><url>
		<loc> https://geoconnex.us/cuahsi/his/Mazar_River_Project/wq1543 </loc>
		<lastmod> 2022-04-13 13:46:51.798291 </lastmod>
	</url><url>
		<loc> https://geoconnex.us/cuahsi/his/Mazar_River_Project/wq1544 </loc>
		<lastmod> 2022-04-13 13:46:51.798305 </lastmod>
	</url><url>
		<loc> https://geoconnex.us/cuahsi/his/Mazar_River_Project/wq1588 </loc>
		<lastmod> 2022-04-13 13:46:51.798320 </lastmod>
	</url><url>
		<loc> https://geoconnex.us/cuahsi/his/Mazar_River_Project/wq1591 </loc>
		<lastmod> 2022-04-13 13:46:51.798333 </lastmod>
	</url><url>
		<loc> https://geoconnex.us/cuahsi/his/Mazar_River_Project/wq1595 </loc>
		<lastmod> 2022-04-13 13:46:51.798347 </lastmod>
	</url><url>
		<loc> https://geoconnex.us/cuahsi/his/Mazar_River_Project/wq1596 </loc>
		<lastmod> 2022-04-13 13:46:51.798361 </lastmod>
	</url><url>
		<loc> https://geoconnex.us/cuahsi/his/Mazar_River_Project/wq1629 </loc>
		<lastmod> 2022-04-13 13:46:51.798374 </lastmod>
	</url><url>
		<loc> https://geoconnex.us/cuahsi/his/Mazar_River_Project/wq1657 </loc>
		<lastmod> 2022-04-13 13:46:51.798388 </lastmod>
	</url><url>
		<loc> https://geoconnex.us/cuahsi/his/Mazar_River_Project/wq1671 </loc>
		<lastmod> 2022-04-13 13:46:51.798402 </lastmod>
	</url><url>
		<loc> https://geoconnex.us/cuahsi/his/Mazar_River_Project/wq1681 </loc>
		<lastmod> 2022-04-13 13:46:51.798417 </lastmod>
	</url><url>
		<loc> https://geoconnex.us/cuahsi/his/Mazar_River_Project/wq1749 </loc>
		<lastmod> 2022-04-13 13:46:51.798430 </lastmod>
	</url><url>
		<loc> https://geoconnex.us/cuahsi/his/Mazar_River_Project/wq1750 </loc>
		<lastmod> 2022-04-13 13:46:51.798444 </lastmod>
	</url><url>
		<loc> https://geoconnex.us/cuahsi/his/Mazar_River_Project/wq1751 </loc>
		<lastmod> 2022-04-13 13:46:51.798458 </lastmod>
	</url><url>
		<loc> https://geoconnex.us/cuahsi/his/Mazar_River_Project/wq1752 </loc>
		<lastmod> 2022-04-13 13:46:51.798472 </lastmod>
	</url><url>
		<loc> https://geoconnex.us/cuahsi/his/Mazar_River_Project/wq1753 </loc>
		<lastmod> 2022-04-13 13:46:51.798485 </lastmod>
	</url><url>
		<loc> https://geoconnex.us/cuahsi/his/Mazar_River_Project/wq1759 </loc>
		<lastmod> 2022-04-13 13:46:51.798499 </lastmod>
	</url><url>
		<loc> https://geoconnex.us/cuahsi/his/Mazar_River_Project/wq1761 </loc>
		<lastmod> 2022-04-13 13:46:51.798513 </lastmod>
	</url><url>
		<loc> https://geoconnex.us/cuahsi/his/Mazar_River_Project/wq1763 </loc>
		<lastmod> 2022-04-13 13:46:51.798526 </lastmod>
	</url><url>
		<loc> https://geoconnex.us/cuahsi/his/Mazar_River_Project/wq1850 </loc>
		<lastmod> 2022-04-13 13:46:51.798540 </lastmod>
	</url><url>
		<loc> https://geoconnex.us/cuahsi/his/Mazar_River_Project/wq1852 </loc>
		<lastmod> 2022-04-13 13:46:51.798555 </lastmod>
	</url><url>
		<loc> https://geoconnex.us/cuahsi/his/Mazar_River_Project/wq1853 </loc>
		<lastmod> 2022-04-13 13:46:51.798568 </lastmod>
	</url><url>
		<loc> https://geoconnex.us/cuahsi/his/Mazar_River_Project/wq1858 </loc>
		<lastmod> 2022-04-13 13:46:51.798582 </lastmod>
	</url><url>
		<loc> https://geoconnex.us/cuahsi/his/Mazar_River_Project/wq1864 </loc>
		<lastmod> 2022-04-13 13:46:51.798596 </lastmod>
	</url><url>
		<loc> https://geoconnex.us/cuahsi/his/Mazar_River_Project/wq1873 </loc>
		<lastmod> 2022-04-13 13:46:51.798609 </lastmod>
	</url><url>
		<loc> https://geoconnex.us/cuahsi/his/Mazar_River_Project/wq1875 </loc>
		<lastmod> 2022-04-13 13:46:51.798623 </lastmod>
	</url><url>
		<loc> https://geoconnex.us/cuahsi/his/Mazar_River_Project/wq1877 </loc>
		<lastmod> 2022-04-13 13:46:51.798637 </lastmod>
	</url><url>
		<loc> https://geoconnex.us/cuahsi/his/Mazar_River_Project/wq1878 </loc>
		<lastmod> 2022-04-13 13:46:51.798650 </lastmod>
	</url><url>
		<loc> https://geoconnex.us/cuahsi/his/Mazar_River_Project/wq1879 </loc>
		<lastmod> 2022-04-13 13:46:51.798664 </lastmod>
	</url><url>
		<loc> https://geoconnex.us/cuahsi/his/Mazar_River_Project/wq2029 </loc>
		<lastmod> 2022-04-13 13:46:51.798678 </lastmod>
	</url><url>
		<loc> https://geoconnex.us/cuahsi/his/Mazar_River_Project/wq2032 </loc>
		<lastmod> 2022-04-13 13:46:51.798691 </lastmod>
	</url><url>
		<loc> https://geoconnex.us/cuahsi/his/Mazar_River_Project/wq2033 </loc>
		<lastmod> 2022-04-13 13:46:51.798705 </lastmod>
	</url><url>
		<loc> https://geoconnex.us/cuahsi/his/Mazar_River_Project/wq2101 </loc>
		<lastmod> 2022-04-13 13:46:51.798719 </lastmod>
	</url><url>
		<loc> https://geoconnex.us/cuahsi/his/Mazar_River_Project/wq2121 </loc>
		<lastmod> 2022-04-13 13:46:51.798732 </lastmod>
	</url><url>
		<loc> https://geoconnex.us/cuahsi/his/Mazar_River_Project/wq2123 </loc>
		<lastmod> 2022-04-13 13:46:51.798746 </lastmod>
	</url><url>
		<loc> https://geoconnex.us/cuahsi/his/Mazar_River_Project/wq2124 </loc>
		<lastmod> 2022-04-13 13:46:51.798760 </lastmod>
	</url><url>
		<loc> https://geoconnex.us/cuahsi/his/Mazar_River_Project/wq2125 </loc>
		<lastmod> 2022-04-13 13:46:51.798773 </lastmod>
	</url><url>
		<loc> https://geoconnex.us/cuahsi/his/Mazar_River_Project/wq2126 </loc>
		<lastmod> 2022-04-13 13:46:51.798786 </lastmod>
	</url><url>
		<loc> https://geoconnex.us/cuahsi/his/Mazar_River_Project/wq2129 </loc>
		<lastmod> 2022-04-13 13:46:51.798800 </lastmod>
	</url><url>
		<loc> https://geoconnex.us/cuahsi/his/Mazar_River_Project/wq2132 </loc>
		<lastmod> 2022-04-13 13:46:51.798814 </lastmod>
	</url><url>
		<loc> https://geoconnex.us/cuahsi/his/Mazar_River_Project/wq2133 </loc>
		<lastmod> 2022-04-13 13:46:51.798828 </lastmod>
	</url><url>
		<loc> https://geoconnex.us/cuahsi/his/Mazar_River_Project/wq2135 </loc>
		<lastmod> 2022-04-13 13:46:51.798842 </lastmod>
	</url><url>
		<loc> https://geoconnex.us/cuahsi/his/Mazar_River_Project/wq2136 </loc>
		<lastmod> 2022-04-13 13:46:51.798876 </lastmod>
	</url><url>
		<loc> https://geoconnex.us/cuahsi/his/Mazar_River_Project/wq2256 </loc>
		<lastmod> 2022-04-13 13:46:51.798891 </lastmod>
	</url><url>
		<loc> https://geoconnex.us/cuahsi/his/Mazar_River_Project/wq2257 </loc>
		<lastmod> 2022-04-13 13:46:51.798905 </lastmod>
	</url><url>
		<loc> https://geoconnex.us/cuahsi/his/Mazar_River_Project/wq2371 </loc>
		<lastmod> 2022-04-13 13:46:51.798919 </lastmod>
	</url><url>
		<loc> https://geoconnex.us/cuahsi/his/Mazar_River_Project/wq2775 </loc>
		<lastmod> 2022-04-13 13:46:51.798932 </lastmod>
	</url><url>
		<loc> https://geoconnex.us/cuahsi/his/Mazar_River_Project/wq2780 </loc>
		<lastmod> 2022-04-13 13:46:51.798946 </lastmod>
	</url><url>
		<loc> https://geoconnex.us/cuahsi/his/Mazar_River_Project/wq2781 </loc>
		<lastmod> 2022-04-13 13:46:51.798960 </lastmod>
	</url><url>
		<loc> https://geoconnex.us/cuahsi/his/Mazar_River_Project/wq2782 </loc>
		<lastmod> 2022-04-13 13:46:51.798974 </lastmod>
	</url></ns0:urlset>