<?xml version='1.0' encoding='utf-8'?>
<ns0:urlset xmlns:ns0="http://www.sitemaps.org/schemas/sitemap/0.9">
<url>
		<loc> https://geoconnex.us/cuahsi/his/GLEON_LakeAnnie/1 </loc>
		<lastmod> 2022-06-15 17:22:37.865801 </lastmod>
	</url><url>
		<loc> https://geoconnex.us/cuahsi/his/GLEON_LakeAnnie/2 </loc>
		<lastmod> 2022-06-15 17:22:37.865835 </lastmod>
	</url><url>
		<loc> https://geoconnex.us/cuahsi/his/GLEON_LakeAnnie/3 </loc>
		<lastmod> 2022-06-15 17:22:37.865854 </lastmod>
	</url><url>
		<loc> https://geoconnex.us/cuahsi/his/GLEON_LakeAnnie/1100 </loc>
		<lastmod> 2022-06-15 17:22:37.865870 </lastmod>
	</url><url>
		<loc> https://geoconnex.us/cuahsi/his/GLEON_LakeAnnie/1020 </loc>
		<lastmod> 2022-06-15 17:22:37.865884 </lastmod>
	</url><url>
		<loc> https://geoconnex.us/cuahsi/his/GLEON_LakeAnnie/1010 </loc>
		<lastmod> 2022-06-15 17:22:37.865898 </lastmod>
	</url><url>
		<loc> https://geoconnex.us/cuahsi/his/GLEON_LakeAnnie/1005 </loc>
		<lastmod> 2022-06-15 17:22:37.865912 </lastmod>
	</url><url>
		<loc> https://geoconnex.us/cuahsi/his/GLEON_LakeAnnie/1002 </loc>
		<lastmod> 2022-06-15 17:22:37.865926 </lastmod>
	</url><url>
		<loc> https://geoconnex.us/cuahsi/his/GLEON_LakeAnnie/1001 </loc>
		<lastmod> 2022-06-15 17:22:37.865939 </lastmod>
	</url><url>
		<loc> https://geoconnex.us/cuahsi/his/GLEON_LakeAnnie/-1001 </loc>
		<lastmod> 2022-06-15 17:22:37.865952 </lastmod>
	</url><url>
		<loc> https://geoconnex.us/cuahsi/his/GLEON_LakeAnnie/-1011 </loc>
		<lastmod> 2022-06-15 17:22:37.865966 </lastmod>
	</url><url>
		<loc> https://geoconnex.us/cuahsi/his/GLEON_LakeAnnie/-1012 </loc>
		<lastmod> 2022-06-15 17:22:37.865979 </lastmod>
	</url><url>
		<loc> https://geoconnex.us/cuahsi/his/GLEON_LakeAnnie/-1013 </loc>
		<lastmod> 2022-06-15 17:22:37.865992 </lastmod>
	</url><url>
		<loc> https://geoconnex.us/cuahsi/his/GLEON_LakeAnnie/-1021 </loc>
		<lastmod> 2022-06-15 17:22:37.866005 </lastmod>
	</url><url>
		<loc> https://geoconnex.us/cuahsi/his/GLEON_LakeAnnie/-1031 </loc>
		<lastmod> 2022-06-15 17:22:37.866018 </lastmod>
	</url><url>
		<loc> https://geoconnex.us/cuahsi/his/GLEON_LakeAnnie/-1041 </loc>
		<lastmod> 2022-06-15 17:22:37.866032 </lastmod>
	</url><url>
		<loc> https://geoconnex.us/cuahsi/his/GLEON_LakeAnnie/-1051 </loc>
		<lastmod> 2022-06-15 17:22:37.866045 </lastmod>
	</url><url>
		<loc> https://geoconnex.us/cuahsi/his/GLEON_LakeAnnie/-1061 </loc>
		<lastmod> 2022-06-15 17:22:37.866058 </lastmod>
	</url><url>
		<loc> https://geoconnex.us/cuahsi/his/GLEON_LakeAnnie/-1071 </loc>
		<lastmod> 2022-06-15 17:22:37.866071 </lastmod>
	</url><url>
		<loc> https://geoconnex.us/cuahsi/his/GLEON_LakeAnnie/-1081 </loc>
		<lastmod> 2022-06-15 17:22:37.866085 </lastmod>
	</url><url>
		<loc> https://geoconnex.us/cuahsi/his/GLEON_LakeAnnie/-1091 </loc>
		<lastmod> 2022-06-15 17:22:37.866098 </lastmod>
	</url><url>
		<loc> https://geoconnex.us/cuahsi/his/GLEON_LakeAnnie/-1101 </loc>
		<lastmod> 2022-06-15 17:22:37.866111 </lastmod>
	</url><url>
		<loc> https://geoconnex.us/cuahsi/his/GLEON_LakeAnnie/-1111 </loc>
		<lastmod> 2022-06-15 17:22:37.866124 </lastmod>
	</url><url>
		<loc> https://geoconnex.us/cuahsi/his/GLEON_LakeAnnie/-1121 </loc>
		<lastmod> 2022-06-15 17:22:37.866136 </lastmod>
	</url><url>
		<loc> https://geoconnex.us/cuahsi/his/GLEON_LakeAnnie/-1131 </loc>
		<lastmod> 2022-06-15 17:22:37.866149 </lastmod>
	</url><url>
		<loc> https://geoconnex.us/cuahsi/his/GLEON_LakeAnnie/-1141 </loc>
		<lastmod> 2022-06-15 17:22:37.866162 </lastmod>
	</url><url>
		<loc> https://geoconnex.us/cuahsi/his/GLEON_LakeAnnie/-1151 </loc>
		<lastmod> 2022-06-15 17:22:37.866175 </lastmod>
	</url><url>
		<loc> https://geoconnex.us/cuahsi/his/GLEON_LakeAnnie/-1161 </loc>
		<lastmod> 2022-06-15 17:22:37.866188 </lastmod>
	</url><url>
		<loc> https://geoconnex.us/cuahsi/his/GLEON_LakeAnnie/-1171 </loc>
		<lastmod> 2022-06-15 17:22:37.866201 </lastmod>
	</url><url>
		<loc> https://geoconnex.us/cuahsi/his/GLEON_LakeAnnie/-1181 </loc>
		<lastmod> 2022-06-15 17:22:37.866213 </lastmod>
	</url><url>
		<loc> https://geoconnex.us/cuahsi/his/GLEON_LakeAnnie/-1003 </loc>
		<lastmod> 2022-06-15 17:22:37.866226 </lastmod>
	</url></ns0:urlset>