<?xml version='1.0' encoding='utf-8'?>
<ns0:urlset xmlns:ns0="http://www.sitemaps.org/schemas/sitemap/0.9">
<url>
		<loc> https://geoconnex.us/cuahsi/his/czo_boulder/GREEN_LAKE_4 </loc>
		<lastmod> 2022-05-31 19:26:31.440689 </lastmod>
	</url><url>
		<loc> https://geoconnex.us/cuahsi/his/czo_boulder/LGG_P4 </loc>
		<lastmod> 2022-05-31 19:26:31.440719 </lastmod>
	</url><url>
		<loc> https://geoconnex.us/cuahsi/his/czo_boulder/LGG_P5 </loc>
		<lastmod> 2022-05-31 19:26:31.440738 </lastmod>
	</url><url>
		<loc> https://geoconnex.us/cuahsi/his/czo_boulder/LGG_P6 </loc>
		<lastmod> 2022-05-31 19:26:31.440754 </lastmod>
	</url><url>
		<loc> https://geoconnex.us/cuahsi/his/czo_boulder/UGG_P4 </loc>
		<lastmod> 2022-05-31 19:26:31.440769 </lastmod>
	</url><url>
		<loc> https://geoconnex.us/cuahsi/his/czo_boulder/CATENA-PIT1 </loc>
		<lastmod> 2022-05-31 19:26:31.440783 </lastmod>
	</url><url>
		<loc> https://geoconnex.us/cuahsi/his/czo_boulder/CATENA-PIT2 </loc>
		<lastmod> 2022-05-31 19:26:31.440798 </lastmod>
	</url><url>
		<loc> https://geoconnex.us/cuahsi/his/czo_boulder/CATENA-PIT3 </loc>
		<lastmod> 2022-05-31 19:26:31.440812 </lastmod>
	</url><url>
		<loc> https://geoconnex.us/cuahsi/his/czo_boulder/CATENA-PIT4 </loc>
		<lastmod> 2022-05-31 19:26:31.440826 </lastmod>
	</url><url>
		<loc> https://geoconnex.us/cuahsi/his/czo_boulder/CATENA-PIT5 </loc>
		<lastmod> 2022-05-31 19:26:31.440839 </lastmod>
	</url><url>
		<loc> https://geoconnex.us/cuahsi/his/czo_boulder/LGG_P9 </loc>
		<lastmod> 2022-05-31 19:26:31.440853 </lastmod>
	</url><url>
		<loc> https://geoconnex.us/cuahsi/his/czo_boulder/LGG_P10 </loc>
		<lastmod> 2022-05-31 19:26:31.440867 </lastmod>
	</url><url>
		<loc> https://geoconnex.us/cuahsi/his/czo_boulder/BET_GULLY </loc>
		<lastmod> 2022-05-31 19:26:31.440881 </lastmod>
	</url></ns0:urlset>