<?xml version='1.0' encoding='utf-8'?>
<ns0:urlset xmlns:ns0="http://www.sitemaps.org/schemas/sitemap/0.9">
<url>
		<loc> https://geoconnex.us/cuahsi/his/Provo_River_GAMUT/PR_BD_C </loc>
		<lastmod> 2023-06-24 02:35:25.930055 </lastmod>
	</url><url>
		<loc> https://geoconnex.us/cuahsi/his/Provo_River_GAMUT/PR_BJ_AA </loc>
		<lastmod> 2023-06-24 02:35:25.930102 </lastmod>
	</url><url>
		<loc> https://geoconnex.us/cuahsi/his/Provo_River_GAMUT/PR_TL_C </loc>
		<lastmod> 2023-06-24 02:35:25.930132 </lastmod>
	</url><url>
		<loc> https://geoconnex.us/cuahsi/his/Provo_River_GAMUT/PR_CH_CUWCD </loc>
		<lastmod> 2023-06-24 02:35:25.930157 </lastmod>
	</url><url>
		<loc> https://geoconnex.us/cuahsi/his/Provo_River_GAMUT/PR_UM_CUWCD </loc>
		<lastmod> 2023-06-24 02:35:25.930181 </lastmod>
	</url><url>
		<loc> https://geoconnex.us/cuahsi/his/Provo_River_GAMUT/PR_BJ_CUWCD </loc>
		<lastmod> 2023-06-24 02:35:25.930203 </lastmod>
	</url><url>
		<loc> https://geoconnex.us/cuahsi/his/Provo_River_GAMUT/PR_CH_AA </loc>
		<lastmod> 2023-06-24 02:35:25.930226 </lastmod>
	</url><url>
		<loc> https://geoconnex.us/cuahsi/his/Provo_River_GAMUT/PR_LM_BA </loc>
		<lastmod> 2023-06-24 02:35:25.930248 </lastmod>
	</url><url>
		<loc> https://geoconnex.us/cuahsi/his/Provo_River_GAMUT/PR_TC_CUWCD </loc>
		<lastmod> 2023-06-24 02:35:25.930270 </lastmod>
	</url><url>
		<loc> https://geoconnex.us/cuahsi/his/Provo_River_GAMUT/PR_CH_C </loc>
		<lastmod> 2023-06-24 02:35:25.930291 </lastmod>
	</url><url>
		<loc> https://geoconnex.us/cuahsi/his/Provo_River_GAMUT/PR_ST_C </loc>
		<lastmod> 2023-06-24 02:35:25.930313 </lastmod>
	</url><url>
		<loc> https://geoconnex.us/cuahsi/his/Provo_River_GAMUT/PR_ST_BA </loc>
		<lastmod> 2023-06-24 02:35:25.930334 </lastmod>
	</url><url>
		<loc> https://geoconnex.us/cuahsi/his/Provo_River_GAMUT/PR_KM_B </loc>
		<lastmod> 2023-06-24 02:35:25.930356 </lastmod>
	</url><url>
		<loc> https://geoconnex.us/cuahsi/his/Provo_River_GAMUT/PR_YL_R </loc>
		<lastmod> 2023-06-24 02:35:25.930377 </lastmod>
	</url><url>
		<loc> https://geoconnex.us/cuahsi/his/Provo_River_GAMUT/PR_SageCreek_canal </loc>
		<lastmod> 2023-06-24 02:35:25.930413 </lastmod>
	</url><url>
		<loc> https://geoconnex.us/cuahsi/his/Provo_River_GAMUT/PR_Flood_canal </loc>
		<lastmod> 2023-06-24 02:35:25.930434 </lastmod>
	</url><url>
		<loc> https://geoconnex.us/cuahsi/his/Provo_River_GAMUT/PR_WD_BA </loc>
		<lastmod> 2023-06-24 02:35:25.930455 </lastmod>
	</url><url>
		<loc> https://geoconnex.us/cuahsi/his/Provo_River_GAMUT/PR_WD_USGS </loc>
		<lastmod> 2023-06-24 02:35:25.930476 </lastmod>
	</url><url>
		<loc> https://geoconnex.us/cuahsi/his/Provo_River_GAMUT/PR_RW_A </loc>
		<lastmod> 2023-06-24 02:35:25.930497 </lastmod>
	</url><url>
		<loc> https://geoconnex.us/cuahsi/his/Provo_River_GAMUT/PR_HD_AA </loc>
		<lastmod> 2023-06-24 02:35:25.930518 </lastmod>
	</url><url>
		<loc> https://geoconnex.us/cuahsi/his/Provo_River_GAMUT/PR_HD_USGS </loc>
		<lastmod> 2023-06-24 02:35:25.930538 </lastmod>
	</url></ns0:urlset>