<?xml version='1.0' encoding='utf-8'?>
<ns0:urlset xmlns:ns0="http://www.sitemaps.org/schemas/sitemap/0.9">
<url>
		<loc> https://geoconnex.us/cuahsi/his/FRC_WQM/SL </loc>
		<lastmod> 2023-06-07 18:19:06.857845 </lastmod>
	</url><url>
		<loc> https://geoconnex.us/cuahsi/his/FRC_WQM/PPO </loc>
		<lastmod> 2023-06-07 18:19:06.857876 </lastmod>
	</url><url>
		<loc> https://geoconnex.us/cuahsi/his/FRC_WQM/PB </loc>
		<lastmod> 2023-06-07 18:19:06.857896 </lastmod>
	</url><url>
		<loc> https://geoconnex.us/cuahsi/his/FRC_WQM/BR </loc>
		<lastmod> 2023-06-07 18:19:06.857914 </lastmod>
	</url><url>
		<loc> https://geoconnex.us/cuahsi/his/FRC_WQM/LPO </loc>
		<lastmod> 2023-06-07 18:19:06.857931 </lastmod>
	</url><url>
		<loc> https://geoconnex.us/cuahsi/his/FRC_WQM/CPLSD </loc>
		<lastmod> 2023-06-07 18:19:06.857947 </lastmod>
	</url><url>
		<loc> https://geoconnex.us/cuahsi/his/FRC_WQM/MBBR </loc>
		<lastmod> 2023-06-07 18:19:06.857963 </lastmod>
	</url><url>
		<loc> https://geoconnex.us/cuahsi/his/FRC_WQM/MBWN </loc>
		<lastmod> 2023-06-07 18:19:06.857979 </lastmod>
	</url><url>
		<loc> https://geoconnex.us/cuahsi/his/FRC_WQM/ND </loc>
		<lastmod> 2023-06-07 18:19:06.857995 </lastmod>
	</url><url>
		<loc> https://geoconnex.us/cuahsi/his/FRC_WQM/OMB </loc>
		<lastmod> 2023-06-07 18:19:06.858011 </lastmod>
	</url><url>
		<loc> https://geoconnex.us/cuahsi/his/FRC_WQM/LB </loc>
		<lastmod> 2023-06-07 18:19:06.858026 </lastmod>
	</url><url>
		<loc> https://geoconnex.us/cuahsi/his/FRC_WQM/CBR </loc>
		<lastmod> 2023-06-07 18:19:06.858042 </lastmod>
	</url><url>
		<loc> https://geoconnex.us/cuahsi/his/FRC_WQM/LR </loc>
		<lastmod> 2023-06-07 18:19:06.858057 </lastmod>
	</url><url>
		<loc> https://geoconnex.us/cuahsi/his/FRC_WQM/DR </loc>
		<lastmod> 2023-06-07 18:19:06.858072 </lastmod>
	</url><url>
		<loc> https://geoconnex.us/cuahsi/his/FRC_WQM/HS </loc>
		<lastmod> 2023-06-07 18:19:06.858087 </lastmod>
	</url><url>
		<loc> https://geoconnex.us/cuahsi/his/FRC_WQM/R56 </loc>
		<lastmod> 2023-06-07 18:19:06.858103 </lastmod>
	</url><url>
		<loc> https://geoconnex.us/cuahsi/his/FRC_WQM/SB </loc>
		<lastmod> 2023-06-07 18:19:06.858118 </lastmod>
	</url><url>
		<loc> https://geoconnex.us/cuahsi/his/FRC_WQM/MB </loc>
		<lastmod> 2023-06-07 18:19:06.858133 </lastmod>
	</url><url>
		<loc> https://geoconnex.us/cuahsi/his/FRC_WQM/BB </loc>
		<lastmod> 2023-06-07 18:19:06.858148 </lastmod>
	</url><url>
		<loc> https://geoconnex.us/cuahsi/his/FRC_WQM/BBR16 </loc>
		<lastmod> 2023-06-07 18:19:06.858163 </lastmod>
	</url><url>
		<loc> https://geoconnex.us/cuahsi/his/FRC_WQM/RP </loc>
		<lastmod> 2023-06-07 18:19:06.858178 </lastmod>
	</url><url>
		<loc> https://geoconnex.us/cuahsi/his/FRC_WQM/MBRR </loc>
		<lastmod> 2023-06-07 18:19:06.858193 </lastmod>
	</url></ns0:urlset>