<?xml version='1.0' encoding='utf-8'?>
<ns0:urlset xmlns:ns0="http://www.sitemaps.org/schemas/sitemap/0.9">
<url>
		<loc> https://geoconnex.us/cuahsi/his/NashRWA/BR1039 </loc>
		<lastmod> 2022-07-14 18:36:37.271682 </lastmod>
	</url><url>
		<loc> https://geoconnex.us/cuahsi/his/NashRWA/CT0195 </loc>
		<lastmod> 2022-07-14 18:36:37.271710 </lastmod>
	</url><url>
		<loc> https://geoconnex.us/cuahsi/his/NashRWA/CT0425 </loc>
		<lastmod> 2022-07-14 18:36:37.271726 </lastmod>
	</url><url>
		<loc> https://geoconnex.us/cuahsi/his/NashRWA/FT0380 </loc>
		<lastmod> 2022-07-14 18:36:37.271740 </lastmod>
	</url><url>
		<loc> https://geoconnex.us/cuahsi/his/NashRWA/GB0312 </loc>
		<lastmod> 2022-07-14 18:36:37.271753 </lastmod>
	</url><url>
		<loc> https://geoconnex.us/cuahsi/his/NashRWA/JB0121 </loc>
		<lastmod> 2022-07-14 18:36:37.271765 </lastmod>
	</url><url>
		<loc> https://geoconnex.us/cuahsi/his/NashRWA/JB0583 </loc>
		<lastmod> 2022-07-14 18:36:37.271778 </lastmod>
	</url><url>
		<loc> https://geoconnex.us/cuahsi/his/NashRWA/MN0009 </loc>
		<lastmod> 2022-07-14 18:36:37.271789 </lastmod>
	</url><url>
		<loc> https://geoconnex.us/cuahsi/his/NashRWA/MN0223 </loc>
		<lastmod> 2022-07-14 18:36:37.271801 </lastmod>
	</url><url>
		<loc> https://geoconnex.us/cuahsi/his/NashRWA/MN0419 </loc>
		<lastmod> 2022-07-14 18:36:37.271813 </lastmod>
	</url><url>
		<loc> https://geoconnex.us/cuahsi/his/NashRWA/MN0520 </loc>
		<lastmod> 2022-07-14 18:36:37.271825 </lastmod>
	</url><url>
		<loc> https://geoconnex.us/cuahsi/his/NashRWA/MU0647 </loc>
		<lastmod> 2022-07-14 18:36:37.271837 </lastmod>
	</url><url>
		<loc> https://geoconnex.us/cuahsi/his/NashRWA/MU2011 </loc>
		<lastmod> 2022-07-14 18:36:37.271848 </lastmod>
	</url><url>
		<loc> https://geoconnex.us/cuahsi/his/NashRWA/NB0006 </loc>
		<lastmod> 2022-07-14 18:36:37.271860 </lastmod>
	</url><url>
		<loc> https://geoconnex.us/cuahsi/his/NashRWA/NM0121 </loc>
		<lastmod> 2022-07-14 18:36:37.271871 </lastmod>
	</url><url>
		<loc> https://geoconnex.us/cuahsi/his/NashRWA/NM0875 </loc>
		<lastmod> 2022-07-14 18:36:37.271883 </lastmod>
	</url><url>
		<loc> https://geoconnex.us/cuahsi/his/NashRWA/NM1567 </loc>
		<lastmod> 2022-07-14 18:36:37.271894 </lastmod>
	</url><url>
		<loc> https://geoconnex.us/cuahsi/his/NashRWA/NM2256 </loc>
		<lastmod> 2022-07-14 18:36:37.271906 </lastmod>
	</url><url>
		<loc> https://geoconnex.us/cuahsi/his/NashRWA/NM2443B </loc>
		<lastmod> 2022-07-14 18:36:37.271917 </lastmod>
	</url><url>
		<loc> https://geoconnex.us/cuahsi/his/NashRWA/NM2928 </loc>
		<lastmod> 2022-07-14 18:36:37.271929 </lastmod>
	</url><url>
		<loc> https://geoconnex.us/cuahsi/his/NashRWA/NM4201 </loc>
		<lastmod> 2022-07-14 18:36:37.271941 </lastmod>
	</url><url>
		<loc> https://geoconnex.us/cuahsi/his/NashRWA/NM5837 </loc>
		<lastmod> 2022-07-14 18:36:37.271952 </lastmod>
	</url><url>
		<loc> https://geoconnex.us/cuahsi/his/NashRWA/NN0049 </loc>
		<lastmod> 2022-07-14 18:36:37.271964 </lastmod>
	</url><url>
		<loc> https://geoconnex.us/cuahsi/his/NashRWA/NN0426 </loc>
		<lastmod> 2022-07-14 18:36:37.271975 </lastmod>
	</url><url>
		<loc> https://geoconnex.us/cuahsi/his/NashRWA/NN1194 </loc>
		<lastmod> 2022-07-14 18:36:37.271987 </lastmod>
	</url><url>
		<loc> https://geoconnex.us/cuahsi/his/NashRWA/NN1905 </loc>
		<lastmod> 2022-07-14 18:36:37.271998 </lastmod>
	</url><url>
		<loc> https://geoconnex.us/cuahsi/his/NashRWA/NN2657 </loc>
		<lastmod> 2022-07-14 18:36:37.272010 </lastmod>
	</url><url>
		<loc> https://geoconnex.us/cuahsi/his/NashRWA/NN2888 </loc>
		<lastmod> 2022-07-14 18:36:37.272021 </lastmod>
	</url><url>
		<loc> https://geoconnex.us/cuahsi/his/NashRWA/NN3071 </loc>
		<lastmod> 2022-07-14 18:36:37.272033 </lastmod>
	</url><url>
		<loc> https://geoconnex.us/cuahsi/his/NashRWA/NT0082 </loc>
		<lastmod> 2022-07-14 18:36:37.272044 </lastmod>
	</url><url>
		<loc> https://geoconnex.us/cuahsi/his/NashRWA/NT0418 </loc>
		<lastmod> 2022-07-14 18:36:37.272056 </lastmod>
	</url><url>
		<loc> https://geoconnex.us/cuahsi/his/NashRWA/NT0890 </loc>
		<lastmod> 2022-07-14 18:36:37.272067 </lastmod>
	</url><url>
		<loc> https://geoconnex.us/cuahsi/his/NashRWA/PB0480 </loc>
		<lastmod> 2022-07-14 18:36:37.272079 </lastmod>
	</url><url>
		<loc> https://geoconnex.us/cuahsi/his/NashRWA/SB0025 </loc>
		<lastmod> 2022-07-14 18:36:37.272090 </lastmod>
	</url><url>
		<loc> https://geoconnex.us/cuahsi/his/NashRWA/SB0295 </loc>
		<lastmod> 2022-07-14 18:36:37.272101 </lastmod>
	</url><url>
		<loc> https://geoconnex.us/cuahsi/his/NashRWA/SN0169 </loc>
		<lastmod> 2022-07-14 18:36:37.272113 </lastmod>
	</url><url>
		<loc> https://geoconnex.us/cuahsi/his/NashRWA/SQ0356 </loc>
		<lastmod> 2022-07-14 18:36:37.272124 </lastmod>
	</url><url>
		<loc> https://geoconnex.us/cuahsi/his/NashRWA/SQ1329 </loc>
		<lastmod> 2022-07-14 18:36:37.272136 </lastmod>
	</url><url>
		<loc> https://geoconnex.us/cuahsi/his/NashRWA/SQ1788 </loc>
		<lastmod> 2022-07-14 18:36:37.272148 </lastmod>
	</url><url>
		<loc> https://geoconnex.us/cuahsi/his/NashRWA/SQ2400 </loc>
		<lastmod> 2022-07-14 18:36:37.272159 </lastmod>
	</url><url>
		<loc> https://geoconnex.us/cuahsi/his/NashRWA/WE0034 </loc>
		<lastmod> 2022-07-14 18:36:37.272170 </lastmod>
	</url><url>
		<loc> https://geoconnex.us/cuahsi/his/NashRWA/WK0545 </loc>
		<lastmod> 2022-07-14 18:36:37.272182 </lastmod>
	</url><url>
		<loc> https://geoconnex.us/cuahsi/his/NashRWA/WK0600 </loc>
		<lastmod> 2022-07-14 18:36:37.272193 </lastmod>
	</url><url>
		<loc> https://geoconnex.us/cuahsi/his/NashRWA/BK0430 </loc>
		<lastmod> 2022-07-14 18:36:37.272205 </lastmod>
	</url><url>
		<loc> https://geoconnex.us/cuahsi/his/NashRWA/BR0895 </loc>
		<lastmod> 2022-07-14 18:36:37.272216 </lastmod>
	</url><url>
		<loc> https://geoconnex.us/cuahsi/his/NashRWA/CT0151 </loc>
		<lastmod> 2022-07-14 18:36:37.272228 </lastmod>
	</url><url>
		<loc> https://geoconnex.us/cuahsi/his/NashRWA/CT0743 </loc>
		<lastmod> 2022-07-14 18:36:37.272240 </lastmod>
	</url><url>
		<loc> https://geoconnex.us/cuahsi/his/NashRWA/EB0023 </loc>
		<lastmod> 2022-07-14 18:36:37.272251 </lastmod>
	</url><url>
		<loc> https://geoconnex.us/cuahsi/his/NashRWA/FT0290 </loc>
		<lastmod> 2022-07-14 18:36:37.272263 </lastmod>
	</url><url>
		<loc> https://geoconnex.us/cuahsi/his/NashRWA/JB0200 </loc>
		<lastmod> 2022-07-14 18:36:37.272274 </lastmod>
	</url><url>
		<loc> https://geoconnex.us/cuahsi/his/NashRWA/JB0457 </loc>
		<lastmod> 2022-07-14 18:36:37.272286 </lastmod>
	</url><url>
		<loc> https://geoconnex.us/cuahsi/his/NashRWA/LB0038 </loc>
		<lastmod> 2022-07-14 18:36:37.272298 </lastmod>
	</url><url>
		<loc> https://geoconnex.us/cuahsi/his/NashRWA/MN0713 </loc>
		<lastmod> 2022-07-14 18:36:37.272309 </lastmod>
	</url><url>
		<loc> https://geoconnex.us/cuahsi/his/NashRWA/NM0140 </loc>
		<lastmod> 2022-07-14 18:36:37.272320 </lastmod>
	</url><url>
		<loc> https://geoconnex.us/cuahsi/his/NashRWA/NM0200 </loc>
		<lastmod> 2022-07-14 18:36:37.272332 </lastmod>
	</url><url>
		<loc> https://geoconnex.us/cuahsi/his/NashRWA/NM6274 </loc>
		<lastmod> 2022-07-14 18:36:37.272343 </lastmod>
	</url><url>
		<loc> https://geoconnex.us/cuahsi/his/NashRWA/NT0768 </loc>
		<lastmod> 2022-07-14 18:36:37.272355 </lastmod>
	</url><url>
		<loc> https://geoconnex.us/cuahsi/his/NashRWA/NT1648 </loc>
		<lastmod> 2022-07-14 18:36:37.272366 </lastmod>
	</url><url>
		<loc> https://geoconnex.us/cuahsi/his/NashRWA/PB0840 </loc>
		<lastmod> 2022-07-14 18:36:37.272378 </lastmod>
	</url><url>
		<loc> https://geoconnex.us/cuahsi/his/NashRWA/SQ1840 </loc>
		<lastmod> 2022-07-14 18:36:37.272390 </lastmod>
	</url><url>
		<loc> https://geoconnex.us/cuahsi/his/NashRWA/VB0075 </loc>
		<lastmod> 2022-07-14 18:36:37.272402 </lastmod>
	</url><url>
		<loc> https://geoconnex.us/cuahsi/his/NashRWA/WB0300 </loc>
		<lastmod> 2022-07-14 18:36:37.272413 </lastmod>
	</url><url>
		<loc> https://geoconnex.us/cuahsi/his/NashRWA/WE0180 </loc>
		<lastmod> 2022-07-14 18:36:37.272425 </lastmod>
	</url><url>
		<loc> https://geoconnex.us/cuahsi/his/NashRWA/WK0550 </loc>
		<lastmod> 2022-07-14 18:36:37.272437 </lastmod>
	</url><url>
		<loc> https://geoconnex.us/cuahsi/his/NashRWA/NM4426 </loc>
		<lastmod> 2022-07-14 18:36:37.272448 </lastmod>
	</url></ns0:urlset>