<?xml version='1.0' encoding='utf-8'?>
<ns0:urlset xmlns:ns0="http://www.sitemaps.org/schemas/sitemap/0.9">
<url>
		<loc> https://geoconnex.us/cuahsi/his/GlacialRidge/1 </loc>
		<lastmod> 2022-02-28 19:27:53.382173 </lastmod>
	</url><url>
		<loc> https://geoconnex.us/cuahsi/his/GlacialRidge/10 </loc>
		<lastmod> 2022-02-28 19:27:53.382209 </lastmod>
	</url><url>
		<loc> https://geoconnex.us/cuahsi/his/GlacialRidge/11 </loc>
		<lastmod> 2022-02-28 19:27:53.382231 </lastmod>
	</url><url>
		<loc> https://geoconnex.us/cuahsi/his/GlacialRidge/12 </loc>
		<lastmod> 2022-02-28 19:27:53.382249 </lastmod>
	</url><url>
		<loc> https://geoconnex.us/cuahsi/his/GlacialRidge/13 </loc>
		<lastmod> 2022-02-28 19:27:53.382282 </lastmod>
	</url><url>
		<loc> https://geoconnex.us/cuahsi/his/GlacialRidge/14 </loc>
		<lastmod> 2022-02-28 19:27:53.382334 </lastmod>
	</url><url>
		<loc> https://geoconnex.us/cuahsi/his/GlacialRidge/15 </loc>
		<lastmod> 2022-02-28 19:27:53.382369 </lastmod>
	</url><url>
		<loc> https://geoconnex.us/cuahsi/his/GlacialRidge/16 </loc>
		<lastmod> 2022-02-28 19:27:53.382385 </lastmod>
	</url><url>
		<loc> https://geoconnex.us/cuahsi/his/GlacialRidge/17 </loc>
		<lastmod> 2022-02-28 19:27:53.382401 </lastmod>
	</url><url>
		<loc> https://geoconnex.us/cuahsi/his/GlacialRidge/18 </loc>
		<lastmod> 2022-02-28 19:27:53.382418 </lastmod>
	</url><url>
		<loc> https://geoconnex.us/cuahsi/his/GlacialRidge/19 </loc>
		<lastmod> 2022-02-28 19:27:53.382435 </lastmod>
	</url><url>
		<loc> https://geoconnex.us/cuahsi/his/GlacialRidge/2 </loc>
		<lastmod> 2022-02-28 19:27:53.382469 </lastmod>
	</url><url>
		<loc> https://geoconnex.us/cuahsi/his/GlacialRidge/20 </loc>
		<lastmod> 2022-02-28 19:27:53.382486 </lastmod>
	</url><url>
		<loc> https://geoconnex.us/cuahsi/his/GlacialRidge/21 </loc>
		<lastmod> 2022-02-28 19:27:53.382502 </lastmod>
	</url><url>
		<loc> https://geoconnex.us/cuahsi/his/GlacialRidge/22 </loc>
		<lastmod> 2022-02-28 19:27:53.382540 </lastmod>
	</url><url>
		<loc> https://geoconnex.us/cuahsi/his/GlacialRidge/3 </loc>
		<lastmod> 2022-02-28 19:27:53.382557 </lastmod>
	</url><url>
		<loc> https://geoconnex.us/cuahsi/his/GlacialRidge/4 </loc>
		<lastmod> 2022-02-28 19:27:53.382574 </lastmod>
	</url><url>
		<loc> https://geoconnex.us/cuahsi/his/GlacialRidge/5 </loc>
		<lastmod> 2022-02-28 19:27:53.382610 </lastmod>
	</url><url>
		<loc> https://geoconnex.us/cuahsi/his/GlacialRidge/6 </loc>
		<lastmod> 2022-02-28 19:27:53.382628 </lastmod>
	</url><url>
		<loc> https://geoconnex.us/cuahsi/his/GlacialRidge/7 </loc>
		<lastmod> 2022-02-28 19:27:53.382645 </lastmod>
	</url><url>
		<loc> https://geoconnex.us/cuahsi/his/GlacialRidge/8 </loc>
		<lastmod> 2022-02-28 19:27:53.382678 </lastmod>
	</url><url>
		<loc> https://geoconnex.us/cuahsi/his/GlacialRidge/9 </loc>
		<lastmod> 2022-02-28 19:27:53.382695 </lastmod>
	</url></ns0:urlset>