<?xml version='1.0' encoding='utf-8'?>
<ns0:urlset xmlns:ns0="http://www.sitemaps.org/schemas/sitemap/0.9">
<url>
		<loc> https://geoconnex.us/cuahsi/his/Para_La_Naturaleza/Rio_Toro_Negro </loc>
		<lastmod> 2023-05-03 17:16:16.441211 </lastmod>
	</url><url>
		<loc> https://geoconnex.us/cuahsi/his/Para_La_Naturaleza/Quebrada_Batista </loc>
		<lastmod> 2023-05-03 17:16:16.441244 </lastmod>
	</url><url>
		<loc> https://geoconnex.us/cuahsi/his/Para_La_Naturaleza/Rio_Grande_de_Manati </loc>
		<lastmod> 2023-05-03 17:16:16.441265 </lastmod>
	</url></ns0:urlset>