<ns0:urlset xmlns:ns0="http://www.sitemaps.org/schemas/sitemap/0.9">
<url>
		<loc> https://geoconnex.us/cuahsi/his/IRWA/ER-1A </loc>
		<lastmod> 2021-11-17 21:27:45.952316 </lastmod>
	</url><url>
		<loc> https://geoconnex.us/cuahsi/his/IRWA/FB-BV </loc>
		<lastmod> 2021-11-17 21:27:45.952358 </lastmod>
	</url><url>
		<loc> https://geoconnex.us/cuahsi/his/IRWA/FB-MI </loc>
		<lastmod> 2021-11-17 21:27:45.952384 </lastmod>
	</url><url>
		<loc> https://geoconnex.us/cuahsi/his/IRWA/FB-WA </loc>
		<lastmod> 2021-11-17 21:27:45.952405 </lastmod>
	</url><url>
		<loc> https://geoconnex.us/cuahsi/his/IRWA/GB </loc>
		<lastmod> 2021-11-17 21:27:45.952426 </lastmod>
	</url><url>
		<loc> https://geoconnex.us/cuahsi/his/IRWA/GC </loc>
		<lastmod> 2021-11-17 21:27:45.952447 </lastmod>
	</url><url>
		<loc> https://geoconnex.us/cuahsi/his/IRWA/HB </loc>
		<lastmod> 2021-11-17 21:27:45.952467 </lastmod>
	</url><url>
		<loc> https://geoconnex.us/cuahsi/his/IRWA/IP00 </loc>
		<lastmod> 2021-11-17 21:27:45.952486 </lastmod>
	</url><url>
		<loc> https://geoconnex.us/cuahsi/his/IRWA/IP00.5 </loc>
		<lastmod> 2021-11-17 21:27:45.952506 </lastmod>
	</url><url>
		<loc> https://geoconnex.us/cuahsi/his/IRWA/IP01 </loc>
		<lastmod> 2021-11-17 21:27:45.952526 </lastmod>
	</url><url>
		<loc> https://geoconnex.us/cuahsi/his/IRWA/IP02 </loc>
		<lastmod> 2021-11-17 21:27:45.952545 </lastmod>
	</url><url>
		<loc> https://geoconnex.us/cuahsi/his/IRWA/IP03 </loc>
		<lastmod> 2021-11-17 21:27:45.952565 </lastmod>
	</url><url>
		<loc> https://geoconnex.us/cuahsi/his/IRWA/IP04 </loc>
		<lastmod> 2021-11-17 21:27:45.952584 </lastmod>
	</url><url>
		<loc> https://geoconnex.us/cuahsi/his/IRWA/IP06 </loc>
		<lastmod> 2021-11-17 21:27:45.952603 </lastmod>
	</url><url>
		<loc> https://geoconnex.us/cuahsi/his/IRWA/IP08 </loc>
		<lastmod> 2021-11-17 21:27:45.952622 </lastmod>
	</url><url>
		<loc> https://geoconnex.us/cuahsi/his/IRWA/IP10 </loc>
		<lastmod> 2021-11-17 21:27:45.952641 </lastmod>
	</url><url>
		<loc> https://geoconnex.us/cuahsi/his/IRWA/IP11 </loc>
		<lastmod> 2021-11-17 21:27:45.952660 </lastmod>
	</url><url>
		<loc> https://geoconnex.us/cuahsi/his/IRWA/IP12 </loc>
		<lastmod> 2021-11-17 21:27:45.952680 </lastmod>
	</url><url>
		<loc> https://geoconnex.us/cuahsi/his/IRWA/IP13 </loc>
		<lastmod> 2021-11-17 21:27:45.952724 </lastmod>
	</url><url>
		<loc> https://geoconnex.us/cuahsi/his/IRWA/IP14 </loc>
		<lastmod> 2021-11-17 21:27:45.952755 </lastmod>
	</url><url>
		<loc> https://geoconnex.us/cuahsi/his/IRWA/IP16 </loc>
		<lastmod> 2021-11-17 21:27:45.952776 </lastmod>
	</url><url>
		<loc> https://geoconnex.us/cuahsi/his/IRWA/IP18 </loc>
		<lastmod> 2021-11-17 21:27:45.952796 </lastmod>
	</url><url>
		<loc> https://geoconnex.us/cuahsi/his/IRWA/IP19 </loc>
		<lastmod> 2021-11-17 21:27:45.952815 </lastmod>
	</url><url>
		<loc> https://geoconnex.us/cuahsi/his/IRWA/IP19A </loc>
		<lastmod> 2021-11-17 21:27:45.952835 </lastmod>
	</url><url>
		<loc> https://geoconnex.us/cuahsi/his/IRWA/IP20 </loc>
		<lastmod> 2021-11-17 21:27:45.952854 </lastmod>
	</url><url>
		<loc> https://geoconnex.us/cuahsi/his/IRWA/IP22 </loc>
		<lastmod> 2021-11-17 21:27:45.952873 </lastmod>
	</url><url>
		<loc> https://geoconnex.us/cuahsi/his/IRWA/IP24 </loc>
		<lastmod> 2021-11-17 21:27:45.952893 </lastmod>
	</url><url>
		<loc> https://geoconnex.us/cuahsi/his/IRWA/IP25 </loc>
		<lastmod> 2021-11-17 21:27:45.952912 </lastmod>
	</url><url>
		<loc> https://geoconnex.us/cuahsi/his/IRWA/IP26 </loc>
		<lastmod> 2021-11-17 21:27:45.952931 </lastmod>
	</url><url>
		<loc> https://geoconnex.us/cuahsi/his/IRWA/LB </loc>
		<lastmod> 2021-11-17 21:27:45.952951 </lastmod>
	</url><url>
		<loc> https://geoconnex.us/cuahsi/his/IRWA/MB-62 </loc>
		<lastmod> 2021-11-17 21:27:45.952970 </lastmod>
	</url><url>
		<loc> https://geoconnex.us/cuahsi/his/IRWA/MB-PS </loc>
		<lastmod> 2021-11-17 21:27:45.952990 </lastmod>
	</url><url>
		<loc> https://geoconnex.us/cuahsi/his/IRWA/MMB </loc>
		<lastmod> 2021-11-17 21:27:45.953009 </lastmod>
	</url><url>
		<loc> https://geoconnex.us/cuahsi/his/IRWA/MR-1A </loc>
		<lastmod> 2021-11-17 21:27:45.953135 </lastmod>
	</url></ns0:urlset>