<ns0:urlset xmlns:ns0="http://www.sitemaps.org/schemas/sitemap/0.9">
<url>
		<loc> https://geoconnex.us/cuahsi/his/CUISO/1 </loc>
		<lastmod> 2021-11-16 02:06:37.837581 </lastmod>
	</url><url>
		<loc> https://geoconnex.us/cuahsi/his/CUISO/2 </loc>
		<lastmod> 2021-11-16 02:06:37.837616 </lastmod>
	</url><url>
		<loc> https://geoconnex.us/cuahsi/his/CUISO/3 </loc>
		<lastmod> 2021-11-16 02:06:37.837639 </lastmod>
	</url><url>
		<loc> https://geoconnex.us/cuahsi/his/CUISO/4 </loc>
		<lastmod> 2021-11-16 02:06:37.837657 </lastmod>
	</url><url>
		<loc> https://geoconnex.us/cuahsi/his/CUISO/5 </loc>
		<lastmod> 2021-11-16 02:06:37.837674 </lastmod>
	</url><url>
		<loc> https://geoconnex.us/cuahsi/his/CUISO/6 </loc>
		<lastmod> 2021-11-16 02:06:37.837691 </lastmod>
	</url><url>
		<loc> https://geoconnex.us/cuahsi/his/CUISO/7 </loc>
		<lastmod> 2021-11-16 02:06:37.837707 </lastmod>
	</url><url>
		<loc> https://geoconnex.us/cuahsi/his/CUISO/8 </loc>
		<lastmod> 2021-11-16 02:06:37.837723 </lastmod>
	</url><url>
		<loc> https://geoconnex.us/cuahsi/his/CUISO/9 </loc>
		<lastmod> 2021-11-16 02:06:37.837739 </lastmod>
	</url></ns0:urlset>