<?xml version='1.0' encoding='utf-8'?>
<ns0:urlset xmlns:ns0="http://www.sitemaps.org/schemas/sitemap/0.9">
<url>
		<loc> https://geoconnex.us/cuahsi/his/NCEIWW2/WBAN33013 </loc>
		<lastmod> 2023-06-24 02:35:34.494029 </lastmod>
	</url><url>
		<loc> https://geoconnex.us/cuahsi/his/NCEIWW2/WBAN33031 </loc>
		<lastmod> 2023-06-24 02:35:34.494078 </lastmod>
	</url><url>
		<loc> https://geoconnex.us/cuahsi/his/NCEIWW2/WBAN33023 </loc>
		<lastmod> 2023-06-24 02:35:34.494109 </lastmod>
	</url><url>
		<loc> https://geoconnex.us/cuahsi/his/NCEIWW2/WBAN33044 </loc>
		<lastmod> 2023-06-24 02:35:34.494135 </lastmod>
	</url><url>
		<loc> https://geoconnex.us/cuahsi/his/NCEIWW2/WBAN12001 </loc>
		<lastmod> 2023-06-24 02:35:34.494159 </lastmod>
	</url><url>
		<loc> https://geoconnex.us/cuahsi/his/NCEIWW2/WBAN11604 </loc>
		<lastmod> 2023-06-24 02:35:34.494182 </lastmod>
	</url><url>
		<loc> https://geoconnex.us/cuahsi/his/NCEIWW2/WBAN82502 </loc>
		<lastmod> 2023-06-24 02:35:34.494206 </lastmod>
	</url><url>
		<loc> https://geoconnex.us/cuahsi/his/NCEIWW2/WBAN82501 </loc>
		<lastmod> 2023-06-24 02:35:34.494228 </lastmod>
	</url><url>
		<loc> https://geoconnex.us/cuahsi/his/NCEIWW2/WBAN82506 </loc>
		<lastmod> 2023-06-24 02:35:34.494250 </lastmod>
	</url><url>
		<loc> https://geoconnex.us/cuahsi/his/NCEIWW2/WBAN82402 </loc>
		<lastmod> 2023-06-24 02:35:34.494272 </lastmod>
	</url><url>
		<loc> https://geoconnex.us/cuahsi/his/NCEIWW2/WBAN82403 </loc>
		<lastmod> 2023-06-24 02:35:34.494294 </lastmod>
	</url><url>
		<loc> https://geoconnex.us/cuahsi/his/NCEIWW2/WBAN81404 </loc>
		<lastmod> 2023-06-24 02:35:34.494316 </lastmod>
	</url><url>
		<loc> https://geoconnex.us/cuahsi/his/NCEIWW2/WBAN82404 </loc>
		<lastmod> 2023-06-24 02:35:34.494339 </lastmod>
	</url><url>
		<loc> https://geoconnex.us/cuahsi/his/NCEIWW2/WBAN82405 </loc>
		<lastmod> 2023-06-24 02:35:34.494361 </lastmod>
	</url><url>
		<loc> https://geoconnex.us/cuahsi/his/NCEIWW2/WBAN82503 </loc>
		<lastmod> 2023-06-24 02:35:34.494383 </lastmod>
	</url><url>
		<loc> https://geoconnex.us/cuahsi/his/NCEIWW2/WBAN13201 </loc>
		<lastmod> 2023-06-24 02:35:34.494405 </lastmod>
	</url><url>
		<loc> https://geoconnex.us/cuahsi/his/NCEIWW2/WBAN12706 </loc>
		<lastmod> 2023-06-24 02:35:34.494427 </lastmod>
	</url><url>
		<loc> https://geoconnex.us/cuahsi/his/NCEIWW2/WBAN13601 </loc>
		<lastmod> 2023-06-24 02:35:34.494450 </lastmod>
	</url><url>
		<loc> https://geoconnex.us/cuahsi/his/NCEIWW2/WBAN32503 </loc>
		<lastmod> 2023-06-24 02:35:34.494471 </lastmod>
	</url><url>
		<loc> https://geoconnex.us/cuahsi/his/NCEIWW2/WBAN11501 </loc>
		<lastmod> 2023-06-24 02:35:34.494493 </lastmod>
	</url><url>
		<loc> https://geoconnex.us/cuahsi/his/NCEIWW2/WBAN10505 </loc>
		<lastmod> 2023-06-24 02:35:34.494515 </lastmod>
	</url><url>
		<loc> https://geoconnex.us/cuahsi/his/NCEIWW2/WBAN50301 </loc>
		<lastmod> 2023-06-24 02:35:34.494537 </lastmod>
	</url><url>
		<loc> https://geoconnex.us/cuahsi/his/NCEIWW2/WBAN50302 </loc>
		<lastmod> 2023-06-24 02:35:34.494558 </lastmod>
	</url><url>
		<loc> https://geoconnex.us/cuahsi/his/NCEIWW2/WBAN50304 </loc>
		<lastmod> 2023-06-24 02:35:34.494580 </lastmod>
	</url><url>
		<loc> https://geoconnex.us/cuahsi/his/NCEIWW2/WBAN50303 </loc>
		<lastmod> 2023-06-24 02:35:34.494602 </lastmod>
	</url><url>
		<loc> https://geoconnex.us/cuahsi/his/NCEIWW2/WBAN50403 </loc>
		<lastmod> 2023-06-24 02:35:34.494624 </lastmod>
	</url><url>
		<loc> https://geoconnex.us/cuahsi/his/NCEIWW2/WBAN50401 </loc>
		<lastmod> 2023-06-24 02:35:34.494661 </lastmod>
	</url><url>
		<loc> https://geoconnex.us/cuahsi/his/NCEIWW2/WBAN10807 </loc>
		<lastmod> 2023-06-24 02:35:34.494682 </lastmod>
	</url><url>
		<loc> https://geoconnex.us/cuahsi/his/NCEIWW2/WBAN10806 </loc>
		<lastmod> 2023-06-24 02:35:34.494703 </lastmod>
	</url><url>
		<loc> https://geoconnex.us/cuahsi/his/NCEIWW2/WBAN60701 </loc>
		<lastmod> 2023-06-24 02:35:34.494725 </lastmod>
	</url><url>
		<loc> https://geoconnex.us/cuahsi/his/NCEIWW2/WBAN12701 </loc>
		<lastmod> 2023-06-24 02:35:34.494746 </lastmod>
	</url><url>
		<loc> https://geoconnex.us/cuahsi/his/NCEIWW2/WBAN12801 </loc>
		<lastmod> 2023-06-24 02:35:34.494767 </lastmod>
	</url><url>
		<loc> https://geoconnex.us/cuahsi/his/NCEIWW2/WBAN11615 </loc>
		<lastmod> 2023-06-24 02:35:34.494788 </lastmod>
	</url><url>
		<loc> https://geoconnex.us/cuahsi/his/NCEIWW2/WBAN31401 </loc>
		<lastmod> 2023-06-24 02:35:34.494809 </lastmod>
	</url><url>
		<loc> https://geoconnex.us/cuahsi/his/NCEIWW2/WBAN32301 </loc>
		<lastmod> 2023-06-24 02:35:34.494830 </lastmod>
	</url><url>
		<loc> https://geoconnex.us/cuahsi/his/NCEIWW2/WBAN33205 </loc>
		<lastmod> 2023-06-24 02:35:34.494852 </lastmod>
	</url><url>
		<loc> https://geoconnex.us/cuahsi/his/NCEIWW2/WBAN33303 </loc>
		<lastmod> 2023-06-24 02:35:34.494873 </lastmod>
	</url><url>
		<loc> https://geoconnex.us/cuahsi/his/NCEIWW2/WBAN50801 </loc>
		<lastmod> 2023-06-24 02:35:34.494894 </lastmod>
	</url><url>
		<loc> https://geoconnex.us/cuahsi/his/NCEIWW2/WBAN32504 </loc>
		<lastmod> 2023-06-24 02:35:34.494915 </lastmod>
	</url><url>
		<loc> https://geoconnex.us/cuahsi/his/NCEIWW2/WBAN31302 </loc>
		<lastmod> 2023-06-24 02:35:34.494936 </lastmod>
	</url><url>
		<loc> https://geoconnex.us/cuahsi/his/NCEIWW2/WBAN81702 </loc>
		<lastmod> 2023-06-24 02:35:34.494965 </lastmod>
	</url><url>
		<loc> https://geoconnex.us/cuahsi/his/NCEIWW2/WBAN34017 </loc>
		<lastmod> 2023-06-24 02:35:34.494988 </lastmod>
	</url><url>
		<loc> https://geoconnex.us/cuahsi/his/NCEIWW2/WBAN34002 </loc>
		<lastmod> 2023-06-24 02:35:34.495009 </lastmod>
	</url><url>
		<loc> https://geoconnex.us/cuahsi/his/NCEIWW2/WBAN34003 </loc>
		<lastmod> 2023-06-24 02:35:34.495030 </lastmod>
	</url><url>
		<loc> https://geoconnex.us/cuahsi/his/NCEIWW2/WBAN34012 </loc>
		<lastmod> 2023-06-24 02:35:34.495051 </lastmod>
	</url><url>
		<loc> https://geoconnex.us/cuahsi/his/NCEIWW2/WBAN34013 </loc>
		<lastmod> 2023-06-24 02:35:34.495072 </lastmod>
	</url><url>
		<loc> https://geoconnex.us/cuahsi/his/NCEIWW2/WBAN34022 </loc>
		<lastmod> 2023-06-24 02:35:34.495093 </lastmod>
	</url><url>
		<loc> https://geoconnex.us/cuahsi/his/NCEIWW2/WBAN34005 </loc>
		<lastmod> 2023-06-24 02:35:34.495114 </lastmod>
	</url><url>
		<loc> https://geoconnex.us/cuahsi/his/NCEIWW2/WBAN10001 </loc>
		<lastmod> 2023-06-24 02:35:34.495135 </lastmod>
	</url><url>
		<loc> https://geoconnex.us/cuahsi/his/NCEIWW2/WBAN16405 </loc>
		<lastmod> 2023-06-24 02:35:34.495157 </lastmod>
	</url><url>
		<loc> https://geoconnex.us/cuahsi/his/NCEIWW2/WBAN16407 </loc>
		<lastmod> 2023-06-24 02:35:34.495178 </lastmod>
	</url><url>
		<loc> https://geoconnex.us/cuahsi/his/NCEIWW2/WBAN16504 </loc>
		<lastmod> 2023-06-24 02:35:34.495200 </lastmod>
	</url><url>
		<loc> https://geoconnex.us/cuahsi/his/NCEIWW2/WBAN33206 </loc>
		<lastmod> 2023-06-24 02:35:34.495221 </lastmod>
	</url><url>
		<loc> https://geoconnex.us/cuahsi/his/NCEIWW2/WBAN11901 </loc>
		<lastmod> 2023-06-24 02:35:34.495242 </lastmod>
	</url><url>
		<loc> https://geoconnex.us/cuahsi/his/NCEIWW2/WBAN11902 </loc>
		<lastmod> 2023-06-24 02:35:34.495264 </lastmod>
	</url><url>
		<loc> https://geoconnex.us/cuahsi/his/NCEIWW2/WBAN10502 </loc>
		<lastmod> 2023-06-24 02:35:34.495285 </lastmod>
	</url><url>
		<loc> https://geoconnex.us/cuahsi/his/NCEIWW2/WBAN11701 </loc>
		<lastmod> 2023-06-24 02:35:34.495306 </lastmod>
	</url><url>
		<loc> https://geoconnex.us/cuahsi/his/NCEIWW2/WBAN22509 </loc>
		<lastmod> 2023-06-24 02:35:34.495327 </lastmod>
	</url><url>
		<loc> https://geoconnex.us/cuahsi/his/NCEIWW2/WBAN22504 </loc>
		<lastmod> 2023-06-24 02:35:34.495366 </lastmod>
	</url><url>
		<loc> https://geoconnex.us/cuahsi/his/NCEIWW2/WBAN21501 </loc>
		<lastmod> 2023-06-24 02:35:34.495388 </lastmod>
	</url><url>
		<loc> https://geoconnex.us/cuahsi/his/NCEIWW2/WBAN22507 </loc>
		<lastmod> 2023-06-24 02:35:34.495410 </lastmod>
	</url><url>
		<loc> https://geoconnex.us/cuahsi/his/NCEIWW2/WBAN22502 </loc>
		<lastmod> 2023-06-24 02:35:34.495432 </lastmod>
	</url><url>
		<loc> https://geoconnex.us/cuahsi/his/NCEIWW2/WBAN22508 </loc>
		<lastmod> 2023-06-24 02:35:34.495455 </lastmod>
	</url><url>
		<loc> https://geoconnex.us/cuahsi/his/NCEIWW2/WBAN16101 </loc>
		<lastmod> 2023-06-24 02:35:34.495477 </lastmod>
	</url><url>
		<loc> https://geoconnex.us/cuahsi/his/NCEIWW2/WBAN16201 </loc>
		<lastmod> 2023-06-24 02:35:34.495500 </lastmod>
	</url><url>
		<loc> https://geoconnex.us/cuahsi/his/NCEIWW2/WBAN16202 </loc>
		<lastmod> 2023-06-24 02:35:34.495522 </lastmod>
	</url><url>
		<loc> https://geoconnex.us/cuahsi/his/NCEIWW2/WBAN32701 </loc>
		<lastmod> 2023-06-24 02:35:34.495545 </lastmod>
	</url><url>
		<loc> https://geoconnex.us/cuahsi/his/NCEIWW2/WBAN32801 </loc>
		<lastmod> 2023-06-24 02:35:34.495567 </lastmod>
	</url><url>
		<loc> https://geoconnex.us/cuahsi/his/NCEIWW2/WBAN31701 </loc>
		<lastmod> 2023-06-24 02:35:34.495607 </lastmod>
	</url><url>
		<loc> https://geoconnex.us/cuahsi/his/NCEIWW2/WBAN32815 </loc>
		<lastmod> 2023-06-24 02:35:34.495654 </lastmod>
	</url><url>
		<loc> https://geoconnex.us/cuahsi/his/NCEIWW2/WBAN32907 </loc>
		<lastmod> 2023-06-24 02:35:34.495689 </lastmod>
	</url><url>
		<loc> https://geoconnex.us/cuahsi/his/NCEIWW2/WBAN32803 </loc>
		<lastmod> 2023-06-24 02:35:34.495713 </lastmod>
	</url><url>
		<loc> https://geoconnex.us/cuahsi/his/NCEIWW2/WBAN32805 </loc>
		<lastmod> 2023-06-24 02:35:34.495735 </lastmod>
	</url><url>
		<loc> https://geoconnex.us/cuahsi/his/NCEIWW2/WBAN32702 </loc>
		<lastmod> 2023-06-24 02:35:34.495757 </lastmod>
	</url><url>
		<loc> https://geoconnex.us/cuahsi/his/NCEIWW2/WBAN32904 </loc>
		<lastmod> 2023-06-24 02:35:34.495779 </lastmod>
	</url><url>
		<loc> https://geoconnex.us/cuahsi/his/NCEIWW2/WBAN32812 </loc>
		<lastmod> 2023-06-24 02:35:34.495819 </lastmod>
	</url><url>
		<loc> https://geoconnex.us/cuahsi/his/NCEIWW2/WBAN32906 </loc>
		<lastmod> 2023-06-24 02:35:34.495841 </lastmod>
	</url><url>
		<loc> https://geoconnex.us/cuahsi/his/NCEIWW2/WBAN33405 </loc>
		<lastmod> 2023-06-24 02:35:34.495863 </lastmod>
	</url><url>
		<loc> https://geoconnex.us/cuahsi/his/NCEIWW2/WBAN33305 </loc>
		<lastmod> 2023-06-24 02:35:34.495885 </lastmod>
	</url><url>
		<loc> https://geoconnex.us/cuahsi/his/NCEIWW2/WBAN33401 </loc>
		<lastmod> 2023-06-24 02:35:34.495907 </lastmod>
	</url><url>
		<loc> https://geoconnex.us/cuahsi/his/NCEIWW2/WBAN33501 </loc>
		<lastmod> 2023-06-24 02:35:34.495929 </lastmod>
	</url><url>
		<loc> https://geoconnex.us/cuahsi/his/NCEIWW2/WBAN33406 </loc>
		<lastmod> 2023-06-24 02:35:34.495951 </lastmod>
	</url><url>
		<loc> https://geoconnex.us/cuahsi/his/NCEIWW2/WBAN34123 </loc>
		<lastmod> 2023-06-24 02:35:34.495973 </lastmod>
	</url><url>
		<loc> https://geoconnex.us/cuahsi/his/NCEIWW2/WBAN34101 </loc>
		<lastmod> 2023-06-24 02:35:34.495994 </lastmod>
	</url><url>
		<loc> https://geoconnex.us/cuahsi/his/NCEIWW2/WBAN34109 </loc>
		<lastmod> 2023-06-24 02:35:34.496016 </lastmod>
	</url><url>
		<loc> https://geoconnex.us/cuahsi/his/NCEIWW2/WBAN33019 </loc>
		<lastmod> 2023-06-24 02:35:34.496038 </lastmod>
	</url><url>
		<loc> https://geoconnex.us/cuahsi/his/NCEIWW2/WBAN34150 </loc>
		<lastmod> 2023-06-24 02:35:34.496059 </lastmod>
	</url><url>
		<loc> https://geoconnex.us/cuahsi/his/NCEIWW2/WBAN33014 </loc>
		<lastmod> 2023-06-24 02:35:34.496081 </lastmod>
	</url><url>
		<loc> https://geoconnex.us/cuahsi/his/NCEIWW2/WBAN34139 </loc>
		<lastmod> 2023-06-24 02:35:34.496103 </lastmod>
	</url><url>
		<loc> https://geoconnex.us/cuahsi/his/NCEIWW2/WBAN34104 </loc>
		<lastmod> 2023-06-24 02:35:34.496126 </lastmod>
	</url><url>
		<loc> https://geoconnex.us/cuahsi/his/NCEIWW2/WBAN34105 </loc>
		<lastmod> 2023-06-24 02:35:34.496148 </lastmod>
	</url><url>
		<loc> https://geoconnex.us/cuahsi/his/NCEIWW2/WBAN33111 </loc>
		<lastmod> 2023-06-24 02:35:34.496171 </lastmod>
	</url><url>
		<loc> https://geoconnex.us/cuahsi/his/NCEIWW2/WBAN34111 </loc>
		<lastmod> 2023-06-24 02:35:34.496193 </lastmod>
	</url><url>
		<loc> https://geoconnex.us/cuahsi/his/NCEIWW2/WBAN34113 </loc>
		<lastmod> 2023-06-24 02:35:34.496215 </lastmod>
	</url><url>
		<loc> https://geoconnex.us/cuahsi/his/NCEIWW2/WBAN33117 </loc>
		<lastmod> 2023-06-24 02:35:34.496237 </lastmod>
	</url><url>
		<loc> https://geoconnex.us/cuahsi/his/NCEIWW2/WBAN34147 </loc>
		<lastmod> 2023-06-24 02:35:34.496259 </lastmod>
	</url><url>
		<loc> https://geoconnex.us/cuahsi/his/NCEIWW2/WBAN11704 </loc>
		<lastmod> 2023-06-24 02:35:34.496281 </lastmod>
	</url><url>
		<loc> https://geoconnex.us/cuahsi/his/NCEIWW2/WBAN44401 </loc>
		<lastmod> 2023-06-24 02:35:34.496303 </lastmod>
	</url><url>
		<loc> https://geoconnex.us/cuahsi/his/NCEIWW2/WBAN42204 </loc>
		<lastmod> 2023-06-24 02:35:34.496325 </lastmod>
	</url><url>
		<loc> https://geoconnex.us/cuahsi/his/NCEIWW2/WBAN43305 </loc>
		<lastmod> 2023-06-24 02:35:34.496347 </lastmod>
	</url><url>
		<loc> https://geoconnex.us/cuahsi/his/NCEIWW2/WBAN42206 </loc>
		<lastmod> 2023-06-24 02:35:34.496370 </lastmod>
	</url><url>
		<loc> https://geoconnex.us/cuahsi/his/NCEIWW2/WBAN43302 </loc>
		<lastmod> 2023-06-24 02:35:34.496392 </lastmod>
	</url><url>
		<loc> https://geoconnex.us/cuahsi/his/NCEIWW2/WBAN43307 </loc>
		<lastmod> 2023-06-24 02:35:34.496414 </lastmod>
	</url><url>
		<loc> https://geoconnex.us/cuahsi/his/NCEIWW2/WBAN43201 </loc>
		<lastmod> 2023-06-24 02:35:34.496435 </lastmod>
	</url><url>
		<loc> https://geoconnex.us/cuahsi/his/NCEIWW2/WBAN61501 </loc>
		<lastmod> 2023-06-24 02:35:34.496457 </lastmod>
	</url><url>
		<loc> https://geoconnex.us/cuahsi/his/NCEIWW2/WBAN11601 </loc>
		<lastmod> 2023-06-24 02:35:34.496478 </lastmod>
	</url><url>
		<loc> https://geoconnex.us/cuahsi/his/NCEIWW2/WBAN10002 </loc>
		<lastmod> 2023-06-24 02:35:34.496501 </lastmod>
	</url><url>
		<loc> https://geoconnex.us/cuahsi/his/NCEIWW2/WBAN10101 </loc>
		<lastmod> 2023-06-24 02:35:34.496524 </lastmod>
	</url><url>
		<loc> https://geoconnex.us/cuahsi/his/NCEIWW2/WBAN10102 </loc>
		<lastmod> 2023-06-24 02:35:34.496546 </lastmod>
	</url><url>
		<loc> https://geoconnex.us/cuahsi/his/NCEIWW2/WBAN33123 </loc>
		<lastmod> 2023-06-24 02:35:34.496569 </lastmod>
	</url><url>
		<loc> https://geoconnex.us/cuahsi/his/NCEIWW2/WBAN13002 </loc>
		<lastmod> 2023-06-24 02:35:34.496592 </lastmod>
	</url><url>
		<loc> https://geoconnex.us/cuahsi/his/NCEIWW2/WBAN13005 </loc>
		<lastmod> 2023-06-24 02:35:34.496613 </lastmod>
	</url><url>
		<loc> https://geoconnex.us/cuahsi/his/NCEIWW2/WBAN13007 </loc>
		<lastmod> 2023-06-24 02:35:34.496635 </lastmod>
	</url><url>
		<loc> https://geoconnex.us/cuahsi/his/NCEIWW2/WBAN13013 </loc>
		<lastmod> 2023-06-24 02:35:34.496657 </lastmod>
	</url><url>
		<loc> https://geoconnex.us/cuahsi/his/NCEIWW2/WBAN12101 </loc>
		<lastmod> 2023-06-24 02:35:34.496679 </lastmod>
	</url><url>
		<loc> https://geoconnex.us/cuahsi/his/NCEIWW2/WBAN80509 </loc>
		<lastmod> 2023-06-24 02:35:34.496701 </lastmod>
	</url><url>
		<loc> https://geoconnex.us/cuahsi/his/NCEIWW2/WBAN80412 </loc>
		<lastmod> 2023-06-24 02:35:34.496723 </lastmod>
	</url><url>
		<loc> https://geoconnex.us/cuahsi/his/NCEIWW2/WBAN80425 </loc>
		<lastmod> 2023-06-24 02:35:34.496745 </lastmod>
	</url><url>
		<loc> https://geoconnex.us/cuahsi/his/NCEIWW2/WBAN80411 </loc>
		<lastmod> 2023-06-24 02:35:34.496767 </lastmod>
	</url><url>
		<loc> https://geoconnex.us/cuahsi/his/NCEIWW2/WBAN81601 </loc>
		<lastmod> 2023-06-24 02:35:34.496789 </lastmod>
	</url><url>
		<loc> https://geoconnex.us/cuahsi/his/NCEIWW2/WBAN30001 </loc>
		<lastmod> 2023-06-24 02:35:34.496811 </lastmod>
	</url><url>
		<loc> https://geoconnex.us/cuahsi/his/NCEIWW2/WBAN31001 </loc>
		<lastmod> 2023-06-24 02:35:34.496833 </lastmod>
	</url><url>
		<loc> https://geoconnex.us/cuahsi/his/NCEIWW2/WBAN31101 </loc>
		<lastmod> 2023-06-24 02:35:34.496871 </lastmod>
	</url><url>
		<loc> https://geoconnex.us/cuahsi/his/NCEIWW2/WBAN11801 </loc>
		<lastmod> 2023-06-24 02:35:34.496892 </lastmod>
	</url><url>
		<loc> https://geoconnex.us/cuahsi/his/NCEIWW2/WBAN11606 </loc>
		<lastmod> 2023-06-24 02:35:34.496913 </lastmod>
	</url><url>
		<loc> https://geoconnex.us/cuahsi/his/NCEIWW2/WBAN20501 </loc>
		<lastmod> 2023-06-24 02:35:34.497016 </lastmod>
	</url><url>
		<loc> https://geoconnex.us/cuahsi/his/NCEIWW2/WBAN32501 </loc>
		<lastmod> 2023-06-24 02:35:34.497050 </lastmod>
	</url><url>
		<loc> https://geoconnex.us/cuahsi/his/NCEIWW2/WBAN31501 </loc>
		<lastmod> 2023-06-24 02:35:34.497074 </lastmod>
	</url><url>
		<loc> https://geoconnex.us/cuahsi/his/NCEIWW2/WBAN61502 </loc>
		<lastmod> 2023-06-24 02:35:34.497150 </lastmod>
	</url><url>
		<loc> https://geoconnex.us/cuahsi/his/NCEIWW2/WBAN41207 </loc>
		<lastmod> 2023-06-24 02:35:34.497175 </lastmod>
	</url><url>
		<loc> https://geoconnex.us/cuahsi/his/NCEIWW2/WBAN41204 </loc>
		<lastmod> 2023-06-24 02:35:34.497197 </lastmod>
	</url><url>
		<loc> https://geoconnex.us/cuahsi/his/NCEIWW2/WBAN42401 </loc>
		<lastmod> 2023-06-24 02:35:34.497219 </lastmod>
	</url><url>
		<loc> https://geoconnex.us/cuahsi/his/NCEIWW2/WBAN40601 </loc>
		<lastmod> 2023-06-24 02:35:34.497240 </lastmod>
	</url><url>
		<loc> https://geoconnex.us/cuahsi/his/NCEIWW2/WBAN20602 </loc>
		<lastmod> 2023-06-24 02:35:34.497261 </lastmod>
	</url><url>
		<loc> https://geoconnex.us/cuahsi/his/NCEIWW2/WBAN32603 </loc>
		<lastmod> 2023-06-24 02:35:34.497299 </lastmod>
	</url><url>
		<loc> https://geoconnex.us/cuahsi/his/NCEIWW2/WBAN32602 </loc>
		<lastmod> 2023-06-24 02:35:34.497319 </lastmod>
	</url><url>
		<loc> https://geoconnex.us/cuahsi/his/NCEIWW2/WBAN32601 </loc>
		<lastmod> 2023-06-24 02:35:34.497358 </lastmod>
	</url><url>
		<loc> https://geoconnex.us/cuahsi/his/NCEIWW2/WBAN10701 </loc>
		<lastmod> 2023-06-24 02:35:34.497379 </lastmod>
	</url><url>
		<loc> https://geoconnex.us/cuahsi/his/NCEIWW2/WBAN10804 </loc>
		<lastmod> 2023-06-24 02:35:34.497416 </lastmod>
	</url><url>
		<loc> https://geoconnex.us/cuahsi/his/NCEIWW2/WBAN10718 </loc>
		<lastmod> 2023-06-24 02:35:34.497437 </lastmod>
	</url><url>
		<loc> https://geoconnex.us/cuahsi/his/NCEIWW2/WBAN10705 </loc>
		<lastmod> 2023-06-24 02:35:34.497458 </lastmod>
	</url><url>
		<loc> https://geoconnex.us/cuahsi/his/NCEIWW2/WBAN10704 </loc>
		<lastmod> 2023-06-24 02:35:34.497479 </lastmod>
	</url><url>
		<loc> https://geoconnex.us/cuahsi/his/NCEIWW2/WBAN10802 </loc>
		<lastmod> 2023-06-24 02:35:34.497500 </lastmod>
	</url><url>
		<loc> https://geoconnex.us/cuahsi/his/NCEIWW2/WBAN10703 </loc>
		<lastmod> 2023-06-24 02:35:34.497521 </lastmod>
	</url><url>
		<loc> https://geoconnex.us/cuahsi/his/NCEIWW2/WBAN10803 </loc>
		<lastmod> 2023-06-24 02:35:34.497542 </lastmod>
	</url><url>
		<loc> https://geoconnex.us/cuahsi/his/NCEIWW2/WBAN15605 </loc>
		<lastmod> 2023-06-24 02:35:34.497563 </lastmod>
	</url><url>
		<loc> https://geoconnex.us/cuahsi/his/NCEIWW2/WBAN15604 </loc>
		<lastmod> 2023-06-24 02:35:34.497584 </lastmod>
	</url><url>
		<loc> https://geoconnex.us/cuahsi/his/NCEIWW2/WBAN50802 </loc>
		<lastmod> 2023-06-24 02:35:34.497606 </lastmod>
	</url><url>
		<loc> https://geoconnex.us/cuahsi/his/NCEIWW2/WBAN11101 </loc>
		<lastmod> 2023-06-24 02:35:34.497628 </lastmod>
	</url><url>
		<loc> https://geoconnex.us/cuahsi/his/NCEIWW2/WBAN11103 </loc>
		<lastmod> 2023-06-24 02:35:34.497651 </lastmod>
	</url><url>
		<loc> https://geoconnex.us/cuahsi/his/NCEIWW2/WBAN80510 </loc>
		<lastmod> 2023-06-24 02:35:34.497672 </lastmod>
	</url><url>
		<loc> https://geoconnex.us/cuahsi/his/NCEIWW2/WBAN80504 </loc>
		<lastmod> 2023-06-24 02:35:34.497710 </lastmod>
	</url><url>
		<loc> https://geoconnex.us/cuahsi/his/NCEIWW2/WBAN34018 </loc>
		<lastmod> 2023-06-24 02:35:34.497732 </lastmod>
	</url><url>
		<loc> https://geoconnex.us/cuahsi/his/NCEIWW2/WBAN11610 </loc>
		<lastmod> 2023-06-24 02:35:34.497754 </lastmod>
	</url><url>
		<loc> https://geoconnex.us/cuahsi/his/NCEIWW2/WBAN12702 </loc>
		<lastmod> 2023-06-24 02:35:34.497776 </lastmod>
	</url><url>
		<loc> https://geoconnex.us/cuahsi/his/NCEIWW2/WBAN62701 </loc>
		<lastmod> 2023-06-24 02:35:34.497798 </lastmod>
	</url><url>
		<loc> https://geoconnex.us/cuahsi/his/NCEIWW2/WBAN33109 </loc>
		<lastmod> 2023-06-24 02:35:34.497820 </lastmod>
	</url><url>
		<loc> https://geoconnex.us/cuahsi/his/NCEIWW2/WBAN33121 </loc>
		<lastmod> 2023-06-24 02:35:34.497842 </lastmod>
	</url><url>
		<loc> https://geoconnex.us/cuahsi/his/NCEIWW2/WBAN33003 </loc>
		<lastmod> 2023-06-24 02:35:34.497863 </lastmod>
	</url><url>
		<loc> https://geoconnex.us/cuahsi/his/NCEIWW2/WBAN33307 </loc>
		<lastmod> 2023-06-24 02:35:34.497885 </lastmod>
	</url><url>
		<loc> https://geoconnex.us/cuahsi/his/NCEIWW2/WBAN15027 </loc>
		<lastmod> 2023-06-24 02:35:34.497907 </lastmod>
	</url></ns0:urlset>