<?xml version='1.0' encoding='utf-8'?>
<ns0:urlset xmlns:ns0="http://www.sitemaps.org/schemas/sitemap/0.9">
<url>
		<loc> https://geoconnex.us/cuahsi/his/GlacialRidge/1 </loc>
		<lastmod> 2022-11-10 15:17:22.203502 </lastmod>
	</url><url>
		<loc> https://geoconnex.us/cuahsi/his/GlacialRidge/10 </loc>
		<lastmod> 2022-11-10 15:17:22.203531 </lastmod>
	</url><url>
		<loc> https://geoconnex.us/cuahsi/his/GlacialRidge/11 </loc>
		<lastmod> 2022-11-10 15:17:22.203551 </lastmod>
	</url><url>
		<loc> https://geoconnex.us/cuahsi/his/GlacialRidge/12 </loc>
		<lastmod> 2022-11-10 15:17:22.203566 </lastmod>
	</url><url>
		<loc> https://geoconnex.us/cuahsi/his/GlacialRidge/13 </loc>
		<lastmod> 2022-11-10 15:17:22.203581 </lastmod>
	</url><url>
		<loc> https://geoconnex.us/cuahsi/his/GlacialRidge/14 </loc>
		<lastmod> 2022-11-10 15:17:22.203595 </lastmod>
	</url><url>
		<loc> https://geoconnex.us/cuahsi/his/GlacialRidge/15 </loc>
		<lastmod> 2022-11-10 15:17:22.203610 </lastmod>
	</url><url>
		<loc> https://geoconnex.us/cuahsi/his/GlacialRidge/16 </loc>
		<lastmod> 2022-11-10 15:17:22.203624 </lastmod>
	</url><url>
		<loc> https://geoconnex.us/cuahsi/his/GlacialRidge/17 </loc>
		<lastmod> 2022-11-10 15:17:22.203638 </lastmod>
	</url><url>
		<loc> https://geoconnex.us/cuahsi/his/GlacialRidge/18 </loc>
		<lastmod> 2022-11-10 15:17:22.203653 </lastmod>
	</url><url>
		<loc> https://geoconnex.us/cuahsi/his/GlacialRidge/19 </loc>
		<lastmod> 2022-11-10 15:17:22.203666 </lastmod>
	</url><url>
		<loc> https://geoconnex.us/cuahsi/his/GlacialRidge/2 </loc>
		<lastmod> 2022-11-10 15:17:22.203680 </lastmod>
	</url><url>
		<loc> https://geoconnex.us/cuahsi/his/GlacialRidge/20 </loc>
		<lastmod> 2022-11-10 15:17:22.203694 </lastmod>
	</url><url>
		<loc> https://geoconnex.us/cuahsi/his/GlacialRidge/21 </loc>
		<lastmod> 2022-11-10 15:17:22.203707 </lastmod>
	</url><url>
		<loc> https://geoconnex.us/cuahsi/his/GlacialRidge/22 </loc>
		<lastmod> 2022-11-10 15:17:22.203720 </lastmod>
	</url><url>
		<loc> https://geoconnex.us/cuahsi/his/GlacialRidge/3 </loc>
		<lastmod> 2022-11-10 15:17:22.203734 </lastmod>
	</url><url>
		<loc> https://geoconnex.us/cuahsi/his/GlacialRidge/4 </loc>
		<lastmod> 2022-11-10 15:17:22.203747 </lastmod>
	</url><url>
		<loc> https://geoconnex.us/cuahsi/his/GlacialRidge/5 </loc>
		<lastmod> 2022-11-10 15:17:22.203761 </lastmod>
	</url><url>
		<loc> https://geoconnex.us/cuahsi/his/GlacialRidge/6 </loc>
		<lastmod> 2022-11-10 15:17:22.203774 </lastmod>
	</url><url>
		<loc> https://geoconnex.us/cuahsi/his/GlacialRidge/7 </loc>
		<lastmod> 2022-11-10 15:17:22.203788 </lastmod>
	</url><url>
		<loc> https://geoconnex.us/cuahsi/his/GlacialRidge/8 </loc>
		<lastmod> 2022-11-10 15:17:22.203801 </lastmod>
	</url><url>
		<loc> https://geoconnex.us/cuahsi/his/GlacialRidge/9 </loc>
		<lastmod> 2022-11-10 15:17:22.203814 </lastmod>
	</url></ns0:urlset>