<?xml version='1.0' encoding='utf-8'?>
<ns0:urlset xmlns:ns0="http://www.sitemaps.org/schemas/sitemap/0.9">
<url>
		<loc> https://geoconnex.us/cuahsi/his/DRWI/MiSTuC2452345 </loc>
		<lastmod> 2023-05-03 17:16:16.169364 </lastmod>
	</url><url>
		<loc> https://geoconnex.us/cuahsi/his/DRWI/ScHSBF1765563 </loc>
		<lastmod> 2023-05-03 17:16:16.169395 </lastmod>
	</url><url>
		<loc> https://geoconnex.us/cuahsi/his/DRWI/PaKRaC3426a441 </loc>
		<lastmod> 2023-05-03 17:16:16.169418 </lastmod>
	</url><url>
		<loc> https://geoconnex.us/cuahsi/his/DRWI/BaCBuR11362231 </loc>
		<lastmod> 2023-05-03 17:16:16.169435 </lastmod>
	</url><url>
		<loc> https://geoconnex.us/cuahsi/his/DRWI/USPCoC10483250 </loc>
		<lastmod> 2023-05-03 17:16:16.169452 </lastmod>
	</url><url>
		<loc> https://geoconnex.us/cuahsi/his/DRWI/PaKBrC3158623 </loc>
		<lastmod> 2023-05-03 17:16:16.169468 </lastmod>
	</url><url>
		<loc> https://geoconnex.us/cuahsi/his/DRWI/USPPoC12949861 </loc>
		<lastmod> 2023-05-03 17:16:16.169483 </lastmod>
	</url><url>
		<loc> https://geoconnex.us/cuahsi/his/DRWI/PaKFlB3278860 </loc>
		<lastmod> 2023-05-03 17:16:16.169499 </lastmod>
	</url><url>
		<loc> https://geoconnex.us/cuahsi/his/DRWI/PaKLBK316077 </loc>
		<lastmod> 2023-05-03 17:16:16.169514 </lastmod>
	</url><url>
		<loc> https://geoconnex.us/cuahsi/his/DRWI/MiSPeC19231620 </loc>
		<lastmod> 2023-05-03 17:16:16.169530 </lastmod>
	</url><url>
		<loc> https://geoconnex.us/cuahsi/his/DRWI/PaKBaK37972393 </loc>
		<lastmod> 2023-05-03 17:16:16.169545 </lastmod>
	</url><url>
		<loc> https://geoconnex.us/cuahsi/his/DRWI/ScHFrC1765208 </loc>
		<lastmod> 2023-05-03 17:16:16.169560 </lastmod>
	</url><url>
		<loc> https://geoconnex.us/cuahsi/his/DRWI/NJHMuR26033731 </loc>
		<lastmod> 2023-05-03 17:16:16.169575 </lastmod>
	</url><url>
		<loc> https://geoconnex.us/cuahsi/his/DRWI/ScHPiC15871111 </loc>
		<lastmod> 2023-05-03 17:16:16.169590 </lastmod>
	</url><url>
		<loc> https://geoconnex.us/cuahsi/his/DRWI/MiSRVC1796739 </loc>
		<lastmod> 2023-05-03 17:16:16.169605 </lastmod>
	</url><url>
		<loc> https://geoconnex.us/cuahsi/his/DRWI/MiSSwC1731199 </loc>
		<lastmod> 2023-05-03 17:16:16.169620 </lastmod>
	</url><url>
		<loc> https://geoconnex.us/cuahsi/his/DRWI/UpLToC40800 </loc>
		<lastmod> 2023-05-03 17:16:16.169636 </lastmod>
	</url><url>
		<loc> https://geoconnex.us/cuahsi/his/DRWI/NJHMuR27784578 </loc>
		<lastmod> 2023-05-03 17:16:16.169652 </lastmod>
	</url><url>
		<loc> https://geoconnex.us/cuahsi/his/DRWI/MiSMaC2512138 </loc>
		<lastmod> 2023-05-03 17:16:16.169667 </lastmod>
	</url><url>
		<loc> https://geoconnex.us/cuahsi/his/DRWI/USPBuP12462996 </loc>
		<lastmod> 2023-05-03 17:16:16.169682 </lastmod>
	</url><url>
		<loc> https://geoconnex.us/cuahsi/his/DRWI/BaCWBB13831772 </loc>
		<lastmod> 2023-05-03 17:16:16.169698 </lastmod>
	</url><url>
		<loc> https://geoconnex.us/cuahsi/his/DRWI/MiSMaC1850792 </loc>
		<lastmod> 2023-05-03 17:16:16.169713 </lastmod>
	</url><url>
		<loc> https://geoconnex.us/cuahsi/his/DRWI/NJHPaK303554 </loc>
		<lastmod> 2023-05-03 17:16:16.169728 </lastmod>
	</url><url>
		<loc> https://geoconnex.us/cuahsi/his/DRWI/BaCEBW11271815 </loc>
		<lastmod> 2023-05-03 17:16:16.169743 </lastmod>
	</url><url>
		<loc> https://geoconnex.us/cuahsi/his/DRWI/ScHFrC15952118 </loc>
		<lastmod> 2023-05-03 17:16:16.169758 </lastmod>
	</url><url>
		<loc> https://geoconnex.us/cuahsi/his/DRWI/ScHHaC2019787 </loc>
		<lastmod> 2023-05-03 17:16:16.169773 </lastmod>
	</url><url>
		<loc> https://geoconnex.us/cuahsi/his/DRWI/NJHUnT33191904 </loc>
		<lastmod> 2023-05-03 17:16:16.169788 </lastmod>
	</url><url>
		<loc> https://geoconnex.us/cuahsi/his/DRWI/BaCEBB1187533 </loc>
		<lastmod> 2023-05-03 17:16:16.169803 </lastmod>
	</url><url>
		<loc> https://geoconnex.us/cuahsi/his/DRWI/PaKTeR4088184 </loc>
		<lastmod> 2023-05-03 17:16:16.169818 </lastmod>
	</url><url>
		<loc> https://geoconnex.us/cuahsi/his/DRWI/PaKMaC41101476 </loc>
		<lastmod> 2023-05-03 17:16:16.169833 </lastmod>
	</url><url>
		<loc> https://geoconnex.us/cuahsi/his/DRWI/USPPeC1411531 </loc>
		<lastmod> 2023-05-03 17:16:16.169848 </lastmod>
	</url><url>
		<loc> https://geoconnex.us/cuahsi/his/DRWI/UpLBlC355293 </loc>
		<lastmod> 2023-05-03 17:16:16.169863 </lastmod>
	</url><url>
		<loc> https://geoconnex.us/cuahsi/his/DRWI/UpLSiC3975a370 </loc>
		<lastmod> 2023-05-03 17:16:16.169878 </lastmod>
	</url><url>
		<loc> https://geoconnex.us/cuahsi/his/DRWI/NJHPeR2804579 </loc>
		<lastmod> 2023-05-03 17:16:16.169893 </lastmod>
	</url><url>
		<loc> https://geoconnex.us/cuahsi/his/DRWI/UpLBeC3746312 </loc>
		<lastmod> 2023-05-03 17:16:16.169908 </lastmod>
	</url></ns0:urlset>