<?xml version='1.0' encoding='utf-8'?>
<ns0:urlset xmlns:ns0="http://www.sitemaps.org/schemas/sitemap/0.9">
<url>
		<loc> https://geoconnex.us/cuahsi/his/czo_psu/CZO_RTH1 </loc>
		<lastmod> 2022-06-15 17:22:38.234720 </lastmod>
	</url><url>
		<loc> https://geoconnex.us/cuahsi/his/czo_psu/CZO_RTH2_1 </loc>
		<lastmod> 2022-06-15 17:22:38.234762 </lastmod>
	</url><url>
		<loc> https://geoconnex.us/cuahsi/his/czo_psu/CZO_RTH2_2 </loc>
		<lastmod> 2022-06-15 17:22:38.234782 </lastmod>
	</url><url>
		<loc> https://geoconnex.us/cuahsi/his/czo_psu/CZO_RTH2_3 </loc>
		<lastmod> 2022-06-15 17:22:38.234798 </lastmod>
	</url><url>
		<loc> https://geoconnex.us/cuahsi/his/czo_psu/CZO_RTH3_1 </loc>
		<lastmod> 2022-06-15 17:22:38.234813 </lastmod>
	</url><url>
		<loc> https://geoconnex.us/cuahsi/his/czo_psu/CZO_RTH3_2 </loc>
		<lastmod> 2022-06-15 17:22:38.234826 </lastmod>
	</url><url>
		<loc> https://geoconnex.us/cuahsi/his/czo_psu/CZO_RTH3_3 </loc>
		<lastmod> 2022-06-15 17:22:38.234840 </lastmod>
	</url><url>
		<loc> https://geoconnex.us/cuahsi/his/czo_psu/CZO_RTH3_4 </loc>
		<lastmod> 2022-06-15 17:22:38.234854 </lastmod>
	</url><url>
		<loc> https://geoconnex.us/cuahsi/his/czo_psu/CZO_RTH3_5 </loc>
		<lastmod> 2022-06-15 17:22:38.234867 </lastmod>
	</url><url>
		<loc> https://geoconnex.us/cuahsi/his/czo_psu/CZO_RTH3_6 </loc>
		<lastmod> 2022-06-15 17:22:38.234881 </lastmod>
	</url><url>
		<loc> https://geoconnex.us/cuahsi/his/czo_psu/CZO_RTH3_7 </loc>
		<lastmod> 2022-06-15 17:22:38.234895 </lastmod>
	</url><url>
		<loc> https://geoconnex.us/cuahsi/his/czo_psu/CZO_RTH4 </loc>
		<lastmod> 2022-06-15 17:22:38.234908 </lastmod>
	</url><url>
		<loc> https://geoconnex.us/cuahsi/his/czo_psu/SSHCZO_FluxTower </loc>
		<lastmod> 2022-06-15 17:22:38.234922 </lastmod>
	</url><url>
		<loc> https://geoconnex.us/cuahsi/his/czo_psu/SSH_55 </loc>
		<lastmod> 2022-06-15 17:22:38.234935 </lastmod>
	</url><url>
		<loc> https://geoconnex.us/cuahsi/his/czo_psu/SSH_60 </loc>
		<lastmod> 2022-06-15 17:22:38.234949 </lastmod>
	</url><url>
		<loc> https://geoconnex.us/cuahsi/his/czo_psu/SSH_03 </loc>
		<lastmod> 2022-06-15 17:22:38.234962 </lastmod>
	</url><url>
		<loc> https://geoconnex.us/cuahsi/his/czo_psu/SSH_06 </loc>
		<lastmod> 2022-06-15 17:22:38.234975 </lastmod>
	</url><url>
		<loc> https://geoconnex.us/cuahsi/his/czo_psu/SSH_08 </loc>
		<lastmod> 2022-06-15 17:22:38.234988 </lastmod>
	</url><url>
		<loc> https://geoconnex.us/cuahsi/his/czo_psu/SSH_11 </loc>
		<lastmod> 2022-06-15 17:22:38.235001 </lastmod>
	</url><url>
		<loc> https://geoconnex.us/cuahsi/his/czo_psu/SSH_12 </loc>
		<lastmod> 2022-06-15 17:22:38.235014 </lastmod>
	</url><url>
		<loc> https://geoconnex.us/cuahsi/his/czo_psu/SSH_15 </loc>
		<lastmod> 2022-06-15 17:22:38.235027 </lastmod>
	</url><url>
		<loc> https://geoconnex.us/cuahsi/his/czo_psu/SSH_51 </loc>
		<lastmod> 2022-06-15 17:22:38.235040 </lastmod>
	</url><url>
		<loc> https://geoconnex.us/cuahsi/his/czo_psu/SSH_53 </loc>
		<lastmod> 2022-06-15 17:22:38.235053 </lastmod>
	</url><url>
		<loc> https://geoconnex.us/cuahsi/his/czo_psu/SSH_61 </loc>
		<lastmod> 2022-06-15 17:22:38.235066 </lastmod>
	</url><url>
		<loc> https://geoconnex.us/cuahsi/his/czo_psu/SSH_74 </loc>
		<lastmod> 2022-06-15 17:22:38.235079 </lastmod>
	</url><url>
		<loc> https://geoconnex.us/cuahsi/his/czo_psu/SSH_A4 </loc>
		<lastmod> 2022-06-15 17:22:38.235092 </lastmod>
	</url><url>
		<loc> https://geoconnex.us/cuahsi/his/czo_psu/SW </loc>
		<lastmod> 2022-06-15 17:22:38.235106 </lastmod>
	</url><url>
		<loc> https://geoconnex.us/cuahsi/his/czo_psu/SW_ISCO </loc>
		<lastmod> 2022-06-15 17:22:38.235119 </lastmod>
	</url><url>
		<loc> https://geoconnex.us/cuahsi/his/czo_psu/SSH_GW1 </loc>
		<lastmod> 2022-06-15 17:22:38.235133 </lastmod>
	</url><url>
		<loc> https://geoconnex.us/cuahsi/his/czo_psu/SSH_GW2 </loc>
		<lastmod> 2022-06-15 17:22:38.235146 </lastmod>
	</url><url>
		<loc> https://geoconnex.us/cuahsi/his/czo_psu/SPVF </loc>
		<lastmod> 2022-06-15 17:22:38.235159 </lastmod>
	</url><url>
		<loc> https://geoconnex.us/cuahsi/his/czo_psu/SPMS </loc>
		<lastmod> 2022-06-15 17:22:38.235172 </lastmod>
	</url><url>
		<loc> https://geoconnex.us/cuahsi/his/czo_psu/SPRT </loc>
		<lastmod> 2022-06-15 17:22:38.235185 </lastmod>
	</url><url>
		<loc> https://geoconnex.us/cuahsi/his/czo_psu/SSVF </loc>
		<lastmod> 2022-06-15 17:22:38.235199 </lastmod>
	</url><url>
		<loc> https://geoconnex.us/cuahsi/his/czo_psu/SSMS </loc>
		<lastmod> 2022-06-15 17:22:38.235212 </lastmod>
	</url><url>
		<loc> https://geoconnex.us/cuahsi/his/czo_psu/SSRT </loc>
		<lastmod> 2022-06-15 17:22:38.235225 </lastmod>
	</url><url>
		<loc> https://geoconnex.us/cuahsi/his/czo_psu/NSVF </loc>
		<lastmod> 2022-06-15 17:22:38.235238 </lastmod>
	</url><url>
		<loc> https://geoconnex.us/cuahsi/his/czo_psu/NSMS </loc>
		<lastmod> 2022-06-15 17:22:38.235251 </lastmod>
	</url><url>
		<loc> https://geoconnex.us/cuahsi/his/czo_psu/NSRT </loc>
		<lastmod> 2022-06-15 17:22:38.235264 </lastmod>
	</url><url>
		<loc> https://geoconnex.us/cuahsi/his/czo_psu/NPVF </loc>
		<lastmod> 2022-06-15 17:22:38.235277 </lastmod>
	</url><url>
		<loc> https://geoconnex.us/cuahsi/his/czo_psu/NPMS </loc>
		<lastmod> 2022-06-15 17:22:38.235290 </lastmod>
	</url><url>
		<loc> https://geoconnex.us/cuahsi/his/czo_psu/NPRT </loc>
		<lastmod> 2022-06-15 17:22:38.235303 </lastmod>
	</url><url>
		<loc> https://geoconnex.us/cuahsi/his/czo_psu/SH </loc>
		<lastmod> 2022-06-15 17:22:38.235316 </lastmod>
	</url><url>
		<loc> https://geoconnex.us/cuahsi/his/czo_psu/SM </loc>
		<lastmod> 2022-06-15 17:22:38.235329 </lastmod>
	</url><url>
		<loc> https://geoconnex.us/cuahsi/his/czo_psu/GW1 </loc>
		<lastmod> 2022-06-15 17:22:38.235343 </lastmod>
	</url><url>
		<loc> https://geoconnex.us/cuahsi/his/czo_psu/GW2 </loc>
		<lastmod> 2022-06-15 17:22:38.235356 </lastmod>
	</url><url>
		<loc> https://geoconnex.us/cuahsi/his/czo_psu/SH_Eigen </loc>
		<lastmod> 2022-06-15 17:22:38.235369 </lastmod>
	</url><url>
		<loc> https://geoconnex.us/cuahsi/his/czo_psu/SSH_01 </loc>
		<lastmod> 2022-06-15 17:22:38.235382 </lastmod>
	</url><url>
		<loc> https://geoconnex.us/cuahsi/his/czo_psu/Llewelyyn2015_PLG12-33 </loc>
		<lastmod> 2022-06-15 17:22:38.235396 </lastmod>
	</url><url>
		<loc> https://geoconnex.us/cuahsi/his/czo_psu/Llewelyyn2015_PLG12-34 </loc>
		<lastmod> 2022-06-15 17:22:38.235409 </lastmod>
	</url><url>
		<loc> https://geoconnex.us/cuahsi/his/czo_psu/Llewelyyn2015_PLG12-60 </loc>
		<lastmod> 2022-06-15 17:22:38.235422 </lastmod>
	</url><url>
		<loc> https://geoconnex.us/cuahsi/his/czo_psu/Llewelyyn2015_PLG12-65 </loc>
		<lastmod> 2022-06-15 17:22:38.235434 </lastmod>
	</url><url>
		<loc> https://geoconnex.us/cuahsi/his/czo_psu/Llewelyyn2015_PLG12-69_postpurge </loc>
		<lastmod> 2022-06-15 17:22:38.235447 </lastmod>
	</url><url>
		<loc> https://geoconnex.us/cuahsi/his/czo_psu/Llewelyyn2015_PLG12-69_prepurge </loc>
		<lastmod> 2022-06-15 17:22:38.235460 </lastmod>
	</url><url>
		<loc> https://geoconnex.us/cuahsi/his/czo_psu/Llewelyyn2015_PLG12-70 </loc>
		<lastmod> 2022-06-15 17:22:38.235473 </lastmod>
	</url><url>
		<loc> https://geoconnex.us/cuahsi/his/czo_psu/Llewelyyn2015_PLG13-2 </loc>
		<lastmod> 2022-06-15 17:22:38.235486 </lastmod>
	</url><url>
		<loc> https://geoconnex.us/cuahsi/his/czo_psu/Llewelyyn2015_PLG13-4 </loc>
		<lastmod> 2022-06-15 17:22:38.235499 </lastmod>
	</url><url>
		<loc> https://geoconnex.us/cuahsi/his/czo_psu/Llewelyyn2015_PLG13-5 </loc>
		<lastmod> 2022-06-15 17:22:38.235512 </lastmod>
	</url><url>
		<loc> https://geoconnex.us/cuahsi/his/czo_psu/Llewelyyn2015_PLG13-6 </loc>
		<lastmod> 2022-06-15 17:22:38.235525 </lastmod>
	</url><url>
		<loc> https://geoconnex.us/cuahsi/his/czo_psu/Llewelyyn2015_PLG13-7 </loc>
		<lastmod> 2022-06-15 17:22:38.235538 </lastmod>
	</url></ns0:urlset>