<?xml version='1.0' encoding='utf-8'?>
<ns0:urlset xmlns:ns0="http://www.sitemaps.org/schemas/sitemap/0.9">
<url>
		<loc> https://geoconnex.us/cuahsi/his/GlobalRiversObservatory/AncientF </loc>
		<lastmod> 2022-04-07 17:01:51.724076 </lastmod>
	</url><url>
		<loc> https://geoconnex.us/cuahsi/his/GlobalRiversObservatory/BlkWatR </loc>
		<lastmod> 2022-04-07 17:01:51.724116 </lastmod>
	</url><url>
		<loc> https://geoconnex.us/cuahsi/his/GlobalRiversObservatory/BowronR </loc>
		<lastmod> 2022-04-07 17:01:51.724140 </lastmod>
	</url><url>
		<loc> https://geoconnex.us/cuahsi/his/GlobalRiversObservatory/BridgeR </loc>
		<lastmod> 2022-04-07 17:01:51.724159 </lastmod>
	</url><url>
		<loc> https://geoconnex.us/cuahsi/his/GlobalRiversObservatory/ChilcotinR </loc>
		<lastmod> 2022-04-07 17:01:51.724177 </lastmod>
	</url><url>
		<loc> https://geoconnex.us/cuahsi/his/GlobalRiversObservatory/DoreR </loc>
		<lastmod> 2022-04-07 17:01:51.724195 </lastmod>
	</url><url>
		<loc> https://geoconnex.us/cuahsi/his/GlobalRiversObservatory/FFitzwil </loc>
		<lastmod> 2022-04-07 17:01:51.724213 </lastmod>
	</url><url>
		<loc> https://geoconnex.us/cuahsi/his/GlobalRiversObservatory/FFtLang </loc>
		<lastmod> 2022-04-07 17:01:51.724230 </lastmod>
	</url><url>
		<loc> https://geoconnex.us/cuahsi/his/GlobalRiversObservatory/FHansard </loc>
		<lastmod> 2022-04-07 17:01:51.724247 </lastmod>
	</url><url>
		<loc> https://geoconnex.us/cuahsi/his/GlobalRiversObservatory/FHope </loc>
		<lastmod> 2022-04-07 17:01:51.724264 </lastmod>
	</url><url>
		<loc> https://geoconnex.us/cuahsi/his/GlobalRiversObservatory/FLillooet </loc>
		<lastmod> 2022-04-07 17:01:51.724280 </lastmod>
	</url><url>
		<loc> https://geoconnex.us/cuahsi/his/GlobalRiversObservatory/FLytton </loc>
		<lastmod> 2022-04-07 17:01:51.724297 </lastmod>
	</url><url>
		<loc> https://geoconnex.us/cuahsi/his/GlobalRiversObservatory/FMcBride </loc>
		<lastmod> 2022-04-07 17:01:51.724313 </lastmod>
	</url><url>
		<loc> https://geoconnex.us/cuahsi/his/GlobalRiversObservatory/FNewWest </loc>
		<lastmod> 2022-04-07 17:01:51.724329 </lastmod>
	</url><url>
		<loc> https://geoconnex.us/cuahsi/his/GlobalRiversObservatory/FStoner </loc>
		<lastmod> 2022-04-07 17:01:51.724345 </lastmod>
	</url><url>
		<loc> https://geoconnex.us/cuahsi/his/GlobalRiversObservatory/Fdelta </loc>
		<lastmod> 2022-04-07 17:01:51.724361 </lastmod>
	</url><url>
		<loc> https://geoconnex.us/cuahsi/his/GlobalRiversObservatory/Festuary </loc>
		<lastmod> 2022-04-07 17:01:51.724378 </lastmod>
	</url><url>
		<loc> https://geoconnex.us/cuahsi/his/GlobalRiversObservatory/GoatR </loc>
		<lastmod> 2022-04-07 17:01:51.724394 </lastmod>
	</url><url>
		<loc> https://geoconnex.us/cuahsi/his/GlobalRiversObservatory/HarrisonR </loc>
		<lastmod> 2022-04-07 17:01:51.724410 </lastmod>
	</url><url>
		<loc> https://geoconnex.us/cuahsi/his/GlobalRiversObservatory/HolmesR </loc>
		<lastmod> 2022-04-07 17:01:51.724426 </lastmod>
	</url><url>
		<loc> https://geoconnex.us/cuahsi/his/GlobalRiversObservatory/McGregR </loc>
		<lastmod> 2022-04-07 17:01:51.724442 </lastmod>
	</url><url>
		<loc> https://geoconnex.us/cuahsi/his/GlobalRiversObservatory/NahatR </loc>
		<lastmod> 2022-04-07 17:01:51.724458 </lastmod>
	</url><url>
		<loc> https://geoconnex.us/cuahsi/his/GlobalRiversObservatory/NechakoR </loc>
		<lastmod> 2022-04-07 17:01:51.724475 </lastmod>
	</url><url>
		<loc> https://geoconnex.us/cuahsi/his/GlobalRiversObservatory/PittR </loc>
		<lastmod> 2022-04-07 17:01:51.724491 </lastmod>
	</url><url>
		<loc> https://geoconnex.us/cuahsi/his/GlobalRiversObservatory/QuesnelR </loc>
		<lastmod> 2022-04-07 17:01:51.724506 </lastmod>
	</url><url>
		<loc> https://geoconnex.us/cuahsi/his/GlobalRiversObservatory/RobsonR </loc>
		<lastmod> 2022-04-07 17:01:51.724522 </lastmod>
	</url><url>
		<loc> https://geoconnex.us/cuahsi/his/GlobalRiversObservatory/RobsArtWell </loc>
		<lastmod> 2022-04-07 17:01:51.724539 </lastmod>
	</url><url>
		<loc> https://geoconnex.us/cuahsi/his/GlobalRiversObservatory/RobsBergLake </loc>
		<lastmod> 2022-04-07 17:01:51.724555 </lastmod>
	</url><url>
		<loc> https://geoconnex.us/cuahsi/his/GlobalRiversObservatory/RobsBergLTrailH </loc>
		<lastmod> 2022-04-07 17:01:51.724572 </lastmod>
	</url><url>
		<loc> https://geoconnex.us/cuahsi/his/GlobalRiversObservatory/RobsGlacierOutL </loc>
		<lastmod> 2022-04-07 17:01:51.724588 </lastmod>
	</url><url>
		<loc> https://geoconnex.us/cuahsi/his/GlobalRiversObservatory/RobsWhiteHCamp </loc>
		<lastmod> 2022-04-07 17:01:51.724605 </lastmod>
	</url><url>
		<loc> https://geoconnex.us/cuahsi/his/GlobalRiversObservatory/SandHeads </loc>
		<lastmod> 2022-04-07 17:01:51.724621 </lastmod>
	</url><url>
		<loc> https://geoconnex.us/cuahsi/his/GlobalRiversObservatory/SmallR </loc>
		<lastmod> 2022-04-07 17:01:51.724637 </lastmod>
	</url><url>
		<loc> https://geoconnex.us/cuahsi/his/GlobalRiversObservatory/StuartL </loc>
		<lastmod> 2022-04-07 17:01:51.724653 </lastmod>
	</url><url>
		<loc> https://geoconnex.us/cuahsi/his/GlobalRiversObservatory/ThompsonR </loc>
		<lastmod> 2022-04-07 17:01:51.724669 </lastmod>
	</url><url>
		<loc> https://geoconnex.us/cuahsi/his/GlobalRiversObservatory/WillowR </loc>
		<lastmod> 2022-04-07 17:01:51.724685 </lastmod>
	</url><url>
		<loc> https://geoconnex.us/cuahsi/his/GlobalRiversObservatory/YellowhdL </loc>
		<lastmod> 2022-04-07 17:01:51.724701 </lastmod>
	</url></ns0:urlset>