<?xml version='1.0' encoding='utf-8'?>
<ns0:urlset xmlns:ns0="http://www.sitemaps.org/schemas/sitemap/0.9">
<url>
		<loc> https://geoconnex.us/cuahsi/his/CUISO/1 </loc>
		<lastmod> 2021-11-04 17:17:50.408478 </lastmod>
	</url><url>
		<loc> https://geoconnex.us/cuahsi/his/CUISO/2 </loc>
		<lastmod> 2021-11-04 17:17:50.408527 </lastmod>
	</url><url>
		<loc> https://geoconnex.us/cuahsi/his/CUISO/3 </loc>
		<lastmod> 2021-11-04 17:17:50.408556 </lastmod>
	</url><url>
		<loc> https://geoconnex.us/cuahsi/his/CUISO/4 </loc>
		<lastmod> 2021-11-04 17:17:50.408580 </lastmod>
	</url><url>
		<loc> https://geoconnex.us/cuahsi/his/CUISO/5 </loc>
		<lastmod> 2021-11-04 17:17:50.408602 </lastmod>
	</url><url>
		<loc> https://geoconnex.us/cuahsi/his/CUISO/6 </loc>
		<lastmod> 2021-11-04 17:17:50.408624 </lastmod>
	</url><url>
		<loc> https://geoconnex.us/cuahsi/his/CUISO/7 </loc>
		<lastmod> 2021-11-04 17:17:50.408645 </lastmod>
	</url><url>
		<loc> https://geoconnex.us/cuahsi/his/CUISO/8 </loc>
		<lastmod> 2021-11-04 17:17:50.408665 </lastmod>
	</url><url>
		<loc> https://geoconnex.us/cuahsi/his/CUISO/9 </loc>
		<lastmod> 2021-11-04 17:17:50.408685 </lastmod>
	</url></ns0:urlset>