<?xml version='1.0' encoding='utf-8'?>
<ns0:urlset xmlns:ns0="http://www.sitemaps.org/schemas/sitemap/0.9">
<url>
		<loc> https://geoconnex.us/cuahsi/his/LoganRiver/USU-LR-Chokecherry </loc>
		<lastmod> 2022-07-14 18:36:36.151477 </lastmod>
	</url><url>
		<loc> https://geoconnex.us/cuahsi/his/LoganRiver/USU-LR-Forestry </loc>
		<lastmod> 2022-07-14 18:36:36.151509 </lastmod>
	</url><url>
		<loc> https://geoconnex.us/cuahsi/his/LoganRiver/USU-LR-Franklin </loc>
		<lastmod> 2022-07-14 18:36:36.151528 </lastmod>
	</url><url>
		<loc> https://geoconnex.us/cuahsi/his/LoganRiver/USU-LR-Wally </loc>
		<lastmod> 2022-07-14 18:36:36.151544 </lastmod>
	</url></ns0:urlset>