<?xml version='1.0' encoding='utf-8'?>
<ns0:urlset xmlns:ns0="http://www.sitemaps.org/schemas/sitemap/0.9">
<url>
		<loc> https://geoconnex.us/cuahsi/his/MobileCrowdHydrology/MI1061 </loc>
		<lastmod> 2022-11-10 14:57:17.969596 </lastmod>
	</url><url>
		<loc> https://geoconnex.us/cuahsi/his/MobileCrowdHydrology/CA9000 </loc>
		<lastmod> 2022-11-10 14:57:17.969626 </lastmod>
	</url><url>
		<loc> https://geoconnex.us/cuahsi/his/MobileCrowdHydrology/WI1020 </loc>
		<lastmod> 2022-11-10 14:57:17.969645 </lastmod>
	</url><url>
		<loc> https://geoconnex.us/cuahsi/his/MobileCrowdHydrology/ME9000 </loc>
		<lastmod> 2022-11-10 14:57:17.969659 </lastmod>
	</url><url>
		<loc> https://geoconnex.us/cuahsi/his/MobileCrowdHydrology/CA1001 </loc>
		<lastmod> 2022-11-10 14:57:17.969672 </lastmod>
	</url><url>
		<loc> https://geoconnex.us/cuahsi/his/MobileCrowdHydrology/CA1000 </loc>
		<lastmod> 2022-11-10 14:57:17.969685 </lastmod>
	</url><url>
		<loc> https://geoconnex.us/cuahsi/his/MobileCrowdHydrology/MN1008 </loc>
		<lastmod> 2022-11-10 14:57:17.969698 </lastmod>
	</url><url>
		<loc> https://geoconnex.us/cuahsi/his/MobileCrowdHydrology/MN1010 </loc>
		<lastmod> 2022-11-10 14:57:17.969711 </lastmod>
	</url><url>
		<loc> https://geoconnex.us/cuahsi/his/MobileCrowdHydrology/MN1007 </loc>
		<lastmod> 2022-11-10 14:57:17.969724 </lastmod>
	</url><url>
		<loc> https://geoconnex.us/cuahsi/his/MobileCrowdHydrology/MN1006 </loc>
		<lastmod> 2022-11-10 14:57:17.969737 </lastmod>
	</url><url>
		<loc> https://geoconnex.us/cuahsi/his/MobileCrowdHydrology/MN1005 </loc>
		<lastmod> 2022-11-10 14:57:17.969750 </lastmod>
	</url><url>
		<loc> https://geoconnex.us/cuahsi/his/MobileCrowdHydrology/MN1004 </loc>
		<lastmod> 2022-11-10 14:57:17.969763 </lastmod>
	</url><url>
		<loc> https://geoconnex.us/cuahsi/his/MobileCrowdHydrology/MN1003 </loc>
		<lastmod> 2022-11-10 14:57:17.969775 </lastmod>
	</url><url>
		<loc> https://geoconnex.us/cuahsi/his/MobileCrowdHydrology/MN1002 </loc>
		<lastmod> 2022-11-10 14:57:17.969788 </lastmod>
	</url><url>
		<loc> https://geoconnex.us/cuahsi/his/MobileCrowdHydrology/MN1001 </loc>
		<lastmod> 2022-11-10 14:57:17.969800 </lastmod>
	</url><url>
		<loc> https://geoconnex.us/cuahsi/his/MobileCrowdHydrology/MN1000 </loc>
		<lastmod> 2022-11-10 14:57:17.969813 </lastmod>
	</url><url>
		<loc> https://geoconnex.us/cuahsi/his/MobileCrowdHydrology/MI1060 </loc>
		<lastmod> 2022-11-10 14:57:17.969825 </lastmod>
	</url><url>
		<loc> https://geoconnex.us/cuahsi/his/MobileCrowdHydrology/MI1059 </loc>
		<lastmod> 2022-11-10 14:57:17.969839 </lastmod>
	</url><url>
		<loc> https://geoconnex.us/cuahsi/his/MobileCrowdHydrology/MI1058 </loc>
		<lastmod> 2022-11-10 14:57:17.969852 </lastmod>
	</url><url>
		<loc> https://geoconnex.us/cuahsi/his/MobileCrowdHydrology/MI1057 </loc>
		<lastmod> 2022-11-10 14:57:17.969865 </lastmod>
	</url><url>
		<loc> https://geoconnex.us/cuahsi/his/MobileCrowdHydrology/MI1056 </loc>
		<lastmod> 2022-11-10 14:57:17.969877 </lastmod>
	</url><url>
		<loc> https://geoconnex.us/cuahsi/his/MobileCrowdHydrology/MI1055 </loc>
		<lastmod> 2022-11-10 14:57:17.969890 </lastmod>
	</url><url>
		<loc> https://geoconnex.us/cuahsi/his/MobileCrowdHydrology/WI2017 </loc>
		<lastmod> 2022-11-10 14:57:17.969903 </lastmod>
	</url><url>
		<loc> https://geoconnex.us/cuahsi/his/MobileCrowdHydrology/WI2016 </loc>
		<lastmod> 2022-11-10 14:57:17.969915 </lastmod>
	</url><url>
		<loc> https://geoconnex.us/cuahsi/his/MobileCrowdHydrology/WI2015 </loc>
		<lastmod> 2022-11-10 14:57:17.969928 </lastmod>
	</url><url>
		<loc> https://geoconnex.us/cuahsi/his/MobileCrowdHydrology/WI2014 </loc>
		<lastmod> 2022-11-10 14:57:17.969940 </lastmod>
	</url><url>
		<loc> https://geoconnex.us/cuahsi/his/MobileCrowdHydrology/WI2013 </loc>
		<lastmod> 2022-11-10 14:57:17.969953 </lastmod>
	</url><url>
		<loc> https://geoconnex.us/cuahsi/his/MobileCrowdHydrology/WI2012 </loc>
		<lastmod> 2022-11-10 14:57:17.969966 </lastmod>
	</url><url>
		<loc> https://geoconnex.us/cuahsi/his/MobileCrowdHydrology/WI2011 </loc>
		<lastmod> 2022-11-10 14:57:17.969978 </lastmod>
	</url><url>
		<loc> https://geoconnex.us/cuahsi/his/MobileCrowdHydrology/WI2010 </loc>
		<lastmod> 2022-11-10 14:57:17.969991 </lastmod>
	</url><url>
		<loc> https://geoconnex.us/cuahsi/his/MobileCrowdHydrology/WI2009 </loc>
		<lastmod> 2022-11-10 14:57:17.970004 </lastmod>
	</url><url>
		<loc> https://geoconnex.us/cuahsi/his/MobileCrowdHydrology/WI2008 </loc>
		<lastmod> 2022-11-10 14:57:17.970017 </lastmod>
	</url><url>
		<loc> https://geoconnex.us/cuahsi/his/MobileCrowdHydrology/WI2007 </loc>
		<lastmod> 2022-11-10 14:57:17.970030 </lastmod>
	</url><url>
		<loc> https://geoconnex.us/cuahsi/his/MobileCrowdHydrology/WI2006 </loc>
		<lastmod> 2022-11-10 14:57:17.970043 </lastmod>
	</url><url>
		<loc> https://geoconnex.us/cuahsi/his/MobileCrowdHydrology/WI2005 </loc>
		<lastmod> 2022-11-10 14:57:17.970055 </lastmod>
	</url><url>
		<loc> https://geoconnex.us/cuahsi/his/MobileCrowdHydrology/WI2004 </loc>
		<lastmod> 2022-11-10 14:57:17.970068 </lastmod>
	</url><url>
		<loc> https://geoconnex.us/cuahsi/his/MobileCrowdHydrology/WI2003 </loc>
		<lastmod> 2022-11-10 14:57:17.970080 </lastmod>
	</url><url>
		<loc> https://geoconnex.us/cuahsi/his/MobileCrowdHydrology/WI2002 </loc>
		<lastmod> 2022-11-10 14:57:17.970093 </lastmod>
	</url><url>
		<loc> https://geoconnex.us/cuahsi/his/MobileCrowdHydrology/WI2001 </loc>
		<lastmod> 2022-11-10 14:57:17.970106 </lastmod>
	</url><url>
		<loc> https://geoconnex.us/cuahsi/his/MobileCrowdHydrology/MI1031 </loc>
		<lastmod> 2022-11-10 14:57:17.970119 </lastmod>
	</url><url>
		<loc> https://geoconnex.us/cuahsi/his/MobileCrowdHydrology/MI1030 </loc>
		<lastmod> 2022-11-10 14:57:17.970132 </lastmod>
	</url><url>
		<loc> https://geoconnex.us/cuahsi/his/MobileCrowdHydrology/MI1029 </loc>
		<lastmod> 2022-11-10 14:57:17.970146 </lastmod>
	</url><url>
		<loc> https://geoconnex.us/cuahsi/his/MobileCrowdHydrology/MI1028 </loc>
		<lastmod> 2022-11-10 14:57:17.970158 </lastmod>
	</url><url>
		<loc> https://geoconnex.us/cuahsi/his/MobileCrowdHydrology/MI1027 </loc>
		<lastmod> 2022-11-10 14:57:17.970171 </lastmod>
	</url><url>
		<loc> https://geoconnex.us/cuahsi/his/MobileCrowdHydrology/NY1025 </loc>
		<lastmod> 2022-11-10 14:57:17.970184 </lastmod>
	</url><url>
		<loc> https://geoconnex.us/cuahsi/his/MobileCrowdHydrology/MD1001 </loc>
		<lastmod> 2022-11-10 14:57:17.970197 </lastmod>
	</url><url>
		<loc> https://geoconnex.us/cuahsi/his/MobileCrowdHydrology/MD1000 </loc>
		<lastmod> 2022-11-10 14:57:17.970210 </lastmod>
	</url><url>
		<loc> https://geoconnex.us/cuahsi/his/MobileCrowdHydrology/NE1001 </loc>
		<lastmod> 2022-11-10 14:57:17.970223 </lastmod>
	</url><url>
		<loc> https://geoconnex.us/cuahsi/his/MobileCrowdHydrology/PA1002 </loc>
		<lastmod> 2022-11-10 14:57:17.970236 </lastmod>
	</url><url>
		<loc> https://geoconnex.us/cuahsi/his/MobileCrowdHydrology/PA1001 </loc>
		<lastmod> 2022-11-10 14:57:17.970248 </lastmod>
	</url><url>
		<loc> https://geoconnex.us/cuahsi/his/MobileCrowdHydrology/PA1000 </loc>
		<lastmod> 2022-11-10 14:57:17.970261 </lastmod>
	</url><url>
		<loc> https://geoconnex.us/cuahsi/his/MobileCrowdHydrology/OR1001 </loc>
		<lastmod> 2022-11-10 14:57:17.970274 </lastmod>
	</url><url>
		<loc> https://geoconnex.us/cuahsi/his/MobileCrowdHydrology/NE1000 </loc>
		<lastmod> 2022-11-10 14:57:17.970287 </lastmod>
	</url><url>
		<loc> https://geoconnex.us/cuahsi/his/MobileCrowdHydrology/WI9007 </loc>
		<lastmod> 2022-11-10 14:57:17.970300 </lastmod>
	</url><url>
		<loc> https://geoconnex.us/cuahsi/his/MobileCrowdHydrology/WI9006 </loc>
		<lastmod> 2022-11-10 14:57:17.970312 </lastmod>
	</url><url>
		<loc> https://geoconnex.us/cuahsi/his/MobileCrowdHydrology/WI9005 </loc>
		<lastmod> 2022-11-10 14:57:17.970325 </lastmod>
	</url><url>
		<loc> https://geoconnex.us/cuahsi/his/MobileCrowdHydrology/WI9004 </loc>
		<lastmod> 2022-11-10 14:57:17.970338 </lastmod>
	</url><url>
		<loc> https://geoconnex.us/cuahsi/his/MobileCrowdHydrology/WI9003 </loc>
		<lastmod> 2022-11-10 14:57:17.970350 </lastmod>
	</url><url>
		<loc> https://geoconnex.us/cuahsi/his/MobileCrowdHydrology/WI9002 </loc>
		<lastmod> 2022-11-10 14:57:17.970363 </lastmod>
	</url><url>
		<loc> https://geoconnex.us/cuahsi/his/MobileCrowdHydrology/WI9001 </loc>
		<lastmod> 2022-11-10 14:57:17.970376 </lastmod>
	</url><url>
		<loc> https://geoconnex.us/cuahsi/his/MobileCrowdHydrology/WI9000 </loc>
		<lastmod> 2022-11-10 14:57:17.970388 </lastmod>
	</url><url>
		<loc> https://geoconnex.us/cuahsi/his/MobileCrowdHydrology/WI1010 </loc>
		<lastmod> 2022-11-10 14:57:17.970401 </lastmod>
	</url><url>
		<loc> https://geoconnex.us/cuahsi/his/MobileCrowdHydrology/MI1033 </loc>
		<lastmod> 2022-11-10 14:57:17.970413 </lastmod>
	</url><url>
		<loc> https://geoconnex.us/cuahsi/his/MobileCrowdHydrology/NY1022 </loc>
		<lastmod> 2022-11-10 14:57:17.970426 </lastmod>
	</url><url>
		<loc> https://geoconnex.us/cuahsi/his/MobileCrowdHydrology/NY1021 </loc>
		<lastmod> 2022-11-10 14:57:17.970439 </lastmod>
	</url><url>
		<loc> https://geoconnex.us/cuahsi/his/MobileCrowdHydrology/NY1020 </loc>
		<lastmod> 2022-11-10 14:57:17.970452 </lastmod>
	</url><url>
		<loc> https://geoconnex.us/cuahsi/his/MobileCrowdHydrology/MI1026 </loc>
		<lastmod> 2022-11-10 14:57:17.970465 </lastmod>
	</url><url>
		<loc> https://geoconnex.us/cuahsi/his/MobileCrowdHydrology/MI1025 </loc>
		<lastmod> 2022-11-10 14:57:17.970478 </lastmod>
	</url><url>
		<loc> https://geoconnex.us/cuahsi/his/MobileCrowdHydrology/MI1024 </loc>
		<lastmod> 2022-11-10 14:57:17.970491 </lastmod>
	</url><url>
		<loc> https://geoconnex.us/cuahsi/his/MobileCrowdHydrology/MI1023 </loc>
		<lastmod> 2022-11-10 14:57:17.970503 </lastmod>
	</url><url>
		<loc> https://geoconnex.us/cuahsi/his/MobileCrowdHydrology/MI1022 </loc>
		<lastmod> 2022-11-10 14:57:17.970516 </lastmod>
	</url><url>
		<loc> https://geoconnex.us/cuahsi/his/MobileCrowdHydrology/NL1001 </loc>
		<lastmod> 2022-11-10 14:57:17.970529 </lastmod>
	</url><url>
		<loc> https://geoconnex.us/cuahsi/his/MobileCrowdHydrology/NY1011 </loc>
		<lastmod> 2022-11-10 14:57:17.970542 </lastmod>
	</url><url>
		<loc> https://geoconnex.us/cuahsi/his/MobileCrowdHydrology/NY1010 </loc>
		<lastmod> 2022-11-10 14:57:17.970555 </lastmod>
	</url><url>
		<loc> https://geoconnex.us/cuahsi/his/MobileCrowdHydrology/UT1000 </loc>
		<lastmod> 2022-11-10 14:57:17.970568 </lastmod>
	</url><url>
		<loc> https://geoconnex.us/cuahsi/his/MobileCrowdHydrology/OR1000 </loc>
		<lastmod> 2022-11-10 14:57:17.970580 </lastmod>
	</url><url>
		<loc> https://geoconnex.us/cuahsi/his/MobileCrowdHydrology/NL1005 </loc>
		<lastmod> 2022-11-10 14:57:17.970593 </lastmod>
	</url><url>
		<loc> https://geoconnex.us/cuahsi/his/MobileCrowdHydrology/NY1019 </loc>
		<lastmod> 2022-11-10 14:57:17.970606 </lastmod>
	</url><url>
		<loc> https://geoconnex.us/cuahsi/his/MobileCrowdHydrology/NL1009 </loc>
		<lastmod> 2022-11-10 14:57:17.970619 </lastmod>
	</url><url>
		<loc> https://geoconnex.us/cuahsi/his/MobileCrowdHydrology/MI1021 </loc>
		<lastmod> 2022-11-10 14:57:17.970631 </lastmod>
	</url><url>
		<loc> https://geoconnex.us/cuahsi/his/MobileCrowdHydrology/MI1020 </loc>
		<lastmod> 2022-11-10 14:57:17.970644 </lastmod>
	</url><url>
		<loc> https://geoconnex.us/cuahsi/his/MobileCrowdHydrology/MI1018 </loc>
		<lastmod> 2022-11-10 14:57:17.970657 </lastmod>
	</url><url>
		<loc> https://geoconnex.us/cuahsi/his/MobileCrowdHydrology/MI1019 </loc>
		<lastmod> 2022-11-10 14:57:17.970669 </lastmod>
	</url><url>
		<loc> https://geoconnex.us/cuahsi/his/MobileCrowdHydrology/MI1017 </loc>
		<lastmod> 2022-11-10 14:57:17.970682 </lastmod>
	</url><url>
		<loc> https://geoconnex.us/cuahsi/his/MobileCrowdHydrology/MI1016 </loc>
		<lastmod> 2022-11-10 14:57:17.970695 </lastmod>
	</url><url>
		<loc> https://geoconnex.us/cuahsi/his/MobileCrowdHydrology/MI1015 </loc>
		<lastmod> 2022-11-10 14:57:17.970708 </lastmod>
	</url><url>
		<loc> https://geoconnex.us/cuahsi/his/MobileCrowdHydrology/WI1002 </loc>
		<lastmod> 2022-11-10 14:57:17.970721 </lastmod>
	</url><url>
		<loc> https://geoconnex.us/cuahsi/his/MobileCrowdHydrology/WI1007 </loc>
		<lastmod> 2022-11-10 14:57:17.970734 </lastmod>
	</url><url>
		<loc> https://geoconnex.us/cuahsi/his/MobileCrowdHydrology/WI1004 </loc>
		<lastmod> 2022-11-10 14:57:17.970746 </lastmod>
	</url><url>
		<loc> https://geoconnex.us/cuahsi/his/MobileCrowdHydrology/NL1008 </loc>
		<lastmod> 2022-11-10 14:57:17.970759 </lastmod>
	</url><url>
		<loc> https://geoconnex.us/cuahsi/his/MobileCrowdHydrology/NL1004 </loc>
		<lastmod> 2022-11-10 14:57:17.970772 </lastmod>
	</url><url>
		<loc> https://geoconnex.us/cuahsi/his/MobileCrowdHydrology/NL1007 </loc>
		<lastmod> 2022-11-10 14:57:17.970785 </lastmod>
	</url><url>
		<loc> https://geoconnex.us/cuahsi/his/MobileCrowdHydrology/NL1006 </loc>
		<lastmod> 2022-11-10 14:57:17.970797 </lastmod>
	</url><url>
		<loc> https://geoconnex.us/cuahsi/his/MobileCrowdHydrology/IA1003 </loc>
		<lastmod> 2022-11-10 14:57:17.970810 </lastmod>
	</url><url>
		<loc> https://geoconnex.us/cuahsi/his/MobileCrowdHydrology/WI1005 </loc>
		<lastmod> 2022-11-10 14:57:17.970843 </lastmod>
	</url><url>
		<loc> https://geoconnex.us/cuahsi/his/MobileCrowdHydrology/WI1003 </loc>
		<lastmod> 2022-11-10 14:57:17.970859 </lastmod>
	</url><url>
		<loc> https://geoconnex.us/cuahsi/his/MobileCrowdHydrology/NY1009 </loc>
		<lastmod> 2022-11-10 14:57:17.970872 </lastmod>
	</url><url>
		<loc> https://geoconnex.us/cuahsi/his/MobileCrowdHydrology/IA1002 </loc>
		<lastmod> 2022-11-10 14:57:17.970885 </lastmod>
	</url><url>
		<loc> https://geoconnex.us/cuahsi/his/MobileCrowdHydrology/IA1001 </loc>
		<lastmod> 2022-11-10 14:57:17.970897 </lastmod>
	</url><url>
		<loc> https://geoconnex.us/cuahsi/his/MobileCrowdHydrology/IA1000 </loc>
		<lastmod> 2022-11-10 14:57:17.970910 </lastmod>
	</url><url>
		<loc> https://geoconnex.us/cuahsi/his/MobileCrowdHydrology/MI1007 </loc>
		<lastmod> 2022-11-10 14:57:17.970923 </lastmod>
	</url><url>
		<loc> https://geoconnex.us/cuahsi/his/MobileCrowdHydrology/MI1006 </loc>
		<lastmod> 2022-11-10 14:57:17.970935 </lastmod>
	</url><url>
		<loc> https://geoconnex.us/cuahsi/his/MobileCrowdHydrology/MI1004 </loc>
		<lastmod> 2022-11-10 14:57:17.970948 </lastmod>
	</url><url>
		<loc> https://geoconnex.us/cuahsi/his/MobileCrowdHydrology/MI1003 </loc>
		<lastmod> 2022-11-10 14:57:17.970961 </lastmod>
	</url><url>
		<loc> https://geoconnex.us/cuahsi/his/MobileCrowdHydrology/MI1002 </loc>
		<lastmod> 2022-11-10 14:57:17.970973 </lastmod>
	</url><url>
		<loc> https://geoconnex.us/cuahsi/his/MobileCrowdHydrology/MI1001 </loc>
		<lastmod> 2022-11-10 14:57:17.970986 </lastmod>
	</url><url>
		<loc> https://geoconnex.us/cuahsi/his/MobileCrowdHydrology/MI1000 </loc>
		<lastmod> 2022-11-10 14:57:17.970999 </lastmod>
	</url><url>
		<loc> https://geoconnex.us/cuahsi/his/MobileCrowdHydrology/WI1001 </loc>
		<lastmod> 2022-11-10 14:57:17.971011 </lastmod>
	</url><url>
		<loc> https://geoconnex.us/cuahsi/his/MobileCrowdHydrology/WI1000 </loc>
		<lastmod> 2022-11-10 14:57:17.971024 </lastmod>
	</url><url>
		<loc> https://geoconnex.us/cuahsi/his/MobileCrowdHydrology/NY1002 </loc>
		<lastmod> 2022-11-10 14:57:17.971037 </lastmod>
	</url><url>
		<loc> https://geoconnex.us/cuahsi/his/MobileCrowdHydrology/NY1004 </loc>
		<lastmod> 2022-11-10 14:57:17.971050 </lastmod>
	</url><url>
		<loc> https://geoconnex.us/cuahsi/his/MobileCrowdHydrology/NY1006 </loc>
		<lastmod> 2022-11-10 14:57:17.971063 </lastmod>
	</url><url>
		<loc> https://geoconnex.us/cuahsi/his/MobileCrowdHydrology/NY1005 </loc>
		<lastmod> 2022-11-10 14:57:17.971076 </lastmod>
	</url><url>
		<loc> https://geoconnex.us/cuahsi/his/MobileCrowdHydrology/NY1008 </loc>
		<lastmod> 2022-11-10 14:57:17.971089 </lastmod>
	</url><url>
		<loc> https://geoconnex.us/cuahsi/his/MobileCrowdHydrology/NY1007 </loc>
		<lastmod> 2022-11-10 14:57:17.971102 </lastmod>
	</url><url>
		<loc> https://geoconnex.us/cuahsi/his/MobileCrowdHydrology/NY1003 </loc>
		<lastmod> 2022-11-10 14:57:17.971116 </lastmod>
	</url><url>
		<loc> https://geoconnex.us/cuahsi/his/MobileCrowdHydrology/NY1000 </loc>
		<lastmod> 2022-11-10 14:57:17.971128 </lastmod>
	</url><url>
		<loc> https://geoconnex.us/cuahsi/his/MobileCrowdHydrology/1 </loc>
		<lastmod> 2022-11-10 14:57:17.971141 </lastmod>
	</url><url>
		<loc> https://geoconnex.us/cuahsi/his/MobileCrowdHydrology/2 </loc>
		<lastmod> 2022-11-10 14:57:17.971154 </lastmod>
	</url><url>
		<loc> https://geoconnex.us/cuahsi/his/MobileCrowdHydrology/3 </loc>
		<lastmod> 2022-11-10 14:57:17.971168 </lastmod>
	</url><url>
		<loc> https://geoconnex.us/cuahsi/his/MobileCrowdHydrology/4 </loc>
		<lastmod> 2022-11-10 14:57:17.971180 </lastmod>
	</url><url>
		<loc> https://geoconnex.us/cuahsi/his/MobileCrowdHydrology/5 </loc>
		<lastmod> 2022-11-10 14:57:17.971193 </lastmod>
	</url><url>
		<loc> https://geoconnex.us/cuahsi/his/MobileCrowdHydrology/6 </loc>
		<lastmod> 2022-11-10 14:57:17.971206 </lastmod>
	</url><url>
		<loc> https://geoconnex.us/cuahsi/his/MobileCrowdHydrology/8 </loc>
		<lastmod> 2022-11-10 14:57:17.971219 </lastmod>
	</url><url>
		<loc> https://geoconnex.us/cuahsi/his/MobileCrowdHydrology/9 </loc>
		<lastmod> 2022-11-10 14:57:17.971231 </lastmod>
	</url><url>
		<loc> https://geoconnex.us/cuahsi/his/MobileCrowdHydrology/10 </loc>
		<lastmod> 2022-11-10 14:57:17.971244 </lastmod>
	</url><url>
		<loc> https://geoconnex.us/cuahsi/his/MobileCrowdHydrology/11 </loc>
		<lastmod> 2022-11-10 14:57:17.971257 </lastmod>
	</url><url>
		<loc> https://geoconnex.us/cuahsi/his/MobileCrowdHydrology/12 </loc>
		<lastmod> 2022-11-10 14:57:17.971270 </lastmod>
	</url><url>
		<loc> https://geoconnex.us/cuahsi/his/MobileCrowdHydrology/13 </loc>
		<lastmod> 2022-11-10 14:57:17.971315 </lastmod>
	</url></ns0:urlset>