<?xml version='1.0' encoding='utf-8'?>
<ns0:urlset xmlns:ns0="http://www.sitemaps.org/schemas/sitemap/0.9">
<url>
		<loc> https://geoconnex.us/cuahsi/his/czo_catalina/HOBO_B2 </loc>
		<lastmod> 2022-11-10 14:32:01.386802 </lastmod>
	</url><url>
		<loc> https://geoconnex.us/cuahsi/his/czo_catalina/HOBO_OR </loc>
		<lastmod> 2022-11-10 14:32:01.386832 </lastmod>
	</url><url>
		<loc> https://geoconnex.us/cuahsi/his/czo_catalina/OR_Rain1 </loc>
		<lastmod> 2022-11-10 14:32:01.386850 </lastmod>
	</url><url>
		<loc> https://geoconnex.us/cuahsi/his/czo_catalina/OR_Rain2 </loc>
		<lastmod> 2022-11-10 14:32:01.386866 </lastmod>
	</url><url>
		<loc> https://geoconnex.us/cuahsi/his/czo_catalina/OR_Rain3 </loc>
		<lastmod> 2022-11-10 14:32:01.386881 </lastmod>
	</url><url>
		<loc> https://geoconnex.us/cuahsi/his/czo_catalina/B2_Rain2 </loc>
		<lastmod> 2022-11-10 14:32:01.386895 </lastmod>
	</url><url>
		<loc> https://geoconnex.us/cuahsi/his/czo_catalina/MG_ATM </loc>
		<lastmod> 2022-11-10 14:32:01.386909 </lastmod>
	</url><url>
		<loc> https://geoconnex.us/cuahsi/his/czo_catalina/B2_Rain1 </loc>
		<lastmod> 2022-11-10 14:32:01.386923 </lastmod>
	</url><url>
		<loc> https://geoconnex.us/cuahsi/his/czo_catalina/MG_FermValley_Rain </loc>
		<lastmod> 2022-11-10 14:32:01.386937 </lastmod>
	</url><url>
		<loc> https://geoconnex.us/cuahsi/his/czo_catalina/MG_Schist_Rain </loc>
		<lastmod> 2022-11-10 14:32:01.386951 </lastmod>
	</url><url>
		<loc> https://geoconnex.us/cuahsi/his/czo_catalina/MG_Outlet_Rain </loc>
		<lastmod> 2022-11-10 14:32:01.386965 </lastmod>
	</url><url>
		<loc> https://geoconnex.us/cuahsi/his/czo_catalina/MG_DoubleRock_Rain </loc>
		<lastmod> 2022-11-10 14:32:01.386979 </lastmod>
	</url><url>
		<loc> https://geoconnex.us/cuahsi/his/czo_catalina/MG_BurntMeadow_Rain </loc>
		<lastmod> 2022-11-10 14:32:01.386992 </lastmod>
	</url><url>
		<loc> https://geoconnex.us/cuahsi/his/czo_catalina/MG_Granite_Rain </loc>
		<lastmod> 2022-11-10 14:32:01.387007 </lastmod>
	</url><url>
		<loc> https://geoconnex.us/cuahsi/his/czo_catalina/OR_low_stream </loc>
		<lastmod> 2022-11-10 14:32:01.387020 </lastmod>
	</url><url>
		<loc> https://geoconnex.us/cuahsi/his/czo_catalina/MG_WEIR </loc>
		<lastmod> 2022-11-10 14:32:01.387034 </lastmod>
	</url><url>
		<loc> https://geoconnex.us/cuahsi/his/czo_catalina/MGG_Met </loc>
		<lastmod> 2022-11-10 14:32:01.387047 </lastmod>
	</url><url>
		<loc> https://geoconnex.us/cuahsi/his/czo_catalina/MGG_Met_TRH </loc>
		<lastmod> 2022-11-10 14:32:01.387061 </lastmod>
	</url><url>
		<loc> https://geoconnex.us/cuahsi/his/czo_catalina/MGG_Met_NR </loc>
		<lastmod> 2022-11-10 14:32:01.387075 </lastmod>
	</url><url>
		<loc> https://geoconnex.us/cuahsi/his/czo_catalina/MGS_Met </loc>
		<lastmod> 2022-11-10 14:32:01.387088 </lastmod>
	</url><url>
		<loc> https://geoconnex.us/cuahsi/his/czo_catalina/MGS_Met_TRH </loc>
		<lastmod> 2022-11-10 14:32:01.387102 </lastmod>
	</url><url>
		<loc> https://geoconnex.us/cuahsi/his/czo_catalina/MGS_Met_NR </loc>
		<lastmod> 2022-11-10 14:32:01.387115 </lastmod>
	</url><url>
		<loc> https://geoconnex.us/cuahsi/his/czo_catalina/MtLemmon_Rain </loc>
		<lastmod> 2022-11-10 14:32:01.387129 </lastmod>
	</url><url>
		<loc> https://geoconnex.us/cuahsi/his/czo_catalina/MG_Weir_Rain </loc>
		<lastmod> 2022-11-10 14:32:01.387142 </lastmod>
	</url><url>
		<loc> https://geoconnex.us/cuahsi/his/czo_catalina/MG_Schist_Winter_Rain </loc>
		<lastmod> 2022-11-10 14:32:01.387156 </lastmod>
	</url><url>
		<loc> https://geoconnex.us/cuahsi/his/czo_catalina/MG_S_SEEP </loc>
		<lastmod> 2022-11-10 14:32:01.387170 </lastmod>
	</url></ns0:urlset>