<?xml version='1.0' encoding='utf-8'?>
<ns0:urlset xmlns:ns0="http://www.sitemaps.org/schemas/sitemap/0.9">
<url>
		<loc> https://geoconnex.us/cuahsi/his/Para_La_Naturaleza/Rio_Toro_Negro </loc>
		<lastmod> 2021-11-03 17:23:53.857812 </lastmod>
	</url><url>
		<loc> https://geoconnex.us/cuahsi/his/Para_La_Naturaleza/Quebrada_Batista </loc>
		<lastmod> 2021-11-03 17:23:53.857851 </lastmod>
	</url><url>
		<loc> https://geoconnex.us/cuahsi/his/Para_La_Naturaleza/Rio_Grande_de_Manati </loc>
		<lastmod> 2021-11-03 17:23:53.857876 </lastmod>
	</url></ns0:urlset>