<?xml version='1.0' encoding='utf-8'?>
<ns0:urlset xmlns:ns0="http://www.sitemaps.org/schemas/sitemap/0.9">
<url>
		<loc> https://geoconnex.us/cuahsi/his/LittleBearRiver/USU-LBR-Mendon </loc>
		<lastmod> 2022-04-13 13:46:51.875700 </lastmod>
	</url><url>
		<loc> https://geoconnex.us/cuahsi/his/LittleBearRiver/USU-LBR-Paradise </loc>
		<lastmod> 2022-04-13 13:46:51.875732 </lastmod>
	</url><url>
		<loc> https://geoconnex.us/cuahsi/his/LittleBearRiver/USU-LBR-ExpFarm </loc>
		<lastmod> 2022-04-13 13:46:51.875752 </lastmod>
	</url><url>
		<loc> https://geoconnex.us/cuahsi/his/LittleBearRiver/USU-LBR-SFLower </loc>
		<lastmod> 2022-04-13 13:46:51.875767 </lastmod>
	</url><url>
		<loc> https://geoconnex.us/cuahsi/his/LittleBearRiver/USU-LBR-EFLower </loc>
		<lastmod> 2022-04-13 13:46:51.875781 </lastmod>
	</url><url>
		<loc> https://geoconnex.us/cuahsi/his/LittleBearRiver/USU-LBR-EFWeather </loc>
		<lastmod> 2022-04-13 13:46:51.875795 </lastmod>
	</url><url>
		<loc> https://geoconnex.us/cuahsi/his/LittleBearRiver/USU-LBR-SFUpper </loc>
		<lastmod> 2022-04-13 13:46:51.875811 </lastmod>
	</url><url>
		<loc> https://geoconnex.us/cuahsi/his/LittleBearRiver/USU-LBR-ParadiseRepeater </loc>
		<lastmod> 2022-04-13 13:46:51.875825 </lastmod>
	</url><url>
		<loc> https://geoconnex.us/cuahsi/his/LittleBearRiver/USU-LBR-EFRepeater </loc>
		<lastmod> 2022-04-13 13:46:51.875840 </lastmod>
	</url><url>
		<loc> https://geoconnex.us/cuahsi/his/LittleBearRiver/USU-LBR-Wellsville </loc>
		<lastmod> 2022-04-13 13:46:51.875855 </lastmod>
	</url><url>
		<loc> https://geoconnex.us/cuahsi/his/LittleBearRiver/USU-LBR-Confluence </loc>
		<lastmod> 2022-04-13 13:46:51.875870 </lastmod>
	</url><url>
		<loc> https://geoconnex.us/cuahsi/his/LittleBearRiver/10105900 </loc>
		<lastmod> 2022-04-13 13:46:51.875884 </lastmod>
	</url><url>
		<loc> https://geoconnex.us/cuahsi/his/LittleBearRiver/USU-LBR-ParadiseWeather </loc>
		<lastmod> 2022-04-13 13:46:51.875898 </lastmod>
	</url><url>
		<loc> https://geoconnex.us/cuahsi/his/LittleBearRiver/USU-LBR-SFWeather </loc>
		<lastmod> 2022-04-13 13:46:51.875912 </lastmod>
	</url><url>
		<loc> https://geoconnex.us/cuahsi/his/LittleBearRiver/USU-LBR-WVBase </loc>
		<lastmod> 2022-04-13 13:46:51.875927 </lastmod>
	</url><url>
		<loc> https://geoconnex.us/cuahsi/his/LittleBearRiver/USU-LBR-MCBase </loc>
		<lastmod> 2022-04-13 13:46:51.875941 </lastmod>
	</url></ns0:urlset>