<?xml version='1.0' encoding='utf-8'?>
<ns0:urlset xmlns:ns0="http://www.sitemaps.org/schemas/sitemap/0.9">
<url>
		<loc> https://geoconnex.us/cuahsi/his/MAAERI/site1 </loc>
		<lastmod> 2023-06-07 18:19:14.627459 </lastmod>
	</url><url>
		<loc> https://geoconnex.us/cuahsi/his/MAAERI/site2 </loc>
		<lastmod> 2023-06-07 18:19:14.627492 </lastmod>
	</url><url>
		<loc> https://geoconnex.us/cuahsi/his/MAAERI/site3 </loc>
		<lastmod> 2023-06-07 18:19:14.627513 </lastmod>
	</url><url>
		<loc> https://geoconnex.us/cuahsi/his/MAAERI/site4 </loc>
		<lastmod> 2023-06-07 18:19:14.627530 </lastmod>
	</url><url>
		<loc> https://geoconnex.us/cuahsi/his/MAAERI/site5 </loc>
		<lastmod> 2023-06-07 18:19:14.627546 </lastmod>
	</url><url>
		<loc> https://geoconnex.us/cuahsi/his/MAAERI/site6 </loc>
		<lastmod> 2023-06-07 18:19:14.627562 </lastmod>
	</url><url>
		<loc> https://geoconnex.us/cuahsi/his/MAAERI/site7 </loc>
		<lastmod> 2023-06-07 18:19:14.627578 </lastmod>
	</url><url>
		<loc> https://geoconnex.us/cuahsi/his/MAAERI/site8 </loc>
		<lastmod> 2023-06-07 18:19:14.627594 </lastmod>
	</url><url>
		<loc> https://geoconnex.us/cuahsi/his/MAAERI/site9 </loc>
		<lastmod> 2023-06-07 18:19:14.627609 </lastmod>
	</url><url>
		<loc> https://geoconnex.us/cuahsi/his/MAAERI/site10 </loc>
		<lastmod> 2023-06-07 18:19:14.627625 </lastmod>
	</url><url>
		<loc> https://geoconnex.us/cuahsi/his/MAAERI/site11 </loc>
		<lastmod> 2023-06-07 18:19:14.627641 </lastmod>
	</url><url>
		<loc> https://geoconnex.us/cuahsi/his/MAAERI/site12 </loc>
		<lastmod> 2023-06-07 18:19:14.627656 </lastmod>
	</url><url>
		<loc> https://geoconnex.us/cuahsi/his/MAAERI/site16 </loc>
		<lastmod> 2023-06-07 18:19:14.627671 </lastmod>
	</url><url>
		<loc> https://geoconnex.us/cuahsi/his/MAAERI/site17 </loc>
		<lastmod> 2023-06-07 18:19:14.627686 </lastmod>
	</url><url>
		<loc> https://geoconnex.us/cuahsi/his/MAAERI/site18 </loc>
		<lastmod> 2023-06-07 18:19:14.627702 </lastmod>
	</url><url>
		<loc> https://geoconnex.us/cuahsi/his/MAAERI/site13 </loc>
		<lastmod> 2023-06-07 18:19:14.627717 </lastmod>
	</url><url>
		<loc> https://geoconnex.us/cuahsi/his/MAAERI/site14 </loc>
		<lastmod> 2023-06-07 18:19:14.627749 </lastmod>
	</url><url>
		<loc> https://geoconnex.us/cuahsi/his/MAAERI/site15 </loc>
		<lastmod> 2023-06-07 18:19:14.627768 </lastmod>
	</url><url>
		<loc> https://geoconnex.us/cuahsi/his/MAAERI/site25 </loc>
		<lastmod> 2023-06-07 18:19:14.627784 </lastmod>
	</url><url>
		<loc> https://geoconnex.us/cuahsi/his/MAAERI/site26 </loc>
		<lastmod> 2023-06-07 18:19:14.627799 </lastmod>
	</url><url>
		<loc> https://geoconnex.us/cuahsi/his/MAAERI/site27 </loc>
		<lastmod> 2023-06-07 18:19:14.627814 </lastmod>
	</url><url>
		<loc> https://geoconnex.us/cuahsi/his/MAAERI/site28 </loc>
		<lastmod> 2023-06-07 18:19:14.627829 </lastmod>
	</url><url>
		<loc> https://geoconnex.us/cuahsi/his/MAAERI/site30 </loc>
		<lastmod> 2023-06-07 18:19:14.627844 </lastmod>
	</url><url>
		<loc> https://geoconnex.us/cuahsi/his/MAAERI/site31 </loc>
		<lastmod> 2023-06-07 18:19:14.627860 </lastmod>
	</url><url>
		<loc> https://geoconnex.us/cuahsi/his/MAAERI/site32 </loc>
		<lastmod> 2023-06-07 18:19:14.627875 </lastmod>
	</url><url>
		<loc> https://geoconnex.us/cuahsi/his/MAAERI/site33 </loc>
		<lastmod> 2023-06-07 18:19:14.627890 </lastmod>
	</url><url>
		<loc> https://geoconnex.us/cuahsi/his/MAAERI/site34 </loc>
		<lastmod> 2023-06-07 18:19:14.627905 </lastmod>
	</url><url>
		<loc> https://geoconnex.us/cuahsi/his/MAAERI/site19 </loc>
		<lastmod> 2023-06-07 18:19:14.627920 </lastmod>
	</url><url>
		<loc> https://geoconnex.us/cuahsi/his/MAAERI/site20 </loc>
		<lastmod> 2023-06-07 18:19:14.627936 </lastmod>
	</url><url>
		<loc> https://geoconnex.us/cuahsi/his/MAAERI/site21 </loc>
		<lastmod> 2023-06-07 18:19:14.627951 </lastmod>
	</url><url>
		<loc> https://geoconnex.us/cuahsi/his/MAAERI/site22 </loc>
		<lastmod> 2023-06-07 18:19:14.627966 </lastmod>
	</url><url>
		<loc> https://geoconnex.us/cuahsi/his/MAAERI/site23 </loc>
		<lastmod> 2023-06-07 18:19:14.627981 </lastmod>
	</url><url>
		<loc> https://geoconnex.us/cuahsi/his/MAAERI/site24 </loc>
		<lastmod> 2023-06-07 18:19:14.627996 </lastmod>
	</url></ns0:urlset>