<?xml version='1.0' encoding='utf-8'?>
<ns0:urlset xmlns:ns0="http://www.sitemaps.org/schemas/sitemap/0.9">
<url>
		<loc> https://geoconnex.us/cuahsi/his/czo_ariz/Met1 </loc>
		<lastmod> 2022-04-07 17:01:51.888025 </lastmod>
	</url><url>
		<loc> https://geoconnex.us/cuahsi/his/czo_ariz/Tower_Vcm </loc>
		<lastmod> 2022-04-07 17:01:51.888061 </lastmod>
	</url><url>
		<loc> https://geoconnex.us/cuahsi/his/czo_ariz/Tower_Vcp </loc>
		<lastmod> 2022-04-07 17:01:51.888084 </lastmod>
	</url><url>
		<loc> https://geoconnex.us/cuahsi/his/czo_ariz/Met2 </loc>
		<lastmod> 2022-04-07 17:01:51.888103 </lastmod>
	</url><url>
		<loc> https://geoconnex.us/cuahsi/his/czo_ariz/Burn_Met_Up </loc>
		<lastmod> 2022-04-07 17:01:51.888121 </lastmod>
	</url><url>
		<loc> https://geoconnex.us/cuahsi/his/czo_ariz/Burn_Met_Low </loc>
		<lastmod> 2022-04-07 17:01:51.888139 </lastmod>
	</url><url>
		<loc> https://geoconnex.us/cuahsi/his/czo_ariz/FLUME_LJ </loc>
		<lastmod> 2022-04-07 17:01:51.888156 </lastmod>
	</url><url>
		<loc> https://geoconnex.us/cuahsi/his/czo_ariz/FLUME_LR </loc>
		<lastmod> 2022-04-07 17:01:51.888173 </lastmod>
	</url><url>
		<loc> https://geoconnex.us/cuahsi/his/czo_ariz/FLUME_LLJ </loc>
		<lastmod> 2022-04-07 17:01:51.888189 </lastmod>
	</url><url>
		<loc> https://geoconnex.us/cuahsi/his/czo_ariz/FLUME_HG </loc>
		<lastmod> 2022-04-07 17:01:51.888206 </lastmod>
	</url><url>
		<loc> https://geoconnex.us/cuahsi/his/czo_ariz/FLUME_RM </loc>
		<lastmod> 2022-04-07 17:01:51.888222 </lastmod>
	</url><url>
		<loc> https://geoconnex.us/cuahsi/his/czo_ariz/FLUME_UR </loc>
		<lastmod> 2022-04-07 17:01:51.888239 </lastmod>
	</url><url>
		<loc> https://geoconnex.us/cuahsi/his/czo_ariz/FLUME_UJ </loc>
		<lastmod> 2022-04-07 17:01:51.888255 </lastmod>
	</url><url>
		<loc> https://geoconnex.us/cuahsi/his/czo_ariz/FLUME_MCZOB </loc>
		<lastmod> 2022-04-07 17:01:51.888271 </lastmod>
	</url><url>
		<loc> https://geoconnex.us/cuahsi/his/czo_ariz/FLUME_ULJ </loc>
		<lastmod> 2022-04-07 17:01:51.888287 </lastmod>
	</url></ns0:urlset>