<ns0:urlset xmlns:ns0="http://www.sitemaps.org/schemas/sitemap/0.9">
<url>
		<loc> https://geoconnex.us/cuahsi/his/czo_merced/UpMetN </loc>
		<lastmod> 2021-11-02 23:37:08.002261 </lastmod>
	</url><url>
		<loc> https://geoconnex.us/cuahsi/his/czo_merced/UpMetN_cdde </loc>
		<lastmod> 2021-11-02 23:37:08.002291 </lastmod>
	</url><url>
		<loc> https://geoconnex.us/cuahsi/his/czo_merced/UpMetN_cduc </loc>
		<lastmod> 2021-11-02 23:37:08.002310 </lastmod>
	</url><url>
		<loc> https://geoconnex.us/cuahsi/his/czo_merced/UpMetN_acde </loc>
		<lastmod> 2021-11-02 23:37:08.002327 </lastmod>
	</url><url>
		<loc> https://geoconnex.us/cuahsi/his/czo_merced/UpMetN_acuc </loc>
		<lastmod> 2021-11-02 23:37:08.002342 </lastmod>
	</url><url>
		<loc> https://geoconnex.us/cuahsi/his/czo_merced/UpMetN_plde </loc>
		<lastmod> 2021-11-02 23:37:08.002356 </lastmod>
	</url><url>
		<loc> https://geoconnex.us/cuahsi/his/czo_merced/UpMetN_pluc </loc>
		<lastmod> 2021-11-02 23:37:08.002370 </lastmod>
	</url><url>
		<loc> https://geoconnex.us/cuahsi/his/czo_merced/UpMetN_open </loc>
		<lastmod> 2021-11-02 23:37:08.002383 </lastmod>
	</url><url>
		<loc> https://geoconnex.us/cuahsi/his/czo_merced/UpMetS </loc>
		<lastmod> 2021-11-02 23:37:08.002397 </lastmod>
	</url><url>
		<loc> https://geoconnex.us/cuahsi/his/czo_merced/UpMetS_qkde </loc>
		<lastmod> 2021-11-02 23:37:08.002411 </lastmod>
	</url><url>
		<loc> https://geoconnex.us/cuahsi/his/czo_merced/UpMetS_qkuc </loc>
		<lastmod> 2021-11-02 23:37:08.002425 </lastmod>
	</url><url>
		<loc> https://geoconnex.us/cuahsi/his/czo_merced/UpMetS_acde </loc>
		<lastmod> 2021-11-02 23:37:08.002439 </lastmod>
	</url><url>
		<loc> https://geoconnex.us/cuahsi/his/czo_merced/UpMetS_acuc </loc>
		<lastmod> 2021-11-02 23:37:08.002452 </lastmod>
	</url><url>
		<loc> https://geoconnex.us/cuahsi/his/czo_merced/UpMetS_open </loc>
		<lastmod> 2021-11-02 23:37:08.002466 </lastmod>
	</url><url>
		<loc> https://geoconnex.us/cuahsi/his/czo_merced/UpMetF </loc>
		<lastmod> 2021-11-02 23:37:08.002479 </lastmod>
	</url><url>
		<loc> https://geoconnex.us/cuahsi/his/czo_merced/UpMetF_ppde </loc>
		<lastmod> 2021-11-02 23:37:08.002493 </lastmod>
	</url><url>
		<loc> https://geoconnex.us/cuahsi/his/czo_merced/UpMetF_ppuc </loc>
		<lastmod> 2021-11-02 23:37:08.002506 </lastmod>
	</url><url>
		<loc> https://geoconnex.us/cuahsi/his/czo_merced/UpMetF_acde </loc>
		<lastmod> 2021-11-02 23:37:08.002520 </lastmod>
	</url><url>
		<loc> https://geoconnex.us/cuahsi/his/czo_merced/UpMetF_acuc </loc>
		<lastmod> 2021-11-02 23:37:08.002533 </lastmod>
	</url><url>
		<loc> https://geoconnex.us/cuahsi/his/czo_merced/UpMetF_open </loc>
		<lastmod> 2021-11-02 23:37:08.002547 </lastmod>
	</url><url>
		<loc> https://geoconnex.us/cuahsi/his/czo_merced/LowMetN </loc>
		<lastmod> 2021-11-02 23:37:08.002561 </lastmod>
	</url><url>
		<loc> https://geoconnex.us/cuahsi/his/czo_merced/LowMetN_cdde </loc>
		<lastmod> 2021-11-02 23:37:08.002575 </lastmod>
	</url><url>
		<loc> https://geoconnex.us/cuahsi/his/czo_merced/LowMetN_cduc </loc>
		<lastmod> 2021-11-02 23:37:08.002589 </lastmod>
	</url><url>
		<loc> https://geoconnex.us/cuahsi/his/czo_merced/LowMetN_acde </loc>
		<lastmod> 2021-11-02 23:37:08.002603 </lastmod>
	</url><url>
		<loc> https://geoconnex.us/cuahsi/his/czo_merced/LowMetN_acuc </loc>
		<lastmod> 2021-11-02 23:37:08.002617 </lastmod>
	</url><url>
		<loc> https://geoconnex.us/cuahsi/his/czo_merced/LowMetN_open </loc>
		<lastmod> 2021-11-02 23:37:08.002630 </lastmod>
	</url><url>
		<loc> https://geoconnex.us/cuahsi/his/czo_merced/LowMetS </loc>
		<lastmod> 2021-11-02 23:37:08.002644 </lastmod>
	</url><url>
		<loc> https://geoconnex.us/cuahsi/his/czo_merced/LowMetS_ppde </loc>
		<lastmod> 2021-11-02 23:37:08.002658 </lastmod>
	</url><url>
		<loc> https://geoconnex.us/cuahsi/his/czo_merced/LowMetS_ppuc </loc>
		<lastmod> 2021-11-02 23:37:08.002672 </lastmod>
	</url><url>
		<loc> https://geoconnex.us/cuahsi/his/czo_merced/LowMetS_cdde </loc>
		<lastmod> 2021-11-02 23:37:08.002685 </lastmod>
	</url><url>
		<loc> https://geoconnex.us/cuahsi/his/czo_merced/LowMetS_cduc </loc>
		<lastmod> 2021-11-02 23:37:08.002699 </lastmod>
	</url><url>
		<loc> https://geoconnex.us/cuahsi/his/czo_merced/LowMetS_open </loc>
		<lastmod> 2021-11-02 23:37:08.002712 </lastmod>
	</url><url>
		<loc> https://geoconnex.us/cuahsi/his/czo_merced/UppProv_Met </loc>
		<lastmod> 2021-11-02 23:37:08.002726 </lastmod>
	</url><url>
		<loc> https://geoconnex.us/cuahsi/his/czo_merced/LowProv_Met </loc>
		<lastmod> 2021-11-02 23:37:08.002739 </lastmod>
	</url><url>
		<loc> https://geoconnex.us/cuahsi/his/czo_merced/UppBull_Met </loc>
		<lastmod> 2021-11-02 23:37:08.002753 </lastmod>
	</url><url>
		<loc> https://geoconnex.us/cuahsi/his/czo_merced/LowBull_Met </loc>
		<lastmod> 2021-11-02 23:37:08.002766 </lastmod>
	</url><url>
		<loc> https://geoconnex.us/cuahsi/his/czo_merced/B203 </loc>
		<lastmod> 2021-11-02 23:37:08.002780 </lastmod>
	</url><url>
		<loc> https://geoconnex.us/cuahsi/his/czo_merced/B204 </loc>
		<lastmod> 2021-11-02 23:37:08.002793 </lastmod>
	</url><url>
		<loc> https://geoconnex.us/cuahsi/his/czo_merced/B200 </loc>
		<lastmod> 2021-11-02 23:37:08.002807 </lastmod>
	</url><url>
		<loc> https://geoconnex.us/cuahsi/his/czo_merced/B201 </loc>
		<lastmod> 2021-11-02 23:37:08.002820 </lastmod>
	</url><url>
		<loc> https://geoconnex.us/cuahsi/his/czo_merced/T003 </loc>
		<lastmod> 2021-11-02 23:37:08.002834 </lastmod>
	</url><url>
		<loc> https://geoconnex.us/cuahsi/his/czo_merced/P301 </loc>
		<lastmod> 2021-11-02 23:37:08.002847 </lastmod>
	</url><url>
		<loc> https://geoconnex.us/cuahsi/his/czo_merced/P303 </loc>
		<lastmod> 2021-11-02 23:37:08.002861 </lastmod>
	</url><url>
		<loc> https://geoconnex.us/cuahsi/his/czo_merced/P304 </loc>
		<lastmod> 2021-11-02 23:37:08.002874 </lastmod>
	</url><url>
		<loc> https://geoconnex.us/cuahsi/his/czo_merced/D102 </loc>
		<lastmod> 2021-11-02 23:37:08.002887 </lastmod>
	</url><url>
		<loc> https://geoconnex.us/cuahsi/his/czo_merced/P300 </loc>
		<lastmod> 2021-11-02 23:37:08.002901 </lastmod>
	</url><url>
		<loc> https://geoconnex.us/cuahsi/his/czo_merced/Mic-1 </loc>
		<lastmod> 2021-11-02 23:37:08.002915 </lastmod>
	</url><url>
		<loc> https://geoconnex.us/cuahsi/his/czo_merced/Mic-2 </loc>
		<lastmod> 2021-11-02 23:37:08.002929 </lastmod>
	</url><url>
		<loc> https://geoconnex.us/cuahsi/his/czo_merced/Mic-3 </loc>
		<lastmod> 2021-11-02 23:37:08.002942 </lastmod>
	</url><url>
		<loc> https://geoconnex.us/cuahsi/his/czo_merced/Mic-5 </loc>
		<lastmod> 2021-11-02 23:37:08.002956 </lastmod>
	</url><url>
		<loc> https://geoconnex.us/cuahsi/his/czo_merced/Mic-6 </loc>
		<lastmod> 2021-11-02 23:37:08.002969 </lastmod>
	</url><url>
		<loc> https://geoconnex.us/cuahsi/his/czo_merced/Mic-7 </loc>
		<lastmod> 2021-11-02 23:37:08.002983 </lastmod>
	</url><url>
		<loc> https://geoconnex.us/cuahsi/his/czo_merced/Mic-8 </loc>
		<lastmod> 2021-11-02 23:37:08.002996 </lastmod>
	</url><url>
		<loc> https://geoconnex.us/cuahsi/his/czo_merced/Mic-9 </loc>
		<lastmod> 2021-11-02 23:37:08.003010 </lastmod>
	</url><url>
		<loc> https://geoconnex.us/cuahsi/his/czo_merced/Mic-10 </loc>
		<lastmod> 2021-11-02 23:37:08.003023 </lastmod>
	</url><url>
		<loc> https://geoconnex.us/cuahsi/his/czo_merced/Mic-11 </loc>
		<lastmod> 2021-11-02 23:37:08.003037 </lastmod>
	</url><url>
		<loc> https://geoconnex.us/cuahsi/his/czo_merced/Mic-12 </loc>
		<lastmod> 2021-11-02 23:37:08.003050 </lastmod>
	</url><url>
		<loc> https://geoconnex.us/cuahsi/his/czo_merced/Mic-13 </loc>
		<lastmod> 2021-11-02 23:37:08.003064 </lastmod>
	</url><url>
		<loc> https://geoconnex.us/cuahsi/his/czo_merced/Mic-14 </loc>
		<lastmod> 2021-11-02 23:37:08.003077 </lastmod>
	</url><url>
		<loc> https://geoconnex.us/cuahsi/his/czo_merced/Mic-15 </loc>
		<lastmod> 2021-11-02 23:37:08.003091 </lastmod>
	</url><url>
		<loc> https://geoconnex.us/cuahsi/his/czo_merced/Mic-16 </loc>
		<lastmod> 2021-11-02 23:37:08.003104 </lastmod>
	</url><url>
		<loc> https://geoconnex.us/cuahsi/his/czo_merced/Mic-17 </loc>
		<lastmod> 2021-11-02 23:37:08.003118 </lastmod>
	</url><url>
		<loc> https://geoconnex.us/cuahsi/his/czo_merced/Mic-18 </loc>
		<lastmod> 2021-11-02 23:37:08.003131 </lastmod>
	</url><url>
		<loc> https://geoconnex.us/cuahsi/his/czo_merced/Mic-19 </loc>
		<lastmod> 2021-11-02 23:37:08.003145 </lastmod>
	</url><url>
		<loc> https://geoconnex.us/cuahsi/his/czo_merced/Mic-20 </loc>
		<lastmod> 2021-11-02 23:37:08.003158 </lastmod>
	</url><url>
		<loc> https://geoconnex.us/cuahsi/his/czo_merced/Mic-21 </loc>
		<lastmod> 2021-11-02 23:37:08.003171 </lastmod>
	</url><url>
		<loc> https://geoconnex.us/cuahsi/his/czo_merced/Mic-22 </loc>
		<lastmod> 2021-11-02 23:37:08.003185 </lastmod>
	</url><url>
		<loc> https://geoconnex.us/cuahsi/his/czo_merced/Mic-23 </loc>
		<lastmod> 2021-11-02 23:37:08.003217 </lastmod>
	</url><url>
		<loc> https://geoconnex.us/cuahsi/his/czo_merced/Mic-24 </loc>
		<lastmod> 2021-11-02 23:37:08.003232 </lastmod>
	</url><url>
		<loc> https://geoconnex.us/cuahsi/his/czo_merced/Mic-25 </loc>
		<lastmod> 2021-11-02 23:37:08.003246 </lastmod>
	</url><url>
		<loc> https://geoconnex.us/cuahsi/his/czo_merced/Mic-4 </loc>
		<lastmod> 2021-11-02 23:37:08.003260 </lastmod>
	</url><url>
		<loc> https://geoconnex.us/cuahsi/his/czo_merced/Gateway </loc>
		<lastmod> 2021-11-02 23:37:08.003274 </lastmod>
	</url><url>
		<loc> https://geoconnex.us/cuahsi/his/czo_merced/P301_CZO-1 </loc>
		<lastmod> 2021-11-02 23:37:08.003287 </lastmod>
	</url><url>
		<loc> https://geoconnex.us/cuahsi/his/czo_merced/P301_CZO-2 </loc>
		<lastmod> 2021-11-02 23:37:08.003302 </lastmod>
	</url><url>
		<loc> https://geoconnex.us/cuahsi/his/czo_merced/P301_CZO-3 </loc>
		<lastmod> 2021-11-02 23:37:08.003316 </lastmod>
	</url><url>
		<loc> https://geoconnex.us/cuahsi/his/czo_merced/P301_CZO-4 </loc>
		<lastmod> 2021-11-02 23:37:08.003330 </lastmod>
	</url><url>
		<loc> https://geoconnex.us/cuahsi/his/czo_merced/P301_CZO-5 </loc>
		<lastmod> 2021-11-02 23:37:08.003344 </lastmod>
	</url><url>
		<loc> https://geoconnex.us/cuahsi/his/czo_merced/P301_CZO-6 </loc>
		<lastmod> 2021-11-02 23:37:08.003358 </lastmod>
	</url><url>
		<loc> https://geoconnex.us/cuahsi/his/czo_merced/P301_CZO-7 </loc>
		<lastmod> 2021-11-02 23:37:08.003372 </lastmod>
	</url><url>
		<loc> https://geoconnex.us/cuahsi/his/czo_merced/P301_CZO-8 </loc>
		<lastmod> 2021-11-02 23:37:08.003385 </lastmod>
	</url><url>
		<loc> https://geoconnex.us/cuahsi/his/czo_merced/P301_CZO-9 </loc>
		<lastmod> 2021-11-02 23:37:08.003399 </lastmod>
	</url><url>
		<loc> https://geoconnex.us/cuahsi/his/czo_merced/P301_CZO-10 </loc>
		<lastmod> 2021-11-02 23:37:08.003413 </lastmod>
	</url><url>
		<loc> https://geoconnex.us/cuahsi/his/czo_merced/P301_CZO-26 </loc>
		<lastmod> 2021-11-02 23:37:08.003426 </lastmod>
	</url><url>
		<loc> https://geoconnex.us/cuahsi/his/czo_merced/P301_CZO-12 </loc>
		<lastmod> 2021-11-02 23:37:08.003440 </lastmod>
	</url><url>
		<loc> https://geoconnex.us/cuahsi/his/czo_merced/P301_CZO-29 </loc>
		<lastmod> 2021-11-02 23:37:08.003453 </lastmod>
	</url><url>
		<loc> https://geoconnex.us/cuahsi/his/czo_merced/P301_CZO-14 </loc>
		<lastmod> 2021-11-02 23:37:08.003467 </lastmod>
	</url><url>
		<loc> https://geoconnex.us/cuahsi/his/czo_merced/P301_CZO-30 </loc>
		<lastmod> 2021-11-02 23:37:08.003480 </lastmod>
	</url><url>
		<loc> https://geoconnex.us/cuahsi/his/czo_merced/P301_CZO-16 </loc>
		<lastmod> 2021-11-02 23:37:08.003494 </lastmod>
	</url><url>
		<loc> https://geoconnex.us/cuahsi/his/czo_merced/P301_CZO-17 </loc>
		<lastmod> 2021-11-02 23:37:08.003507 </lastmod>
	</url><url>
		<loc> https://geoconnex.us/cuahsi/his/czo_merced/P301_CZO-18 </loc>
		<lastmod> 2021-11-02 23:37:08.003521 </lastmod>
	</url><url>
		<loc> https://geoconnex.us/cuahsi/his/czo_merced/P301_CZO-19 </loc>
		<lastmod> 2021-11-02 23:37:08.003535 </lastmod>
	</url><url>
		<loc> https://geoconnex.us/cuahsi/his/czo_merced/P301_CZO-20 </loc>
		<lastmod> 2021-11-02 23:37:08.003548 </lastmod>
	</url><url>
		<loc> https://geoconnex.us/cuahsi/his/czo_merced/P301_CZO-21 </loc>
		<lastmod> 2021-11-02 23:37:08.003562 </lastmod>
	</url><url>
		<loc> https://geoconnex.us/cuahsi/his/czo_merced/P301_CZO-22 </loc>
		<lastmod> 2021-11-02 23:37:08.003575 </lastmod>
	</url><url>
		<loc> https://geoconnex.us/cuahsi/his/czo_merced/P301_CZO-25 </loc>
		<lastmod> 2021-11-02 23:37:08.003588 </lastmod>
	</url></ns0:urlset>