<?xml version='1.0' encoding='utf-8'?>
<ns0:urlset xmlns:ns0="http://www.sitemaps.org/schemas/sitemap/0.9">
<url>
		<loc> https://geoconnex.us/cuahsi/his/UMBCGW/DR5 </loc>
		<lastmod> 2023-05-11 14:48:17.592396 </lastmod>
	</url><url>
		<loc> https://geoconnex.us/cuahsi/his/UMBCGW/DR5.015m </loc>
		<lastmod> 2023-05-11 14:48:17.592431 </lastmod>
	</url><url>
		<loc> https://geoconnex.us/cuahsi/his/UMBCGW/DR5.108m </loc>
		<lastmod> 2023-05-11 14:48:17.592452 </lastmod>
	</url><url>
		<loc> https://geoconnex.us/cuahsi/his/UMBCGW/DR5.190m </loc>
		<lastmod> 2023-05-11 14:48:17.592469 </lastmod>
	</url><url>
		<loc> https://geoconnex.us/cuahsi/his/UMBCGW/DR5.231m </loc>
		<lastmod> 2023-05-11 14:48:17.592486 </lastmod>
	</url><url>
		<loc> https://geoconnex.us/cuahsi/his/UMBCGW/DR5.382m </loc>
		<lastmod> 2023-05-11 14:48:17.592502 </lastmod>
	</url><url>
		<loc> https://geoconnex.us/cuahsi/his/UMBCGW/DR5.514m </loc>
		<lastmod> 2023-05-11 14:48:17.592518 </lastmod>
	</url><url>
		<loc> https://geoconnex.us/cuahsi/his/UMBCGW/DR5.582m </loc>
		<lastmod> 2023-05-11 14:48:17.592534 </lastmod>
	</url><url>
		<loc> https://geoconnex.us/cuahsi/his/UMBCGW/DR5.786m </loc>
		<lastmod> 2023-05-11 14:48:17.592567 </lastmod>
	</url><url>
		<loc> https://geoconnex.us/cuahsi/his/UMBCGW/DR5.893m </loc>
		<lastmod> 2023-05-11 14:48:17.592585 </lastmod>
	</url><url>
		<loc> https://geoconnex.us/cuahsi/his/UMBCGW/DR5.902m </loc>
		<lastmod> 2023-05-11 14:48:17.592600 </lastmod>
	</url><url>
		<loc> https://geoconnex.us/cuahsi/his/UMBCGW/DR2 </loc>
		<lastmod> 2023-05-11 14:48:17.592616 </lastmod>
	</url><url>
		<loc> https://geoconnex.us/cuahsi/his/UMBCGW/DR3 </loc>
		<lastmod> 2023-05-11 14:48:17.592632 </lastmod>
	</url><url>
		<loc> https://geoconnex.us/cuahsi/his/UMBCGW/DR4 </loc>
		<lastmod> 2023-05-11 14:48:17.592647 </lastmod>
	</url><url>
		<loc> https://geoconnex.us/cuahsi/his/UMBCGW/DRKR </loc>
		<lastmod> 2023-05-11 14:48:17.592662 </lastmod>
	</url><url>
		<loc> https://geoconnex.us/cuahsi/his/UMBCGW/DR1 </loc>
		<lastmod> 2023-05-11 14:48:17.592677 </lastmod>
	</url></ns0:urlset>