<ns0:urlset xmlns:ns0="http://www.sitemaps.org/schemas/sitemap/0.9">
<url>
		<loc> https://geoconnex.us/cuahsi/his/ORSANCO_HAB/RCByrd </loc>
		<lastmod> 2021-11-01 19:26:53.144086 </lastmod>
	</url><url>
		<loc> https://geoconnex.us/cuahsi/his/ORSANCO_HAB/PikeIsland </loc>
		<lastmod> 2021-11-01 19:26:53.144127 </lastmod>
	</url><url>
		<loc> https://geoconnex.us/cuahsi/his/ORSANCO_HAB/Meldahl </loc>
		<lastmod> 2021-11-01 19:26:53.144153 </lastmod>
	</url><url>
		<loc> https://geoconnex.us/cuahsi/his/ORSANCO_HAB/Greenup </loc>
		<lastmod> 2021-11-01 19:26:53.144173 </lastmod>
	</url><url>
		<loc> https://geoconnex.us/cuahsi/his/ORSANCO_HAB/Sistersville </loc>
		<lastmod> 2021-11-01 19:26:53.144192 </lastmod>
	</url><url>
		<loc> https://geoconnex.us/cuahsi/his/ORSANCO_HAB/Parkersburg </loc>
		<lastmod> 2021-11-01 19:26:53.144210 </lastmod>
	</url><url>
		<loc> https://geoconnex.us/cuahsi/his/ORSANCO_HAB/Maysville </loc>
		<lastmod> 2021-11-01 19:26:53.144228 </lastmod>
	</url><url>
		<loc> https://geoconnex.us/cuahsi/his/ORSANCO_HAB/Cincinnati </loc>
		<lastmod> 2021-11-01 19:26:53.144246 </lastmod>
	</url><url>
		<loc> https://geoconnex.us/cuahsi/his/ORSANCO_HAB/Louisville </loc>
		<lastmod> 2021-11-01 19:26:53.144263 </lastmod>
	</url><url>
		<loc> https://geoconnex.us/cuahsi/his/ORSANCO_HAB/Henderson </loc>
		<lastmod> 2021-11-01 19:26:53.144281 </lastmod>
	</url></ns0:urlset>