<?xml version='1.0' encoding='utf-8'?>
<ns0:urlset xmlns:ns0="http://www.sitemaps.org/schemas/sitemap/0.9">
<url>
		<loc> https://geoconnex.us/cuahsi/his/LittleBearRiver/USU-LBR-Mendon </loc>
		<lastmod> 2022-02-28 19:27:55.468390 </lastmod>
	</url><url>
		<loc> https://geoconnex.us/cuahsi/his/LittleBearRiver/USU-LBR-Paradise </loc>
		<lastmod> 2022-02-28 19:27:55.468431 </lastmod>
	</url><url>
		<loc> https://geoconnex.us/cuahsi/his/LittleBearRiver/USU-LBR-ExpFarm </loc>
		<lastmod> 2022-02-28 19:27:55.468457 </lastmod>
	</url><url>
		<loc> https://geoconnex.us/cuahsi/his/LittleBearRiver/USU-LBR-SFLower </loc>
		<lastmod> 2022-02-28 19:27:55.468478 </lastmod>
	</url><url>
		<loc> https://geoconnex.us/cuahsi/his/LittleBearRiver/USU-LBR-EFLower </loc>
		<lastmod> 2022-02-28 19:27:55.468497 </lastmod>
	</url><url>
		<loc> https://geoconnex.us/cuahsi/his/LittleBearRiver/USU-LBR-EFWeather </loc>
		<lastmod> 2022-02-28 19:27:55.468515 </lastmod>
	</url><url>
		<loc> https://geoconnex.us/cuahsi/his/LittleBearRiver/USU-LBR-SFUpper </loc>
		<lastmod> 2022-02-28 19:27:55.468534 </lastmod>
	</url><url>
		<loc> https://geoconnex.us/cuahsi/his/LittleBearRiver/USU-LBR-ParadiseRepeater </loc>
		<lastmod> 2022-02-28 19:27:55.468552 </lastmod>
	</url><url>
		<loc> https://geoconnex.us/cuahsi/his/LittleBearRiver/USU-LBR-EFRepeater </loc>
		<lastmod> 2022-02-28 19:27:55.468569 </lastmod>
	</url><url>
		<loc> https://geoconnex.us/cuahsi/his/LittleBearRiver/USU-LBR-Wellsville </loc>
		<lastmod> 2022-02-28 19:27:55.468588 </lastmod>
	</url><url>
		<loc> https://geoconnex.us/cuahsi/his/LittleBearRiver/USU-LBR-Confluence </loc>
		<lastmod> 2022-02-28 19:27:55.468606 </lastmod>
	</url><url>
		<loc> https://geoconnex.us/cuahsi/his/LittleBearRiver/10105900 </loc>
		<lastmod> 2022-02-28 19:27:55.468624 </lastmod>
	</url><url>
		<loc> https://geoconnex.us/cuahsi/his/LittleBearRiver/USU-LBR-ParadiseWeather </loc>
		<lastmod> 2022-02-28 19:27:55.468641 </lastmod>
	</url><url>
		<loc> https://geoconnex.us/cuahsi/his/LittleBearRiver/USU-LBR-SFWeather </loc>
		<lastmod> 2022-02-28 19:27:55.468659 </lastmod>
	</url><url>
		<loc> https://geoconnex.us/cuahsi/his/LittleBearRiver/USU-LBR-WVBase </loc>
		<lastmod> 2022-02-28 19:27:55.468677 </lastmod>
	</url><url>
		<loc> https://geoconnex.us/cuahsi/his/LittleBearRiver/USU-LBR-MCBase </loc>
		<lastmod> 2022-02-28 19:27:55.468695 </lastmod>
	</url></ns0:urlset>