<?xml version='1.0' encoding='utf-8'?>
<ns0:urlset xmlns:ns0="http://www.sitemaps.org/schemas/sitemap/0.9">
<url>
		<loc> https://geoconnex.us/cuahsi/his/IEER_at_Wilkes_University/Apal </loc>
		<lastmod> 2022-04-13 13:45:14.854722 </lastmod>
	</url><url>
		<loc> https://geoconnex.us/cuahsi/his/IEER_at_Wilkes_University/BAKR0.1 </loc>
		<lastmod> 2022-04-13 13:45:14.854772 </lastmod>
	</url><url>
		<loc> https://geoconnex.us/cuahsi/his/IEER_at_Wilkes_University/Baldwin </loc>
		<lastmod> 2022-04-13 13:45:14.854801 </lastmod>
	</url><url>
		<loc> https://geoconnex.us/cuahsi/his/IEER_at_Wilkes_University/BLOC </loc>
		<lastmod> 2022-04-13 13:45:14.854823 </lastmod>
	</url><url>
		<loc> https://geoconnex.us/cuahsi/his/IEER_at_Wilkes_University/BOBS </loc>
		<lastmod> 2022-04-13 13:45:14.854843 </lastmod>
	</url><url>
		<loc> https://geoconnex.us/cuahsi/his/IEER_at_Wilkes_University/BOWN </loc>
		<lastmod> 2022-04-13 13:45:14.854863 </lastmod>
	</url><url>
		<loc> https://geoconnex.us/cuahsi/his/IEER_at_Wilkes_University/CANA </loc>
		<lastmod> 2022-04-13 13:45:14.854882 </lastmod>
	</url><url>
		<loc> https://geoconnex.us/cuahsi/his/IEER_at_Wilkes_University/Catatonk </loc>
		<lastmod> 2022-04-13 13:45:14.854902 </lastmod>
	</url><url>
		<loc> https://geoconnex.us/cuahsi/his/IEER_at_Wilkes_University/Cherry </loc>
		<lastmod> 2022-04-13 13:45:14.854921 </lastmod>
	</url><url>
		<loc> https://geoconnex.us/cuahsi/his/IEER_at_Wilkes_University/CHEST </loc>
		<lastmod> 2022-04-13 13:45:14.854941 </lastmod>
	</url><url>
		<loc> https://geoconnex.us/cuahsi/his/IEER_at_Wilkes_University/CHOC </loc>
		<lastmod> 2022-04-13 13:45:14.854960 </lastmod>
	</url><url>
		<loc> https://geoconnex.us/cuahsi/his/IEER_at_Wilkes_University/CROK </loc>
		<lastmod> 2022-04-13 13:45:14.854991 </lastmod>
	</url><url>
		<loc> https://geoconnex.us/cuahsi/his/IEER_at_Wilkes_University/Driftwood </loc>
		<lastmod> 2022-04-13 13:45:14.855021 </lastmod>
	</url><url>
		<loc> https://geoconnex.us/cuahsi/his/IEER_at_Wilkes_University/East_Fork </loc>
		<lastmod> 2022-04-13 13:45:14.855039 </lastmod>
	</url><url>
		<loc> https://geoconnex.us/cuahsi/his/IEER_at_Wilkes_University/EBFC </loc>
		<lastmod> 2022-04-13 13:45:14.855058 </lastmod>
	</url><url>
		<loc> https://geoconnex.us/cuahsi/his/IEER_at_Wilkes_University/ELKR </loc>
		<lastmod> 2022-04-13 13:45:14.855076 </lastmod>
	</url><url>
		<loc> https://geoconnex.us/cuahsi/his/IEER_at_Wilkes_University/Grays </loc>
		<lastmod> 2022-04-13 13:45:14.855094 </lastmod>
	</url><url>
		<loc> https://geoconnex.us/cuahsi/his/IEER_at_Wilkes_University/HAMM </loc>
		<lastmod> 2022-04-13 13:45:14.855113 </lastmod>
	</url><url>
		<loc> https://geoconnex.us/cuahsi/his/IEER_at_Wilkes_University/Hicks </loc>
		<lastmod> 2022-04-13 13:45:14.855132 </lastmod>
	</url><url>
		<loc> https://geoconnex.us/cuahsi/his/IEER_at_Wilkes_University/Hunts </loc>
		<lastmod> 2022-04-13 13:45:14.855150 </lastmod>
	</url><url>
		<loc> https://geoconnex.us/cuahsi/his/IEER_at_Wilkes_University/Kettle </loc>
		<lastmod> 2022-04-13 13:45:14.855168 </lastmod>
	</url><url>
		<loc> https://geoconnex.us/cuahsi/his/IEER_at_Wilkes_University/Kitchen </loc>
		<lastmod> 2022-04-13 13:45:14.855186 </lastmod>
	</url><url>
		<loc> https://geoconnex.us/cuahsi/his/IEER_at_Wilkes_University/LACK </loc>
		<lastmod> 2022-04-13 13:45:14.855205 </lastmod>
	</url><url>
		<loc> https://geoconnex.us/cuahsi/his/IEER_at_Wilkes_University/LARR </loc>
		<lastmod> 2022-04-13 13:45:14.855223 </lastmod>
	</url><url>
		<loc> https://geoconnex.us/cuahsi/his/IEER_at_Wilkes_University/LCLF0.1 </loc>
		<lastmod> 2022-04-13 13:45:14.855242 </lastmod>
	</url><url>
		<loc> https://geoconnex.us/cuahsi/his/IEER_at_Wilkes_University/LMEHOOP </loc>
		<lastmod> 2022-04-13 13:45:14.855260 </lastmod>
	</url><url>
		<loc> https://geoconnex.us/cuahsi/his/IEER_at_Wilkes_University/LMUN </loc>
		<lastmod> 2022-04-13 13:45:14.855279 </lastmod>
	</url><url>
		<loc> https://geoconnex.us/cuahsi/his/IEER_at_Wilkes_University/Long </loc>
		<lastmod> 2022-04-13 13:45:14.855310 </lastmod>
	</url><url>
		<loc> https://geoconnex.us/cuahsi/his/IEER_at_Wilkes_University/LPIN0.2 </loc>
		<lastmod> 2022-04-13 13:45:14.855339 </lastmod>
	</url><url>
		<loc> https://geoconnex.us/cuahsi/his/IEER_at_Wilkes_University/LYSK5.0 </loc>
		<lastmod> 2022-04-13 13:45:14.855369 </lastmod>
	</url><url>
		<loc> https://geoconnex.us/cuahsi/his/IEER_at_Wilkes_University/MARS </loc>
		<lastmod> 2022-04-13 13:45:14.855387 </lastmod>
	</url><url>
		<loc> https://geoconnex.us/cuahsi/his/IEER_at_Wilkes_University/Marsh_Tioga </loc>
		<lastmod> 2022-04-13 13:45:14.855446 </lastmod>
	</url><url>
		<loc> https://geoconnex.us/cuahsi/his/IEER_at_Wilkes_University/MESH </loc>
		<lastmod> 2022-04-13 13:45:14.855472 </lastmod>
	</url><url>
		<loc> https://geoconnex.us/cuahsi/his/IEER_at_Wilkes_University/Moose </loc>
		<lastmod> 2022-04-13 13:45:14.855491 </lastmod>
	</url><url>
		<loc> https://geoconnex.us/cuahsi/his/IEER_at_Wilkes_University/Nanticoke </loc>
		<lastmod> 2022-04-13 13:45:14.855509 </lastmod>
	</url><url>
		<loc> https://geoconnex.us/cuahsi/his/IEER_at_Wilkes_University/Ninemile </loc>
		<lastmod> 2022-04-13 13:45:14.855528 </lastmod>
	</url><url>
		<loc> https://geoconnex.us/cuahsi/his/IEER_at_Wilkes_University/Pine_Blackwell </loc>
		<lastmod> 2022-04-13 13:45:14.855548 </lastmod>
	</url><url>
		<loc> https://geoconnex.us/cuahsi/his/IEER_at_Wilkes_University/Portage </loc>
		<lastmod> 2022-04-13 13:45:14.855567 </lastmod>
	</url><url>
		<loc> https://geoconnex.us/cuahsi/his/IEER_at_Wilkes_University/Sangerfield </loc>
		<lastmod> 2022-04-13 13:45:14.855586 </lastmod>
	</url><url>
		<loc> https://geoconnex.us/cuahsi/his/IEER_at_Wilkes_University/SBTK </loc>
		<lastmod> 2022-04-13 13:45:14.855604 </lastmod>
	</url><url>
		<loc> https://geoconnex.us/cuahsi/his/IEER_at_Wilkes_University/SING_0.9 </loc>
		<lastmod> 2022-04-13 13:45:14.855628 </lastmod>
	</url><url>
		<loc> https://geoconnex.us/cuahsi/his/IEER_at_Wilkes_University/SNAK </loc>
		<lastmod> 2022-04-13 13:45:14.855646 </lastmod>
	</url><url>
		<loc> https://geoconnex.us/cuahsi/his/IEER_at_Wilkes_University/STAR </loc>
		<lastmod> 2022-04-13 13:45:14.855665 </lastmod>
	</url><url>
		<loc> https://geoconnex.us/cuahsi/his/IEER_at_Wilkes_University/Sugar_Run </loc>
		<lastmod> 2022-04-13 13:45:14.855683 </lastmod>
	</url><url>
		<loc> https://geoconnex.us/cuahsi/his/IEER_at_Wilkes_University/SUGR </loc>
		<lastmod> 2022-04-13 13:45:14.855702 </lastmod>
	</url><url>
		<loc> https://geoconnex.us/cuahsi/his/IEER_at_Wilkes_University/TIOG </loc>
		<lastmod> 2022-04-13 13:45:14.855720 </lastmod>
	</url><url>
		<loc> https://geoconnex.us/cuahsi/his/IEER_at_Wilkes_University/TOMJ </loc>
		<lastmod> 2022-04-13 13:45:14.855738 </lastmod>
	</url><url>
		<loc> https://geoconnex.us/cuahsi/his/IEER_at_Wilkes_University/TROT </loc>
		<lastmod> 2022-04-13 13:45:14.855757 </lastmod>
	</url><url>
		<loc> https://geoconnex.us/cuahsi/his/IEER_at_Wilkes_University/Trout_Brook </loc>
		<lastmod> 2022-04-13 13:45:14.855775 </lastmod>
	</url><url>
		<loc> https://geoconnex.us/cuahsi/his/IEER_at_Wilkes_University/Tuscarora </loc>
		<lastmod> 2022-04-13 13:45:14.855794 </lastmod>
	</url><url>
		<loc> https://geoconnex.us/cuahsi/his/IEER_at_Wilkes_University/Upper_Pine </loc>
		<lastmod> 2022-04-13 13:45:14.855812 </lastmod>
	</url><url>
		<loc> https://geoconnex.us/cuahsi/his/IEER_at_Wilkes_University/WAPP </loc>
		<lastmod> 2022-04-13 13:45:14.855830 </lastmod>
	</url><url>
		<loc> https://geoconnex.us/cuahsi/his/IEER_at_Wilkes_University/WB_SUS </loc>
		<lastmod> 2022-04-13 13:45:14.855849 </lastmod>
	</url><url>
		<loc> https://geoconnex.us/cuahsi/his/IEER_at_Wilkes_University/WEST2.0 </loc>
		<lastmod> 2022-04-13 13:45:14.855867 </lastmod>
	</url><url>
		<loc> https://geoconnex.us/cuahsi/his/IEER_at_Wilkes_University/WPIN </loc>
		<lastmod> 2022-04-13 13:45:14.855886 </lastmod>
	</url><url>
		<loc> https://geoconnex.us/cuahsi/his/IEER_at_Wilkes_University/YGWO4.5 </loc>
		<lastmod> 2022-04-13 13:45:14.855904 </lastmod>
	</url></ns0:urlset>