<?xml version='1.0' encoding='utf-8'?>
<ns0:urlset xmlns:ns0="http://www.sitemaps.org/schemas/sitemap/0.9">
<url>
		<loc> https://geoconnex.us/cuahsi/his/IEER_at_Wilkes_University/Apal </loc>
		<lastmod> 2023-06-24 02:33:52.979290 </lastmod>
	</url><url>
		<loc> https://geoconnex.us/cuahsi/his/IEER_at_Wilkes_University/BAKR0.1 </loc>
		<lastmod> 2023-06-24 02:33:52.979337 </lastmod>
	</url><url>
		<loc> https://geoconnex.us/cuahsi/his/IEER_at_Wilkes_University/Baldwin </loc>
		<lastmod> 2023-06-24 02:33:52.979370 </lastmod>
	</url><url>
		<loc> https://geoconnex.us/cuahsi/his/IEER_at_Wilkes_University/BLOC </loc>
		<lastmod> 2023-06-24 02:33:52.979412 </lastmod>
	</url><url>
		<loc> https://geoconnex.us/cuahsi/his/IEER_at_Wilkes_University/BOBS </loc>
		<lastmod> 2023-06-24 02:33:52.979434 </lastmod>
	</url><url>
		<loc> https://geoconnex.us/cuahsi/his/IEER_at_Wilkes_University/BOWN </loc>
		<lastmod> 2023-06-24 02:33:52.979456 </lastmod>
	</url><url>
		<loc> https://geoconnex.us/cuahsi/his/IEER_at_Wilkes_University/CANA </loc>
		<lastmod> 2023-06-24 02:33:52.979477 </lastmod>
	</url><url>
		<loc> https://geoconnex.us/cuahsi/his/IEER_at_Wilkes_University/Catatonk </loc>
		<lastmod> 2023-06-24 02:33:52.979498 </lastmod>
	</url><url>
		<loc> https://geoconnex.us/cuahsi/his/IEER_at_Wilkes_University/Cherry </loc>
		<lastmod> 2023-06-24 02:33:52.979519 </lastmod>
	</url><url>
		<loc> https://geoconnex.us/cuahsi/his/IEER_at_Wilkes_University/CHEST </loc>
		<lastmod> 2023-06-24 02:33:52.979541 </lastmod>
	</url><url>
		<loc> https://geoconnex.us/cuahsi/his/IEER_at_Wilkes_University/CHOC </loc>
		<lastmod> 2023-06-24 02:33:52.979562 </lastmod>
	</url><url>
		<loc> https://geoconnex.us/cuahsi/his/IEER_at_Wilkes_University/CROK </loc>
		<lastmod> 2023-06-24 02:33:52.979583 </lastmod>
	</url><url>
		<loc> https://geoconnex.us/cuahsi/his/IEER_at_Wilkes_University/Driftwood </loc>
		<lastmod> 2023-06-24 02:33:52.979603 </lastmod>
	</url><url>
		<loc> https://geoconnex.us/cuahsi/his/IEER_at_Wilkes_University/East_Fork </loc>
		<lastmod> 2023-06-24 02:33:52.979624 </lastmod>
	</url><url>
		<loc> https://geoconnex.us/cuahsi/his/IEER_at_Wilkes_University/EBFC </loc>
		<lastmod> 2023-06-24 02:33:52.979645 </lastmod>
	</url><url>
		<loc> https://geoconnex.us/cuahsi/his/IEER_at_Wilkes_University/ELKR </loc>
		<lastmod> 2023-06-24 02:33:52.979666 </lastmod>
	</url><url>
		<loc> https://geoconnex.us/cuahsi/his/IEER_at_Wilkes_University/Grays </loc>
		<lastmod> 2023-06-24 02:33:52.979686 </lastmod>
	</url><url>
		<loc> https://geoconnex.us/cuahsi/his/IEER_at_Wilkes_University/HAMM </loc>
		<lastmod> 2023-06-24 02:33:52.979707 </lastmod>
	</url><url>
		<loc> https://geoconnex.us/cuahsi/his/IEER_at_Wilkes_University/Hicks </loc>
		<lastmod> 2023-06-24 02:33:52.979732 </lastmod>
	</url><url>
		<loc> https://geoconnex.us/cuahsi/his/IEER_at_Wilkes_University/Hunts </loc>
		<lastmod> 2023-06-24 02:33:52.979753 </lastmod>
	</url><url>
		<loc> https://geoconnex.us/cuahsi/his/IEER_at_Wilkes_University/Kettle </loc>
		<lastmod> 2023-06-24 02:33:52.979774 </lastmod>
	</url><url>
		<loc> https://geoconnex.us/cuahsi/his/IEER_at_Wilkes_University/Kitchen </loc>
		<lastmod> 2023-06-24 02:33:52.979795 </lastmod>
	</url><url>
		<loc> https://geoconnex.us/cuahsi/his/IEER_at_Wilkes_University/LACK </loc>
		<lastmod> 2023-06-24 02:33:52.979832 </lastmod>
	</url><url>
		<loc> https://geoconnex.us/cuahsi/his/IEER_at_Wilkes_University/LARR </loc>
		<lastmod> 2023-06-24 02:33:52.979852 </lastmod>
	</url><url>
		<loc> https://geoconnex.us/cuahsi/his/IEER_at_Wilkes_University/LCLF0.1 </loc>
		<lastmod> 2023-06-24 02:33:52.979872 </lastmod>
	</url><url>
		<loc> https://geoconnex.us/cuahsi/his/IEER_at_Wilkes_University/LMEHOOP </loc>
		<lastmod> 2023-06-24 02:33:52.979892 </lastmod>
	</url><url>
		<loc> https://geoconnex.us/cuahsi/his/IEER_at_Wilkes_University/LMUN </loc>
		<lastmod> 2023-06-24 02:33:52.979912 </lastmod>
	</url><url>
		<loc> https://geoconnex.us/cuahsi/his/IEER_at_Wilkes_University/Long </loc>
		<lastmod> 2023-06-24 02:33:52.979933 </lastmod>
	</url><url>
		<loc> https://geoconnex.us/cuahsi/his/IEER_at_Wilkes_University/LPIN0.2 </loc>
		<lastmod> 2023-06-24 02:33:52.979953 </lastmod>
	</url><url>
		<loc> https://geoconnex.us/cuahsi/his/IEER_at_Wilkes_University/LYSK5.0 </loc>
		<lastmod> 2023-06-24 02:33:52.979973 </lastmod>
	</url><url>
		<loc> https://geoconnex.us/cuahsi/his/IEER_at_Wilkes_University/MARS </loc>
		<lastmod> 2023-06-24 02:33:52.979994 </lastmod>
	</url><url>
		<loc> https://geoconnex.us/cuahsi/his/IEER_at_Wilkes_University/Marsh_Tioga </loc>
		<lastmod> 2023-06-24 02:33:52.980014 </lastmod>
	</url><url>
		<loc> https://geoconnex.us/cuahsi/his/IEER_at_Wilkes_University/MESH </loc>
		<lastmod> 2023-06-24 02:33:52.980034 </lastmod>
	</url><url>
		<loc> https://geoconnex.us/cuahsi/his/IEER_at_Wilkes_University/Moose </loc>
		<lastmod> 2023-06-24 02:33:52.980054 </lastmod>
	</url><url>
		<loc> https://geoconnex.us/cuahsi/his/IEER_at_Wilkes_University/Nanticoke </loc>
		<lastmod> 2023-06-24 02:33:52.980078 </lastmod>
	</url><url>
		<loc> https://geoconnex.us/cuahsi/his/IEER_at_Wilkes_University/Ninemile </loc>
		<lastmod> 2023-06-24 02:33:52.980099 </lastmod>
	</url><url>
		<loc> https://geoconnex.us/cuahsi/his/IEER_at_Wilkes_University/Pine_Blackwell </loc>
		<lastmod> 2023-06-24 02:33:52.980119 </lastmod>
	</url><url>
		<loc> https://geoconnex.us/cuahsi/his/IEER_at_Wilkes_University/Portage </loc>
		<lastmod> 2023-06-24 02:33:52.980140 </lastmod>
	</url><url>
		<loc> https://geoconnex.us/cuahsi/his/IEER_at_Wilkes_University/Sangerfield </loc>
		<lastmod> 2023-06-24 02:33:52.980161 </lastmod>
	</url><url>
		<loc> https://geoconnex.us/cuahsi/his/IEER_at_Wilkes_University/SBTK </loc>
		<lastmod> 2023-06-24 02:33:52.980203 </lastmod>
	</url><url>
		<loc> https://geoconnex.us/cuahsi/his/IEER_at_Wilkes_University/SING_0.9 </loc>
		<lastmod> 2023-06-24 02:33:52.980223 </lastmod>
	</url><url>
		<loc> https://geoconnex.us/cuahsi/his/IEER_at_Wilkes_University/SNAK </loc>
		<lastmod> 2023-06-24 02:33:52.980259 </lastmod>
	</url><url>
		<loc> https://geoconnex.us/cuahsi/his/IEER_at_Wilkes_University/STAR </loc>
		<lastmod> 2023-06-24 02:33:52.980279 </lastmod>
	</url><url>
		<loc> https://geoconnex.us/cuahsi/his/IEER_at_Wilkes_University/Sugar_Run </loc>
		<lastmod> 2023-06-24 02:33:52.980299 </lastmod>
	</url><url>
		<loc> https://geoconnex.us/cuahsi/his/IEER_at_Wilkes_University/SUGR </loc>
		<lastmod> 2023-06-24 02:33:52.980320 </lastmod>
	</url><url>
		<loc> https://geoconnex.us/cuahsi/his/IEER_at_Wilkes_University/TIOG </loc>
		<lastmod> 2023-06-24 02:33:52.980339 </lastmod>
	</url><url>
		<loc> https://geoconnex.us/cuahsi/his/IEER_at_Wilkes_University/TOMJ </loc>
		<lastmod> 2023-06-24 02:33:52.980360 </lastmod>
	</url><url>
		<loc> https://geoconnex.us/cuahsi/his/IEER_at_Wilkes_University/TROT </loc>
		<lastmod> 2023-06-24 02:33:52.980381 </lastmod>
	</url><url>
		<loc> https://geoconnex.us/cuahsi/his/IEER_at_Wilkes_University/Trout_Brook </loc>
		<lastmod> 2023-06-24 02:33:52.980402 </lastmod>
	</url><url>
		<loc> https://geoconnex.us/cuahsi/his/IEER_at_Wilkes_University/Tuscarora </loc>
		<lastmod> 2023-06-24 02:33:52.980422 </lastmod>
	</url><url>
		<loc> https://geoconnex.us/cuahsi/his/IEER_at_Wilkes_University/Upper_Pine </loc>
		<lastmod> 2023-06-24 02:33:52.980443 </lastmod>
	</url><url>
		<loc> https://geoconnex.us/cuahsi/his/IEER_at_Wilkes_University/WAPP </loc>
		<lastmod> 2023-06-24 02:33:52.980463 </lastmod>
	</url><url>
		<loc> https://geoconnex.us/cuahsi/his/IEER_at_Wilkes_University/WB_SUS </loc>
		<lastmod> 2023-06-24 02:33:52.980484 </lastmod>
	</url><url>
		<loc> https://geoconnex.us/cuahsi/his/IEER_at_Wilkes_University/WEST2.0 </loc>
		<lastmod> 2023-06-24 02:33:52.980504 </lastmod>
	</url><url>
		<loc> https://geoconnex.us/cuahsi/his/IEER_at_Wilkes_University/WPIN </loc>
		<lastmod> 2023-06-24 02:33:52.980524 </lastmod>
	</url><url>
		<loc> https://geoconnex.us/cuahsi/his/IEER_at_Wilkes_University/YGWO4.5 </loc>
		<lastmod> 2023-06-24 02:33:52.980544 </lastmod>
	</url></ns0:urlset>