<?xml version='1.0' encoding='utf-8'?>
<ns0:urlset xmlns:ns0="http://www.sitemaps.org/schemas/sitemap/0.9">
<url>
		<loc> https://geoconnex.us/cuahsi/his/Nooksack_Microclimate_Network/NFN1 </loc>
		<lastmod> 2022-05-19 19:55:32.800148 </lastmod>
	</url><url>
		<loc> https://geoconnex.us/cuahsi/his/Nooksack_Microclimate_Network/NFN3 </loc>
		<lastmod> 2022-05-19 19:55:32.800184 </lastmod>
	</url><url>
		<loc> https://geoconnex.us/cuahsi/his/Nooksack_Microclimate_Network/NFN4 </loc>
		<lastmod> 2022-05-19 19:55:32.800206 </lastmod>
	</url><url>
		<loc> https://geoconnex.us/cuahsi/his/Nooksack_Microclimate_Network/NFN5 </loc>
		<lastmod> 2022-05-19 19:55:32.800225 </lastmod>
	</url><url>
		<loc> https://geoconnex.us/cuahsi/his/Nooksack_Microclimate_Network/NFN6 </loc>
		<lastmod> 2022-05-19 19:55:32.800242 </lastmod>
	</url><url>
		<loc> https://geoconnex.us/cuahsi/his/Nooksack_Microclimate_Network/NFN7 </loc>
		<lastmod> 2022-05-19 19:55:32.800259 </lastmod>
	</url></ns0:urlset>