<?xml version='1.0' encoding='utf-8'?>
<ns0:urlset xmlns:ns0="http://www.sitemaps.org/schemas/sitemap/0.9">
<url>
		<loc> https://geoconnex.us/cuahsi/his/UBWPAD/DEPOT </loc>
		<lastmod> 2023-06-07 14:29:06.117484 </lastmod>
	</url><url>
		<loc> https://geoconnex.us/cuahsi/his/UBWPAD/R116 </loc>
		<lastmod> 2023-06-07 14:29:06.117518 </lastmod>
	</url><url>
		<loc> https://geoconnex.us/cuahsi/his/UBWPAD/RMSD </loc>
		<lastmod> 2023-06-07 14:29:06.117536 </lastmod>
	</url><url>
		<loc> https://geoconnex.us/cuahsi/his/UBWPAD/RMSL </loc>
		<lastmod> 2023-06-07 14:29:06.117552 </lastmod>
	</url><url>
		<loc> https://geoconnex.us/cuahsi/his/UBWPAD/UBWPAD </loc>
		<lastmod> 2023-06-07 14:29:06.117568 </lastmod>
	</url><url>
		<loc> https://geoconnex.us/cuahsi/his/UBWPAD/UBWPAD2 </loc>
		<lastmod> 2023-06-07 14:29:06.117586 </lastmod>
	</url><url>
		<loc> https://geoconnex.us/cuahsi/his/UBWPAD/UPSTRM1 </loc>
		<lastmod> 2023-06-07 14:29:06.117602 </lastmod>
	</url><url>
		<loc> https://geoconnex.us/cuahsi/his/UBWPAD/W0505 </loc>
		<lastmod> 2023-06-07 14:29:06.117618 </lastmod>
	</url><url>
		<loc> https://geoconnex.us/cuahsi/his/UBWPAD/W0680 </loc>
		<lastmod> 2023-06-07 14:29:06.117635 </lastmod>
	</url><url>
		<loc> https://geoconnex.us/cuahsi/his/UBWPAD/W0767 </loc>
		<lastmod> 2023-06-07 14:29:06.117650 </lastmod>
	</url><url>
		<loc> https://geoconnex.us/cuahsi/his/UBWPAD/W1017 </loc>
		<lastmod> 2023-06-07 14:29:06.117666 </lastmod>
	</url><url>
		<loc> https://geoconnex.us/cuahsi/his/UBWPAD/W1023 </loc>
		<lastmod> 2023-06-07 14:29:06.117681 </lastmod>
	</url><url>
		<loc> https://geoconnex.us/cuahsi/his/UBWPAD/W1242 </loc>
		<lastmod> 2023-06-07 14:29:06.117696 </lastmod>
	</url><url>
		<loc> https://geoconnex.us/cuahsi/his/UBWPAD/W1243 </loc>
		<lastmod> 2023-06-07 14:29:06.117711 </lastmod>
	</url><url>
		<loc> https://geoconnex.us/cuahsi/his/UBWPAD/W1258 </loc>
		<lastmod> 2023-06-07 14:29:06.117726 </lastmod>
	</url><url>
		<loc> https://geoconnex.us/cuahsi/his/UBWPAD/W1763 </loc>
		<lastmod> 2023-06-07 14:29:06.117741 </lastmod>
	</url><url>
		<loc> https://geoconnex.us/cuahsi/his/UBWPAD/W1764 </loc>
		<lastmod> 2023-06-07 14:29:06.117756 </lastmod>
	</url><url>
		<loc> https://geoconnex.us/cuahsi/his/UBWPAD/W1764A </loc>
		<lastmod> 2023-06-07 14:29:06.117772 </lastmod>
	</url><url>
		<loc> https://geoconnex.us/cuahsi/his/UBWPAD/W1764B </loc>
		<lastmod> 2023-06-07 14:29:06.117788 </lastmod>
	</url><url>
		<loc> https://geoconnex.us/cuahsi/his/UBWPAD/W1765 </loc>
		<lastmod> 2023-06-07 14:29:06.117803 </lastmod>
	</url><url>
		<loc> https://geoconnex.us/cuahsi/his/UBWPAD/W1779 </loc>
		<lastmod> 2023-06-07 14:29:06.117818 </lastmod>
	</url></ns0:urlset>