<?xml version='1.0' encoding='utf-8'?>
<ns0:urlset xmlns:ns0="http://www.sitemaps.org/schemas/sitemap/0.9">
<url>
		<loc> https://geoconnex.us/cuahsi/his/Logan_River_GAMUT/LR_WaterLab_AA </loc>
		<lastmod> 2023-06-07 14:29:12.388927 </lastmod>
	</url><url>
		<loc> https://geoconnex.us/cuahsi/his/Logan_River_GAMUT/LR_Mendon_AA </loc>
		<lastmod> 2023-06-07 14:29:12.388960 </lastmod>
	</url><url>
		<loc> https://geoconnex.us/cuahsi/his/Logan_River_GAMUT/LR_MainStreet_BA </loc>
		<lastmod> 2023-06-07 14:29:12.388980 </lastmod>
	</url><url>
		<loc> https://geoconnex.us/cuahsi/his/Logan_River_GAMUT/LR_TWDEF_C </loc>
		<lastmod> 2023-06-07 14:29:12.388998 </lastmod>
	</url><url>
		<loc> https://geoconnex.us/cuahsi/his/Logan_River_GAMUT/LR_GC_C </loc>
		<lastmod> 2023-06-07 14:29:12.389013 </lastmod>
	</url><url>
		<loc> https://geoconnex.us/cuahsi/his/Logan_River_GAMUT/LR_Wilkins_R </loc>
		<lastmod> 2023-06-07 14:29:12.389029 </lastmod>
	</url><url>
		<loc> https://geoconnex.us/cuahsi/his/Logan_River_GAMUT/LR_TG_C </loc>
		<lastmod> 2023-06-07 14:29:12.389045 </lastmod>
	</url><url>
		<loc> https://geoconnex.us/cuahsi/his/Logan_River_GAMUT/LR_FB_C </loc>
		<lastmod> 2023-06-07 14:29:12.389060 </lastmod>
	</url><url>
		<loc> https://geoconnex.us/cuahsi/his/Logan_River_GAMUT/LR_TG_BA </loc>
		<lastmod> 2023-06-07 14:29:12.389075 </lastmod>
	</url><url>
		<loc> https://geoconnex.us/cuahsi/his/Logan_River_GAMUT/LR_FB_BA </loc>
		<lastmod> 2023-06-07 14:29:12.389090 </lastmod>
	</url><url>
		<loc> https://geoconnex.us/cuahsi/his/Logan_River_GAMUT/LR_RH_SD </loc>
		<lastmod> 2023-06-07 14:29:12.389105 </lastmod>
	</url><url>
		<loc> https://geoconnex.us/cuahsi/his/Logan_River_GAMUT/LR_SC_SD </loc>
		<lastmod> 2023-06-07 14:29:12.389120 </lastmod>
	</url><url>
		<loc> https://geoconnex.us/cuahsi/his/Logan_River_GAMUT/BSF_CONF_BA </loc>
		<lastmod> 2023-06-07 14:29:12.389135 </lastmod>
	</url><url>
		<loc> https://geoconnex.us/cuahsi/his/Logan_River_GAMUT/NWF_1600N_CNL </loc>
		<lastmod> 2023-06-07 14:29:12.389150 </lastmod>
	</url><url>
		<loc> https://geoconnex.us/cuahsi/his/Logan_River_GAMUT/SLB_Pump_CNL </loc>
		<lastmod> 2023-06-07 14:29:12.389165 </lastmod>
	</url><url>
		<loc> https://geoconnex.us/cuahsi/his/Logan_River_GAMUT/SC_CONF_A </loc>
		<lastmod> 2023-06-07 14:29:12.389180 </lastmod>
	</url><url>
		<loc> https://geoconnex.us/cuahsi/his/Logan_River_GAMUT/LR_WCB_A </loc>
		<lastmod> 2023-06-07 14:29:12.389195 </lastmod>
	</url><url>
		<loc> https://geoconnex.us/cuahsi/his/Logan_River_GAMUT/LR_GCB_A </loc>
		<lastmod> 2023-06-07 14:29:12.389209 </lastmod>
	</url></ns0:urlset>