<?xml version='1.0' encoding='utf-8'?>
<ns0:urlset xmlns:ns0="http://www.sitemaps.org/schemas/sitemap/0.9">
<url>
		<loc> https://geoconnex.us/cuahsi/his/DRWI/MiSTuC2452345 </loc>
		<lastmod> 2022-06-15 17:22:37.696496 </lastmod>
	</url><url>
		<loc> https://geoconnex.us/cuahsi/his/DRWI/ScHSBF1765563 </loc>
		<lastmod> 2022-06-15 17:22:37.696532 </lastmod>
	</url><url>
		<loc> https://geoconnex.us/cuahsi/his/DRWI/PaKRaC3426a441 </loc>
		<lastmod> 2022-06-15 17:22:37.696553 </lastmod>
	</url><url>
		<loc> https://geoconnex.us/cuahsi/his/DRWI/BaCBuR11362231 </loc>
		<lastmod> 2022-06-15 17:22:37.696570 </lastmod>
	</url><url>
		<loc> https://geoconnex.us/cuahsi/his/DRWI/USPCoC10483250 </loc>
		<lastmod> 2022-06-15 17:22:37.696584 </lastmod>
	</url><url>
		<loc> https://geoconnex.us/cuahsi/his/DRWI/PaKBrC3158623 </loc>
		<lastmod> 2022-06-15 17:22:37.696599 </lastmod>
	</url><url>
		<loc> https://geoconnex.us/cuahsi/his/DRWI/USPPoC12949861 </loc>
		<lastmod> 2022-06-15 17:22:37.696613 </lastmod>
	</url><url>
		<loc> https://geoconnex.us/cuahsi/his/DRWI/PaKFlB3278860 </loc>
		<lastmod> 2022-06-15 17:22:37.696627 </lastmod>
	</url><url>
		<loc> https://geoconnex.us/cuahsi/his/DRWI/PaKLBK316077 </loc>
		<lastmod> 2022-06-15 17:22:37.696641 </lastmod>
	</url><url>
		<loc> https://geoconnex.us/cuahsi/his/DRWI/MiSPeC19231620 </loc>
		<lastmod> 2022-06-15 17:22:37.696655 </lastmod>
	</url><url>
		<loc> https://geoconnex.us/cuahsi/his/DRWI/PaKBaK37972393 </loc>
		<lastmod> 2022-06-15 17:22:37.696669 </lastmod>
	</url><url>
		<loc> https://geoconnex.us/cuahsi/his/DRWI/ScHFrC1765208 </loc>
		<lastmod> 2022-06-15 17:22:37.696683 </lastmod>
	</url><url>
		<loc> https://geoconnex.us/cuahsi/his/DRWI/NJHMuR26033731 </loc>
		<lastmod> 2022-06-15 17:22:37.696696 </lastmod>
	</url><url>
		<loc> https://geoconnex.us/cuahsi/his/DRWI/ScHPiC15871111 </loc>
		<lastmod> 2022-06-15 17:22:37.696709 </lastmod>
	</url><url>
		<loc> https://geoconnex.us/cuahsi/his/DRWI/MiSRVC1796739 </loc>
		<lastmod> 2022-06-15 17:22:37.696722 </lastmod>
	</url><url>
		<loc> https://geoconnex.us/cuahsi/his/DRWI/MiSSwC1731199 </loc>
		<lastmod> 2022-06-15 17:22:37.696735 </lastmod>
	</url><url>
		<loc> https://geoconnex.us/cuahsi/his/DRWI/UpLToC40800 </loc>
		<lastmod> 2022-06-15 17:22:37.696749 </lastmod>
	</url><url>
		<loc> https://geoconnex.us/cuahsi/his/DRWI/NJHMuR27784578 </loc>
		<lastmod> 2022-06-15 17:22:37.696762 </lastmod>
	</url><url>
		<loc> https://geoconnex.us/cuahsi/his/DRWI/MiSMaC2512138 </loc>
		<lastmod> 2022-06-15 17:22:37.696775 </lastmod>
	</url><url>
		<loc> https://geoconnex.us/cuahsi/his/DRWI/USPBuP12462996 </loc>
		<lastmod> 2022-06-15 17:22:37.696788 </lastmod>
	</url><url>
		<loc> https://geoconnex.us/cuahsi/his/DRWI/BaCWBB13831772 </loc>
		<lastmod> 2022-06-15 17:22:37.696801 </lastmod>
	</url><url>
		<loc> https://geoconnex.us/cuahsi/his/DRWI/MiSMaC1850792 </loc>
		<lastmod> 2022-06-15 17:22:37.696814 </lastmod>
	</url><url>
		<loc> https://geoconnex.us/cuahsi/his/DRWI/NJHPaK303554 </loc>
		<lastmod> 2022-06-15 17:22:37.696827 </lastmod>
	</url><url>
		<loc> https://geoconnex.us/cuahsi/his/DRWI/BaCEBW11271815 </loc>
		<lastmod> 2022-06-15 17:22:37.696840 </lastmod>
	</url><url>
		<loc> https://geoconnex.us/cuahsi/his/DRWI/ScHFrC15952118 </loc>
		<lastmod> 2022-06-15 17:22:37.696853 </lastmod>
	</url><url>
		<loc> https://geoconnex.us/cuahsi/his/DRWI/ScHHaC2019787 </loc>
		<lastmod> 2022-06-15 17:22:37.696866 </lastmod>
	</url><url>
		<loc> https://geoconnex.us/cuahsi/his/DRWI/NJHUnT33191904 </loc>
		<lastmod> 2022-06-15 17:22:37.696879 </lastmod>
	</url><url>
		<loc> https://geoconnex.us/cuahsi/his/DRWI/BaCEBB1187533 </loc>
		<lastmod> 2022-06-15 17:22:37.696892 </lastmod>
	</url><url>
		<loc> https://geoconnex.us/cuahsi/his/DRWI/PaKTeR4088184 </loc>
		<lastmod> 2022-06-15 17:22:37.696905 </lastmod>
	</url><url>
		<loc> https://geoconnex.us/cuahsi/his/DRWI/PaKMaC41101476 </loc>
		<lastmod> 2022-06-15 17:22:37.696918 </lastmod>
	</url><url>
		<loc> https://geoconnex.us/cuahsi/his/DRWI/USPPeC1411531 </loc>
		<lastmod> 2022-06-15 17:22:37.696931 </lastmod>
	</url><url>
		<loc> https://geoconnex.us/cuahsi/his/DRWI/UpLBlC355293 </loc>
		<lastmod> 2022-06-15 17:22:37.696945 </lastmod>
	</url><url>
		<loc> https://geoconnex.us/cuahsi/his/DRWI/UpLSiC3975a370 </loc>
		<lastmod> 2022-06-15 17:22:37.696958 </lastmod>
	</url><url>
		<loc> https://geoconnex.us/cuahsi/his/DRWI/NJHPeR2804579 </loc>
		<lastmod> 2022-06-15 17:22:37.696972 </lastmod>
	</url><url>
		<loc> https://geoconnex.us/cuahsi/his/DRWI/UpLBeC3746312 </loc>
		<lastmod> 2022-06-15 17:22:37.696985 </lastmod>
	</url></ns0:urlset>