<ns0:urlset xmlns:ns0="http://www.sitemaps.org/schemas/sitemap/0.9">
<url>
		<loc> https://geoconnex.us/cuahsi/his/DRWI/MiSTuC2452345 </loc>
		<lastmod> 2021-11-03 14:03:54.619679 </lastmod>
	</url><url>
		<loc> https://geoconnex.us/cuahsi/his/DRWI/ScHSBF1765563 </loc>
		<lastmod> 2021-11-03 14:03:54.619722 </lastmod>
	</url><url>
		<loc> https://geoconnex.us/cuahsi/his/DRWI/PaKRaC3426a441 </loc>
		<lastmod> 2021-11-03 14:03:54.619749 </lastmod>
	</url><url>
		<loc> https://geoconnex.us/cuahsi/his/DRWI/BaCBuR11362231 </loc>
		<lastmod> 2021-11-03 14:03:54.619772 </lastmod>
	</url><url>
		<loc> https://geoconnex.us/cuahsi/his/DRWI/USPCoC10483250 </loc>
		<lastmod> 2021-11-03 14:03:54.619792 </lastmod>
	</url><url>
		<loc> https://geoconnex.us/cuahsi/his/DRWI/PaKBrC3158623 </loc>
		<lastmod> 2021-11-03 14:03:54.619811 </lastmod>
	</url><url>
		<loc> https://geoconnex.us/cuahsi/his/DRWI/USPPoC12949861 </loc>
		<lastmod> 2021-11-03 14:03:54.619839 </lastmod>
	</url><url>
		<loc> https://geoconnex.us/cuahsi/his/DRWI/PaKFlB3278860 </loc>
		<lastmod> 2021-11-03 14:03:54.619860 </lastmod>
	</url><url>
		<loc> https://geoconnex.us/cuahsi/his/DRWI/PaKLBK316077 </loc>
		<lastmod> 2021-11-03 14:03:54.619879 </lastmod>
	</url><url>
		<loc> https://geoconnex.us/cuahsi/his/DRWI/MiSPeC19231620 </loc>
		<lastmod> 2021-11-03 14:03:54.619899 </lastmod>
	</url><url>
		<loc> https://geoconnex.us/cuahsi/his/DRWI/PaKBaK37972393 </loc>
		<lastmod> 2021-11-03 14:03:54.619918 </lastmod>
	</url><url>
		<loc> https://geoconnex.us/cuahsi/his/DRWI/ScHFrC1765208 </loc>
		<lastmod> 2021-11-03 14:03:54.619936 </lastmod>
	</url><url>
		<loc> https://geoconnex.us/cuahsi/his/DRWI/NJHMuR26033731 </loc>
		<lastmod> 2021-11-03 14:03:54.619955 </lastmod>
	</url><url>
		<loc> https://geoconnex.us/cuahsi/his/DRWI/ScHPiC15871111 </loc>
		<lastmod> 2021-11-03 14:03:54.619973 </lastmod>
	</url><url>
		<loc> https://geoconnex.us/cuahsi/his/DRWI/MiSRVC1796739 </loc>
		<lastmod> 2021-11-03 14:03:54.619992 </lastmod>
	</url><url>
		<loc> https://geoconnex.us/cuahsi/his/DRWI/MiSSwC1731199 </loc>
		<lastmod> 2021-11-03 14:03:54.620010 </lastmod>
	</url><url>
		<loc> https://geoconnex.us/cuahsi/his/DRWI/UpLToC40800 </loc>
		<lastmod> 2021-11-03 14:03:54.620029 </lastmod>
	</url><url>
		<loc> https://geoconnex.us/cuahsi/his/DRWI/NJHMuR27784578 </loc>
		<lastmod> 2021-11-03 14:03:54.620048 </lastmod>
	</url><url>
		<loc> https://geoconnex.us/cuahsi/his/DRWI/MiSMaC2512138 </loc>
		<lastmod> 2021-11-03 14:03:54.620066 </lastmod>
	</url><url>
		<loc> https://geoconnex.us/cuahsi/his/DRWI/USPBuP12462996 </loc>
		<lastmod> 2021-11-03 14:03:54.620085 </lastmod>
	</url><url>
		<loc> https://geoconnex.us/cuahsi/his/DRWI/BaCWBB13831772 </loc>
		<lastmod> 2021-11-03 14:03:54.620103 </lastmod>
	</url><url>
		<loc> https://geoconnex.us/cuahsi/his/DRWI/MiSMaC1850792 </loc>
		<lastmod> 2021-11-03 14:03:54.620122 </lastmod>
	</url><url>
		<loc> https://geoconnex.us/cuahsi/his/DRWI/NJHPaK303554 </loc>
		<lastmod> 2021-11-03 14:03:54.620141 </lastmod>
	</url><url>
		<loc> https://geoconnex.us/cuahsi/his/DRWI/BaCEBW11271815 </loc>
		<lastmod> 2021-11-03 14:03:54.620159 </lastmod>
	</url><url>
		<loc> https://geoconnex.us/cuahsi/his/DRWI/ScHFrC15952118 </loc>
		<lastmod> 2021-11-03 14:03:54.620178 </lastmod>
	</url><url>
		<loc> https://geoconnex.us/cuahsi/his/DRWI/ScHHaC2019787 </loc>
		<lastmod> 2021-11-03 14:03:54.620197 </lastmod>
	</url><url>
		<loc> https://geoconnex.us/cuahsi/his/DRWI/NJHUnT33191904 </loc>
		<lastmod> 2021-11-03 14:03:54.620216 </lastmod>
	</url><url>
		<loc> https://geoconnex.us/cuahsi/his/DRWI/BaCEBB1187533 </loc>
		<lastmod> 2021-11-03 14:03:54.620235 </lastmod>
	</url><url>
		<loc> https://geoconnex.us/cuahsi/his/DRWI/PaKTeR4088184 </loc>
		<lastmod> 2021-11-03 14:03:54.620253 </lastmod>
	</url><url>
		<loc> https://geoconnex.us/cuahsi/his/DRWI/PaKMaC41101476 </loc>
		<lastmod> 2021-11-03 14:03:54.620272 </lastmod>
	</url><url>
		<loc> https://geoconnex.us/cuahsi/his/DRWI/USPPeC1411531 </loc>
		<lastmod> 2021-11-03 14:03:54.620291 </lastmod>
	</url><url>
		<loc> https://geoconnex.us/cuahsi/his/DRWI/UpLBlC355293 </loc>
		<lastmod> 2021-11-03 14:03:54.620309 </lastmod>
	</url><url>
		<loc> https://geoconnex.us/cuahsi/his/DRWI/UpLSiC3975a370 </loc>
		<lastmod> 2021-11-03 14:03:54.620328 </lastmod>
	</url><url>
		<loc> https://geoconnex.us/cuahsi/his/DRWI/NJHPeR2804579 </loc>
		<lastmod> 2021-11-03 14:03:54.620346 </lastmod>
	</url><url>
		<loc> https://geoconnex.us/cuahsi/his/DRWI/UpLBeC3746312 </loc>
		<lastmod> 2021-11-03 14:03:54.620365 </lastmod>
	</url></ns0:urlset>