<?xml version='1.0' encoding='utf-8'?>
<ns0:urlset xmlns:ns0="http://www.sitemaps.org/schemas/sitemap/0.9">
<url>
		<loc> https://geoconnex.us/cuahsi/his/Mazar_River_Project/Mazar1 </loc>
		<lastmod> 2022-08-22 15:27:32.533774 </lastmod>
	</url><url>
		<loc> https://geoconnex.us/cuahsi/his/Mazar_River_Project/La_Libertad </loc>
		<lastmod> 2022-08-22 15:27:32.533811 </lastmod>
	</url><url>
		<loc> https://geoconnex.us/cuahsi/his/Mazar_River_Project/Rio_Mazar </loc>
		<lastmod> 2022-08-22 15:27:32.533829 </lastmod>
	</url><url>
		<loc> https://geoconnex.us/cuahsi/his/Mazar_River_Project/Jennings </loc>
		<lastmod> 2022-08-22 15:27:32.533845 </lastmod>
	</url><url>
		<loc> https://geoconnex.us/cuahsi/his/Mazar_River_Project/KOH </loc>
		<lastmod> 2022-08-22 15:27:32.533860 </lastmod>
	</url><url>
		<loc> https://geoconnex.us/cuahsi/his/Mazar_River_Project/391423077150501 </loc>
		<lastmod> 2022-08-22 15:27:32.533873 </lastmod>
	</url><url>
		<loc> https://geoconnex.us/cuahsi/his/Mazar_River_Project/391426077151701 </loc>
		<lastmod> 2022-08-22 15:27:32.533888 </lastmod>
	</url><url>
		<loc> https://geoconnex.us/cuahsi/his/Mazar_River_Project/391421077153901 </loc>
		<lastmod> 2022-08-22 15:27:32.533901 </lastmod>
	</url><url>
		<loc> https://geoconnex.us/cuahsi/his/Mazar_River_Project/391433077154101 </loc>
		<lastmod> 2022-08-22 15:27:32.533915 </lastmod>
	</url><url>
		<loc> https://geoconnex.us/cuahsi/his/Mazar_River_Project/391425077160301 </loc>
		<lastmod> 2022-08-22 15:27:32.533929 </lastmod>
	</url><url>
		<loc> https://geoconnex.us/cuahsi/his/Mazar_River_Project/391420077153301 </loc>
		<lastmod> 2022-08-22 15:27:32.533943 </lastmod>
	</url><url>
		<loc> https://geoconnex.us/cuahsi/his/Mazar_River_Project/391359077152601 </loc>
		<lastmod> 2022-08-22 15:27:32.533957 </lastmod>
	</url><url>
		<loc> https://geoconnex.us/cuahsi/his/Mazar_River_Project/wq7 </loc>
		<lastmod> 2022-08-22 15:27:32.533971 </lastmod>
	</url><url>
		<loc> https://geoconnex.us/cuahsi/his/Mazar_River_Project/wq8 </loc>
		<lastmod> 2022-08-22 15:27:32.533984 </lastmod>
	</url><url>
		<loc> https://geoconnex.us/cuahsi/his/Mazar_River_Project/wq117 </loc>
		<lastmod> 2022-08-22 15:27:32.533997 </lastmod>
	</url><url>
		<loc> https://geoconnex.us/cuahsi/his/Mazar_River_Project/wq118 </loc>
		<lastmod> 2022-08-22 15:27:32.534010 </lastmod>
	</url><url>
		<loc> https://geoconnex.us/cuahsi/his/Mazar_River_Project/wq119 </loc>
		<lastmod> 2022-08-22 15:27:32.534023 </lastmod>
	</url><url>
		<loc> https://geoconnex.us/cuahsi/his/Mazar_River_Project/wq120 </loc>
		<lastmod> 2022-08-22 15:27:32.534036 </lastmod>
	</url><url>
		<loc> https://geoconnex.us/cuahsi/his/Mazar_River_Project/wq127 </loc>
		<lastmod> 2022-08-22 15:27:32.534049 </lastmod>
	</url><url>
		<loc> https://geoconnex.us/cuahsi/his/Mazar_River_Project/wq129 </loc>
		<lastmod> 2022-08-22 15:27:32.534062 </lastmod>
	</url><url>
		<loc> https://geoconnex.us/cuahsi/his/Mazar_River_Project/wq131 </loc>
		<lastmod> 2022-08-22 15:27:32.534075 </lastmod>
	</url><url>
		<loc> https://geoconnex.us/cuahsi/his/Mazar_River_Project/wq133 </loc>
		<lastmod> 2022-08-22 15:27:32.534087 </lastmod>
	</url><url>
		<loc> https://geoconnex.us/cuahsi/his/Mazar_River_Project/wq134 </loc>
		<lastmod> 2022-08-22 15:27:32.534100 </lastmod>
	</url><url>
		<loc> https://geoconnex.us/cuahsi/his/Mazar_River_Project/wq135 </loc>
		<lastmod> 2022-08-22 15:27:32.534113 </lastmod>
	</url><url>
		<loc> https://geoconnex.us/cuahsi/his/Mazar_River_Project/wq136 </loc>
		<lastmod> 2022-08-22 15:27:32.534125 </lastmod>
	</url><url>
		<loc> https://geoconnex.us/cuahsi/his/Mazar_River_Project/wq138 </loc>
		<lastmod> 2022-08-22 15:27:32.534138 </lastmod>
	</url><url>
		<loc> https://geoconnex.us/cuahsi/his/Mazar_River_Project/wq139 </loc>
		<lastmod> 2022-08-22 15:27:32.534151 </lastmod>
	</url><url>
		<loc> https://geoconnex.us/cuahsi/his/Mazar_River_Project/wq140 </loc>
		<lastmod> 2022-08-22 15:27:32.534164 </lastmod>
	</url><url>
		<loc> https://geoconnex.us/cuahsi/his/Mazar_River_Project/wq143 </loc>
		<lastmod> 2022-08-22 15:27:32.534177 </lastmod>
	</url><url>
		<loc> https://geoconnex.us/cuahsi/his/Mazar_River_Project/wq193 </loc>
		<lastmod> 2022-08-22 15:27:32.534190 </lastmod>
	</url><url>
		<loc> https://geoconnex.us/cuahsi/his/Mazar_River_Project/wq221 </loc>
		<lastmod> 2022-08-22 15:27:32.534203 </lastmod>
	</url><url>
		<loc> https://geoconnex.us/cuahsi/his/Mazar_River_Project/wq222 </loc>
		<lastmod> 2022-08-22 15:27:32.534215 </lastmod>
	</url><url>
		<loc> https://geoconnex.us/cuahsi/his/Mazar_River_Project/wq224 </loc>
		<lastmod> 2022-08-22 15:27:32.534228 </lastmod>
	</url><url>
		<loc> https://geoconnex.us/cuahsi/his/Mazar_River_Project/wq225 </loc>
		<lastmod> 2022-08-22 15:27:32.534241 </lastmod>
	</url><url>
		<loc> https://geoconnex.us/cuahsi/his/Mazar_River_Project/wq226 </loc>
		<lastmod> 2022-08-22 15:27:32.534254 </lastmod>
	</url><url>
		<loc> https://geoconnex.us/cuahsi/his/Mazar_River_Project/wq227 </loc>
		<lastmod> 2022-08-22 15:27:32.534266 </lastmod>
	</url><url>
		<loc> https://geoconnex.us/cuahsi/his/Mazar_River_Project/wq228 </loc>
		<lastmod> 2022-08-22 15:27:32.534279 </lastmod>
	</url><url>
		<loc> https://geoconnex.us/cuahsi/his/Mazar_River_Project/wq233 </loc>
		<lastmod> 2022-08-22 15:27:32.534292 </lastmod>
	</url><url>
		<loc> https://geoconnex.us/cuahsi/his/Mazar_River_Project/wq234 </loc>
		<lastmod> 2022-08-22 15:27:32.534305 </lastmod>
	</url><url>
		<loc> https://geoconnex.us/cuahsi/his/Mazar_River_Project/wq235 </loc>
		<lastmod> 2022-08-22 15:27:32.534318 </lastmod>
	</url><url>
		<loc> https://geoconnex.us/cuahsi/his/Mazar_River_Project/wq236 </loc>
		<lastmod> 2022-08-22 15:27:32.534331 </lastmod>
	</url><url>
		<loc> https://geoconnex.us/cuahsi/his/Mazar_River_Project/wq238 </loc>
		<lastmod> 2022-08-22 15:27:32.534344 </lastmod>
	</url><url>
		<loc> https://geoconnex.us/cuahsi/his/Mazar_River_Project/wq239 </loc>
		<lastmod> 2022-08-22 15:27:32.534356 </lastmod>
	</url><url>
		<loc> https://geoconnex.us/cuahsi/his/Mazar_River_Project/wq240 </loc>
		<lastmod> 2022-08-22 15:27:32.534369 </lastmod>
	</url><url>
		<loc> https://geoconnex.us/cuahsi/his/Mazar_River_Project/wq241 </loc>
		<lastmod> 2022-08-22 15:27:32.534382 </lastmod>
	</url><url>
		<loc> https://geoconnex.us/cuahsi/his/Mazar_River_Project/wq253 </loc>
		<lastmod> 2022-08-22 15:27:32.534394 </lastmod>
	</url><url>
		<loc> https://geoconnex.us/cuahsi/his/Mazar_River_Project/wq255 </loc>
		<lastmod> 2022-08-22 15:27:32.534407 </lastmod>
	</url><url>
		<loc> https://geoconnex.us/cuahsi/his/Mazar_River_Project/wq259 </loc>
		<lastmod> 2022-08-22 15:27:32.534420 </lastmod>
	</url><url>
		<loc> https://geoconnex.us/cuahsi/his/Mazar_River_Project/wq260 </loc>
		<lastmod> 2022-08-22 15:27:32.534433 </lastmod>
	</url><url>
		<loc> https://geoconnex.us/cuahsi/his/Mazar_River_Project/wq261 </loc>
		<lastmod> 2022-08-22 15:27:32.534446 </lastmod>
	</url><url>
		<loc> https://geoconnex.us/cuahsi/his/Mazar_River_Project/wq262 </loc>
		<lastmod> 2022-08-22 15:27:32.534459 </lastmod>
	</url><url>
		<loc> https://geoconnex.us/cuahsi/his/Mazar_River_Project/wq264 </loc>
		<lastmod> 2022-08-22 15:27:32.534471 </lastmod>
	</url><url>
		<loc> https://geoconnex.us/cuahsi/his/Mazar_River_Project/wq265 </loc>
		<lastmod> 2022-08-22 15:27:32.534484 </lastmod>
	</url><url>
		<loc> https://geoconnex.us/cuahsi/his/Mazar_River_Project/wq266 </loc>
		<lastmod> 2022-08-22 15:27:32.534497 </lastmod>
	</url><url>
		<loc> https://geoconnex.us/cuahsi/his/Mazar_River_Project/wq267 </loc>
		<lastmod> 2022-08-22 15:27:32.534510 </lastmod>
	</url><url>
		<loc> https://geoconnex.us/cuahsi/his/Mazar_River_Project/wq268 </loc>
		<lastmod> 2022-08-22 15:27:32.534523 </lastmod>
	</url><url>
		<loc> https://geoconnex.us/cuahsi/his/Mazar_River_Project/wq269 </loc>
		<lastmod> 2022-08-22 15:27:32.534535 </lastmod>
	</url><url>
		<loc> https://geoconnex.us/cuahsi/his/Mazar_River_Project/wq270 </loc>
		<lastmod> 2022-08-22 15:27:32.534548 </lastmod>
	</url><url>
		<loc> https://geoconnex.us/cuahsi/his/Mazar_River_Project/wq271 </loc>
		<lastmod> 2022-08-22 15:27:32.534561 </lastmod>
	</url><url>
		<loc> https://geoconnex.us/cuahsi/his/Mazar_River_Project/wq272 </loc>
		<lastmod> 2022-08-22 15:27:32.534574 </lastmod>
	</url><url>
		<loc> https://geoconnex.us/cuahsi/his/Mazar_River_Project/wq275 </loc>
		<lastmod> 2022-08-22 15:27:32.534587 </lastmod>
	</url><url>
		<loc> https://geoconnex.us/cuahsi/his/Mazar_River_Project/wq290 </loc>
		<lastmod> 2022-08-22 15:27:32.534599 </lastmod>
	</url><url>
		<loc> https://geoconnex.us/cuahsi/his/Mazar_River_Project/wq296 </loc>
		<lastmod> 2022-08-22 15:27:32.534612 </lastmod>
	</url><url>
		<loc> https://geoconnex.us/cuahsi/his/Mazar_River_Project/wq297 </loc>
		<lastmod> 2022-08-22 15:27:32.534625 </lastmod>
	</url><url>
		<loc> https://geoconnex.us/cuahsi/his/Mazar_River_Project/wq299 </loc>
		<lastmod> 2022-08-22 15:27:32.534637 </lastmod>
	</url><url>
		<loc> https://geoconnex.us/cuahsi/his/Mazar_River_Project/wq300 </loc>
		<lastmod> 2022-08-22 15:27:32.534650 </lastmod>
	</url><url>
		<loc> https://geoconnex.us/cuahsi/his/Mazar_River_Project/wq301 </loc>
		<lastmod> 2022-08-22 15:27:32.534663 </lastmod>
	</url><url>
		<loc> https://geoconnex.us/cuahsi/his/Mazar_River_Project/wq302 </loc>
		<lastmod> 2022-08-22 15:27:32.534675 </lastmod>
	</url><url>
		<loc> https://geoconnex.us/cuahsi/his/Mazar_River_Project/wq303 </loc>
		<lastmod> 2022-08-22 15:27:32.534688 </lastmod>
	</url><url>
		<loc> https://geoconnex.us/cuahsi/his/Mazar_River_Project/wq304 </loc>
		<lastmod> 2022-08-22 15:27:32.534701 </lastmod>
	</url><url>
		<loc> https://geoconnex.us/cuahsi/his/Mazar_River_Project/wq305 </loc>
		<lastmod> 2022-08-22 15:27:32.534713 </lastmod>
	</url><url>
		<loc> https://geoconnex.us/cuahsi/his/Mazar_River_Project/wq306 </loc>
		<lastmod> 2022-08-22 15:27:32.534726 </lastmod>
	</url><url>
		<loc> https://geoconnex.us/cuahsi/his/Mazar_River_Project/wq308 </loc>
		<lastmod> 2022-08-22 15:27:32.534739 </lastmod>
	</url><url>
		<loc> https://geoconnex.us/cuahsi/his/Mazar_River_Project/wq309 </loc>
		<lastmod> 2022-08-22 15:27:32.534752 </lastmod>
	</url><url>
		<loc> https://geoconnex.us/cuahsi/his/Mazar_River_Project/wq310 </loc>
		<lastmod> 2022-08-22 15:27:32.534765 </lastmod>
	</url><url>
		<loc> https://geoconnex.us/cuahsi/his/Mazar_River_Project/wq311 </loc>
		<lastmod> 2022-08-22 15:27:32.534778 </lastmod>
	</url><url>
		<loc> https://geoconnex.us/cuahsi/his/Mazar_River_Project/wq312 </loc>
		<lastmod> 2022-08-22 15:27:32.534792 </lastmod>
	</url><url>
		<loc> https://geoconnex.us/cuahsi/his/Mazar_River_Project/wq325 </loc>
		<lastmod> 2022-08-22 15:27:32.534804 </lastmod>
	</url><url>
		<loc> https://geoconnex.us/cuahsi/his/Mazar_River_Project/wq326 </loc>
		<lastmod> 2022-08-22 15:27:32.534817 </lastmod>
	</url><url>
		<loc> https://geoconnex.us/cuahsi/his/Mazar_River_Project/wq456 </loc>
		<lastmod> 2022-08-22 15:27:32.534830 </lastmod>
	</url><url>
		<loc> https://geoconnex.us/cuahsi/his/Mazar_River_Project/wq457 </loc>
		<lastmod> 2022-08-22 15:27:32.534843 </lastmod>
	</url><url>
		<loc> https://geoconnex.us/cuahsi/his/Mazar_River_Project/wq475 </loc>
		<lastmod> 2022-08-22 15:27:32.534856 </lastmod>
	</url><url>
		<loc> https://geoconnex.us/cuahsi/his/Mazar_River_Project/wq477 </loc>
		<lastmod> 2022-08-22 15:27:32.534868 </lastmod>
	</url><url>
		<loc> https://geoconnex.us/cuahsi/his/Mazar_River_Project/wq478 </loc>
		<lastmod> 2022-08-22 15:27:32.534881 </lastmod>
	</url><url>
		<loc> https://geoconnex.us/cuahsi/his/Mazar_River_Project/wq480 </loc>
		<lastmod> 2022-08-22 15:27:32.534893 </lastmod>
	</url><url>
		<loc> https://geoconnex.us/cuahsi/his/Mazar_River_Project/wq482 </loc>
		<lastmod> 2022-08-22 15:27:32.534906 </lastmod>
	</url><url>
		<loc> https://geoconnex.us/cuahsi/his/Mazar_River_Project/wq484 </loc>
		<lastmod> 2022-08-22 15:27:32.534919 </lastmod>
	</url><url>
		<loc> https://geoconnex.us/cuahsi/his/Mazar_River_Project/wq553 </loc>
		<lastmod> 2022-08-22 15:27:32.534932 </lastmod>
	</url><url>
		<loc> https://geoconnex.us/cuahsi/his/Mazar_River_Project/wq554 </loc>
		<lastmod> 2022-08-22 15:27:32.534944 </lastmod>
	</url><url>
		<loc> https://geoconnex.us/cuahsi/his/Mazar_River_Project/wq555 </loc>
		<lastmod> 2022-08-22 15:27:32.534958 </lastmod>
	</url><url>
		<loc> https://geoconnex.us/cuahsi/his/Mazar_River_Project/wq563 </loc>
		<lastmod> 2022-08-22 15:27:32.534971 </lastmod>
	</url><url>
		<loc> https://geoconnex.us/cuahsi/his/Mazar_River_Project/wq566 </loc>
		<lastmod> 2022-08-22 15:27:32.534984 </lastmod>
	</url><url>
		<loc> https://geoconnex.us/cuahsi/his/Mazar_River_Project/wq567 </loc>
		<lastmod> 2022-08-22 15:27:32.534996 </lastmod>
	</url><url>
		<loc> https://geoconnex.us/cuahsi/his/Mazar_River_Project/wq568 </loc>
		<lastmod> 2022-08-22 15:27:32.535009 </lastmod>
	</url><url>
		<loc> https://geoconnex.us/cuahsi/his/Mazar_River_Project/wq569 </loc>
		<lastmod> 2022-08-22 15:27:32.535022 </lastmod>
	</url><url>
		<loc> https://geoconnex.us/cuahsi/his/Mazar_River_Project/wq572 </loc>
		<lastmod> 2022-08-22 15:27:32.535035 </lastmod>
	</url><url>
		<loc> https://geoconnex.us/cuahsi/his/Mazar_River_Project/wq586 </loc>
		<lastmod> 2022-08-22 15:27:32.535048 </lastmod>
	</url><url>
		<loc> https://geoconnex.us/cuahsi/his/Mazar_River_Project/wq872 </loc>
		<lastmod> 2022-08-22 15:27:32.535061 </lastmod>
	</url><url>
		<loc> https://geoconnex.us/cuahsi/his/Mazar_River_Project/wq874 </loc>
		<lastmod> 2022-08-22 15:27:32.535073 </lastmod>
	</url><url>
		<loc> https://geoconnex.us/cuahsi/his/Mazar_River_Project/wq880 </loc>
		<lastmod> 2022-08-22 15:27:32.535086 </lastmod>
	</url><url>
		<loc> https://geoconnex.us/cuahsi/his/Mazar_River_Project/wq925 </loc>
		<lastmod> 2022-08-22 15:27:32.535099 </lastmod>
	</url><url>
		<loc> https://geoconnex.us/cuahsi/his/Mazar_River_Project/wq926 </loc>
		<lastmod> 2022-08-22 15:27:32.535112 </lastmod>
	</url><url>
		<loc> https://geoconnex.us/cuahsi/his/Mazar_River_Project/wq927 </loc>
		<lastmod> 2022-08-22 15:27:32.535124 </lastmod>
	</url><url>
		<loc> https://geoconnex.us/cuahsi/his/Mazar_River_Project/wq928 </loc>
		<lastmod> 2022-08-22 15:27:32.535137 </lastmod>
	</url><url>
		<loc> https://geoconnex.us/cuahsi/his/Mazar_River_Project/wq929 </loc>
		<lastmod> 2022-08-22 15:27:32.535150 </lastmod>
	</url><url>
		<loc> https://geoconnex.us/cuahsi/his/Mazar_River_Project/wq1155 </loc>
		<lastmod> 2022-08-22 15:27:32.535163 </lastmod>
	</url><url>
		<loc> https://geoconnex.us/cuahsi/his/Mazar_River_Project/wq1159 </loc>
		<lastmod> 2022-08-22 15:27:32.535176 </lastmod>
	</url><url>
		<loc> https://geoconnex.us/cuahsi/his/Mazar_River_Project/wq1167 </loc>
		<lastmod> 2022-08-22 15:27:32.535189 </lastmod>
	</url><url>
		<loc> https://geoconnex.us/cuahsi/his/Mazar_River_Project/wq1169 </loc>
		<lastmod> 2022-08-22 15:27:32.535202 </lastmod>
	</url><url>
		<loc> https://geoconnex.us/cuahsi/his/Mazar_River_Project/wq1170 </loc>
		<lastmod> 2022-08-22 15:27:32.535215 </lastmod>
	</url><url>
		<loc> https://geoconnex.us/cuahsi/his/Mazar_River_Project/wq1171 </loc>
		<lastmod> 2022-08-22 15:27:32.535228 </lastmod>
	</url><url>
		<loc> https://geoconnex.us/cuahsi/his/Mazar_River_Project/wq1174 </loc>
		<lastmod> 2022-08-22 15:27:32.535241 </lastmod>
	</url><url>
		<loc> https://geoconnex.us/cuahsi/his/Mazar_River_Project/wq1201 </loc>
		<lastmod> 2022-08-22 15:27:32.535253 </lastmod>
	</url><url>
		<loc> https://geoconnex.us/cuahsi/his/Mazar_River_Project/wq1202 </loc>
		<lastmod> 2022-08-22 15:27:32.535266 </lastmod>
	</url><url>
		<loc> https://geoconnex.us/cuahsi/his/Mazar_River_Project/wq1203 </loc>
		<lastmod> 2022-08-22 15:27:32.535279 </lastmod>
	</url><url>
		<loc> https://geoconnex.us/cuahsi/his/Mazar_River_Project/wq1204 </loc>
		<lastmod> 2022-08-22 15:27:32.535292 </lastmod>
	</url><url>
		<loc> https://geoconnex.us/cuahsi/his/Mazar_River_Project/wq1205 </loc>
		<lastmod> 2022-08-22 15:27:32.535304 </lastmod>
	</url><url>
		<loc> https://geoconnex.us/cuahsi/his/Mazar_River_Project/wq1206 </loc>
		<lastmod> 2022-08-22 15:27:32.535317 </lastmod>
	</url><url>
		<loc> https://geoconnex.us/cuahsi/his/Mazar_River_Project/wq1207 </loc>
		<lastmod> 2022-08-22 15:27:32.535359 </lastmod>
	</url><url>
		<loc> https://geoconnex.us/cuahsi/his/Mazar_River_Project/wq1208 </loc>
		<lastmod> 2022-08-22 15:27:32.535373 </lastmod>
	</url><url>
		<loc> https://geoconnex.us/cuahsi/his/Mazar_River_Project/wq1211 </loc>
		<lastmod> 2022-08-22 15:27:32.535386 </lastmod>
	</url><url>
		<loc> https://geoconnex.us/cuahsi/his/Mazar_River_Project/wq1220 </loc>
		<lastmod> 2022-08-22 15:27:32.535398 </lastmod>
	</url><url>
		<loc> https://geoconnex.us/cuahsi/his/Mazar_River_Project/wq1245 </loc>
		<lastmod> 2022-08-22 15:27:32.535411 </lastmod>
	</url><url>
		<loc> https://geoconnex.us/cuahsi/his/Mazar_River_Project/wq1256 </loc>
		<lastmod> 2022-08-22 15:27:32.535424 </lastmod>
	</url><url>
		<loc> https://geoconnex.us/cuahsi/his/Mazar_River_Project/wq1259 </loc>
		<lastmod> 2022-08-22 15:27:32.535437 </lastmod>
	</url><url>
		<loc> https://geoconnex.us/cuahsi/his/Mazar_River_Project/wq1260 </loc>
		<lastmod> 2022-08-22 15:27:32.535450 </lastmod>
	</url><url>
		<loc> https://geoconnex.us/cuahsi/his/Mazar_River_Project/wq1262 </loc>
		<lastmod> 2022-08-22 15:27:32.535463 </lastmod>
	</url><url>
		<loc> https://geoconnex.us/cuahsi/his/Mazar_River_Project/wq1263 </loc>
		<lastmod> 2022-08-22 15:27:32.535476 </lastmod>
	</url><url>
		<loc> https://geoconnex.us/cuahsi/his/Mazar_River_Project/wq1282 </loc>
		<lastmod> 2022-08-22 15:27:32.535489 </lastmod>
	</url><url>
		<loc> https://geoconnex.us/cuahsi/his/Mazar_River_Project/wq1296 </loc>
		<lastmod> 2022-08-22 15:27:32.535502 </lastmod>
	</url><url>
		<loc> https://geoconnex.us/cuahsi/his/Mazar_River_Project/wq1312 </loc>
		<lastmod> 2022-08-22 15:27:32.535515 </lastmod>
	</url><url>
		<loc> https://geoconnex.us/cuahsi/his/Mazar_River_Project/wq1328 </loc>
		<lastmod> 2022-08-22 15:27:32.535527 </lastmod>
	</url><url>
		<loc> https://geoconnex.us/cuahsi/his/Mazar_River_Project/wq1329 </loc>
		<lastmod> 2022-08-22 15:27:32.535541 </lastmod>
	</url><url>
		<loc> https://geoconnex.us/cuahsi/his/Mazar_River_Project/wq1331 </loc>
		<lastmod> 2022-08-22 15:27:32.535554 </lastmod>
	</url><url>
		<loc> https://geoconnex.us/cuahsi/his/Mazar_River_Project/wq1332 </loc>
		<lastmod> 2022-08-22 15:27:32.535567 </lastmod>
	</url><url>
		<loc> https://geoconnex.us/cuahsi/his/Mazar_River_Project/wq1333 </loc>
		<lastmod> 2022-08-22 15:27:32.535580 </lastmod>
	</url><url>
		<loc> https://geoconnex.us/cuahsi/his/Mazar_River_Project/wq1334 </loc>
		<lastmod> 2022-08-22 15:27:32.535592 </lastmod>
	</url><url>
		<loc> https://geoconnex.us/cuahsi/his/Mazar_River_Project/wq1335 </loc>
		<lastmod> 2022-08-22 15:27:32.535605 </lastmod>
	</url><url>
		<loc> https://geoconnex.us/cuahsi/his/Mazar_River_Project/wq1353 </loc>
		<lastmod> 2022-08-22 15:27:32.535618 </lastmod>
	</url><url>
		<loc> https://geoconnex.us/cuahsi/his/Mazar_River_Project/wq1354 </loc>
		<lastmod> 2022-08-22 15:27:32.535631 </lastmod>
	</url><url>
		<loc> https://geoconnex.us/cuahsi/his/Mazar_River_Project/wq1355 </loc>
		<lastmod> 2022-08-22 15:27:32.535644 </lastmod>
	</url><url>
		<loc> https://geoconnex.us/cuahsi/his/Mazar_River_Project/wq1356 </loc>
		<lastmod> 2022-08-22 15:27:32.535656 </lastmod>
	</url><url>
		<loc> https://geoconnex.us/cuahsi/his/Mazar_River_Project/wq1357 </loc>
		<lastmod> 2022-08-22 15:27:32.535669 </lastmod>
	</url><url>
		<loc> https://geoconnex.us/cuahsi/his/Mazar_River_Project/wq1358 </loc>
		<lastmod> 2022-08-22 15:27:32.535682 </lastmod>
	</url><url>
		<loc> https://geoconnex.us/cuahsi/his/Mazar_River_Project/wq1359 </loc>
		<lastmod> 2022-08-22 15:27:32.535695 </lastmod>
	</url><url>
		<loc> https://geoconnex.us/cuahsi/his/Mazar_River_Project/wq1361 </loc>
		<lastmod> 2022-08-22 15:27:32.535708 </lastmod>
	</url><url>
		<loc> https://geoconnex.us/cuahsi/his/Mazar_River_Project/wq1362 </loc>
		<lastmod> 2022-08-22 15:27:32.535720 </lastmod>
	</url><url>
		<loc> https://geoconnex.us/cuahsi/his/Mazar_River_Project/wq1363 </loc>
		<lastmod> 2022-08-22 15:27:32.535733 </lastmod>
	</url><url>
		<loc> https://geoconnex.us/cuahsi/his/Mazar_River_Project/wq1367 </loc>
		<lastmod> 2022-08-22 15:27:32.535746 </lastmod>
	</url><url>
		<loc> https://geoconnex.us/cuahsi/his/Mazar_River_Project/wq1375 </loc>
		<lastmod> 2022-08-22 15:27:32.535759 </lastmod>
	</url><url>
		<loc> https://geoconnex.us/cuahsi/his/Mazar_River_Project/wq1398 </loc>
		<lastmod> 2022-08-22 15:27:32.535772 </lastmod>
	</url><url>
		<loc> https://geoconnex.us/cuahsi/his/Mazar_River_Project/wq1400 </loc>
		<lastmod> 2022-08-22 15:27:32.535785 </lastmod>
	</url><url>
		<loc> https://geoconnex.us/cuahsi/his/Mazar_River_Project/wq1445 </loc>
		<lastmod> 2022-08-22 15:27:32.535798 </lastmod>
	</url><url>
		<loc> https://geoconnex.us/cuahsi/his/Mazar_River_Project/wq1447 </loc>
		<lastmod> 2022-08-22 15:27:32.535811 </lastmod>
	</url><url>
		<loc> https://geoconnex.us/cuahsi/his/Mazar_River_Project/wq1456 </loc>
		<lastmod> 2022-08-22 15:27:32.535824 </lastmod>
	</url><url>
		<loc> https://geoconnex.us/cuahsi/his/Mazar_River_Project/wq1460 </loc>
		<lastmod> 2022-08-22 15:27:32.535837 </lastmod>
	</url><url>
		<loc> https://geoconnex.us/cuahsi/his/Mazar_River_Project/wq1462 </loc>
		<lastmod> 2022-08-22 15:27:32.535850 </lastmod>
	</url><url>
		<loc> https://geoconnex.us/cuahsi/his/Mazar_River_Project/wq1472 </loc>
		<lastmod> 2022-08-22 15:27:32.535863 </lastmod>
	</url><url>
		<loc> https://geoconnex.us/cuahsi/his/Mazar_River_Project/wq1473 </loc>
		<lastmod> 2022-08-22 15:27:32.535875 </lastmod>
	</url><url>
		<loc> https://geoconnex.us/cuahsi/his/Mazar_River_Project/wq1490 </loc>
		<lastmod> 2022-08-22 15:27:32.535888 </lastmod>
	</url><url>
		<loc> https://geoconnex.us/cuahsi/his/Mazar_River_Project/wq1492 </loc>
		<lastmod> 2022-08-22 15:27:32.535901 </lastmod>
	</url><url>
		<loc> https://geoconnex.us/cuahsi/his/Mazar_River_Project/wq1494 </loc>
		<lastmod> 2022-08-22 15:27:32.535914 </lastmod>
	</url><url>
		<loc> https://geoconnex.us/cuahsi/his/Mazar_River_Project/wq1495 </loc>
		<lastmod> 2022-08-22 15:27:32.535927 </lastmod>
	</url><url>
		<loc> https://geoconnex.us/cuahsi/his/Mazar_River_Project/wq1531 </loc>
		<lastmod> 2022-08-22 15:27:32.535940 </lastmod>
	</url><url>
		<loc> https://geoconnex.us/cuahsi/his/Mazar_River_Project/wq1532 </loc>
		<lastmod> 2022-08-22 15:27:32.535953 </lastmod>
	</url><url>
		<loc> https://geoconnex.us/cuahsi/his/Mazar_River_Project/wq1533 </loc>
		<lastmod> 2022-08-22 15:27:32.535966 </lastmod>
	</url><url>
		<loc> https://geoconnex.us/cuahsi/his/Mazar_River_Project/wq1534 </loc>
		<lastmod> 2022-08-22 15:27:32.535978 </lastmod>
	</url><url>
		<loc> https://geoconnex.us/cuahsi/his/Mazar_River_Project/wq1535 </loc>
		<lastmod> 2022-08-22 15:27:32.535991 </lastmod>
	</url><url>
		<loc> https://geoconnex.us/cuahsi/his/Mazar_River_Project/wq1536 </loc>
		<lastmod> 2022-08-22 15:27:32.536004 </lastmod>
	</url><url>
		<loc> https://geoconnex.us/cuahsi/his/Mazar_River_Project/wq1537 </loc>
		<lastmod> 2022-08-22 15:27:32.536017 </lastmod>
	</url><url>
		<loc> https://geoconnex.us/cuahsi/his/Mazar_River_Project/wq1538 </loc>
		<lastmod> 2022-08-22 15:27:32.536030 </lastmod>
	</url><url>
		<loc> https://geoconnex.us/cuahsi/his/Mazar_River_Project/wq1539 </loc>
		<lastmod> 2022-08-22 15:27:32.536043 </lastmod>
	</url><url>
		<loc> https://geoconnex.us/cuahsi/his/Mazar_River_Project/wq1540 </loc>
		<lastmod> 2022-08-22 15:27:32.536055 </lastmod>
	</url><url>
		<loc> https://geoconnex.us/cuahsi/his/Mazar_River_Project/wq1541 </loc>
		<lastmod> 2022-08-22 15:27:32.536068 </lastmod>
	</url><url>
		<loc> https://geoconnex.us/cuahsi/his/Mazar_River_Project/wq1542 </loc>
		<lastmod> 2022-08-22 15:27:32.536081 </lastmod>
	</url><url>
		<loc> https://geoconnex.us/cuahsi/his/Mazar_River_Project/wq1543 </loc>
		<lastmod> 2022-08-22 15:27:32.536094 </lastmod>
	</url><url>
		<loc> https://geoconnex.us/cuahsi/his/Mazar_River_Project/wq1544 </loc>
		<lastmod> 2022-08-22 15:27:32.536107 </lastmod>
	</url><url>
		<loc> https://geoconnex.us/cuahsi/his/Mazar_River_Project/wq1588 </loc>
		<lastmod> 2022-08-22 15:27:32.536120 </lastmod>
	</url><url>
		<loc> https://geoconnex.us/cuahsi/his/Mazar_River_Project/wq1591 </loc>
		<lastmod> 2022-08-22 15:27:32.536133 </lastmod>
	</url><url>
		<loc> https://geoconnex.us/cuahsi/his/Mazar_River_Project/wq1595 </loc>
		<lastmod> 2022-08-22 15:27:32.536146 </lastmod>
	</url><url>
		<loc> https://geoconnex.us/cuahsi/his/Mazar_River_Project/wq1596 </loc>
		<lastmod> 2022-08-22 15:27:32.536159 </lastmod>
	</url><url>
		<loc> https://geoconnex.us/cuahsi/his/Mazar_River_Project/wq1629 </loc>
		<lastmod> 2022-08-22 15:27:32.536172 </lastmod>
	</url><url>
		<loc> https://geoconnex.us/cuahsi/his/Mazar_River_Project/wq1657 </loc>
		<lastmod> 2022-08-22 15:27:32.536184 </lastmod>
	</url><url>
		<loc> https://geoconnex.us/cuahsi/his/Mazar_River_Project/wq1671 </loc>
		<lastmod> 2022-08-22 15:27:32.536197 </lastmod>
	</url><url>
		<loc> https://geoconnex.us/cuahsi/his/Mazar_River_Project/wq1681 </loc>
		<lastmod> 2022-08-22 15:27:32.536210 </lastmod>
	</url><url>
		<loc> https://geoconnex.us/cuahsi/his/Mazar_River_Project/wq1749 </loc>
		<lastmod> 2022-08-22 15:27:32.536223 </lastmod>
	</url><url>
		<loc> https://geoconnex.us/cuahsi/his/Mazar_River_Project/wq1750 </loc>
		<lastmod> 2022-08-22 15:27:32.536236 </lastmod>
	</url><url>
		<loc> https://geoconnex.us/cuahsi/his/Mazar_River_Project/wq1751 </loc>
		<lastmod> 2022-08-22 15:27:32.536249 </lastmod>
	</url><url>
		<loc> https://geoconnex.us/cuahsi/his/Mazar_River_Project/wq1752 </loc>
		<lastmod> 2022-08-22 15:27:32.536262 </lastmod>
	</url><url>
		<loc> https://geoconnex.us/cuahsi/his/Mazar_River_Project/wq1753 </loc>
		<lastmod> 2022-08-22 15:27:32.536275 </lastmod>
	</url><url>
		<loc> https://geoconnex.us/cuahsi/his/Mazar_River_Project/wq1759 </loc>
		<lastmod> 2022-08-22 15:27:32.536287 </lastmod>
	</url><url>
		<loc> https://geoconnex.us/cuahsi/his/Mazar_River_Project/wq1761 </loc>
		<lastmod> 2022-08-22 15:27:32.536300 </lastmod>
	</url><url>
		<loc> https://geoconnex.us/cuahsi/his/Mazar_River_Project/wq1763 </loc>
		<lastmod> 2022-08-22 15:27:32.536313 </lastmod>
	</url><url>
		<loc> https://geoconnex.us/cuahsi/his/Mazar_River_Project/wq1850 </loc>
		<lastmod> 2022-08-22 15:27:32.536326 </lastmod>
	</url><url>
		<loc> https://geoconnex.us/cuahsi/his/Mazar_River_Project/wq1852 </loc>
		<lastmod> 2022-08-22 15:27:32.536339 </lastmod>
	</url><url>
		<loc> https://geoconnex.us/cuahsi/his/Mazar_River_Project/wq1853 </loc>
		<lastmod> 2022-08-22 15:27:32.536352 </lastmod>
	</url><url>
		<loc> https://geoconnex.us/cuahsi/his/Mazar_River_Project/wq1858 </loc>
		<lastmod> 2022-08-22 15:27:32.536365 </lastmod>
	</url><url>
		<loc> https://geoconnex.us/cuahsi/his/Mazar_River_Project/wq1864 </loc>
		<lastmod> 2022-08-22 15:27:32.536378 </lastmod>
	</url><url>
		<loc> https://geoconnex.us/cuahsi/his/Mazar_River_Project/wq1873 </loc>
		<lastmod> 2022-08-22 15:27:32.536390 </lastmod>
	</url><url>
		<loc> https://geoconnex.us/cuahsi/his/Mazar_River_Project/wq1875 </loc>
		<lastmod> 2022-08-22 15:27:32.536403 </lastmod>
	</url><url>
		<loc> https://geoconnex.us/cuahsi/his/Mazar_River_Project/wq1877 </loc>
		<lastmod> 2022-08-22 15:27:32.536416 </lastmod>
	</url><url>
		<loc> https://geoconnex.us/cuahsi/his/Mazar_River_Project/wq1878 </loc>
		<lastmod> 2022-08-22 15:27:32.536429 </lastmod>
	</url><url>
		<loc> https://geoconnex.us/cuahsi/his/Mazar_River_Project/wq1879 </loc>
		<lastmod> 2022-08-22 15:27:32.536442 </lastmod>
	</url><url>
		<loc> https://geoconnex.us/cuahsi/his/Mazar_River_Project/wq2029 </loc>
		<lastmod> 2022-08-22 15:27:32.536455 </lastmod>
	</url><url>
		<loc> https://geoconnex.us/cuahsi/his/Mazar_River_Project/wq2032 </loc>
		<lastmod> 2022-08-22 15:27:32.536468 </lastmod>
	</url><url>
		<loc> https://geoconnex.us/cuahsi/his/Mazar_River_Project/wq2033 </loc>
		<lastmod> 2022-08-22 15:27:32.536481 </lastmod>
	</url><url>
		<loc> https://geoconnex.us/cuahsi/his/Mazar_River_Project/wq2101 </loc>
		<lastmod> 2022-08-22 15:27:32.536493 </lastmod>
	</url><url>
		<loc> https://geoconnex.us/cuahsi/his/Mazar_River_Project/wq2121 </loc>
		<lastmod> 2022-08-22 15:27:32.536507 </lastmod>
	</url><url>
		<loc> https://geoconnex.us/cuahsi/his/Mazar_River_Project/wq2123 </loc>
		<lastmod> 2022-08-22 15:27:32.536520 </lastmod>
	</url><url>
		<loc> https://geoconnex.us/cuahsi/his/Mazar_River_Project/wq2124 </loc>
		<lastmod> 2022-08-22 15:27:32.536533 </lastmod>
	</url><url>
		<loc> https://geoconnex.us/cuahsi/his/Mazar_River_Project/wq2125 </loc>
		<lastmod> 2022-08-22 15:27:32.536546 </lastmod>
	</url><url>
		<loc> https://geoconnex.us/cuahsi/his/Mazar_River_Project/wq2126 </loc>
		<lastmod> 2022-08-22 15:27:32.536559 </lastmod>
	</url><url>
		<loc> https://geoconnex.us/cuahsi/his/Mazar_River_Project/wq2129 </loc>
		<lastmod> 2022-08-22 15:27:32.536572 </lastmod>
	</url><url>
		<loc> https://geoconnex.us/cuahsi/his/Mazar_River_Project/wq2132 </loc>
		<lastmod> 2022-08-22 15:27:32.536584 </lastmod>
	</url><url>
		<loc> https://geoconnex.us/cuahsi/his/Mazar_River_Project/wq2133 </loc>
		<lastmod> 2022-08-22 15:27:32.536597 </lastmod>
	</url><url>
		<loc> https://geoconnex.us/cuahsi/his/Mazar_River_Project/wq2135 </loc>
		<lastmod> 2022-08-22 15:27:32.536611 </lastmod>
	</url><url>
		<loc> https://geoconnex.us/cuahsi/his/Mazar_River_Project/wq2136 </loc>
		<lastmod> 2022-08-22 15:27:32.536624 </lastmod>
	</url><url>
		<loc> https://geoconnex.us/cuahsi/his/Mazar_River_Project/wq2256 </loc>
		<lastmod> 2022-08-22 15:27:32.536637 </lastmod>
	</url><url>
		<loc> https://geoconnex.us/cuahsi/his/Mazar_River_Project/wq2257 </loc>
		<lastmod> 2022-08-22 15:27:32.536649 </lastmod>
	</url><url>
		<loc> https://geoconnex.us/cuahsi/his/Mazar_River_Project/wq2371 </loc>
		<lastmod> 2022-08-22 15:27:32.536662 </lastmod>
	</url><url>
		<loc> https://geoconnex.us/cuahsi/his/Mazar_River_Project/wq2775 </loc>
		<lastmod> 2022-08-22 15:27:32.536675 </lastmod>
	</url><url>
		<loc> https://geoconnex.us/cuahsi/his/Mazar_River_Project/wq2780 </loc>
		<lastmod> 2022-08-22 15:27:32.536688 </lastmod>
	</url><url>
		<loc> https://geoconnex.us/cuahsi/his/Mazar_River_Project/wq2781 </loc>
		<lastmod> 2022-08-22 15:27:32.536701 </lastmod>
	</url><url>
		<loc> https://geoconnex.us/cuahsi/his/Mazar_River_Project/wq2782 </loc>
		<lastmod> 2022-08-22 15:27:32.536714 </lastmod>
	</url></ns0:urlset>