<ns0:urlset xmlns:ns0="http://www.sitemaps.org/schemas/sitemap/0.9">
<url>
		<loc> https://geoconnex.us/cuahsi/his/SKC_Milltown/1 </loc>
		<lastmod> 2021-11-03 14:03:49.657920 </lastmod>
	</url><url>
		<loc> https://geoconnex.us/cuahsi/his/SKC_Milltown/2 </loc>
		<lastmod> 2021-11-03 14:03:49.657961 </lastmod>
	</url><url>
		<loc> https://geoconnex.us/cuahsi/his/SKC_Milltown/3 </loc>
		<lastmod> 2021-11-03 14:03:49.657986 </lastmod>
	</url><url>
		<loc> https://geoconnex.us/cuahsi/his/SKC_Milltown/4 </loc>
		<lastmod> 2021-11-03 14:03:49.658007 </lastmod>
	</url><url>
		<loc> https://geoconnex.us/cuahsi/his/SKC_Milltown/5 </loc>
		<lastmod> 2021-11-03 14:03:49.658026 </lastmod>
	</url><url>
		<loc> https://geoconnex.us/cuahsi/his/SKC_Milltown/6 </loc>
		<lastmod> 2021-11-03 14:03:49.658061 </lastmod>
	</url><url>
		<loc> https://geoconnex.us/cuahsi/his/SKC_Milltown/7 </loc>
		<lastmod> 2021-11-03 14:03:49.658079 </lastmod>
	</url><url>
		<loc> https://geoconnex.us/cuahsi/his/SKC_Milltown/8 </loc>
		<lastmod> 2021-11-03 14:03:49.658097 </lastmod>
	</url><url>
		<loc> https://geoconnex.us/cuahsi/his/SKC_Milltown/9 </loc>
		<lastmod> 2021-11-03 14:03:49.658114 </lastmod>
	</url><url>
		<loc> https://geoconnex.us/cuahsi/his/SKC_Milltown/10 </loc>
		<lastmod> 2021-11-03 14:03:49.658131 </lastmod>
	</url><url>
		<loc> https://geoconnex.us/cuahsi/his/SKC_Milltown/11 </loc>
		<lastmod> 2021-11-03 14:03:49.658149 </lastmod>
	</url><url>
		<loc> https://geoconnex.us/cuahsi/his/SKC_Milltown/12 </loc>
		<lastmod> 2021-11-03 14:03:49.658166 </lastmod>
	</url><url>
		<loc> https://geoconnex.us/cuahsi/his/SKC_Milltown/13 </loc>
		<lastmod> 2021-11-03 14:03:49.658184 </lastmod>
	</url><url>
		<loc> https://geoconnex.us/cuahsi/his/SKC_Milltown/14 </loc>
		<lastmod> 2021-11-03 14:03:49.658201 </lastmod>
	</url><url>
		<loc> https://geoconnex.us/cuahsi/his/SKC_Milltown/15 </loc>
		<lastmod> 2021-11-03 14:03:49.658219 </lastmod>
	</url><url>
		<loc> https://geoconnex.us/cuahsi/his/SKC_Milltown/16 </loc>
		<lastmod> 2021-11-03 14:03:49.658236 </lastmod>
	</url><url>
		<loc> https://geoconnex.us/cuahsi/his/SKC_Milltown/17 </loc>
		<lastmod> 2021-11-03 14:03:49.658254 </lastmod>
	</url><url>
		<loc> https://geoconnex.us/cuahsi/his/SKC_Milltown/18 </loc>
		<lastmod> 2021-11-03 14:03:49.658271 </lastmod>
	</url><url>
		<loc> https://geoconnex.us/cuahsi/his/SKC_Milltown/19 </loc>
		<lastmod> 2021-11-03 14:03:49.658289 </lastmod>
	</url><url>
		<loc> https://geoconnex.us/cuahsi/his/SKC_Milltown/20 </loc>
		<lastmod> 2021-11-03 14:03:49.658306 </lastmod>
	</url><url>
		<loc> https://geoconnex.us/cuahsi/his/SKC_Milltown/21 </loc>
		<lastmod> 2021-11-03 14:03:49.658324 </lastmod>
	</url><url>
		<loc> https://geoconnex.us/cuahsi/his/SKC_Milltown/22 </loc>
		<lastmod> 2021-11-03 14:03:49.658341 </lastmod>
	</url><url>
		<loc> https://geoconnex.us/cuahsi/his/SKC_Milltown/23 </loc>
		<lastmod> 2021-11-03 14:03:49.658358 </lastmod>
	</url><url>
		<loc> https://geoconnex.us/cuahsi/his/SKC_Milltown/24 </loc>
		<lastmod> 2021-11-03 14:03:49.658375 </lastmod>
	</url><url>
		<loc> https://geoconnex.us/cuahsi/his/SKC_Milltown/25 </loc>
		<lastmod> 2021-11-03 14:03:49.658393 </lastmod>
	</url><url>
		<loc> https://geoconnex.us/cuahsi/his/SKC_Milltown/26 </loc>
		<lastmod> 2021-11-03 14:03:49.658411 </lastmod>
	</url><url>
		<loc> https://geoconnex.us/cuahsi/his/SKC_Milltown/27 </loc>
		<lastmod> 2021-11-03 14:03:49.658429 </lastmod>
	</url><url>
		<loc> https://geoconnex.us/cuahsi/his/SKC_Milltown/28 </loc>
		<lastmod> 2021-11-03 14:03:49.658446 </lastmod>
	</url><url>
		<loc> https://geoconnex.us/cuahsi/his/SKC_Milltown/29 </loc>
		<lastmod> 2021-11-03 14:03:49.658464 </lastmod>
	</url><url>
		<loc> https://geoconnex.us/cuahsi/his/SKC_Milltown/30 </loc>
		<lastmod> 2021-11-03 14:03:49.658482 </lastmod>
	</url><url>
		<loc> https://geoconnex.us/cuahsi/his/SKC_Milltown/31 </loc>
		<lastmod> 2021-11-03 14:03:49.658500 </lastmod>
	</url><url>
		<loc> https://geoconnex.us/cuahsi/his/SKC_Milltown/32 </loc>
		<lastmod> 2021-11-03 14:03:49.658517 </lastmod>
	</url><url>
		<loc> https://geoconnex.us/cuahsi/his/SKC_Milltown/33 </loc>
		<lastmod> 2021-11-03 14:03:49.658535 </lastmod>
	</url><url>
		<loc> https://geoconnex.us/cuahsi/his/SKC_Milltown/34 </loc>
		<lastmod> 2021-11-03 14:03:49.658552 </lastmod>
	</url><url>
		<loc> https://geoconnex.us/cuahsi/his/SKC_Milltown/35 </loc>
		<lastmod> 2021-11-03 14:03:49.658570 </lastmod>
	</url><url>
		<loc> https://geoconnex.us/cuahsi/his/SKC_Milltown/36 </loc>
		<lastmod> 2021-11-03 14:03:49.658587 </lastmod>
	</url><url>
		<loc> https://geoconnex.us/cuahsi/his/SKC_Milltown/37 </loc>
		<lastmod> 2021-11-03 14:03:49.658605 </lastmod>
	</url><url>
		<loc> https://geoconnex.us/cuahsi/his/SKC_Milltown/38 </loc>
		<lastmod> 2021-11-03 14:03:49.658622 </lastmod>
	</url><url>
		<loc> https://geoconnex.us/cuahsi/his/SKC_Milltown/39 </loc>
		<lastmod> 2021-11-03 14:03:49.658640 </lastmod>
	</url><url>
		<loc> https://geoconnex.us/cuahsi/his/SKC_Milltown/40 </loc>
		<lastmod> 2021-11-03 14:03:49.658657 </lastmod>
	</url><url>
		<loc> https://geoconnex.us/cuahsi/his/SKC_Milltown/41 </loc>
		<lastmod> 2021-11-03 14:03:49.658675 </lastmod>
	</url><url>
		<loc> https://geoconnex.us/cuahsi/his/SKC_Milltown/42 </loc>
		<lastmod> 2021-11-03 14:03:49.658692 </lastmod>
	</url><url>
		<loc> https://geoconnex.us/cuahsi/his/SKC_Milltown/43 </loc>
		<lastmod> 2021-11-03 14:03:49.658709 </lastmod>
	</url><url>
		<loc> https://geoconnex.us/cuahsi/his/SKC_Milltown/44 </loc>
		<lastmod> 2021-11-03 14:03:49.658726 </lastmod>
	</url><url>
		<loc> https://geoconnex.us/cuahsi/his/SKC_Milltown/45 </loc>
		<lastmod> 2021-11-03 14:03:49.658743 </lastmod>
	</url><url>
		<loc> https://geoconnex.us/cuahsi/his/SKC_Milltown/46 </loc>
		<lastmod> 2021-11-03 14:03:49.658761 </lastmod>
	</url><url>
		<loc> https://geoconnex.us/cuahsi/his/SKC_Milltown/47 </loc>
		<lastmod> 2021-11-03 14:03:49.658778 </lastmod>
	</url><url>
		<loc> https://geoconnex.us/cuahsi/his/SKC_Milltown/48 </loc>
		<lastmod> 2021-11-03 14:03:49.658796 </lastmod>
	</url><url>
		<loc> https://geoconnex.us/cuahsi/his/SKC_Milltown/49 </loc>
		<lastmod> 2021-11-03 14:03:49.658813 </lastmod>
	</url><url>
		<loc> https://geoconnex.us/cuahsi/his/SKC_Milltown/50 </loc>
		<lastmod> 2021-11-03 14:03:49.658831 </lastmod>
	</url><url>
		<loc> https://geoconnex.us/cuahsi/his/SKC_Milltown/51 </loc>
		<lastmod> 2021-11-03 14:03:49.658848 </lastmod>
	</url><url>
		<loc> https://geoconnex.us/cuahsi/his/SKC_Milltown/52 </loc>
		<lastmod> 2021-11-03 14:03:49.658865 </lastmod>
	</url><url>
		<loc> https://geoconnex.us/cuahsi/his/SKC_Milltown/53 </loc>
		<lastmod> 2021-11-03 14:03:49.658883 </lastmod>
	</url><url>
		<loc> https://geoconnex.us/cuahsi/his/SKC_Milltown/54 </loc>
		<lastmod> 2021-11-03 14:03:49.658900 </lastmod>
	</url><url>
		<loc> https://geoconnex.us/cuahsi/his/SKC_Milltown/55 </loc>
		<lastmod> 2021-11-03 14:03:49.658917 </lastmod>
	</url><url>
		<loc> https://geoconnex.us/cuahsi/his/SKC_Milltown/56 </loc>
		<lastmod> 2021-11-03 14:03:49.658934 </lastmod>
	</url><url>
		<loc> https://geoconnex.us/cuahsi/his/SKC_Milltown/57 </loc>
		<lastmod> 2021-11-03 14:03:49.658951 </lastmod>
	</url><url>
		<loc> https://geoconnex.us/cuahsi/his/SKC_Milltown/58 </loc>
		<lastmod> 2021-11-03 14:03:49.658968 </lastmod>
	</url><url>
		<loc> https://geoconnex.us/cuahsi/his/SKC_Milltown/59 </loc>
		<lastmod> 2021-11-03 14:03:49.658986 </lastmod>
	</url><url>
		<loc> https://geoconnex.us/cuahsi/his/SKC_Milltown/60 </loc>
		<lastmod> 2021-11-03 14:03:49.659003 </lastmod>
	</url><url>
		<loc> https://geoconnex.us/cuahsi/his/SKC_Milltown/61 </loc>
		<lastmod> 2021-11-03 14:03:49.659021 </lastmod>
	</url><url>
		<loc> https://geoconnex.us/cuahsi/his/SKC_Milltown/62 </loc>
		<lastmod> 2021-11-03 14:03:49.659038 </lastmod>
	</url><url>
		<loc> https://geoconnex.us/cuahsi/his/SKC_Milltown/63 </loc>
		<lastmod> 2021-11-03 14:03:49.659055 </lastmod>
	</url><url>
		<loc> https://geoconnex.us/cuahsi/his/SKC_Milltown/64 </loc>
		<lastmod> 2021-11-03 14:03:49.659073 </lastmod>
	</url><url>
		<loc> https://geoconnex.us/cuahsi/his/SKC_Milltown/65 </loc>
		<lastmod> 2021-11-03 14:03:49.659090 </lastmod>
	</url><url>
		<loc> https://geoconnex.us/cuahsi/his/SKC_Milltown/66 </loc>
		<lastmod> 2021-11-03 14:03:49.659108 </lastmod>
	</url><url>
		<loc> https://geoconnex.us/cuahsi/his/SKC_Milltown/67 </loc>
		<lastmod> 2021-11-03 14:03:49.659125 </lastmod>
	</url><url>
		<loc> https://geoconnex.us/cuahsi/his/SKC_Milltown/68 </loc>
		<lastmod> 2021-11-03 14:03:49.659142 </lastmod>
	</url><url>
		<loc> https://geoconnex.us/cuahsi/his/SKC_Milltown/69 </loc>
		<lastmod> 2021-11-03 14:03:49.659160 </lastmod>
	</url><url>
		<loc> https://geoconnex.us/cuahsi/his/SKC_Milltown/70 </loc>
		<lastmod> 2021-11-03 14:03:49.659177 </lastmod>
	</url><url>
		<loc> https://geoconnex.us/cuahsi/his/SKC_Milltown/71 </loc>
		<lastmod> 2021-11-03 14:03:49.659194 </lastmod>
	</url><url>
		<loc> https://geoconnex.us/cuahsi/his/SKC_Milltown/72 </loc>
		<lastmod> 2021-11-03 14:03:49.659212 </lastmod>
	</url><url>
		<loc> https://geoconnex.us/cuahsi/his/SKC_Milltown/73 </loc>
		<lastmod> 2021-11-03 14:03:49.659229 </lastmod>
	</url><url>
		<loc> https://geoconnex.us/cuahsi/his/SKC_Milltown/74 </loc>
		<lastmod> 2021-11-03 14:03:49.659248 </lastmod>
	</url><url>
		<loc> https://geoconnex.us/cuahsi/his/SKC_Milltown/75 </loc>
		<lastmod> 2021-11-03 14:03:49.659265 </lastmod>
	</url><url>
		<loc> https://geoconnex.us/cuahsi/his/SKC_Milltown/76 </loc>
		<lastmod> 2021-11-03 14:03:49.659283 </lastmod>
	</url><url>
		<loc> https://geoconnex.us/cuahsi/his/SKC_Milltown/77 </loc>
		<lastmod> 2021-11-03 14:03:49.659418 </lastmod>
	</url><url>
		<loc> https://geoconnex.us/cuahsi/his/SKC_Milltown/78 </loc>
		<lastmod> 2021-11-03 14:03:49.659446 </lastmod>
	</url><url>
		<loc> https://geoconnex.us/cuahsi/his/SKC_Milltown/79 </loc>
		<lastmod> 2021-11-03 14:03:49.659467 </lastmod>
	</url><url>
		<loc> https://geoconnex.us/cuahsi/his/SKC_Milltown/80 </loc>
		<lastmod> 2021-11-03 14:03:49.659486 </lastmod>
	</url><url>
		<loc> https://geoconnex.us/cuahsi/his/SKC_Milltown/81 </loc>
		<lastmod> 2021-11-03 14:03:49.659505 </lastmod>
	</url><url>
		<loc> https://geoconnex.us/cuahsi/his/SKC_Milltown/82 </loc>
		<lastmod> 2021-11-03 14:03:49.659524 </lastmod>
	</url><url>
		<loc> https://geoconnex.us/cuahsi/his/SKC_Milltown/83 </loc>
		<lastmod> 2021-11-03 14:03:49.659567 </lastmod>
	</url><url>
		<loc> https://geoconnex.us/cuahsi/his/SKC_Milltown/84 </loc>
		<lastmod> 2021-11-03 14:03:49.659591 </lastmod>
	</url><url>
		<loc> https://geoconnex.us/cuahsi/his/SKC_Milltown/85 </loc>
		<lastmod> 2021-11-03 14:03:49.659610 </lastmod>
	</url><url>
		<loc> https://geoconnex.us/cuahsi/his/SKC_Milltown/86 </loc>
		<lastmod> 2021-11-03 14:03:49.659629 </lastmod>
	</url><url>
		<loc> https://geoconnex.us/cuahsi/his/SKC_Milltown/87 </loc>
		<lastmod> 2021-11-03 14:03:49.659648 </lastmod>
	</url><url>
		<loc> https://geoconnex.us/cuahsi/his/SKC_Milltown/88 </loc>
		<lastmod> 2021-11-03 14:03:49.659682 </lastmod>
	</url><url>
		<loc> https://geoconnex.us/cuahsi/his/SKC_Milltown/89 </loc>
		<lastmod> 2021-11-03 14:03:49.659700 </lastmod>
	</url><url>
		<loc> https://geoconnex.us/cuahsi/his/SKC_Milltown/90 </loc>
		<lastmod> 2021-11-03 14:03:49.659718 </lastmod>
	</url><url>
		<loc> https://geoconnex.us/cuahsi/his/SKC_Milltown/91 </loc>
		<lastmod> 2021-11-03 14:03:49.659736 </lastmod>
	</url><url>
		<loc> https://geoconnex.us/cuahsi/his/SKC_Milltown/92 </loc>
		<lastmod> 2021-11-03 14:03:49.659754 </lastmod>
	</url><url>
		<loc> https://geoconnex.us/cuahsi/his/SKC_Milltown/93 </loc>
		<lastmod> 2021-11-03 14:03:49.659787 </lastmod>
	</url><url>
		<loc> https://geoconnex.us/cuahsi/his/SKC_Milltown/94 </loc>
		<lastmod> 2021-11-03 14:03:49.659804 </lastmod>
	</url><url>
		<loc> https://geoconnex.us/cuahsi/his/SKC_Milltown/95 </loc>
		<lastmod> 2021-11-03 14:03:49.659821 </lastmod>
	</url><url>
		<loc> https://geoconnex.us/cuahsi/his/SKC_Milltown/96 </loc>
		<lastmod> 2021-11-03 14:03:49.659839 </lastmod>
	</url><url>
		<loc> https://geoconnex.us/cuahsi/his/SKC_Milltown/97 </loc>
		<lastmod> 2021-11-03 14:03:49.659856 </lastmod>
	</url><url>
		<loc> https://geoconnex.us/cuahsi/his/SKC_Milltown/98 </loc>
		<lastmod> 2021-11-03 14:03:49.659874 </lastmod>
	</url><url>
		<loc> https://geoconnex.us/cuahsi/his/SKC_Milltown/99 </loc>
		<lastmod> 2021-11-03 14:03:49.659892 </lastmod>
	</url><url>
		<loc> https://geoconnex.us/cuahsi/his/SKC_Milltown/100 </loc>
		<lastmod> 2021-11-03 14:03:49.659910 </lastmod>
	</url><url>
		<loc> https://geoconnex.us/cuahsi/his/SKC_Milltown/101 </loc>
		<lastmod> 2021-11-03 14:03:49.659928 </lastmod>
	</url><url>
		<loc> https://geoconnex.us/cuahsi/his/SKC_Milltown/102 </loc>
		<lastmod> 2021-11-03 14:03:49.659947 </lastmod>
	</url><url>
		<loc> https://geoconnex.us/cuahsi/his/SKC_Milltown/103 </loc>
		<lastmod> 2021-11-03 14:03:49.659964 </lastmod>
	</url><url>
		<loc> https://geoconnex.us/cuahsi/his/SKC_Milltown/104 </loc>
		<lastmod> 2021-11-03 14:03:49.659982 </lastmod>
	</url><url>
		<loc> https://geoconnex.us/cuahsi/his/SKC_Milltown/105 </loc>
		<lastmod> 2021-11-03 14:03:49.660000 </lastmod>
	</url><url>
		<loc> https://geoconnex.us/cuahsi/his/SKC_Milltown/106 </loc>
		<lastmod> 2021-11-03 14:03:49.660018 </lastmod>
	</url><url>
		<loc> https://geoconnex.us/cuahsi/his/SKC_Milltown/107 </loc>
		<lastmod> 2021-11-03 14:03:49.660036 </lastmod>
	</url><url>
		<loc> https://geoconnex.us/cuahsi/his/SKC_Milltown/108 </loc>
		<lastmod> 2021-11-03 14:03:49.660054 </lastmod>
	</url><url>
		<loc> https://geoconnex.us/cuahsi/his/SKC_Milltown/109 </loc>
		<lastmod> 2021-11-03 14:03:49.660072 </lastmod>
	</url><url>
		<loc> https://geoconnex.us/cuahsi/his/SKC_Milltown/110 </loc>
		<lastmod> 2021-11-03 14:03:49.660090 </lastmod>
	</url><url>
		<loc> https://geoconnex.us/cuahsi/his/SKC_Milltown/111 </loc>
		<lastmod> 2021-11-03 14:03:49.660108 </lastmod>
	</url><url>
		<loc> https://geoconnex.us/cuahsi/his/SKC_Milltown/112 </loc>
		<lastmod> 2021-11-03 14:03:49.660126 </lastmod>
	</url><url>
		<loc> https://geoconnex.us/cuahsi/his/SKC_Milltown/113 </loc>
		<lastmod> 2021-11-03 14:03:49.660144 </lastmod>
	</url><url>
		<loc> https://geoconnex.us/cuahsi/his/SKC_Milltown/114 </loc>
		<lastmod> 2021-11-03 14:03:49.660162 </lastmod>
	</url><url>
		<loc> https://geoconnex.us/cuahsi/his/SKC_Milltown/115 </loc>
		<lastmod> 2021-11-03 14:03:49.660181 </lastmod>
	</url><url>
		<loc> https://geoconnex.us/cuahsi/his/SKC_Milltown/116 </loc>
		<lastmod> 2021-11-03 14:03:49.660199 </lastmod>
	</url><url>
		<loc> https://geoconnex.us/cuahsi/his/SKC_Milltown/117 </loc>
		<lastmod> 2021-11-03 14:03:49.660217 </lastmod>
	</url><url>
		<loc> https://geoconnex.us/cuahsi/his/SKC_Milltown/118 </loc>
		<lastmod> 2021-11-03 14:03:49.660235 </lastmod>
	</url><url>
		<loc> https://geoconnex.us/cuahsi/his/SKC_Milltown/119 </loc>
		<lastmod> 2021-11-03 14:03:49.660253 </lastmod>
	</url><url>
		<loc> https://geoconnex.us/cuahsi/his/SKC_Milltown/120 </loc>
		<lastmod> 2021-11-03 14:03:49.660271 </lastmod>
	</url><url>
		<loc> https://geoconnex.us/cuahsi/his/SKC_Milltown/121 </loc>
		<lastmod> 2021-11-03 14:03:49.660289 </lastmod>
	</url><url>
		<loc> https://geoconnex.us/cuahsi/his/SKC_Milltown/122 </loc>
		<lastmod> 2021-11-03 14:03:49.660308 </lastmod>
	</url><url>
		<loc> https://geoconnex.us/cuahsi/his/SKC_Milltown/123 </loc>
		<lastmod> 2021-11-03 14:03:49.660325 </lastmod>
	</url><url>
		<loc> https://geoconnex.us/cuahsi/his/SKC_Milltown/124 </loc>
		<lastmod> 2021-11-03 14:03:49.660343 </lastmod>
	</url><url>
		<loc> https://geoconnex.us/cuahsi/his/SKC_Milltown/125 </loc>
		<lastmod> 2021-11-03 14:03:49.660361 </lastmod>
	</url><url>
		<loc> https://geoconnex.us/cuahsi/his/SKC_Milltown/126 </loc>
		<lastmod> 2021-11-03 14:03:49.660379 </lastmod>
	</url><url>
		<loc> https://geoconnex.us/cuahsi/his/SKC_Milltown/127 </loc>
		<lastmod> 2021-11-03 14:03:49.660397 </lastmod>
	</url><url>
		<loc> https://geoconnex.us/cuahsi/his/SKC_Milltown/128 </loc>
		<lastmod> 2021-11-03 14:03:49.660415 </lastmod>
	</url><url>
		<loc> https://geoconnex.us/cuahsi/his/SKC_Milltown/129 </loc>
		<lastmod> 2021-11-03 14:03:49.660479 </lastmod>
	</url><url>
		<loc> https://geoconnex.us/cuahsi/his/SKC_Milltown/130 </loc>
		<lastmod> 2021-11-03 14:03:49.660499 </lastmod>
	</url><url>
		<loc> https://geoconnex.us/cuahsi/his/SKC_Milltown/131 </loc>
		<lastmod> 2021-11-03 14:03:49.660517 </lastmod>
	</url><url>
		<loc> https://geoconnex.us/cuahsi/his/SKC_Milltown/132 </loc>
		<lastmod> 2021-11-03 14:03:49.660535 </lastmod>
	</url><url>
		<loc> https://geoconnex.us/cuahsi/his/SKC_Milltown/133 </loc>
		<lastmod> 2021-11-03 14:03:49.660571 </lastmod>
	</url><url>
		<loc> https://geoconnex.us/cuahsi/his/SKC_Milltown/134 </loc>
		<lastmod> 2021-11-03 14:03:49.660589 </lastmod>
	</url><url>
		<loc> https://geoconnex.us/cuahsi/his/SKC_Milltown/135 </loc>
		<lastmod> 2021-11-03 14:03:49.660608 </lastmod>
	</url><url>
		<loc> https://geoconnex.us/cuahsi/his/SKC_Milltown/136 </loc>
		<lastmod> 2021-11-03 14:03:49.660626 </lastmod>
	</url><url>
		<loc> https://geoconnex.us/cuahsi/his/SKC_Milltown/137 </loc>
		<lastmod> 2021-11-03 14:03:49.660645 </lastmod>
	</url><url>
		<loc> https://geoconnex.us/cuahsi/his/SKC_Milltown/138 </loc>
		<lastmod> 2021-11-03 14:03:49.660663 </lastmod>
	</url><url>
		<loc> https://geoconnex.us/cuahsi/his/SKC_Milltown/139 </loc>
		<lastmod> 2021-11-03 14:03:49.660682 </lastmod>
	</url><url>
		<loc> https://geoconnex.us/cuahsi/his/SKC_Milltown/140 </loc>
		<lastmod> 2021-11-03 14:03:49.660701 </lastmod>
	</url><url>
		<loc> https://geoconnex.us/cuahsi/his/SKC_Milltown/141 </loc>
		<lastmod> 2021-11-03 14:03:49.660719 </lastmod>
	</url><url>
		<loc> https://geoconnex.us/cuahsi/his/SKC_Milltown/142 </loc>
		<lastmod> 2021-11-03 14:03:49.660738 </lastmod>
	</url><url>
		<loc> https://geoconnex.us/cuahsi/his/SKC_Milltown/143 </loc>
		<lastmod> 2021-11-03 14:03:49.660756 </lastmod>
	</url><url>
		<loc> https://geoconnex.us/cuahsi/his/SKC_Milltown/144 </loc>
		<lastmod> 2021-11-03 14:03:49.660775 </lastmod>
	</url><url>
		<loc> https://geoconnex.us/cuahsi/his/SKC_Milltown/145 </loc>
		<lastmod> 2021-11-03 14:03:49.660794 </lastmod>
	</url><url>
		<loc> https://geoconnex.us/cuahsi/his/SKC_Milltown/146 </loc>
		<lastmod> 2021-11-03 14:03:49.660812 </lastmod>
	</url><url>
		<loc> https://geoconnex.us/cuahsi/his/SKC_Milltown/147 </loc>
		<lastmod> 2021-11-03 14:03:49.660830 </lastmod>
	</url><url>
		<loc> https://geoconnex.us/cuahsi/his/SKC_Milltown/148 </loc>
		<lastmod> 2021-11-03 14:03:49.660865 </lastmod>
	</url><url>
		<loc> https://geoconnex.us/cuahsi/his/SKC_Milltown/149 </loc>
		<lastmod> 2021-11-03 14:03:49.660882 </lastmod>
	</url><url>
		<loc> https://geoconnex.us/cuahsi/his/SKC_Milltown/150 </loc>
		<lastmod> 2021-11-03 14:03:49.660900 </lastmod>
	</url><url>
		<loc> https://geoconnex.us/cuahsi/his/SKC_Milltown/151 </loc>
		<lastmod> 2021-11-03 14:03:49.660918 </lastmod>
	</url><url>
		<loc> https://geoconnex.us/cuahsi/his/SKC_Milltown/152 </loc>
		<lastmod> 2021-11-03 14:03:49.660936 </lastmod>
	</url><url>
		<loc> https://geoconnex.us/cuahsi/his/SKC_Milltown/153 </loc>
		<lastmod> 2021-11-03 14:03:49.660953 </lastmod>
	</url><url>
		<loc> https://geoconnex.us/cuahsi/his/SKC_Milltown/154 </loc>
		<lastmod> 2021-11-03 14:03:49.660990 </lastmod>
	</url><url>
		<loc> https://geoconnex.us/cuahsi/his/SKC_Milltown/155 </loc>
		<lastmod> 2021-11-03 14:03:49.661008 </lastmod>
	</url><url>
		<loc> https://geoconnex.us/cuahsi/his/SKC_Milltown/156 </loc>
		<lastmod> 2021-11-03 14:03:49.661049 </lastmod>
	</url><url>
		<loc> https://geoconnex.us/cuahsi/his/SKC_Milltown/157 </loc>
		<lastmod> 2021-11-03 14:03:49.661068 </lastmod>
	</url><url>
		<loc> https://geoconnex.us/cuahsi/his/SKC_Milltown/158 </loc>
		<lastmod> 2021-11-03 14:03:49.661087 </lastmod>
	</url><url>
		<loc> https://geoconnex.us/cuahsi/his/SKC_Milltown/159 </loc>
		<lastmod> 2021-11-03 14:03:49.661106 </lastmod>
	</url><url>
		<loc> https://geoconnex.us/cuahsi/his/SKC_Milltown/160 </loc>
		<lastmod> 2021-11-03 14:03:49.661125 </lastmod>
	</url><url>
		<loc> https://geoconnex.us/cuahsi/his/SKC_Milltown/161 </loc>
		<lastmod> 2021-11-03 14:03:49.661144 </lastmod>
	</url><url>
		<loc> https://geoconnex.us/cuahsi/his/SKC_Milltown/162 </loc>
		<lastmod> 2021-11-03 14:03:49.661163 </lastmod>
	</url><url>
		<loc> https://geoconnex.us/cuahsi/his/SKC_Milltown/163 </loc>
		<lastmod> 2021-11-03 14:03:49.661182 </lastmod>
	</url><url>
		<loc> https://geoconnex.us/cuahsi/his/SKC_Milltown/164 </loc>
		<lastmod> 2021-11-03 14:03:49.661201 </lastmod>
	</url><url>
		<loc> https://geoconnex.us/cuahsi/his/SKC_Milltown/165 </loc>
		<lastmod> 2021-11-03 14:03:49.661221 </lastmod>
	</url><url>
		<loc> https://geoconnex.us/cuahsi/his/SKC_Milltown/166 </loc>
		<lastmod> 2021-11-03 14:03:49.661240 </lastmod>
	</url><url>
		<loc> https://geoconnex.us/cuahsi/his/SKC_Milltown/167 </loc>
		<lastmod> 2021-11-03 14:03:49.661259 </lastmod>
	</url><url>
		<loc> https://geoconnex.us/cuahsi/his/SKC_Milltown/168 </loc>
		<lastmod> 2021-11-03 14:03:49.661277 </lastmod>
	</url><url>
		<loc> https://geoconnex.us/cuahsi/his/SKC_Milltown/169 </loc>
		<lastmod> 2021-11-03 14:03:49.661296 </lastmod>
	</url><url>
		<loc> https://geoconnex.us/cuahsi/his/SKC_Milltown/170 </loc>
		<lastmod> 2021-11-03 14:03:49.661315 </lastmod>
	</url><url>
		<loc> https://geoconnex.us/cuahsi/his/SKC_Milltown/171 </loc>
		<lastmod> 2021-11-03 14:03:49.661334 </lastmod>
	</url><url>
		<loc> https://geoconnex.us/cuahsi/his/SKC_Milltown/172 </loc>
		<lastmod> 2021-11-03 14:03:49.661353 </lastmod>
	</url><url>
		<loc> https://geoconnex.us/cuahsi/his/SKC_Milltown/173 </loc>
		<lastmod> 2021-11-03 14:03:49.661372 </lastmod>
	</url><url>
		<loc> https://geoconnex.us/cuahsi/his/SKC_Milltown/174 </loc>
		<lastmod> 2021-11-03 14:03:49.661406 </lastmod>
	</url><url>
		<loc> https://geoconnex.us/cuahsi/his/SKC_Milltown/175 </loc>
		<lastmod> 2021-11-03 14:03:49.661424 </lastmod>
	</url><url>
		<loc> https://geoconnex.us/cuahsi/his/SKC_Milltown/176 </loc>
		<lastmod> 2021-11-03 14:03:49.661442 </lastmod>
	</url><url>
		<loc> https://geoconnex.us/cuahsi/his/SKC_Milltown/177 </loc>
		<lastmod> 2021-11-03 14:03:49.661460 </lastmod>
	</url><url>
		<loc> https://geoconnex.us/cuahsi/his/SKC_Milltown/178 </loc>
		<lastmod> 2021-11-03 14:03:49.661478 </lastmod>
	</url><url>
		<loc> https://geoconnex.us/cuahsi/his/SKC_Milltown/179 </loc>
		<lastmod> 2021-11-03 14:03:49.661495 </lastmod>
	</url><url>
		<loc> https://geoconnex.us/cuahsi/his/SKC_Milltown/180 </loc>
		<lastmod> 2021-11-03 14:03:49.661513 </lastmod>
	</url><url>
		<loc> https://geoconnex.us/cuahsi/his/SKC_Milltown/181 </loc>
		<lastmod> 2021-11-03 14:03:49.661531 </lastmod>
	</url><url>
		<loc> https://geoconnex.us/cuahsi/his/SKC_Milltown/182 </loc>
		<lastmod> 2021-11-03 14:03:49.661549 </lastmod>
	</url><url>
		<loc> https://geoconnex.us/cuahsi/his/SKC_Milltown/183 </loc>
		<lastmod> 2021-11-03 14:03:49.661566 </lastmod>
	</url><url>
		<loc> https://geoconnex.us/cuahsi/his/SKC_Milltown/184 </loc>
		<lastmod> 2021-11-03 14:03:49.661584 </lastmod>
	</url><url>
		<loc> https://geoconnex.us/cuahsi/his/SKC_Milltown/185 </loc>
		<lastmod> 2021-11-03 14:03:49.661601 </lastmod>
	</url><url>
		<loc> https://geoconnex.us/cuahsi/his/SKC_Milltown/186 </loc>
		<lastmod> 2021-11-03 14:03:49.661620 </lastmod>
	</url><url>
		<loc> https://geoconnex.us/cuahsi/his/SKC_Milltown/187 </loc>
		<lastmod> 2021-11-03 14:03:49.661638 </lastmod>
	</url><url>
		<loc> https://geoconnex.us/cuahsi/his/SKC_Milltown/188 </loc>
		<lastmod> 2021-11-03 14:03:49.661656 </lastmod>
	</url><url>
		<loc> https://geoconnex.us/cuahsi/his/SKC_Milltown/189 </loc>
		<lastmod> 2021-11-03 14:03:49.661675 </lastmod>
	</url><url>
		<loc> https://geoconnex.us/cuahsi/his/SKC_Milltown/190 </loc>
		<lastmod> 2021-11-03 14:03:49.661693 </lastmod>
	</url><url>
		<loc> https://geoconnex.us/cuahsi/his/SKC_Milltown/191 </loc>
		<lastmod> 2021-11-03 14:03:49.661711 </lastmod>
	</url><url>
		<loc> https://geoconnex.us/cuahsi/his/SKC_Milltown/192 </loc>
		<lastmod> 2021-11-03 14:03:49.661729 </lastmod>
	</url><url>
		<loc> https://geoconnex.us/cuahsi/his/SKC_Milltown/193 </loc>
		<lastmod> 2021-11-03 14:03:49.661747 </lastmod>
	</url><url>
		<loc> https://geoconnex.us/cuahsi/his/SKC_Milltown/194 </loc>
		<lastmod> 2021-11-03 14:03:49.661765 </lastmod>
	</url><url>
		<loc> https://geoconnex.us/cuahsi/his/SKC_Milltown/195 </loc>
		<lastmod> 2021-11-03 14:03:49.661783 </lastmod>
	</url><url>
		<loc> https://geoconnex.us/cuahsi/his/SKC_Milltown/199 </loc>
		<lastmod> 2021-11-03 14:03:49.661800 </lastmod>
	</url><url>
		<loc> https://geoconnex.us/cuahsi/his/SKC_Milltown/202 </loc>
		<lastmod> 2021-11-03 14:03:49.661818 </lastmod>
	</url><url>
		<loc> https://geoconnex.us/cuahsi/his/SKC_Milltown/207 </loc>
		<lastmod> 2021-11-03 14:03:49.661836 </lastmod>
	</url><url>
		<loc> https://geoconnex.us/cuahsi/his/SKC_Milltown/208 </loc>
		<lastmod> 2021-11-03 14:03:49.661855 </lastmod>
	</url><url>
		<loc> https://geoconnex.us/cuahsi/his/SKC_Milltown/209 </loc>
		<lastmod> 2021-11-03 14:03:49.661873 </lastmod>
	</url><url>
		<loc> https://geoconnex.us/cuahsi/his/SKC_Milltown/210 </loc>
		<lastmod> 2021-11-03 14:03:49.661891 </lastmod>
	</url><url>
		<loc> https://geoconnex.us/cuahsi/his/SKC_Milltown/211 </loc>
		<lastmod> 2021-11-03 14:03:49.661909 </lastmod>
	</url><url>
		<loc> https://geoconnex.us/cuahsi/his/SKC_Milltown/212 </loc>
		<lastmod> 2021-11-03 14:03:49.661927 </lastmod>
	</url><url>
		<loc> https://geoconnex.us/cuahsi/his/SKC_Milltown/213 </loc>
		<lastmod> 2021-11-03 14:03:49.661946 </lastmod>
	</url><url>
		<loc> https://geoconnex.us/cuahsi/his/SKC_Milltown/214 </loc>
		<lastmod> 2021-11-03 14:03:49.661964 </lastmod>
	</url><url>
		<loc> https://geoconnex.us/cuahsi/his/SKC_Milltown/215 </loc>
		<lastmod> 2021-11-03 14:03:49.661982 </lastmod>
	</url><url>
		<loc> https://geoconnex.us/cuahsi/his/SKC_Milltown/216 </loc>
		<lastmod> 2021-11-03 14:03:49.661999 </lastmod>
	</url><url>
		<loc> https://geoconnex.us/cuahsi/his/SKC_Milltown/217 </loc>
		<lastmod> 2021-11-03 14:03:49.662018 </lastmod>
	</url><url>
		<loc> https://geoconnex.us/cuahsi/his/SKC_Milltown/218 </loc>
		<lastmod> 2021-11-03 14:03:49.662035 </lastmod>
	</url><url>
		<loc> https://geoconnex.us/cuahsi/his/SKC_Milltown/219 </loc>
		<lastmod> 2021-11-03 14:03:49.662053 </lastmod>
	</url><url>
		<loc> https://geoconnex.us/cuahsi/his/SKC_Milltown/220 </loc>
		<lastmod> 2021-11-03 14:03:49.662071 </lastmod>
	</url><url>
		<loc> https://geoconnex.us/cuahsi/his/SKC_Milltown/221 </loc>
		<lastmod> 2021-11-03 14:03:49.662089 </lastmod>
	</url><url>
		<loc> https://geoconnex.us/cuahsi/his/SKC_Milltown/222 </loc>
		<lastmod> 2021-11-03 14:03:49.662107 </lastmod>
	</url><url>
		<loc> https://geoconnex.us/cuahsi/his/SKC_Milltown/223 </loc>
		<lastmod> 2021-11-03 14:03:49.662124 </lastmod>
	</url><url>
		<loc> https://geoconnex.us/cuahsi/his/SKC_Milltown/224 </loc>
		<lastmod> 2021-11-03 14:03:49.662142 </lastmod>
	</url><url>
		<loc> https://geoconnex.us/cuahsi/his/SKC_Milltown/225 </loc>
		<lastmod> 2021-11-03 14:03:49.662160 </lastmod>
	</url><url>
		<loc> https://geoconnex.us/cuahsi/his/SKC_Milltown/226 </loc>
		<lastmod> 2021-11-03 14:03:49.662178 </lastmod>
	</url><url>
		<loc> https://geoconnex.us/cuahsi/his/SKC_Milltown/MD1 </loc>
		<lastmod> 2021-11-03 14:03:49.662197 </lastmod>
	</url><url>
		<loc> https://geoconnex.us/cuahsi/his/SKC_Milltown/MD2 </loc>
		<lastmod> 2021-11-03 14:03:49.662215 </lastmod>
	</url></ns0:urlset>