<?xml version='1.0' encoding='utf-8'?>
<ns0:urlset xmlns:ns0="http://www.sitemaps.org/schemas/sitemap/0.9">
<url>
		<loc> https://geoconnex.us/cuahsi/his/SCAN/2057_AL_SCAN </loc>
		<lastmod> 2023-06-08 18:46:28.682102 </lastmod>
	</url><url>
		<loc> https://geoconnex.us/cuahsi/his/SCAN/2092_KS_SCAN </loc>
		<lastmod> 2023-06-08 18:46:28.682180 </lastmod>
	</url><url>
		<loc> https://geoconnex.us/cuahsi/his/SCAN/2015_NM_SCAN </loc>
		<lastmod> 2023-06-08 18:46:28.682208 </lastmod>
	</url><url>
		<loc> https://geoconnex.us/cuahsi/his/SCAN/2172_NM_SCAN </loc>
		<lastmod> 2023-06-08 18:46:28.682230 </lastmod>
	</url><url>
		<loc> https://geoconnex.us/cuahsi/his/SCAN/2138_UT_SCAN </loc>
		<lastmod> 2023-06-08 18:46:28.682250 </lastmod>
	</url><url>
		<loc> https://geoconnex.us/cuahsi/his/SCAN/2076_TN_SCAN </loc>
		<lastmod> 2023-06-08 18:46:28.682289 </lastmod>
	</url><url>
		<loc> https://geoconnex.us/cuahsi/his/SCAN/2031_IA_SCAN </loc>
		<lastmod> 2023-06-08 18:46:28.682310 </lastmod>
	</url><url>
		<loc> https://geoconnex.us/cuahsi/his/SCAN/2065_AK_SCAN </loc>
		<lastmod> 2023-06-08 18:46:28.682354 </lastmod>
	</url><url>
		<loc> https://geoconnex.us/cuahsi/his/SCAN/2214_CA_SCAN </loc>
		<lastmod> 2023-06-08 18:46:28.682374 </lastmod>
	</url><url>
		<loc> https://geoconnex.us/cuahsi/his/SCAN/2032_MS_SCAN </loc>
		<lastmod> 2023-06-08 18:46:28.682394 </lastmod>
	</url><url>
		<loc> https://geoconnex.us/cuahsi/his/SCAN/2207_TX_SCAN </loc>
		<lastmod> 2023-06-08 18:46:28.682430 </lastmod>
	</url><url>
		<loc> https://geoconnex.us/cuahsi/his/SCAN/2135_UT_SCAN </loc>
		<lastmod> 2023-06-08 18:46:28.682483 </lastmod>
	</url><url>
		<loc> https://geoconnex.us/cuahsi/his/SCAN/2215_CA_SCAN </loc>
		<lastmod> 2023-06-08 18:46:28.682502 </lastmod>
	</url><url>
		<loc> https://geoconnex.us/cuahsi/his/SCAN/2067_PR_SCAN </loc>
		<lastmod> 2023-06-08 18:46:28.682521 </lastmod>
	</url><url>
		<loc> https://geoconnex.us/cuahsi/his/SCAN/2078_AL_SCAN </loc>
		<lastmod> 2023-06-08 18:46:28.682540 </lastmod>
	</url><url>
		<loc> https://geoconnex.us/cuahsi/his/SCAN/2177_AL_SCAN </loc>
		<lastmod> 2023-06-08 18:46:28.682560 </lastmod>
	</url><url>
		<loc> https://geoconnex.us/cuahsi/his/SCAN/2216_NV_SCAN </loc>
		<lastmod> 2023-06-08 18:46:28.682579 </lastmod>
	</url><url>
		<loc> https://geoconnex.us/cuahsi/his/SCAN/2151_UT_SCAN </loc>
		<lastmod> 2023-06-08 18:46:28.682599 </lastmod>
	</url><url>
		<loc> https://geoconnex.us/cuahsi/his/SCAN/2224_MO_SCAN </loc>
		<lastmod> 2023-06-08 18:46:28.682618 </lastmod>
	</url><url>
		<loc> https://geoconnex.us/cuahsi/his/SCAN/2006_TX_SCAN </loc>
		<lastmod> 2023-06-08 18:46:28.682637 </lastmod>
	</url><url>
		<loc> https://geoconnex.us/cuahsi/his/SCAN/2136_UT_SCAN </loc>
		<lastmod> 2023-06-08 18:46:28.682657 </lastmod>
	</url><url>
		<loc> https://geoconnex.us/cuahsi/his/SCAN/1232_AK_SCAN </loc>
		<lastmod> 2023-06-08 18:46:28.682676 </lastmod>
	</url><url>
		<loc> https://geoconnex.us/cuahsi/his/SCAN/2223_MO_SCAN </loc>
		<lastmod> 2023-06-08 18:46:28.682695 </lastmod>
	</url><url>
		<loc> https://geoconnex.us/cuahsi/his/SCAN/2161_UT_SCAN </loc>
		<lastmod> 2023-06-08 18:46:28.682736 </lastmod>
	</url><url>
		<loc> https://geoconnex.us/cuahsi/his/SCAN/2094_KS_SCAN </loc>
		<lastmod> 2023-06-08 18:46:28.682756 </lastmod>
	</url><url>
		<loc> https://geoconnex.us/cuahsi/his/SCAN/2145_NV_SCAN </loc>
		<lastmod> 2023-06-08 18:46:28.682775 </lastmod>
	</url><url>
		<loc> https://geoconnex.us/cuahsi/his/SCAN/2213_AK_SCAN </loc>
		<lastmod> 2023-06-08 18:46:28.682795 </lastmod>
	</url><url>
		<loc> https://geoconnex.us/cuahsi/his/SCAN/2150_UT_SCAN </loc>
		<lastmod> 2023-06-08 18:46:28.682815 </lastmod>
	</url><url>
		<loc> https://geoconnex.us/cuahsi/his/SCAN/2124_VI_SCAN </loc>
		<lastmod> 2023-06-08 18:46:28.682835 </lastmod>
	</url><url>
		<loc> https://geoconnex.us/cuahsi/his/SCAN/2125_UT_SCAN </loc>
		<lastmod> 2023-06-08 18:46:28.682855 </lastmod>
	</url><url>
		<loc> https://geoconnex.us/cuahsi/his/SCAN/2195_MO_SCAN </loc>
		<lastmod> 2023-06-08 18:46:28.682874 </lastmod>
	</url><url>
		<loc> https://geoconnex.us/cuahsi/his/SCAN/2189_CA_SCAN </loc>
		<lastmod> 2023-06-08 18:46:28.682894 </lastmod>
	</url><url>
		<loc> https://geoconnex.us/cuahsi/his/SCAN/2066_PR_SCAN </loc>
		<lastmod> 2023-06-08 18:46:28.682914 </lastmod>
	</url><url>
		<loc> https://geoconnex.us/cuahsi/his/SCAN/2117_MT_SCAN </loc>
		<lastmod> 2023-06-08 18:46:28.682933 </lastmod>
	</url><url>
		<loc> https://geoconnex.us/cuahsi/his/SCAN/2198_WA_SCAN </loc>
		<lastmod> 2023-06-08 18:46:28.682953 </lastmod>
	</url><url>
		<loc> https://geoconnex.us/cuahsi/his/SCAN/2188_PR_SCAN </loc>
		<lastmod> 2023-06-08 18:46:28.682973 </lastmod>
	</url><url>
		<loc> https://geoconnex.us/cuahsi/his/SCAN/2197_CO_SCAN </loc>
		<lastmod> 2023-06-08 18:46:28.682993 </lastmod>
	</url><url>
		<loc> https://geoconnex.us/cuahsi/his/SCAN/2002_MN_SCAN </loc>
		<lastmod> 2023-06-08 18:46:28.683013 </lastmod>
	</url><url>
		<loc> https://geoconnex.us/cuahsi/his/SCAN/2107_NM_SCAN </loc>
		<lastmod> 2023-06-08 18:46:28.683033 </lastmod>
	</url><url>
		<loc> https://geoconnex.us/cuahsi/his/SCAN/2113_AL_SCAN </loc>
		<lastmod> 2023-06-08 18:46:28.683053 </lastmod>
	</url><url>
		<loc> https://geoconnex.us/cuahsi/his/SCAN/2190_CA_SCAN </loc>
		<lastmod> 2023-06-08 18:46:28.683072 </lastmod>
	</url><url>
		<loc> https://geoconnex.us/cuahsi/his/SCAN/2174_AL_SCAN </loc>
		<lastmod> 2023-06-08 18:46:28.683092 </lastmod>
	</url><url>
		<loc> https://geoconnex.us/cuahsi/his/SCAN/2187_CA_SCAN </loc>
		<lastmod> 2023-06-08 18:46:28.683112 </lastmod>
	</url><url>
		<loc> https://geoconnex.us/cuahsi/his/SCAN/2183_CA_SCAN </loc>
		<lastmod> 2023-06-08 18:46:28.683132 </lastmod>
	</url><url>
		<loc> https://geoconnex.us/cuahsi/his/SCAN/2048_MO_SCAN </loc>
		<lastmod> 2023-06-08 18:46:28.683152 </lastmod>
	</url><url>
		<loc> https://geoconnex.us/cuahsi/his/SCAN/2191_CA_SCAN </loc>
		<lastmod> 2023-06-08 18:46:28.683172 </lastmod>
	</url><url>
		<loc> https://geoconnex.us/cuahsi/his/SCAN/2167_UT_SCAN </loc>
		<lastmod> 2023-06-08 18:46:28.683192 </lastmod>
	</url><url>
		<loc> https://geoconnex.us/cuahsi/his/SCAN/2192_CA_SCAN </loc>
		<lastmod> 2023-06-08 18:46:28.683212 </lastmod>
	</url><url>
		<loc> https://geoconnex.us/cuahsi/his/SCAN/2130_UT_SCAN </loc>
		<lastmod> 2023-06-08 18:46:28.683232 </lastmod>
	</url><url>
		<loc> https://geoconnex.us/cuahsi/his/SCAN/2077_TN_SCAN </loc>
		<lastmod> 2023-06-08 18:46:28.683253 </lastmod>
	</url><url>
		<loc> https://geoconnex.us/cuahsi/his/SCAN/2220_MO_SCAN </loc>
		<lastmod> 2023-06-08 18:46:28.683298 </lastmod>
	</url><url>
		<loc> https://geoconnex.us/cuahsi/his/SCAN/2128_UT_SCAN </loc>
		<lastmod> 2023-06-08 18:46:28.683319 </lastmod>
	</url><url>
		<loc> https://geoconnex.us/cuahsi/his/SCAN/2126_UT_SCAN </loc>
		<lastmod> 2023-06-08 18:46:28.683340 </lastmod>
	</url><url>
		<loc> https://geoconnex.us/cuahsi/his/SCAN/2072_SD_SCAN </loc>
		<lastmod> 2023-06-08 18:46:28.683361 </lastmod>
	</url><url>
		<loc> https://geoconnex.us/cuahsi/his/SCAN/2185_CA_SCAN </loc>
		<lastmod> 2023-06-08 18:46:28.683381 </lastmod>
	</url><url>
		<loc> https://geoconnex.us/cuahsi/his/SCAN/2051_FL_SCAN </loc>
		<lastmod> 2023-06-08 18:46:28.683402 </lastmod>
	</url><url>
		<loc> https://geoconnex.us/cuahsi/his/SCAN/2184_CA_SCAN </loc>
		<lastmod> 2023-06-08 18:46:28.683423 </lastmod>
	</url><url>
		<loc> https://geoconnex.us/cuahsi/his/SCAN/2019_MT_SCAN </loc>
		<lastmod> 2023-06-08 18:46:28.683444 </lastmod>
	</url><url>
		<loc> https://geoconnex.us/cuahsi/his/SCAN/2022_OK_SCAN </loc>
		<lastmod> 2023-06-08 18:46:28.683464 </lastmod>
	</url><url>
		<loc> https://geoconnex.us/cuahsi/his/SCAN/2122_PR_SCAN </loc>
		<lastmod> 2023-06-08 18:46:28.683485 </lastmod>
	</url><url>
		<loc> https://geoconnex.us/cuahsi/his/SCAN/2218_CA_SCAN </loc>
		<lastmod> 2023-06-08 18:46:28.683506 </lastmod>
	</url><url>
		<loc> https://geoconnex.us/cuahsi/his/SCAN/2011_NY_SCAN </loc>
		<lastmod> 2023-06-08 18:46:28.683527 </lastmod>
	</url><url>
		<loc> https://geoconnex.us/cuahsi/his/SCAN/2050_MN_SCAN </loc>
		<lastmod> 2023-06-08 18:46:28.683547 </lastmod>
	</url><url>
		<loc> https://geoconnex.us/cuahsi/his/SCAN/2024_MS_SCAN </loc>
		<lastmod> 2023-06-08 18:46:28.683567 </lastmod>
	</url><url>
		<loc> https://geoconnex.us/cuahsi/his/SCAN/2025_MS_SCAN </loc>
		<lastmod> 2023-06-08 18:46:28.683622 </lastmod>
	</url><url>
		<loc> https://geoconnex.us/cuahsi/his/SCAN/2165_UT_SCAN </loc>
		<lastmod> 2023-06-08 18:46:28.683662 </lastmod>
	</url><url>
		<loc> https://geoconnex.us/cuahsi/his/SCAN/2152_UT_SCAN </loc>
		<lastmod> 2023-06-08 18:46:28.683682 </lastmod>
	</url><url>
		<loc> https://geoconnex.us/cuahsi/his/SCAN/2131_UT_SCAN </loc>
		<lastmod> 2023-06-08 18:46:28.683726 </lastmod>
	</url><url>
		<loc> https://geoconnex.us/cuahsi/his/SCAN/2160_UT_SCAN </loc>
		<lastmod> 2023-06-08 18:46:28.683747 </lastmod>
	</url><url>
		<loc> https://geoconnex.us/cuahsi/his/SCAN/2045_PR_SCAN </loc>
		<lastmod> 2023-06-08 18:46:28.683768 </lastmod>
	</url><url>
		<loc> https://geoconnex.us/cuahsi/his/SCAN/2222_AK_SCAN </loc>
		<lastmod> 2023-06-08 18:46:28.683799 </lastmod>
	</url><url>
		<loc> https://geoconnex.us/cuahsi/his/SCAN/2164_UT_SCAN </loc>
		<lastmod> 2023-06-08 18:46:28.683820 </lastmod>
	</url><url>
		<loc> https://geoconnex.us/cuahsi/his/SCAN/2166_UT_SCAN </loc>
		<lastmod> 2023-06-08 18:46:28.683839 </lastmod>
	</url><url>
		<loc> https://geoconnex.us/cuahsi/his/SCAN/2143_NV_SCAN </loc>
		<lastmod> 2023-06-08 18:46:28.683861 </lastmod>
	</url><url>
		<loc> https://geoconnex.us/cuahsi/his/SCAN/2055_AL_SCAN </loc>
		<lastmod> 2023-06-08 18:46:28.683882 </lastmod>
	</url><url>
		<loc> https://geoconnex.us/cuahsi/his/SCAN/2127_UT_SCAN </loc>
		<lastmod> 2023-06-08 18:46:28.683903 </lastmod>
	</url><url>
		<loc> https://geoconnex.us/cuahsi/his/SCAN/2210_AK_SCAN </loc>
		<lastmod> 2023-06-08 18:46:28.683923 </lastmod>
	</url><url>
		<loc> https://geoconnex.us/cuahsi/his/SCAN/2069_NH_SCAN </loc>
		<lastmod> 2023-06-08 18:46:28.683944 </lastmod>
	</url><url>
		<loc> https://geoconnex.us/cuahsi/his/SCAN/2211_AK_SCAN </loc>
		<lastmod> 2023-06-08 18:46:28.683965 </lastmod>
	</url><url>
		<loc> https://geoconnex.us/cuahsi/his/SCAN/2052_PR_SCAN </loc>
		<lastmod> 2023-06-08 18:46:28.683985 </lastmod>
	</url><url>
		<loc> https://geoconnex.us/cuahsi/his/SCAN/2173_AL_SCAN </loc>
		<lastmod> 2023-06-08 18:46:28.684005 </lastmod>
	</url><url>
		<loc> https://geoconnex.us/cuahsi/his/SCAN/2100_HI_SCAN </loc>
		<lastmod> 2023-06-08 18:46:28.684025 </lastmod>
	</url><url>
		<loc> https://geoconnex.us/cuahsi/his/SCAN/2111_NE_SCAN </loc>
		<lastmod> 2023-06-08 18:46:28.684045 </lastmod>
	</url><url>
		<loc> https://geoconnex.us/cuahsi/his/SCAN/2121_MT_SCAN </loc>
		<lastmod> 2023-06-08 18:46:28.684066 </lastmod>
	</url><url>
		<loc> https://geoconnex.us/cuahsi/his/SCAN/2148_ID_SCAN </loc>
		<lastmod> 2023-06-08 18:46:28.684086 </lastmod>
	</url><url>
		<loc> https://geoconnex.us/cuahsi/his/SCAN/2168_NM_SCAN </loc>
		<lastmod> 2023-06-08 18:46:28.684106 </lastmod>
	</url><url>
		<loc> https://geoconnex.us/cuahsi/his/SCAN/2194_MO_SCAN </loc>
		<lastmod> 2023-06-08 18:46:28.684127 </lastmod>
	</url><url>
		<loc> https://geoconnex.us/cuahsi/his/SCAN/2096_HI_SCAN </loc>
		<lastmod> 2023-06-08 18:46:28.684148 </lastmod>
	</url><url>
		<loc> https://geoconnex.us/cuahsi/his/SCAN/2208_AK_SCAN </loc>
		<lastmod> 2023-06-08 18:46:28.684168 </lastmod>
	</url><url>
		<loc> https://geoconnex.us/cuahsi/his/SCAN/2212_AK_SCAN </loc>
		<lastmod> 2023-06-08 18:46:28.684189 </lastmod>
	</url><url>
		<loc> https://geoconnex.us/cuahsi/his/SCAN/2103_HI_SCAN </loc>
		<lastmod> 2023-06-08 18:46:28.684209 </lastmod>
	</url><url>
		<loc> https://geoconnex.us/cuahsi/his/SCAN/2206_TX_SCAN </loc>
		<lastmod> 2023-06-08 18:46:28.684230 </lastmod>
	</url><url>
		<loc> https://geoconnex.us/cuahsi/his/SCAN/2201_TX_SCAN </loc>
		<lastmod> 2023-06-08 18:46:28.684250 </lastmod>
	</url><url>
		<loc> https://geoconnex.us/cuahsi/his/SCAN/2180_AL_SCAN </loc>
		<lastmod> 2023-06-08 18:46:28.684270 </lastmod>
	</url><url>
		<loc> https://geoconnex.us/cuahsi/his/SCAN/2147_KS_SCAN </loc>
		<lastmod> 2023-06-08 18:46:28.684290 </lastmod>
	</url><url>
		<loc> https://geoconnex.us/cuahsi/his/SCAN/2097_HI_SCAN </loc>
		<lastmod> 2023-06-08 18:46:28.684310 </lastmod>
	</url><url>
		<loc> https://geoconnex.us/cuahsi/his/SCAN/2141_NV_SCAN </loc>
		<lastmod> 2023-06-08 18:46:28.684330 </lastmod>
	</url><url>
		<loc> https://geoconnex.us/cuahsi/his/SCAN/2106_TX_SCAN </loc>
		<lastmod> 2023-06-08 18:46:28.684350 </lastmod>
	</url><url>
		<loc> https://geoconnex.us/cuahsi/his/SCAN/2105_TX_SCAN </loc>
		<lastmod> 2023-06-08 18:46:28.684370 </lastmod>
	</url><url>
		<loc> https://geoconnex.us/cuahsi/his/SCAN/2021_WA_SCAN </loc>
		<lastmod> 2023-06-08 18:46:28.684390 </lastmod>
	</url><url>
		<loc> https://geoconnex.us/cuahsi/his/SCAN/581_MT_SCAN </loc>
		<lastmod> 2023-06-08 18:46:28.684410 </lastmod>
	</url><url>
		<loc> https://geoconnex.us/cuahsi/his/SCAN/2155_UT_SCAN </loc>
		<lastmod> 2023-06-08 18:46:28.684432 </lastmod>
	</url><url>
		<loc> https://geoconnex.us/cuahsi/his/SCAN/2027_GA_SCAN </loc>
		<lastmod> 2023-06-08 18:46:28.684452 </lastmod>
	</url><url>
		<loc> https://geoconnex.us/cuahsi/his/SCAN/2114_AL_SCAN </loc>
		<lastmod> 2023-06-08 18:46:28.684509 </lastmod>
	</url><url>
		<loc> https://geoconnex.us/cuahsi/his/SCAN/2169_NM_SCAN </loc>
		<lastmod> 2023-06-08 18:46:28.684529 </lastmod>
	</url><url>
		<loc> https://geoconnex.us/cuahsi/his/SCAN/2146_NV_SCAN </loc>
		<lastmod> 2023-06-08 18:46:28.684550 </lastmod>
	</url><url>
		<loc> https://geoconnex.us/cuahsi/his/SCAN/2116_NV_SCAN </loc>
		<lastmod> 2023-06-08 18:46:28.684570 </lastmod>
	</url><url>
		<loc> https://geoconnex.us/cuahsi/his/SCAN/1233_AK_SCAN </loc>
		<lastmod> 2023-06-08 18:46:28.684591 </lastmod>
	</url><url>
		<loc> https://geoconnex.us/cuahsi/his/SCAN/2042_VT_SCAN </loc>
		<lastmod> 2023-06-08 18:46:28.684613 </lastmod>
	</url><url>
		<loc> https://geoconnex.us/cuahsi/his/SCAN/2074_OR_SCAN </loc>
		<lastmod> 2023-06-08 18:46:28.684634 </lastmod>
	</url><url>
		<loc> https://geoconnex.us/cuahsi/his/SCAN/2028_PA_SCAN </loc>
		<lastmod> 2023-06-08 18:46:28.684654 </lastmod>
	</url><url>
		<loc> https://geoconnex.us/cuahsi/his/SCAN/2079_KY_SCAN </loc>
		<lastmod> 2023-06-08 18:46:28.684675 </lastmod>
	</url><url>
		<loc> https://geoconnex.us/cuahsi/his/SCAN/2102_HI_SCAN </loc>
		<lastmod> 2023-06-08 18:46:28.684695 </lastmod>
	</url><url>
		<loc> https://geoconnex.us/cuahsi/his/SCAN/2020_ND_SCAN </loc>
		<lastmod> 2023-06-08 18:46:28.684715 </lastmod>
	</url><url>
		<loc> https://geoconnex.us/cuahsi/his/SCAN/2156_UT_SCAN </loc>
		<lastmod> 2023-06-08 18:46:28.684736 </lastmod>
	</url><url>
		<loc> https://geoconnex.us/cuahsi/his/SCAN/2149_CA_SCAN </loc>
		<lastmod> 2023-06-08 18:46:28.684756 </lastmod>
	</url><url>
		<loc> https://geoconnex.us/cuahsi/his/SCAN/15_PR_SCAN </loc>
		<lastmod> 2023-06-08 18:46:28.684777 </lastmod>
	</url><url>
		<loc> https://geoconnex.us/cuahsi/his/SCAN/2225_MO_SCAN </loc>
		<lastmod> 2023-06-08 18:46:28.684798 </lastmod>
	</url><url>
		<loc> https://geoconnex.us/cuahsi/his/SCAN/2043_NH_SCAN </loc>
		<lastmod> 2023-06-08 18:46:28.684818 </lastmod>
	</url><url>
		<loc> https://geoconnex.us/cuahsi/his/SCAN/2004_IL_SCAN </loc>
		<lastmod> 2023-06-08 18:46:28.684838 </lastmod>
	</url><url>
		<loc> https://geoconnex.us/cuahsi/his/SCAN/2112_PR_SCAN </loc>
		<lastmod> 2023-06-08 18:46:28.684859 </lastmod>
	</url><url>
		<loc> https://geoconnex.us/cuahsi/his/SCAN/2110_MS_SCAN </loc>
		<lastmod> 2023-06-08 18:46:28.684879 </lastmod>
	</url><url>
		<loc> https://geoconnex.us/cuahsi/his/SCAN/2075_TN_SCAN </loc>
		<lastmod> 2023-06-08 18:46:28.684899 </lastmod>
	</url><url>
		<loc> https://geoconnex.us/cuahsi/his/SCAN/2140_UT_SCAN </loc>
		<lastmod> 2023-06-08 18:46:28.684919 </lastmod>
	</url><url>
		<loc> https://geoconnex.us/cuahsi/his/SCAN/2129_UT_SCAN </loc>
		<lastmod> 2023-06-08 18:46:28.684939 </lastmod>
	</url><url>
		<loc> https://geoconnex.us/cuahsi/his/SCAN/2119_MT_SCAN </loc>
		<lastmod> 2023-06-08 18:46:28.684959 </lastmod>
	</url><url>
		<loc> https://geoconnex.us/cuahsi/his/SCAN/2014_OH_SCAN </loc>
		<lastmod> 2023-06-08 18:46:28.684979 </lastmod>
	</url><url>
		<loc> https://geoconnex.us/cuahsi/his/SCAN/2217_CA_SCAN </loc>
		<lastmod> 2023-06-08 18:46:28.684999 </lastmod>
	</url><url>
		<loc> https://geoconnex.us/cuahsi/his/SCAN/2062_AK_SCAN </loc>
		<lastmod> 2023-06-08 18:46:28.685077 </lastmod>
	</url><url>
		<loc> https://geoconnex.us/cuahsi/his/SCAN/2133_UT_SCAN </loc>
		<lastmod> 2023-06-08 18:46:28.685100 </lastmod>
	</url><url>
		<loc> https://geoconnex.us/cuahsi/his/SCAN/2178_AL_SCAN </loc>
		<lastmod> 2023-06-08 18:46:28.685121 </lastmod>
	</url><url>
		<loc> https://geoconnex.us/cuahsi/his/SCAN/2041_VT_SCAN </loc>
		<lastmod> 2023-06-08 18:46:28.685141 </lastmod>
	</url><url>
		<loc> https://geoconnex.us/cuahsi/his/SCAN/2134_UT_SCAN </loc>
		<lastmod> 2023-06-08 18:46:28.685179 </lastmod>
	</url><url>
		<loc> https://geoconnex.us/cuahsi/his/SCAN/2060_MO_SCAN </loc>
		<lastmod> 2023-06-08 18:46:28.685199 </lastmod>
	</url><url>
		<loc> https://geoconnex.us/cuahsi/his/SCAN/2039_VA_SCAN </loc>
		<lastmod> 2023-06-08 18:46:28.685238 </lastmod>
	</url><url>
		<loc> https://geoconnex.us/cuahsi/his/SCAN/2228_TX_SCAN </loc>
		<lastmod> 2023-06-08 18:46:28.685258 </lastmod>
	</url><url>
		<loc> https://geoconnex.us/cuahsi/his/SCAN/2209_AK_SCAN </loc>
		<lastmod> 2023-06-08 18:46:28.685279 </lastmod>
	</url><url>
		<loc> https://geoconnex.us/cuahsi/his/SCAN/2081_AK_SCAN </loc>
		<lastmod> 2023-06-08 18:46:28.685300 </lastmod>
	</url><url>
		<loc> https://geoconnex.us/cuahsi/his/SCAN/2137_UT_SCAN </loc>
		<lastmod> 2023-06-08 18:46:28.685320 </lastmod>
	</url><url>
		<loc> https://geoconnex.us/cuahsi/his/SCAN/2087_MS_SCAN </loc>
		<lastmod> 2023-06-08 18:46:28.685341 </lastmod>
	</url><url>
		<loc> https://geoconnex.us/cuahsi/his/SCAN/2017_CO_SCAN </loc>
		<lastmod> 2023-06-08 18:46:28.685362 </lastmod>
	</url><url>
		<loc> https://geoconnex.us/cuahsi/his/SCAN/2033_MS_SCAN </loc>
		<lastmod> 2023-06-08 18:46:28.685382 </lastmod>
	</url><url>
		<loc> https://geoconnex.us/cuahsi/his/SCAN/674_ID_SCAN </loc>
		<lastmod> 2023-06-08 18:46:28.685403 </lastmod>
	</url><url>
		<loc> https://geoconnex.us/cuahsi/his/SCAN/2157_UT_SCAN </loc>
		<lastmod> 2023-06-08 18:46:28.687064 </lastmod>
	</url><url>
		<loc> https://geoconnex.us/cuahsi/his/SCAN/2153_UT_SCAN </loc>
		<lastmod> 2023-06-08 18:46:28.687117 </lastmod>
	</url><url>
		<loc> https://geoconnex.us/cuahsi/his/SCAN/2037_SC_SCAN </loc>
		<lastmod> 2023-06-08 18:46:28.687143 </lastmod>
	</url><url>
		<loc> https://geoconnex.us/cuahsi/his/SCAN/2181_AL_SCAN </loc>
		<lastmod> 2023-06-08 18:46:28.687165 </lastmod>
	</url><url>
		<loc> https://geoconnex.us/cuahsi/his/SCAN/2046_MS_SCAN </loc>
		<lastmod> 2023-06-08 18:46:28.687186 </lastmod>
	</url><url>
		<loc> https://geoconnex.us/cuahsi/his/SCAN/2093_KS_SCAN </loc>
		<lastmod> 2023-06-08 18:46:28.687207 </lastmod>
	</url><url>
		<loc> https://geoconnex.us/cuahsi/his/SCAN/2144_NV_SCAN </loc>
		<lastmod> 2023-06-08 18:46:28.687239 </lastmod>
	</url><url>
		<loc> https://geoconnex.us/cuahsi/his/SCAN/2049_MD_SCAN </loc>
		<lastmod> 2023-06-08 18:46:28.687260 </lastmod>
	</url><url>
		<loc> https://geoconnex.us/cuahsi/his/SCAN/2061_MO_SCAN </loc>
		<lastmod> 2023-06-08 18:46:28.687281 </lastmod>
	</url><url>
		<loc> https://geoconnex.us/cuahsi/his/SCAN/2016_TX_SCAN </loc>
		<lastmod> 2023-06-08 18:46:28.687301 </lastmod>
	</url><url>
		<loc> https://geoconnex.us/cuahsi/his/SCAN/2132_UT_SCAN </loc>
		<lastmod> 2023-06-08 18:46:28.687322 </lastmod>
	</url><url>
		<loc> https://geoconnex.us/cuahsi/his/SCAN/2005_KY_SCAN </loc>
		<lastmod> 2023-06-08 18:46:28.687343 </lastmod>
	</url><url>
		<loc> https://geoconnex.us/cuahsi/his/SCAN/2098_HI_SCAN </loc>
		<lastmod> 2023-06-08 18:46:28.687381 </lastmod>
	</url><url>
		<loc> https://geoconnex.us/cuahsi/his/SCAN/2104_TX_SCAN </loc>
		<lastmod> 2023-06-08 18:46:28.687401 </lastmod>
	</url><url>
		<loc> https://geoconnex.us/cuahsi/his/SCAN/2089_VA_SCAN </loc>
		<lastmod> 2023-06-08 18:46:28.687423 </lastmod>
	</url><url>
		<loc> https://geoconnex.us/cuahsi/his/SCAN/2199_TX_SCAN </loc>
		<lastmod> 2023-06-08 18:46:28.687445 </lastmod>
	</url><url>
		<loc> https://geoconnex.us/cuahsi/his/SCAN/2182_AL_SCAN </loc>
		<lastmod> 2023-06-08 18:46:28.687466 </lastmod>
	</url><url>
		<loc> https://geoconnex.us/cuahsi/his/SCAN/2036_PA_SCAN </loc>
		<lastmod> 2023-06-08 18:46:28.687487 </lastmod>
	</url><url>
		<loc> https://geoconnex.us/cuahsi/his/SCAN/2001_NE_SCAN </loc>
		<lastmod> 2023-06-08 18:46:28.687509 </lastmod>
	</url><url>
		<loc> https://geoconnex.us/cuahsi/his/SCAN/2229_NV_SCAN </loc>
		<lastmod> 2023-06-08 18:46:28.687530 </lastmod>
	</url><url>
		<loc> https://geoconnex.us/cuahsi/his/SCAN/2200_TX_SCAN </loc>
		<lastmod> 2023-06-08 18:46:28.687551 </lastmod>
	</url><url>
		<loc> https://geoconnex.us/cuahsi/his/SCAN/2159_UT_SCAN </loc>
		<lastmod> 2023-06-08 18:46:28.687593 </lastmod>
	</url><url>
		<loc> https://geoconnex.us/cuahsi/his/SCAN/2109_MS_SCAN </loc>
		<lastmod> 2023-06-08 18:46:28.687620 </lastmod>
	</url><url>
		<loc> https://geoconnex.us/cuahsi/his/SCAN/2193_MO_SCAN </loc>
		<lastmod> 2023-06-08 18:46:28.687642 </lastmod>
	</url><url>
		<loc> https://geoconnex.us/cuahsi/his/SCAN/2063_AK_SCAN </loc>
		<lastmod> 2023-06-08 18:46:28.687664 </lastmod>
	</url><url>
		<loc> https://geoconnex.us/cuahsi/his/SCAN/2070_MS_SCAN </loc>
		<lastmod> 2023-06-08 18:46:28.687686 </lastmod>
	</url><url>
		<loc> https://geoconnex.us/cuahsi/his/SCAN/2012_FL_SCAN </loc>
		<lastmod> 2023-06-08 18:46:28.687707 </lastmod>
	</url><url>
		<loc> https://geoconnex.us/cuahsi/his/SCAN/2176_AL_SCAN </loc>
		<lastmod> 2023-06-08 18:46:28.687728 </lastmod>
	</url><url>
		<loc> https://geoconnex.us/cuahsi/his/SCAN/2171_NM_SCAN </loc>
		<lastmod> 2023-06-08 18:46:28.687750 </lastmod>
	</url><url>
		<loc> https://geoconnex.us/cuahsi/his/SCAN/2186_CA_SCAN </loc>
		<lastmod> 2023-06-08 18:46:28.687771 </lastmod>
	</url><url>
		<loc> https://geoconnex.us/cuahsi/his/SCAN/2068_IA_SCAN </loc>
		<lastmod> 2023-06-08 18:46:28.687792 </lastmod>
	</url><url>
		<loc> https://geoconnex.us/cuahsi/his/SCAN/2227_MO_SCAN </loc>
		<lastmod> 2023-06-08 18:46:28.687815 </lastmod>
	</url><url>
		<loc> https://geoconnex.us/cuahsi/his/SCAN/2088_VA_SCAN </loc>
		<lastmod> 2023-06-08 18:46:28.687837 </lastmod>
	</url><url>
		<loc> https://geoconnex.us/cuahsi/his/SCAN/2120_MT_SCAN </loc>
		<lastmod> 2023-06-08 18:46:28.687858 </lastmod>
	</url><url>
		<loc> https://geoconnex.us/cuahsi/his/SCAN/2086_MS_SCAN </loc>
		<lastmod> 2023-06-08 18:46:28.687879 </lastmod>
	</url><url>
		<loc> https://geoconnex.us/cuahsi/his/SCAN/2101_HI_SCAN </loc>
		<lastmod> 2023-06-08 18:46:28.687900 </lastmod>
	</url><url>
		<loc> https://geoconnex.us/cuahsi/his/SCAN/2047_MO_SCAN </loc>
		<lastmod> 2023-06-08 18:46:28.687922 </lastmod>
	</url><url>
		<loc> https://geoconnex.us/cuahsi/his/SCAN/2154_UT_SCAN </loc>
		<lastmod> 2023-06-08 18:46:28.687944 </lastmod>
	</url><url>
		<loc> https://geoconnex.us/cuahsi/his/SCAN/2158_UT_SCAN </loc>
		<lastmod> 2023-06-08 18:46:28.687968 </lastmod>
	</url><url>
		<loc> https://geoconnex.us/cuahsi/his/SCAN/2044_AK_SCAN </loc>
		<lastmod> 2023-06-08 18:46:28.687989 </lastmod>
	</url><url>
		<loc> https://geoconnex.us/cuahsi/his/SCAN/2056_AL_SCAN </loc>
		<lastmod> 2023-06-08 18:46:28.688010 </lastmod>
	</url><url>
		<loc> https://geoconnex.us/cuahsi/his/SCAN/2064_MS_SCAN </loc>
		<lastmod> 2023-06-08 18:46:28.688031 </lastmod>
	</url><url>
		<loc> https://geoconnex.us/cuahsi/his/SCAN/2203_TX_SCAN </loc>
		<lastmod> 2023-06-08 18:46:28.688053 </lastmod>
	</url><url>
		<loc> https://geoconnex.us/cuahsi/his/SCAN/2219_CA_SCAN </loc>
		<lastmod> 2023-06-08 18:46:28.688156 </lastmod>
	</url><url>
		<loc> https://geoconnex.us/cuahsi/his/SCAN/2179_AL_SCAN </loc>
		<lastmod> 2023-06-08 18:46:28.688188 </lastmod>
	</url><url>
		<loc> https://geoconnex.us/cuahsi/his/SCAN/2073_OH_SCAN </loc>
		<lastmod> 2023-06-08 18:46:28.688212 </lastmod>
	</url><url>
		<loc> https://geoconnex.us/cuahsi/his/SCAN/808_MT_SCAN </loc>
		<lastmod> 2023-06-08 18:46:28.688233 </lastmod>
	</url><url>
		<loc> https://geoconnex.us/cuahsi/his/SCAN/2008_NC_SCAN </loc>
		<lastmod> 2023-06-08 18:46:28.688266 </lastmod>
	</url><url>
		<loc> https://geoconnex.us/cuahsi/his/SCAN/2040_VA_SCAN </loc>
		<lastmod> 2023-06-08 18:46:28.688287 </lastmod>
	</url><url>
		<loc> https://geoconnex.us/cuahsi/his/SCAN/2082_MS_SCAN </loc>
		<lastmod> 2023-06-08 18:46:28.688309 </lastmod>
	</url><url>
		<loc> https://geoconnex.us/cuahsi/his/SCAN/2080_AK_SCAN </loc>
		<lastmod> 2023-06-08 18:46:28.688330 </lastmod>
	</url><url>
		<loc> https://geoconnex.us/cuahsi/his/SCAN/2018_WY_SCAN </loc>
		<lastmod> 2023-06-08 18:46:28.688359 </lastmod>
	</url><url>
		<loc> https://geoconnex.us/cuahsi/his/SCAN/2142_NV_SCAN </loc>
		<lastmod> 2023-06-08 18:46:28.688380 </lastmod>
	</url><url>
		<loc> https://geoconnex.us/cuahsi/his/SCAN/2163_UT_SCAN </loc>
		<lastmod> 2023-06-08 18:46:28.688402 </lastmod>
	</url><url>
		<loc> https://geoconnex.us/cuahsi/his/SCAN/2034_MS_SCAN </loc>
		<lastmod> 2023-06-08 18:46:28.688423 </lastmod>
	</url><url>
		<loc> https://geoconnex.us/cuahsi/his/SCAN/2115_AL_SCAN </loc>
		<lastmod> 2023-06-08 18:46:28.688452 </lastmod>
	</url><url>
		<loc> https://geoconnex.us/cuahsi/his/SCAN/2226_MO_SCAN </loc>
		<lastmod> 2023-06-08 18:46:28.688473 </lastmod>
	</url><url>
		<loc> https://geoconnex.us/cuahsi/his/SCAN/2083_AR_SCAN </loc>
		<lastmod> 2023-06-08 18:46:28.688495 </lastmod>
	</url><url>
		<loc> https://geoconnex.us/cuahsi/his/SCAN/2091_AR_SCAN </loc>
		<lastmod> 2023-06-08 18:46:28.688516 </lastmod>
	</url><url>
		<loc> https://geoconnex.us/cuahsi/his/SCAN/2090_AR_SCAN </loc>
		<lastmod> 2023-06-08 18:46:28.688538 </lastmod>
	</url><url>
		<loc> https://geoconnex.us/cuahsi/his/SCAN/2085_AR_SCAN </loc>
		<lastmod> 2023-06-08 18:46:28.688559 </lastmod>
	</url><url>
		<loc> https://geoconnex.us/cuahsi/his/SCAN/2030_AR_SCAN </loc>
		<lastmod> 2023-06-08 18:46:28.688579 </lastmod>
	</url><url>
		<loc> https://geoconnex.us/cuahsi/his/SCAN/2084_AR_SCAN </loc>
		<lastmod> 2023-06-08 18:46:28.688600 </lastmod>
	</url><url>
		<loc> https://geoconnex.us/cuahsi/his/SCAN/2221_AK_SCAN </loc>
		<lastmod> 2023-06-08 18:46:28.688621 </lastmod>
	</url><url>
		<loc> https://geoconnex.us/cuahsi/his/SCAN/2123_VI_SCAN </loc>
		<lastmod> 2023-06-08 18:46:28.688642 </lastmod>
	</url><url>
		<loc> https://geoconnex.us/cuahsi/his/SCAN/2204_TX_SCAN </loc>
		<lastmod> 2023-06-08 18:46:28.688663 </lastmod>
	</url><url>
		<loc> https://geoconnex.us/cuahsi/his/SCAN/2196_WI_SCAN </loc>
		<lastmod> 2023-06-08 18:46:28.688684 </lastmod>
	</url><url>
		<loc> https://geoconnex.us/cuahsi/his/SCAN/2035_MS_SCAN </loc>
		<lastmod> 2023-06-08 18:46:28.688705 </lastmod>
	</url><url>
		<loc> https://geoconnex.us/cuahsi/his/SCAN/2162_UT_SCAN </loc>
		<lastmod> 2023-06-08 18:46:28.688725 </lastmod>
	</url><url>
		<loc> https://geoconnex.us/cuahsi/his/SCAN/2202_TX_SCAN </loc>
		<lastmod> 2023-06-08 18:46:28.688747 </lastmod>
	</url><url>
		<loc> https://geoconnex.us/cuahsi/his/SCAN/2118_MT_SCAN </loc>
		<lastmod> 2023-06-08 18:46:28.688768 </lastmod>
	</url><url>
		<loc> https://geoconnex.us/cuahsi/his/SCAN/2003_WI_SCAN </loc>
		<lastmod> 2023-06-08 18:46:28.688796 </lastmod>
	</url><url>
		<loc> https://geoconnex.us/cuahsi/his/SCAN/2099_HI_SCAN </loc>
		<lastmod> 2023-06-08 18:46:28.688817 </lastmod>
	</url><url>
		<loc> https://geoconnex.us/cuahsi/his/SCAN/2009_FL_SCAN </loc>
		<lastmod> 2023-06-08 18:46:28.688838 </lastmod>
	</url><url>
		<loc> https://geoconnex.us/cuahsi/his/SCAN/2026_AZ_SCAN </loc>
		<lastmod> 2023-06-08 18:46:28.688859 </lastmod>
	</url><url>
		<loc> https://geoconnex.us/cuahsi/his/SCAN/2013_GA_SCAN </loc>
		<lastmod> 2023-06-08 18:46:28.688881 </lastmod>
	</url><url>
		<loc> https://geoconnex.us/cuahsi/his/SCAN/1234_AK_SCAN </loc>
		<lastmod> 2023-06-08 18:46:28.688902 </lastmod>
	</url><url>
		<loc> https://geoconnex.us/cuahsi/his/SCAN/2175_AL_SCAN </loc>
		<lastmod> 2023-06-08 18:46:28.688937 </lastmod>
	</url><url>
		<loc> https://geoconnex.us/cuahsi/his/SCAN/2205_TX_SCAN </loc>
		<lastmod> 2023-06-08 18:46:28.688958 </lastmod>
	</url><url>
		<loc> https://geoconnex.us/cuahsi/his/SCAN/2139_UT_SCAN </loc>
		<lastmod> 2023-06-08 18:46:28.688979 </lastmod>
	</url><url>
		<loc> https://geoconnex.us/cuahsi/his/SCAN/2108_NM_SCAN </loc>
		<lastmod> 2023-06-08 18:46:28.689025 </lastmod>
	</url><url>
		<loc> https://geoconnex.us/cuahsi/his/SCAN/2053_AL_SCAN </loc>
		<lastmod> 2023-06-08 18:46:28.689046 </lastmod>
	</url><url>
		<loc> https://geoconnex.us/cuahsi/his/SCAN/2038_SC_SCAN </loc>
		<lastmod> 2023-06-08 18:46:28.689085 </lastmod>
	</url></ns0:urlset>