<ns0:urlset xmlns:ns0="http://www.sitemaps.org/schemas/sitemap/0.9">
<url>
		<loc> https://geoconnex.us/cuahsi/his/GlacialRidge/1 </loc>
		<lastmod> 2021-11-01 19:26:46.719569 </lastmod>
	</url><url>
		<loc> https://geoconnex.us/cuahsi/his/GlacialRidge/10 </loc>
		<lastmod> 2021-11-01 19:26:46.719644 </lastmod>
	</url><url>
		<loc> https://geoconnex.us/cuahsi/his/GlacialRidge/11 </loc>
		<lastmod> 2021-11-01 19:26:46.719670 </lastmod>
	</url><url>
		<loc> https://geoconnex.us/cuahsi/his/GlacialRidge/12 </loc>
		<lastmod> 2021-11-01 19:26:46.719691 </lastmod>
	</url><url>
		<loc> https://geoconnex.us/cuahsi/his/GlacialRidge/13 </loc>
		<lastmod> 2021-11-01 19:26:46.719710 </lastmod>
	</url><url>
		<loc> https://geoconnex.us/cuahsi/his/GlacialRidge/14 </loc>
		<lastmod> 2021-11-01 19:26:46.719727 </lastmod>
	</url><url>
		<loc> https://geoconnex.us/cuahsi/his/GlacialRidge/15 </loc>
		<lastmod> 2021-11-01 19:26:46.719745 </lastmod>
	</url><url>
		<loc> https://geoconnex.us/cuahsi/his/GlacialRidge/16 </loc>
		<lastmod> 2021-11-01 19:26:46.719762 </lastmod>
	</url><url>
		<loc> https://geoconnex.us/cuahsi/his/GlacialRidge/17 </loc>
		<lastmod> 2021-11-01 19:26:46.719795 </lastmod>
	</url><url>
		<loc> https://geoconnex.us/cuahsi/his/GlacialRidge/18 </loc>
		<lastmod> 2021-11-01 19:26:46.719812 </lastmod>
	</url><url>
		<loc> https://geoconnex.us/cuahsi/his/GlacialRidge/19 </loc>
		<lastmod> 2021-11-01 19:26:46.719828 </lastmod>
	</url><url>
		<loc> https://geoconnex.us/cuahsi/his/GlacialRidge/2 </loc>
		<lastmod> 2021-11-01 19:26:46.719845 </lastmod>
	</url><url>
		<loc> https://geoconnex.us/cuahsi/his/GlacialRidge/20 </loc>
		<lastmod> 2021-11-01 19:26:46.719861 </lastmod>
	</url><url>
		<loc> https://geoconnex.us/cuahsi/his/GlacialRidge/21 </loc>
		<lastmod> 2021-11-01 19:26:46.719878 </lastmod>
	</url><url>
		<loc> https://geoconnex.us/cuahsi/his/GlacialRidge/22 </loc>
		<lastmod> 2021-11-01 19:26:46.719894 </lastmod>
	</url><url>
		<loc> https://geoconnex.us/cuahsi/his/GlacialRidge/3 </loc>
		<lastmod> 2021-11-01 19:26:46.719910 </lastmod>
	</url><url>
		<loc> https://geoconnex.us/cuahsi/his/GlacialRidge/4 </loc>
		<lastmod> 2021-11-01 19:26:46.719927 </lastmod>
	</url><url>
		<loc> https://geoconnex.us/cuahsi/his/GlacialRidge/5 </loc>
		<lastmod> 2021-11-01 19:26:46.719960 </lastmod>
	</url><url>
		<loc> https://geoconnex.us/cuahsi/his/GlacialRidge/6 </loc>
		<lastmod> 2021-11-01 19:26:46.719977 </lastmod>
	</url><url>
		<loc> https://geoconnex.us/cuahsi/his/GlacialRidge/7 </loc>
		<lastmod> 2021-11-01 19:26:46.720011 </lastmod>
	</url><url>
		<loc> https://geoconnex.us/cuahsi/his/GlacialRidge/8 </loc>
		<lastmod> 2021-11-01 19:26:46.720028 </lastmod>
	</url><url>
		<loc> https://geoconnex.us/cuahsi/his/GlacialRidge/9 </loc>
		<lastmod> 2021-11-01 19:26:46.720045 </lastmod>
	</url></ns0:urlset>