<?xml version='1.0' encoding='utf-8'?>
<ns0:urlset xmlns:ns0="http://www.sitemaps.org/schemas/sitemap/0.9">
<url>
		<loc> https://geoconnex.us/cuahsi/his/UMBCWQ/DR5 </loc>
		<lastmod> 2022-01-11 21:14:53.659804 </lastmod>
	</url><url>
		<loc> https://geoconnex.us/cuahsi/his/UMBCWQ/DR5.015m </loc>
		<lastmod> 2022-01-11 21:14:53.659845 </lastmod>
	</url><url>
		<loc> https://geoconnex.us/cuahsi/his/UMBCWQ/DR5.108m </loc>
		<lastmod> 2022-01-11 21:14:53.659873 </lastmod>
	</url><url>
		<loc> https://geoconnex.us/cuahsi/his/UMBCWQ/DR5.190m </loc>
		<lastmod> 2022-01-11 21:14:53.659895 </lastmod>
	</url><url>
		<loc> https://geoconnex.us/cuahsi/his/UMBCWQ/DR5.231m </loc>
		<lastmod> 2022-01-11 21:14:53.659916 </lastmod>
	</url><url>
		<loc> https://geoconnex.us/cuahsi/his/UMBCWQ/DR5.382m </loc>
		<lastmod> 2022-01-11 21:14:53.659936 </lastmod>
	</url><url>
		<loc> https://geoconnex.us/cuahsi/his/UMBCWQ/DR5.514m </loc>
		<lastmod> 2022-01-11 21:14:53.659957 </lastmod>
	</url><url>
		<loc> https://geoconnex.us/cuahsi/his/UMBCWQ/DR5.582m </loc>
		<lastmod> 2022-01-11 21:14:53.659977 </lastmod>
	</url><url>
		<loc> https://geoconnex.us/cuahsi/his/UMBCWQ/DR5.786m </loc>
		<lastmod> 2022-01-11 21:14:53.659996 </lastmod>
	</url><url>
		<loc> https://geoconnex.us/cuahsi/his/UMBCWQ/DR5.893m </loc>
		<lastmod> 2022-01-11 21:14:53.660015 </lastmod>
	</url><url>
		<loc> https://geoconnex.us/cuahsi/his/UMBCWQ/DR5.902m </loc>
		<lastmod> 2022-01-11 21:14:53.660035 </lastmod>
	</url><url>
		<loc> https://geoconnex.us/cuahsi/his/UMBCWQ/DR2 </loc>
		<lastmod> 2022-01-11 21:14:53.660054 </lastmod>
	</url><url>
		<loc> https://geoconnex.us/cuahsi/his/UMBCWQ/DR3 </loc>
		<lastmod> 2022-01-11 21:14:53.660073 </lastmod>
	</url><url>
		<loc> https://geoconnex.us/cuahsi/his/UMBCWQ/DR4 </loc>
		<lastmod> 2022-01-11 21:14:53.660092 </lastmod>
	</url><url>
		<loc> https://geoconnex.us/cuahsi/his/UMBCWQ/DRKR </loc>
		<lastmod> 2022-01-11 21:14:53.660110 </lastmod>
	</url><url>
		<loc> https://geoconnex.us/cuahsi/his/UMBCWQ/DR1 </loc>
		<lastmod> 2022-01-11 21:14:53.660129 </lastmod>
	</url></ns0:urlset>