<?xml version='1.0' encoding='utf-8'?>
<ns0:urlset xmlns:ns0="http://www.sitemaps.org/schemas/sitemap/0.9">
<url>
		<loc> https://geoconnex.us/cuahsi/his/MAAERI/site1 </loc>
		<lastmod> 2022-05-19 20:23:28.836908 </lastmod>
	</url><url>
		<loc> https://geoconnex.us/cuahsi/his/MAAERI/site2 </loc>
		<lastmod> 2022-05-19 20:23:28.836940 </lastmod>
	</url><url>
		<loc> https://geoconnex.us/cuahsi/his/MAAERI/site3 </loc>
		<lastmod> 2022-05-19 20:23:28.836960 </lastmod>
	</url><url>
		<loc> https://geoconnex.us/cuahsi/his/MAAERI/site4 </loc>
		<lastmod> 2022-05-19 20:23:28.836976 </lastmod>
	</url><url>
		<loc> https://geoconnex.us/cuahsi/his/MAAERI/site5 </loc>
		<lastmod> 2022-05-19 20:23:28.836991 </lastmod>
	</url><url>
		<loc> https://geoconnex.us/cuahsi/his/MAAERI/site6 </loc>
		<lastmod> 2022-05-19 20:23:28.837006 </lastmod>
	</url><url>
		<loc> https://geoconnex.us/cuahsi/his/MAAERI/site7 </loc>
		<lastmod> 2022-05-19 20:23:28.837020 </lastmod>
	</url><url>
		<loc> https://geoconnex.us/cuahsi/his/MAAERI/site8 </loc>
		<lastmod> 2022-05-19 20:23:28.837034 </lastmod>
	</url><url>
		<loc> https://geoconnex.us/cuahsi/his/MAAERI/site9 </loc>
		<lastmod> 2022-05-19 20:23:28.837048 </lastmod>
	</url><url>
		<loc> https://geoconnex.us/cuahsi/his/MAAERI/site10 </loc>
		<lastmod> 2022-05-19 20:23:28.837063 </lastmod>
	</url><url>
		<loc> https://geoconnex.us/cuahsi/his/MAAERI/site11 </loc>
		<lastmod> 2022-05-19 20:23:28.837077 </lastmod>
	</url><url>
		<loc> https://geoconnex.us/cuahsi/his/MAAERI/site12 </loc>
		<lastmod> 2022-05-19 20:23:28.837091 </lastmod>
	</url><url>
		<loc> https://geoconnex.us/cuahsi/his/MAAERI/site16 </loc>
		<lastmod> 2022-05-19 20:23:28.837105 </lastmod>
	</url><url>
		<loc> https://geoconnex.us/cuahsi/his/MAAERI/site17 </loc>
		<lastmod> 2022-05-19 20:23:28.837119 </lastmod>
	</url><url>
		<loc> https://geoconnex.us/cuahsi/his/MAAERI/site18 </loc>
		<lastmod> 2022-05-19 20:23:28.837132 </lastmod>
	</url><url>
		<loc> https://geoconnex.us/cuahsi/his/MAAERI/site13 </loc>
		<lastmod> 2022-05-19 20:23:28.837145 </lastmod>
	</url><url>
		<loc> https://geoconnex.us/cuahsi/his/MAAERI/site14 </loc>
		<lastmod> 2022-05-19 20:23:28.837159 </lastmod>
	</url><url>
		<loc> https://geoconnex.us/cuahsi/his/MAAERI/site15 </loc>
		<lastmod> 2022-05-19 20:23:28.837173 </lastmod>
	</url><url>
		<loc> https://geoconnex.us/cuahsi/his/MAAERI/site25 </loc>
		<lastmod> 2022-05-19 20:23:28.837186 </lastmod>
	</url><url>
		<loc> https://geoconnex.us/cuahsi/his/MAAERI/site26 </loc>
		<lastmod> 2022-05-19 20:23:28.837199 </lastmod>
	</url><url>
		<loc> https://geoconnex.us/cuahsi/his/MAAERI/site27 </loc>
		<lastmod> 2022-05-19 20:23:28.837212 </lastmod>
	</url><url>
		<loc> https://geoconnex.us/cuahsi/his/MAAERI/site28 </loc>
		<lastmod> 2022-05-19 20:23:28.837230 </lastmod>
	</url><url>
		<loc> https://geoconnex.us/cuahsi/his/MAAERI/site30 </loc>
		<lastmod> 2022-05-19 20:23:28.837244 </lastmod>
	</url><url>
		<loc> https://geoconnex.us/cuahsi/his/MAAERI/site31 </loc>
		<lastmod> 2022-05-19 20:23:28.837257 </lastmod>
	</url><url>
		<loc> https://geoconnex.us/cuahsi/his/MAAERI/site32 </loc>
		<lastmod> 2022-05-19 20:23:28.837270 </lastmod>
	</url><url>
		<loc> https://geoconnex.us/cuahsi/his/MAAERI/site33 </loc>
		<lastmod> 2022-05-19 20:23:28.837283 </lastmod>
	</url><url>
		<loc> https://geoconnex.us/cuahsi/his/MAAERI/site34 </loc>
		<lastmod> 2022-05-19 20:23:28.837297 </lastmod>
	</url><url>
		<loc> https://geoconnex.us/cuahsi/his/MAAERI/site19 </loc>
		<lastmod> 2022-05-19 20:23:28.837311 </lastmod>
	</url><url>
		<loc> https://geoconnex.us/cuahsi/his/MAAERI/site20 </loc>
		<lastmod> 2022-05-19 20:23:28.837324 </lastmod>
	</url><url>
		<loc> https://geoconnex.us/cuahsi/his/MAAERI/site21 </loc>
		<lastmod> 2022-05-19 20:23:28.837337 </lastmod>
	</url><url>
		<loc> https://geoconnex.us/cuahsi/his/MAAERI/site22 </loc>
		<lastmod> 2022-05-19 20:23:28.837350 </lastmod>
	</url><url>
		<loc> https://geoconnex.us/cuahsi/his/MAAERI/site23 </loc>
		<lastmod> 2022-05-19 20:23:28.837364 </lastmod>
	</url><url>
		<loc> https://geoconnex.us/cuahsi/his/MAAERI/site24 </loc>
		<lastmod> 2022-05-19 20:23:28.837377 </lastmod>
	</url></ns0:urlset>