<?xml version='1.0' encoding='utf-8'?>
<ns0:urlset xmlns:ns0="http://www.sitemaps.org/schemas/sitemap/0.9">
<url>
		<loc> https://geoconnex.us/cuahsi/his/NashRWA/BR1039 </loc>
		<lastmod> 2022-04-08 18:12:11.125640 </lastmod>
	</url><url>
		<loc> https://geoconnex.us/cuahsi/his/NashRWA/CT0195 </loc>
		<lastmod> 2022-04-08 18:12:11.125669 </lastmod>
	</url><url>
		<loc> https://geoconnex.us/cuahsi/his/NashRWA/CT0425 </loc>
		<lastmod> 2022-04-08 18:12:11.125687 </lastmod>
	</url><url>
		<loc> https://geoconnex.us/cuahsi/his/NashRWA/FT0380 </loc>
		<lastmod> 2022-04-08 18:12:11.125701 </lastmod>
	</url><url>
		<loc> https://geoconnex.us/cuahsi/his/NashRWA/GB0312 </loc>
		<lastmod> 2022-04-08 18:12:11.125715 </lastmod>
	</url><url>
		<loc> https://geoconnex.us/cuahsi/his/NashRWA/JB0121 </loc>
		<lastmod> 2022-04-08 18:12:11.125730 </lastmod>
	</url><url>
		<loc> https://geoconnex.us/cuahsi/his/NashRWA/JB0583 </loc>
		<lastmod> 2022-04-08 18:12:11.125744 </lastmod>
	</url><url>
		<loc> https://geoconnex.us/cuahsi/his/NashRWA/MN0009 </loc>
		<lastmod> 2022-04-08 18:12:11.125758 </lastmod>
	</url><url>
		<loc> https://geoconnex.us/cuahsi/his/NashRWA/MN0223 </loc>
		<lastmod> 2022-04-08 18:12:11.125772 </lastmod>
	</url><url>
		<loc> https://geoconnex.us/cuahsi/his/NashRWA/MN0419 </loc>
		<lastmod> 2022-04-08 18:12:11.125785 </lastmod>
	</url><url>
		<loc> https://geoconnex.us/cuahsi/his/NashRWA/MN0520 </loc>
		<lastmod> 2022-04-08 18:12:11.125799 </lastmod>
	</url><url>
		<loc> https://geoconnex.us/cuahsi/his/NashRWA/MU0647 </loc>
		<lastmod> 2022-04-08 18:12:11.125813 </lastmod>
	</url><url>
		<loc> https://geoconnex.us/cuahsi/his/NashRWA/MU2011 </loc>
		<lastmod> 2022-04-08 18:12:11.125827 </lastmod>
	</url><url>
		<loc> https://geoconnex.us/cuahsi/his/NashRWA/NB0006 </loc>
		<lastmod> 2022-04-08 18:12:11.125841 </lastmod>
	</url><url>
		<loc> https://geoconnex.us/cuahsi/his/NashRWA/NM0121 </loc>
		<lastmod> 2022-04-08 18:12:11.125855 </lastmod>
	</url><url>
		<loc> https://geoconnex.us/cuahsi/his/NashRWA/NM0875 </loc>
		<lastmod> 2022-04-08 18:12:11.125868 </lastmod>
	</url><url>
		<loc> https://geoconnex.us/cuahsi/his/NashRWA/NM1567 </loc>
		<lastmod> 2022-04-08 18:12:11.125883 </lastmod>
	</url><url>
		<loc> https://geoconnex.us/cuahsi/his/NashRWA/NM2256 </loc>
		<lastmod> 2022-04-08 18:12:11.125896 </lastmod>
	</url><url>
		<loc> https://geoconnex.us/cuahsi/his/NashRWA/NM2443B </loc>
		<lastmod> 2022-04-08 18:12:11.125910 </lastmod>
	</url><url>
		<loc> https://geoconnex.us/cuahsi/his/NashRWA/NM2928 </loc>
		<lastmod> 2022-04-08 18:12:11.125924 </lastmod>
	</url><url>
		<loc> https://geoconnex.us/cuahsi/his/NashRWA/NM4201 </loc>
		<lastmod> 2022-04-08 18:12:11.125938 </lastmod>
	</url><url>
		<loc> https://geoconnex.us/cuahsi/his/NashRWA/NM5837 </loc>
		<lastmod> 2022-04-08 18:12:11.125952 </lastmod>
	</url><url>
		<loc> https://geoconnex.us/cuahsi/his/NashRWA/NN0049 </loc>
		<lastmod> 2022-04-08 18:12:11.125966 </lastmod>
	</url><url>
		<loc> https://geoconnex.us/cuahsi/his/NashRWA/NN0426 </loc>
		<lastmod> 2022-04-08 18:12:11.125980 </lastmod>
	</url><url>
		<loc> https://geoconnex.us/cuahsi/his/NashRWA/NN1194 </loc>
		<lastmod> 2022-04-08 18:12:11.125993 </lastmod>
	</url><url>
		<loc> https://geoconnex.us/cuahsi/his/NashRWA/NN1905 </loc>
		<lastmod> 2022-04-08 18:12:11.126007 </lastmod>
	</url><url>
		<loc> https://geoconnex.us/cuahsi/his/NashRWA/NN2657 </loc>
		<lastmod> 2022-04-08 18:12:11.126021 </lastmod>
	</url><url>
		<loc> https://geoconnex.us/cuahsi/his/NashRWA/NN2888 </loc>
		<lastmod> 2022-04-08 18:12:11.126035 </lastmod>
	</url><url>
		<loc> https://geoconnex.us/cuahsi/his/NashRWA/NN3071 </loc>
		<lastmod> 2022-04-08 18:12:11.126049 </lastmod>
	</url><url>
		<loc> https://geoconnex.us/cuahsi/his/NashRWA/NT0082 </loc>
		<lastmod> 2022-04-08 18:12:11.126063 </lastmod>
	</url><url>
		<loc> https://geoconnex.us/cuahsi/his/NashRWA/NT0418 </loc>
		<lastmod> 2022-04-08 18:12:11.126077 </lastmod>
	</url><url>
		<loc> https://geoconnex.us/cuahsi/his/NashRWA/NT0890 </loc>
		<lastmod> 2022-04-08 18:12:11.126091 </lastmod>
	</url><url>
		<loc> https://geoconnex.us/cuahsi/his/NashRWA/PB0480 </loc>
		<lastmod> 2022-04-08 18:12:11.126105 </lastmod>
	</url><url>
		<loc> https://geoconnex.us/cuahsi/his/NashRWA/SB0025 </loc>
		<lastmod> 2022-04-08 18:12:11.126118 </lastmod>
	</url><url>
		<loc> https://geoconnex.us/cuahsi/his/NashRWA/SB0295 </loc>
		<lastmod> 2022-04-08 18:12:11.126132 </lastmod>
	</url><url>
		<loc> https://geoconnex.us/cuahsi/his/NashRWA/SN0169 </loc>
		<lastmod> 2022-04-08 18:12:11.126146 </lastmod>
	</url><url>
		<loc> https://geoconnex.us/cuahsi/his/NashRWA/SQ0356 </loc>
		<lastmod> 2022-04-08 18:12:11.126159 </lastmod>
	</url><url>
		<loc> https://geoconnex.us/cuahsi/his/NashRWA/SQ1329 </loc>
		<lastmod> 2022-04-08 18:12:11.126173 </lastmod>
	</url><url>
		<loc> https://geoconnex.us/cuahsi/his/NashRWA/SQ1788 </loc>
		<lastmod> 2022-04-08 18:12:11.126186 </lastmod>
	</url><url>
		<loc> https://geoconnex.us/cuahsi/his/NashRWA/SQ2400 </loc>
		<lastmod> 2022-04-08 18:12:11.126200 </lastmod>
	</url><url>
		<loc> https://geoconnex.us/cuahsi/his/NashRWA/WE0034 </loc>
		<lastmod> 2022-04-08 18:12:11.126214 </lastmod>
	</url><url>
		<loc> https://geoconnex.us/cuahsi/his/NashRWA/WK0545 </loc>
		<lastmod> 2022-04-08 18:12:11.126228 </lastmod>
	</url><url>
		<loc> https://geoconnex.us/cuahsi/his/NashRWA/WK0600 </loc>
		<lastmod> 2022-04-08 18:12:11.126241 </lastmod>
	</url><url>
		<loc> https://geoconnex.us/cuahsi/his/NashRWA/BK0430 </loc>
		<lastmod> 2022-04-08 18:12:11.126255 </lastmod>
	</url><url>
		<loc> https://geoconnex.us/cuahsi/his/NashRWA/BR0895 </loc>
		<lastmod> 2022-04-08 18:12:11.126269 </lastmod>
	</url><url>
		<loc> https://geoconnex.us/cuahsi/his/NashRWA/CT0151 </loc>
		<lastmod> 2022-04-08 18:12:11.126282 </lastmod>
	</url><url>
		<loc> https://geoconnex.us/cuahsi/his/NashRWA/CT0743 </loc>
		<lastmod> 2022-04-08 18:12:11.126296 </lastmod>
	</url><url>
		<loc> https://geoconnex.us/cuahsi/his/NashRWA/EB0023 </loc>
		<lastmod> 2022-04-08 18:12:11.126310 </lastmod>
	</url><url>
		<loc> https://geoconnex.us/cuahsi/his/NashRWA/FT0290 </loc>
		<lastmod> 2022-04-08 18:12:11.126324 </lastmod>
	</url><url>
		<loc> https://geoconnex.us/cuahsi/his/NashRWA/JB0200 </loc>
		<lastmod> 2022-04-08 18:12:11.126337 </lastmod>
	</url><url>
		<loc> https://geoconnex.us/cuahsi/his/NashRWA/JB0457 </loc>
		<lastmod> 2022-04-08 18:12:11.126351 </lastmod>
	</url><url>
		<loc> https://geoconnex.us/cuahsi/his/NashRWA/LB0038 </loc>
		<lastmod> 2022-04-08 18:12:11.126365 </lastmod>
	</url><url>
		<loc> https://geoconnex.us/cuahsi/his/NashRWA/MN0713 </loc>
		<lastmod> 2022-04-08 18:12:11.126378 </lastmod>
	</url><url>
		<loc> https://geoconnex.us/cuahsi/his/NashRWA/NM0140 </loc>
		<lastmod> 2022-04-08 18:12:11.126392 </lastmod>
	</url><url>
		<loc> https://geoconnex.us/cuahsi/his/NashRWA/NM0200 </loc>
		<lastmod> 2022-04-08 18:12:11.126406 </lastmod>
	</url><url>
		<loc> https://geoconnex.us/cuahsi/his/NashRWA/NM6274 </loc>
		<lastmod> 2022-04-08 18:12:11.126419 </lastmod>
	</url><url>
		<loc> https://geoconnex.us/cuahsi/his/NashRWA/NT0768 </loc>
		<lastmod> 2022-04-08 18:12:11.126433 </lastmod>
	</url><url>
		<loc> https://geoconnex.us/cuahsi/his/NashRWA/NT1648 </loc>
		<lastmod> 2022-04-08 18:12:11.126447 </lastmod>
	</url><url>
		<loc> https://geoconnex.us/cuahsi/his/NashRWA/PB0840 </loc>
		<lastmod> 2022-04-08 18:12:11.126461 </lastmod>
	</url><url>
		<loc> https://geoconnex.us/cuahsi/his/NashRWA/SQ1840 </loc>
		<lastmod> 2022-04-08 18:12:11.126475 </lastmod>
	</url><url>
		<loc> https://geoconnex.us/cuahsi/his/NashRWA/VB0075 </loc>
		<lastmod> 2022-04-08 18:12:11.126488 </lastmod>
	</url><url>
		<loc> https://geoconnex.us/cuahsi/his/NashRWA/WB0300 </loc>
		<lastmod> 2022-04-08 18:12:11.126502 </lastmod>
	</url><url>
		<loc> https://geoconnex.us/cuahsi/his/NashRWA/WE0180 </loc>
		<lastmod> 2022-04-08 18:12:11.126516 </lastmod>
	</url><url>
		<loc> https://geoconnex.us/cuahsi/his/NashRWA/WK0550 </loc>
		<lastmod> 2022-04-08 18:12:11.126530 </lastmod>
	</url><url>
		<loc> https://geoconnex.us/cuahsi/his/NashRWA/NM4426 </loc>
		<lastmod> 2022-04-08 18:12:11.126544 </lastmod>
	</url></ns0:urlset>