<?xml version='1.0' encoding='utf-8'?>
<ns0:urlset xmlns:ns0="http://www.sitemaps.org/schemas/sitemap/0.9">
<url>
		<loc> https://geoconnex.us/cuahsi/his/Nooksack_Microclimate_Network/NFN1 </loc>
		<lastmod> 2022-08-22 15:27:28.742892 </lastmod>
	</url><url>
		<loc> https://geoconnex.us/cuahsi/his/Nooksack_Microclimate_Network/NFN3 </loc>
		<lastmod> 2022-08-22 15:27:28.742922 </lastmod>
	</url><url>
		<loc> https://geoconnex.us/cuahsi/his/Nooksack_Microclimate_Network/NFN4 </loc>
		<lastmod> 2022-08-22 15:27:28.742939 </lastmod>
	</url><url>
		<loc> https://geoconnex.us/cuahsi/his/Nooksack_Microclimate_Network/NFN5 </loc>
		<lastmod> 2022-08-22 15:27:28.742954 </lastmod>
	</url><url>
		<loc> https://geoconnex.us/cuahsi/his/Nooksack_Microclimate_Network/NFN6 </loc>
		<lastmod> 2022-08-22 15:27:28.742968 </lastmod>
	</url><url>
		<loc> https://geoconnex.us/cuahsi/his/Nooksack_Microclimate_Network/NFN7 </loc>
		<lastmod> 2022-08-22 15:27:28.742981 </lastmod>
	</url></ns0:urlset>