<ns0:urlset xmlns:ns0="http://www.sitemaps.org/schemas/sitemap/0.9">
<url>
		<loc> https://geoconnex.us/cuahsi/his/IEER_at_Wilkes_University/Apal </loc>
		<lastmod> 2021-11-17 21:27:45.935274 </lastmod>
	</url><url>
		<loc> https://geoconnex.us/cuahsi/his/IEER_at_Wilkes_University/BAKR0.1 </loc>
		<lastmod> 2021-11-17 21:27:45.935322 </lastmod>
	</url><url>
		<loc> https://geoconnex.us/cuahsi/his/IEER_at_Wilkes_University/Baldwin </loc>
		<lastmod> 2021-11-17 21:27:45.935384 </lastmod>
	</url><url>
		<loc> https://geoconnex.us/cuahsi/his/IEER_at_Wilkes_University/BLOC </loc>
		<lastmod> 2021-11-17 21:27:45.935407 </lastmod>
	</url><url>
		<loc> https://geoconnex.us/cuahsi/his/IEER_at_Wilkes_University/BOBS </loc>
		<lastmod> 2021-11-17 21:27:45.935428 </lastmod>
	</url><url>
		<loc> https://geoconnex.us/cuahsi/his/IEER_at_Wilkes_University/BOWN </loc>
		<lastmod> 2021-11-17 21:27:45.935448 </lastmod>
	</url><url>
		<loc> https://geoconnex.us/cuahsi/his/IEER_at_Wilkes_University/CANA </loc>
		<lastmod> 2021-11-17 21:27:45.935467 </lastmod>
	</url><url>
		<loc> https://geoconnex.us/cuahsi/his/IEER_at_Wilkes_University/Catatonk </loc>
		<lastmod> 2021-11-17 21:27:45.935487 </lastmod>
	</url><url>
		<loc> https://geoconnex.us/cuahsi/his/IEER_at_Wilkes_University/Cherry </loc>
		<lastmod> 2021-11-17 21:27:45.935507 </lastmod>
	</url><url>
		<loc> https://geoconnex.us/cuahsi/his/IEER_at_Wilkes_University/CHEST </loc>
		<lastmod> 2021-11-17 21:27:45.935526 </lastmod>
	</url><url>
		<loc> https://geoconnex.us/cuahsi/his/IEER_at_Wilkes_University/CHOC </loc>
		<lastmod> 2021-11-17 21:27:45.935545 </lastmod>
	</url><url>
		<loc> https://geoconnex.us/cuahsi/his/IEER_at_Wilkes_University/CROK </loc>
		<lastmod> 2021-11-17 21:27:45.935565 </lastmod>
	</url><url>
		<loc> https://geoconnex.us/cuahsi/his/IEER_at_Wilkes_University/Driftwood </loc>
		<lastmod> 2021-11-17 21:27:45.935584 </lastmod>
	</url><url>
		<loc> https://geoconnex.us/cuahsi/his/IEER_at_Wilkes_University/East_Fork </loc>
		<lastmod> 2021-11-17 21:27:45.935603 </lastmod>
	</url><url>
		<loc> https://geoconnex.us/cuahsi/his/IEER_at_Wilkes_University/EBFC </loc>
		<lastmod> 2021-11-17 21:27:45.935623 </lastmod>
	</url><url>
		<loc> https://geoconnex.us/cuahsi/his/IEER_at_Wilkes_University/ELKR </loc>
		<lastmod> 2021-11-17 21:27:45.935642 </lastmod>
	</url><url>
		<loc> https://geoconnex.us/cuahsi/his/IEER_at_Wilkes_University/Grays </loc>
		<lastmod> 2021-11-17 21:27:45.935661 </lastmod>
	</url><url>
		<loc> https://geoconnex.us/cuahsi/his/IEER_at_Wilkes_University/HAMM </loc>
		<lastmod> 2021-11-17 21:27:45.935680 </lastmod>
	</url><url>
		<loc> https://geoconnex.us/cuahsi/his/IEER_at_Wilkes_University/Hicks </loc>
		<lastmod> 2021-11-17 21:27:45.935715 </lastmod>
	</url><url>
		<loc> https://geoconnex.us/cuahsi/his/IEER_at_Wilkes_University/Hunts </loc>
		<lastmod> 2021-11-17 21:27:45.935734 </lastmod>
	</url><url>
		<loc> https://geoconnex.us/cuahsi/his/IEER_at_Wilkes_University/Kettle </loc>
		<lastmod> 2021-11-17 21:27:45.935754 </lastmod>
	</url><url>
		<loc> https://geoconnex.us/cuahsi/his/IEER_at_Wilkes_University/Kitchen </loc>
		<lastmod> 2021-11-17 21:27:45.935773 </lastmod>
	</url><url>
		<loc> https://geoconnex.us/cuahsi/his/IEER_at_Wilkes_University/LACK </loc>
		<lastmod> 2021-11-17 21:27:45.935793 </lastmod>
	</url><url>
		<loc> https://geoconnex.us/cuahsi/his/IEER_at_Wilkes_University/LARR </loc>
		<lastmod> 2021-11-17 21:27:45.935812 </lastmod>
	</url><url>
		<loc> https://geoconnex.us/cuahsi/his/IEER_at_Wilkes_University/LCLF0.1 </loc>
		<lastmod> 2021-11-17 21:27:45.935832 </lastmod>
	</url><url>
		<loc> https://geoconnex.us/cuahsi/his/IEER_at_Wilkes_University/LMEHOOP </loc>
		<lastmod> 2021-11-17 21:27:45.935851 </lastmod>
	</url><url>
		<loc> https://geoconnex.us/cuahsi/his/IEER_at_Wilkes_University/LMUN </loc>
		<lastmod> 2021-11-17 21:27:45.935871 </lastmod>
	</url><url>
		<loc> https://geoconnex.us/cuahsi/his/IEER_at_Wilkes_University/Long </loc>
		<lastmod> 2021-11-17 21:27:45.935891 </lastmod>
	</url><url>
		<loc> https://geoconnex.us/cuahsi/his/IEER_at_Wilkes_University/LPIN0.2 </loc>
		<lastmod> 2021-11-17 21:27:45.935910 </lastmod>
	</url><url>
		<loc> https://geoconnex.us/cuahsi/his/IEER_at_Wilkes_University/LYSK5.0 </loc>
		<lastmod> 2021-11-17 21:27:45.935954 </lastmod>
	</url><url>
		<loc> https://geoconnex.us/cuahsi/his/IEER_at_Wilkes_University/MARS </loc>
		<lastmod> 2021-11-17 21:27:45.935974 </lastmod>
	</url><url>
		<loc> https://geoconnex.us/cuahsi/his/IEER_at_Wilkes_University/Marsh_Tioga </loc>
		<lastmod> 2021-11-17 21:27:45.935995 </lastmod>
	</url><url>
		<loc> https://geoconnex.us/cuahsi/his/IEER_at_Wilkes_University/MESH </loc>
		<lastmod> 2021-11-17 21:27:45.936015 </lastmod>
	</url><url>
		<loc> https://geoconnex.us/cuahsi/his/IEER_at_Wilkes_University/Moose </loc>
		<lastmod> 2021-11-17 21:27:45.936035 </lastmod>
	</url><url>
		<loc> https://geoconnex.us/cuahsi/his/IEER_at_Wilkes_University/Nanticoke </loc>
		<lastmod> 2021-11-17 21:27:45.936055 </lastmod>
	</url><url>
		<loc> https://geoconnex.us/cuahsi/his/IEER_at_Wilkes_University/Ninemile </loc>
		<lastmod> 2021-11-17 21:27:45.936076 </lastmod>
	</url><url>
		<loc> https://geoconnex.us/cuahsi/his/IEER_at_Wilkes_University/Pine_Blackwell </loc>
		<lastmod> 2021-11-17 21:27:45.936098 </lastmod>
	</url><url>
		<loc> https://geoconnex.us/cuahsi/his/IEER_at_Wilkes_University/Portage </loc>
		<lastmod> 2021-11-17 21:27:45.936119 </lastmod>
	</url><url>
		<loc> https://geoconnex.us/cuahsi/his/IEER_at_Wilkes_University/Sangerfield </loc>
		<lastmod> 2021-11-17 21:27:45.936139 </lastmod>
	</url><url>
		<loc> https://geoconnex.us/cuahsi/his/IEER_at_Wilkes_University/SBTK </loc>
		<lastmod> 2021-11-17 21:27:45.936160 </lastmod>
	</url><url>
		<loc> https://geoconnex.us/cuahsi/his/IEER_at_Wilkes_University/SING_0.9 </loc>
		<lastmod> 2021-11-17 21:27:45.936195 </lastmod>
	</url><url>
		<loc> https://geoconnex.us/cuahsi/his/IEER_at_Wilkes_University/SNAK </loc>
		<lastmod> 2021-11-17 21:27:45.936215 </lastmod>
	</url><url>
		<loc> https://geoconnex.us/cuahsi/his/IEER_at_Wilkes_University/STAR </loc>
		<lastmod> 2021-11-17 21:27:45.936235 </lastmod>
	</url><url>
		<loc> https://geoconnex.us/cuahsi/his/IEER_at_Wilkes_University/Sugar_Run </loc>
		<lastmod> 2021-11-17 21:27:45.936254 </lastmod>
	</url><url>
		<loc> https://geoconnex.us/cuahsi/his/IEER_at_Wilkes_University/SUGR </loc>
		<lastmod> 2021-11-17 21:27:45.936274 </lastmod>
	</url><url>
		<loc> https://geoconnex.us/cuahsi/his/IEER_at_Wilkes_University/TIOG </loc>
		<lastmod> 2021-11-17 21:27:45.936294 </lastmod>
	</url><url>
		<loc> https://geoconnex.us/cuahsi/his/IEER_at_Wilkes_University/TOMJ </loc>
		<lastmod> 2021-11-17 21:27:45.936313 </lastmod>
	</url><url>
		<loc> https://geoconnex.us/cuahsi/his/IEER_at_Wilkes_University/TROT </loc>
		<lastmod> 2021-11-17 21:27:45.936333 </lastmod>
	</url><url>
		<loc> https://geoconnex.us/cuahsi/his/IEER_at_Wilkes_University/Trout_Brook </loc>
		<lastmod> 2021-11-17 21:27:45.936353 </lastmod>
	</url><url>
		<loc> https://geoconnex.us/cuahsi/his/IEER_at_Wilkes_University/Tuscarora </loc>
		<lastmod> 2021-11-17 21:27:45.936373 </lastmod>
	</url><url>
		<loc> https://geoconnex.us/cuahsi/his/IEER_at_Wilkes_University/Upper_Pine </loc>
		<lastmod> 2021-11-17 21:27:45.936392 </lastmod>
	</url><url>
		<loc> https://geoconnex.us/cuahsi/his/IEER_at_Wilkes_University/WAPP </loc>
		<lastmod> 2021-11-17 21:27:45.936412 </lastmod>
	</url><url>
		<loc> https://geoconnex.us/cuahsi/his/IEER_at_Wilkes_University/WB_SUS </loc>
		<lastmod> 2021-11-17 21:27:45.936432 </lastmod>
	</url><url>
		<loc> https://geoconnex.us/cuahsi/his/IEER_at_Wilkes_University/WEST2.0 </loc>
		<lastmod> 2021-11-17 21:27:45.936452 </lastmod>
	</url><url>
		<loc> https://geoconnex.us/cuahsi/his/IEER_at_Wilkes_University/WPIN </loc>
		<lastmod> 2021-11-17 21:27:45.936471 </lastmod>
	</url><url>
		<loc> https://geoconnex.us/cuahsi/his/IEER_at_Wilkes_University/YGWO4.5 </loc>
		<lastmod> 2021-11-17 21:27:45.936490 </lastmod>
	</url></ns0:urlset>