<ns0:urlset xmlns:ns0="http://www.sitemaps.org/schemas/sitemap/0.9">
<url>
		<loc> https://geoconnex.us/cuahsi/his/FRC_WQM/SL </loc>
		<lastmod> 2021-11-03 17:00:14.831926 </lastmod>
	</url><url>
		<loc> https://geoconnex.us/cuahsi/his/FRC_WQM/PPO </loc>
		<lastmod> 2021-11-03 17:00:14.831997 </lastmod>
	</url><url>
		<loc> https://geoconnex.us/cuahsi/his/FRC_WQM/PB </loc>
		<lastmod> 2021-11-03 17:00:14.832020 </lastmod>
	</url><url>
		<loc> https://geoconnex.us/cuahsi/his/FRC_WQM/BR </loc>
		<lastmod> 2021-11-03 17:00:14.832039 </lastmod>
	</url><url>
		<loc> https://geoconnex.us/cuahsi/his/FRC_WQM/LPO </loc>
		<lastmod> 2021-11-03 17:00:14.832073 </lastmod>
	</url><url>
		<loc> https://geoconnex.us/cuahsi/his/FRC_WQM/CPLSD </loc>
		<lastmod> 2021-11-03 17:00:14.832089 </lastmod>
	</url><url>
		<loc> https://geoconnex.us/cuahsi/his/FRC_WQM/MBBR </loc>
		<lastmod> 2021-11-03 17:00:14.832105 </lastmod>
	</url><url>
		<loc> https://geoconnex.us/cuahsi/his/FRC_WQM/MBWN </loc>
		<lastmod> 2021-11-03 17:00:14.832121 </lastmod>
	</url><url>
		<loc> https://geoconnex.us/cuahsi/his/FRC_WQM/ND </loc>
		<lastmod> 2021-11-03 17:00:14.832137 </lastmod>
	</url><url>
		<loc> https://geoconnex.us/cuahsi/his/FRC_WQM/OMB </loc>
		<lastmod> 2021-11-03 17:00:14.832226 </lastmod>
	</url><url>
		<loc> https://geoconnex.us/cuahsi/his/FRC_WQM/LB </loc>
		<lastmod> 2021-11-03 17:00:14.832242 </lastmod>
	</url><url>
		<loc> https://geoconnex.us/cuahsi/his/FRC_WQM/CBR </loc>
		<lastmod> 2021-11-03 17:00:14.832257 </lastmod>
	</url><url>
		<loc> https://geoconnex.us/cuahsi/his/FRC_WQM/LR </loc>
		<lastmod> 2021-11-03 17:00:14.832272 </lastmod>
	</url><url>
		<loc> https://geoconnex.us/cuahsi/his/FRC_WQM/DR </loc>
		<lastmod> 2021-11-03 17:00:14.832286 </lastmod>
	</url><url>
		<loc> https://geoconnex.us/cuahsi/his/FRC_WQM/HS </loc>
		<lastmod> 2021-11-03 17:00:14.832301 </lastmod>
	</url><url>
		<loc> https://geoconnex.us/cuahsi/his/FRC_WQM/R56 </loc>
		<lastmod> 2021-11-03 17:00:14.832316 </lastmod>
	</url><url>
		<loc> https://geoconnex.us/cuahsi/his/FRC_WQM/SB </loc>
		<lastmod> 2021-11-03 17:00:14.832330 </lastmod>
	</url><url>
		<loc> https://geoconnex.us/cuahsi/his/FRC_WQM/MB </loc>
		<lastmod> 2021-11-03 17:00:14.832345 </lastmod>
	</url><url>
		<loc> https://geoconnex.us/cuahsi/his/FRC_WQM/BB </loc>
		<lastmod> 2021-11-03 17:00:14.832359 </lastmod>
	</url><url>
		<loc> https://geoconnex.us/cuahsi/his/FRC_WQM/BBR16 </loc>
		<lastmod> 2021-11-03 17:00:14.832374 </lastmod>
	</url><url>
		<loc> https://geoconnex.us/cuahsi/his/FRC_WQM/RP </loc>
		<lastmod> 2021-11-03 17:00:14.832389 </lastmod>
	</url><url>
		<loc> https://geoconnex.us/cuahsi/his/FRC_WQM/MBRR </loc>
		<lastmod> 2021-11-03 17:00:14.832403 </lastmod>
	</url></ns0:urlset>