<?xml version='1.0' encoding='utf-8'?>
<ns0:urlset xmlns:ns0="http://www.sitemaps.org/schemas/sitemap/0.9">
<url>
		<loc> https://geoconnex.us/cuahsi/his/Kansas_Weather_Data/1 </loc>
		<lastmod> 2023-05-03 15:38:24.066026 </lastmod>
	</url><url>
		<loc> https://geoconnex.us/cuahsi/his/Kansas_Weather_Data/10 </loc>
		<lastmod> 2023-05-03 15:38:24.066058 </lastmod>
	</url><url>
		<loc> https://geoconnex.us/cuahsi/his/Kansas_Weather_Data/11 </loc>
		<lastmod> 2023-05-03 15:38:24.066078 </lastmod>
	</url><url>
		<loc> https://geoconnex.us/cuahsi/his/Kansas_Weather_Data/12 </loc>
		<lastmod> 2023-05-03 15:38:24.066096 </lastmod>
	</url><url>
		<loc> https://geoconnex.us/cuahsi/his/Kansas_Weather_Data/13 </loc>
		<lastmod> 2023-05-03 15:38:24.066112 </lastmod>
	</url><url>
		<loc> https://geoconnex.us/cuahsi/his/Kansas_Weather_Data/14 </loc>
		<lastmod> 2023-05-03 15:38:24.066127 </lastmod>
	</url><url>
		<loc> https://geoconnex.us/cuahsi/his/Kansas_Weather_Data/2 </loc>
		<lastmod> 2023-05-03 15:38:24.066143 </lastmod>
	</url><url>
		<loc> https://geoconnex.us/cuahsi/his/Kansas_Weather_Data/3 </loc>
		<lastmod> 2023-05-03 15:38:24.066158 </lastmod>
	</url><url>
		<loc> https://geoconnex.us/cuahsi/his/Kansas_Weather_Data/4 </loc>
		<lastmod> 2023-05-03 15:38:24.066173 </lastmod>
	</url><url>
		<loc> https://geoconnex.us/cuahsi/his/Kansas_Weather_Data/5 </loc>
		<lastmod> 2023-05-03 15:38:24.066188 </lastmod>
	</url><url>
		<loc> https://geoconnex.us/cuahsi/his/Kansas_Weather_Data/6 </loc>
		<lastmod> 2023-05-03 15:38:24.066203 </lastmod>
	</url><url>
		<loc> https://geoconnex.us/cuahsi/his/Kansas_Weather_Data/7 </loc>
		<lastmod> 2023-05-03 15:38:24.066218 </lastmod>
	</url><url>
		<loc> https://geoconnex.us/cuahsi/his/Kansas_Weather_Data/8 </loc>
		<lastmod> 2023-05-03 15:38:24.066233 </lastmod>
	</url><url>
		<loc> https://geoconnex.us/cuahsi/his/Kansas_Weather_Data/9 </loc>
		<lastmod> 2023-05-03 15:38:24.066247 </lastmod>
	</url></ns0:urlset>