<?xml version='1.0' encoding='utf-8'?>
<ns0:urlset xmlns:ns0="http://www.sitemaps.org/schemas/sitemap/0.9">
<url>
		<loc> https://geoconnex.us/cuahsi/his/Kansas_Weather_Data/1 </loc>
		<lastmod> 2023-06-24 02:35:33.099797 </lastmod>
	</url><url>
		<loc> https://geoconnex.us/cuahsi/his/Kansas_Weather_Data/10 </loc>
		<lastmod> 2023-06-24 02:35:33.099843 </lastmod>
	</url><url>
		<loc> https://geoconnex.us/cuahsi/his/Kansas_Weather_Data/11 </loc>
		<lastmod> 2023-06-24 02:35:33.099872 </lastmod>
	</url><url>
		<loc> https://geoconnex.us/cuahsi/his/Kansas_Weather_Data/12 </loc>
		<lastmod> 2023-06-24 02:35:33.099897 </lastmod>
	</url><url>
		<loc> https://geoconnex.us/cuahsi/his/Kansas_Weather_Data/13 </loc>
		<lastmod> 2023-06-24 02:35:33.099919 </lastmod>
	</url><url>
		<loc> https://geoconnex.us/cuahsi/his/Kansas_Weather_Data/14 </loc>
		<lastmod> 2023-06-24 02:35:33.099940 </lastmod>
	</url><url>
		<loc> https://geoconnex.us/cuahsi/his/Kansas_Weather_Data/2 </loc>
		<lastmod> 2023-06-24 02:35:33.099962 </lastmod>
	</url><url>
		<loc> https://geoconnex.us/cuahsi/his/Kansas_Weather_Data/3 </loc>
		<lastmod> 2023-06-24 02:35:33.099982 </lastmod>
	</url><url>
		<loc> https://geoconnex.us/cuahsi/his/Kansas_Weather_Data/4 </loc>
		<lastmod> 2023-06-24 02:35:33.100004 </lastmod>
	</url><url>
		<loc> https://geoconnex.us/cuahsi/his/Kansas_Weather_Data/5 </loc>
		<lastmod> 2023-06-24 02:35:33.100025 </lastmod>
	</url><url>
		<loc> https://geoconnex.us/cuahsi/his/Kansas_Weather_Data/6 </loc>
		<lastmod> 2023-06-24 02:35:33.100045 </lastmod>
	</url><url>
		<loc> https://geoconnex.us/cuahsi/his/Kansas_Weather_Data/7 </loc>
		<lastmod> 2023-06-24 02:35:33.100066 </lastmod>
	</url><url>
		<loc> https://geoconnex.us/cuahsi/his/Kansas_Weather_Data/8 </loc>
		<lastmod> 2023-06-24 02:35:33.100086 </lastmod>
	</url><url>
		<loc> https://geoconnex.us/cuahsi/his/Kansas_Weather_Data/9 </loc>
		<lastmod> 2023-06-24 02:35:33.100106 </lastmod>
	</url></ns0:urlset>