<ns0:urlset xmlns:ns0="http://www.sitemaps.org/schemas/sitemap/0.9">
<url>
		<loc> https://geoconnex.us/cuahsi/his/Scotland_NWIS/114632JHI_NWIS_South </loc>
		<lastmod> 2021-11-03 00:35:07.975484 </lastmod>
	</url><url>
		<loc> https://geoconnex.us/cuahsi/his/Scotland_NWIS/114645JHI_NWIS_South </loc>
		<lastmod> 2021-11-03 00:35:07.975523 </lastmod>
	</url><url>
		<loc> https://geoconnex.us/cuahsi/his/Scotland_NWIS/114672JHI_NWIS_South </loc>
		<lastmod> 2021-11-03 00:35:07.975547 </lastmod>
	</url><url>
		<loc> https://geoconnex.us/cuahsi/his/Scotland_NWIS/114701JHI_NWIS_South </loc>
		<lastmod> 2021-11-03 00:35:07.975567 </lastmod>
	</url><url>
		<loc> https://geoconnex.us/cuahsi/his/Scotland_NWIS/121084JHI_NWIS_South </loc>
		<lastmod> 2021-11-03 00:35:07.975586 </lastmod>
	</url><url>
		<loc> https://geoconnex.us/cuahsi/his/Scotland_NWIS/121105JHI_NWIS_South </loc>
		<lastmod> 2021-11-03 00:35:07.975604 </lastmod>
	</url><url>
		<loc> https://geoconnex.us/cuahsi/his/Scotland_NWIS/121117JHI_NWIS_South </loc>
		<lastmod> 2021-11-03 00:35:07.975621 </lastmod>
	</url><url>
		<loc> https://geoconnex.us/cuahsi/his/Scotland_NWIS/121157JHI_NWIS_South </loc>
		<lastmod> 2021-11-03 00:35:07.975639 </lastmod>
	</url><url>
		<loc> https://geoconnex.us/cuahsi/his/Scotland_NWIS/121207JHI_NWIS_South </loc>
		<lastmod> 2021-11-03 00:35:07.975656 </lastmod>
	</url><url>
		<loc> https://geoconnex.us/cuahsi/his/Scotland_NWIS/121228JHI_NWIS_South </loc>
		<lastmod> 2021-11-03 00:35:07.975674 </lastmod>
	</url><url>
		<loc> https://geoconnex.us/cuahsi/his/Scotland_NWIS/121255JHI_NWIS_South </loc>
		<lastmod> 2021-11-03 00:35:07.975692 </lastmod>
	</url><url>
		<loc> https://geoconnex.us/cuahsi/his/Scotland_NWIS/121317JHI_NWIS_South </loc>
		<lastmod> 2021-11-03 00:35:07.975709 </lastmod>
	</url><url>
		<loc> https://geoconnex.us/cuahsi/his/Scotland_NWIS/121402JHI_NWIS_South </loc>
		<lastmod> 2021-11-03 00:35:07.975726 </lastmod>
	</url><url>
		<loc> https://geoconnex.us/cuahsi/his/Scotland_NWIS/121456JHI_NWIS_South </loc>
		<lastmod> 2021-11-03 00:35:07.975743 </lastmod>
	</url><url>
		<loc> https://geoconnex.us/cuahsi/his/Scotland_NWIS/121541JHI_NWIS_South </loc>
		<lastmod> 2021-11-03 00:35:07.975760 </lastmod>
	</url><url>
		<loc> https://geoconnex.us/cuahsi/his/Scotland_NWIS/121552JHI_NWIS_South </loc>
		<lastmod> 2021-11-03 00:35:07.975777 </lastmod>
	</url><url>
		<loc> https://geoconnex.us/cuahsi/his/Scotland_NWIS/121572JHI_NWIS_South </loc>
		<lastmod> 2021-11-03 00:35:07.975794 </lastmod>
	</url><url>
		<loc> https://geoconnex.us/cuahsi/his/Scotland_NWIS/121582JHI_NWIS_South </loc>
		<lastmod> 2021-11-03 00:35:07.975811 </lastmod>
	</url><url>
		<loc> https://geoconnex.us/cuahsi/his/Scotland_NWIS/121587JHI_NWIS_South </loc>
		<lastmod> 2021-11-03 00:35:07.975828 </lastmod>
	</url><url>
		<loc> https://geoconnex.us/cuahsi/his/Scotland_NWIS/121600JHI_NWIS_South </loc>
		<lastmod> 2021-11-03 00:35:07.975845 </lastmod>
	</url><url>
		<loc> https://geoconnex.us/cuahsi/his/Scotland_NWIS/121641JHI_NWIS_South </loc>
		<lastmod> 2021-11-03 00:35:07.975862 </lastmod>
	</url><url>
		<loc> https://geoconnex.us/cuahsi/his/Scotland_NWIS/123252JHI_NWIS_South </loc>
		<lastmod> 2021-11-03 00:35:07.975879 </lastmod>
	</url><url>
		<loc> https://geoconnex.us/cuahsi/his/Scotland_NWIS/125528JHI_NWIS_GrdWater </loc>
		<lastmod> 2021-11-03 00:35:07.975896 </lastmod>
	</url><url>
		<loc> https://geoconnex.us/cuahsi/his/Scotland_NWIS/125530JHI_NWIS_GrdWater </loc>
		<lastmod> 2021-11-03 00:35:07.975913 </lastmod>
	</url><url>
		<loc> https://geoconnex.us/cuahsi/his/Scotland_NWIS/125539JHI_NWIS_GrdWater </loc>
		<lastmod> 2021-11-03 00:35:07.975930 </lastmod>
	</url><url>
		<loc> https://geoconnex.us/cuahsi/his/Scotland_NWIS/12918JHI_NWIS_GrdWater </loc>
		<lastmod> 2021-11-03 00:35:07.975947 </lastmod>
	</url><url>
		<loc> https://geoconnex.us/cuahsi/his/Scotland_NWIS/134152JHI_NWIS_South </loc>
		<lastmod> 2021-11-03 00:35:07.975964 </lastmod>
	</url><url>
		<loc> https://geoconnex.us/cuahsi/his/Scotland_NWIS/1542JHI_NWIS_South </loc>
		<lastmod> 2021-11-03 00:35:07.975982 </lastmod>
	</url><url>
		<loc> https://geoconnex.us/cuahsi/his/Scotland_NWIS/1560JHI_NWIS_South </loc>
		<lastmod> 2021-11-03 00:35:07.975999 </lastmod>
	</url><url>
		<loc> https://geoconnex.us/cuahsi/his/Scotland_NWIS/1574JHI_NWIS_South </loc>
		<lastmod> 2021-11-03 00:35:07.976016 </lastmod>
	</url><url>
		<loc> https://geoconnex.us/cuahsi/his/Scotland_NWIS/1615JHI_NWIS_South </loc>
		<lastmod> 2021-11-03 00:35:07.976033 </lastmod>
	</url><url>
		<loc> https://geoconnex.us/cuahsi/his/Scotland_NWIS/16454JHI_NWIS_GrdWater </loc>
		<lastmod> 2021-11-03 00:35:07.976049 </lastmod>
	</url><url>
		<loc> https://geoconnex.us/cuahsi/his/Scotland_NWIS/16461JHI_NWIS_GrdWater </loc>
		<lastmod> 2021-11-03 00:35:07.976066 </lastmod>
	</url><url>
		<loc> https://geoconnex.us/cuahsi/his/Scotland_NWIS/16494JHI_NWIS_GrdWater </loc>
		<lastmod> 2021-11-03 00:35:07.976083 </lastmod>
	</url><url>
		<loc> https://geoconnex.us/cuahsi/his/Scotland_NWIS/17066JHI_NWIS_GrdWater </loc>
		<lastmod> 2021-11-03 00:35:07.976100 </lastmod>
	</url><url>
		<loc> https://geoconnex.us/cuahsi/his/Scotland_NWIS/201567JHI_NWIS_North </loc>
		<lastmod> 2021-11-03 00:35:07.976117 </lastmod>
	</url><url>
		<loc> https://geoconnex.us/cuahsi/his/Scotland_NWIS/202310JHI_NWIS_North </loc>
		<lastmod> 2021-11-03 00:35:07.976134 </lastmod>
	</url><url>
		<loc> https://geoconnex.us/cuahsi/his/Scotland_NWIS/202311JHI_NWIS_North </loc>
		<lastmod> 2021-11-03 00:35:07.976150 </lastmod>
	</url><url>
		<loc> https://geoconnex.us/cuahsi/his/Scotland_NWIS/202312JHI_NWIS_North </loc>
		<lastmod> 2021-11-03 00:35:07.976167 </lastmod>
	</url><url>
		<loc> https://geoconnex.us/cuahsi/his/Scotland_NWIS/202313JHI_NWIS_North </loc>
		<lastmod> 2021-11-03 00:35:07.976184 </lastmod>
	</url><url>
		<loc> https://geoconnex.us/cuahsi/his/Scotland_NWIS/202314JHI_NWIS_North </loc>
		<lastmod> 2021-11-03 00:35:07.976201 </lastmod>
	</url><url>
		<loc> https://geoconnex.us/cuahsi/his/Scotland_NWIS/202897JHI_NWIS_North </loc>
		<lastmod> 2021-11-03 00:35:07.976218 </lastmod>
	</url><url>
		<loc> https://geoconnex.us/cuahsi/his/Scotland_NWIS/202898JHI_NWIS_North </loc>
		<lastmod> 2021-11-03 00:35:07.976235 </lastmod>
	</url><url>
		<loc> https://geoconnex.us/cuahsi/his/Scotland_NWIS/203301JHI_NWIS_North </loc>
		<lastmod> 2021-11-03 00:35:07.976251 </lastmod>
	</url><url>
		<loc> https://geoconnex.us/cuahsi/his/Scotland_NWIS/203302JHI_NWIS_North </loc>
		<lastmod> 2021-11-03 00:35:07.976268 </lastmod>
	</url><url>
		<loc> https://geoconnex.us/cuahsi/his/Scotland_NWIS/203751JHI_NWIS_North </loc>
		<lastmod> 2021-11-03 00:35:07.976285 </lastmod>
	</url><url>
		<loc> https://geoconnex.us/cuahsi/his/Scotland_NWIS/203862JHI_NWIS_North </loc>
		<lastmod> 2021-11-03 00:35:07.976302 </lastmod>
	</url><url>
		<loc> https://geoconnex.us/cuahsi/his/Scotland_NWIS/204514JHI_NWIS_North </loc>
		<lastmod> 2021-11-03 00:35:07.976319 </lastmod>
	</url><url>
		<loc> https://geoconnex.us/cuahsi/his/Scotland_NWIS/204561JHI_NWIS_North </loc>
		<lastmod> 2021-11-03 00:35:07.976336 </lastmod>
	</url><url>
		<loc> https://geoconnex.us/cuahsi/his/Scotland_NWIS/204602JHI_NWIS_North </loc>
		<lastmod> 2021-11-03 00:35:07.976353 </lastmod>
	</url><url>
		<loc> https://geoconnex.us/cuahsi/his/Scotland_NWIS/205047JHI_NWIS_North </loc>
		<lastmod> 2021-11-03 00:35:07.976370 </lastmod>
	</url><url>
		<loc> https://geoconnex.us/cuahsi/his/Scotland_NWIS/205148JHI_NWIS_North </loc>
		<lastmod> 2021-11-03 00:35:07.976387 </lastmod>
	</url><url>
		<loc> https://geoconnex.us/cuahsi/his/Scotland_NWIS/205208JHI_NWIS_North </loc>
		<lastmod> 2021-11-03 00:35:07.976404 </lastmod>
	</url><url>
		<loc> https://geoconnex.us/cuahsi/his/Scotland_NWIS/205210JHI_NWIS_North </loc>
		<lastmod> 2021-11-03 00:35:07.976421 </lastmod>
	</url><url>
		<loc> https://geoconnex.us/cuahsi/his/Scotland_NWIS/205223JHI_NWIS_North </loc>
		<lastmod> 2021-11-03 00:35:07.976438 </lastmod>
	</url><url>
		<loc> https://geoconnex.us/cuahsi/his/Scotland_NWIS/205225JHI_NWIS_North </loc>
		<lastmod> 2021-11-03 00:35:07.976454 </lastmod>
	</url><url>
		<loc> https://geoconnex.us/cuahsi/his/Scotland_NWIS/205703JHI_NWIS_North </loc>
		<lastmod> 2021-11-03 00:35:07.976471 </lastmod>
	</url><url>
		<loc> https://geoconnex.us/cuahsi/his/Scotland_NWIS/205978JHI_NWIS_GrdWater </loc>
		<lastmod> 2021-11-03 00:35:07.976489 </lastmod>
	</url><url>
		<loc> https://geoconnex.us/cuahsi/his/Scotland_NWIS/206010JHI_NWIS_GrdWater </loc>
		<lastmod> 2021-11-03 00:35:07.976505 </lastmod>
	</url><url>
		<loc> https://geoconnex.us/cuahsi/his/Scotland_NWIS/233005JHI_NWIS_GrdWater </loc>
		<lastmod> 2021-11-03 00:35:07.976523 </lastmod>
	</url><url>
		<loc> https://geoconnex.us/cuahsi/his/Scotland_NWIS/301825JHI_NWIS_North </loc>
		<lastmod> 2021-11-03 00:35:07.976540 </lastmod>
	</url><url>
		<loc> https://geoconnex.us/cuahsi/his/Scotland_NWIS/305538JHI_NWIS_GrdWater </loc>
		<lastmod> 2021-11-03 00:35:07.976557 </lastmod>
	</url><url>
		<loc> https://geoconnex.us/cuahsi/his/Scotland_NWIS/322700JHI_NWIS_GrdWater </loc>
		<lastmod> 2021-11-03 00:35:07.976574 </lastmod>
	</url><url>
		<loc> https://geoconnex.us/cuahsi/his/Scotland_NWIS/326656JHI_NWIS_GrdWater </loc>
		<lastmod> 2021-11-03 00:35:07.976590 </lastmod>
	</url><url>
		<loc> https://geoconnex.us/cuahsi/his/Scotland_NWIS/334234JHI_NWIS_GrdWater </loc>
		<lastmod> 2021-11-03 00:35:07.976607 </lastmod>
	</url><url>
		<loc> https://geoconnex.us/cuahsi/his/Scotland_NWIS/334752JHI_NWIS_GrdWater </loc>
		<lastmod> 2021-11-03 00:35:07.976624 </lastmod>
	</url><url>
		<loc> https://geoconnex.us/cuahsi/his/Scotland_NWIS/335781JHI_NWIS_GrdWater </loc>
		<lastmod> 2021-11-03 00:35:07.976641 </lastmod>
	</url><url>
		<loc> https://geoconnex.us/cuahsi/his/Scotland_NWIS/336840JHI_NWIS_GrdWater </loc>
		<lastmod> 2021-11-03 00:35:07.976658 </lastmod>
	</url><url>
		<loc> https://geoconnex.us/cuahsi/his/Scotland_NWIS/337736JHI_NWIS_GrdWater </loc>
		<lastmod> 2021-11-03 00:35:07.976675 </lastmod>
	</url><url>
		<loc> https://geoconnex.us/cuahsi/his/Scotland_NWIS/338297JHI_NWIS_GrdWater </loc>
		<lastmod> 2021-11-03 00:35:07.976692 </lastmod>
	</url><url>
		<loc> https://geoconnex.us/cuahsi/his/Scotland_NWIS/340586JHI_NWIS_GrdWater </loc>
		<lastmod> 2021-11-03 00:35:07.976709 </lastmod>
	</url><url>
		<loc> https://geoconnex.us/cuahsi/his/Scotland_NWIS/3415JHI_NWIS_South </loc>
		<lastmod> 2021-11-03 00:35:07.976725 </lastmod>
	</url><url>
		<loc> https://geoconnex.us/cuahsi/his/Scotland_NWIS/342JHI_NWIS_South </loc>
		<lastmod> 2021-11-03 00:35:07.976742 </lastmod>
	</url><url>
		<loc> https://geoconnex.us/cuahsi/his/Scotland_NWIS/345069JHI_NWIS_GrdWater </loc>
		<lastmod> 2021-11-03 00:35:07.976761 </lastmod>
	</url><url>
		<loc> https://geoconnex.us/cuahsi/his/Scotland_NWIS/349617JHI_NWIS_South </loc>
		<lastmod> 2021-11-03 00:35:07.976778 </lastmod>
	</url><url>
		<loc> https://geoconnex.us/cuahsi/his/Scotland_NWIS/365224JHI_NWIS_GrdWater </loc>
		<lastmod> 2021-11-03 00:35:07.976795 </lastmod>
	</url><url>
		<loc> https://geoconnex.us/cuahsi/his/Scotland_NWIS/459911JHI_NWIS_GrdWater </loc>
		<lastmod> 2021-11-03 00:35:07.976812 </lastmod>
	</url><url>
		<loc> https://geoconnex.us/cuahsi/his/Scotland_NWIS/4638JHI_NWIS_South </loc>
		<lastmod> 2021-11-03 00:35:07.976829 </lastmod>
	</url><url>
		<loc> https://geoconnex.us/cuahsi/his/Scotland_NWIS/467JHI_NWIS_South </loc>
		<lastmod> 2021-11-03 00:35:07.976846 </lastmod>
	</url><url>
		<loc> https://geoconnex.us/cuahsi/his/Scotland_NWIS/470268JHI_NWIS_GrdWater </loc>
		<lastmod> 2021-11-03 00:35:07.976863 </lastmod>
	</url><url>
		<loc> https://geoconnex.us/cuahsi/his/Scotland_NWIS/472141JHI_NWIS_GrdWater </loc>
		<lastmod> 2021-11-03 00:35:07.976880 </lastmod>
	</url><url>
		<loc> https://geoconnex.us/cuahsi/his/Scotland_NWIS/472346JHI_NWIS_GrdWater </loc>
		<lastmod> 2021-11-03 00:35:07.976897 </lastmod>
	</url><url>
		<loc> https://geoconnex.us/cuahsi/his/Scotland_NWIS/536JHI_NWIS_South </loc>
		<lastmod> 2021-11-03 00:35:07.976914 </lastmod>
	</url><url>
		<loc> https://geoconnex.us/cuahsi/his/Scotland_NWIS/635JHI_NWIS_South </loc>
		<lastmod> 2021-11-03 00:35:07.976931 </lastmod>
	</url><url>
		<loc> https://geoconnex.us/cuahsi/his/Scotland_NWIS/676JHI_NWIS_South </loc>
		<lastmod> 2021-11-03 00:35:07.976948 </lastmod>
	</url><url>
		<loc> https://geoconnex.us/cuahsi/his/Scotland_NWIS/7651JHI_NWIS_North </loc>
		<lastmod> 2021-11-03 00:35:07.976977 </lastmod>
	</url><url>
		<loc> https://geoconnex.us/cuahsi/his/Scotland_NWIS/7762JHI_NWIS_North </loc>
		<lastmod> 2021-11-03 00:35:07.976993 </lastmod>
	</url><url>
		<loc> https://geoconnex.us/cuahsi/his/Scotland_NWIS/7817JHI_NWIS_GrdWater </loc>
		<lastmod> 2021-11-03 00:35:07.977009 </lastmod>
	</url><url>
		<loc> https://geoconnex.us/cuahsi/his/Scotland_NWIS/7989JHI_NWIS_North </loc>
		<lastmod> 2021-11-03 00:35:07.977026 </lastmod>
	</url><url>
		<loc> https://geoconnex.us/cuahsi/his/Scotland_NWIS/8175JHI_NWIS_South </loc>
		<lastmod> 2021-11-03 00:35:07.977043 </lastmod>
	</url><url>
		<loc> https://geoconnex.us/cuahsi/his/Scotland_NWIS/8321JHI_NWIS_North </loc>
		<lastmod> 2021-11-03 00:35:07.977059 </lastmod>
	</url><url>
		<loc> https://geoconnex.us/cuahsi/his/Scotland_NWIS/8811JHI_NWIS_North </loc>
		<lastmod> 2021-11-03 00:35:07.977076 </lastmod>
	</url><url>
		<loc> https://geoconnex.us/cuahsi/his/Scotland_NWIS/9422JHI_NWIS_South </loc>
		<lastmod> 2021-11-03 00:35:07.977092 </lastmod>
	</url><url>
		<loc> https://geoconnex.us/cuahsi/his/Scotland_NWIS/9457JHI_NWIS_South </loc>
		<lastmod> 2021-11-03 00:35:07.977108 </lastmod>
	</url><url>
		<loc> https://geoconnex.us/cuahsi/his/Scotland_NWIS/9514JHI_NWIS_South </loc>
		<lastmod> 2021-11-03 00:35:07.977125 </lastmod>
	</url><url>
		<loc> https://geoconnex.us/cuahsi/his/Scotland_NWIS/010102JHI </loc>
		<lastmod> 2021-11-03 00:35:07.977142 </lastmod>
	</url><url>
		<loc> https://geoconnex.us/cuahsi/his/Scotland_NWIS/010114JHI </loc>
		<lastmod> 2021-11-03 00:35:07.977158 </lastmod>
	</url><url>
		<loc> https://geoconnex.us/cuahsi/his/Scotland_NWIS/010128JHI </loc>
		<lastmod> 2021-11-03 00:35:07.977175 </lastmod>
	</url><url>
		<loc> https://geoconnex.us/cuahsi/his/Scotland_NWIS/010129JHI </loc>
		<lastmod> 2021-11-03 00:35:07.977192 </lastmod>
	</url><url>
		<loc> https://geoconnex.us/cuahsi/his/Scotland_NWIS/010130JHI </loc>
		<lastmod> 2021-11-03 00:35:07.977208 </lastmod>
	</url><url>
		<loc> https://geoconnex.us/cuahsi/his/Scotland_NWIS/010131JHI </loc>
		<lastmod> 2021-11-03 00:35:07.977225 </lastmod>
	</url></ns0:urlset>