<?xml version='1.0' encoding='utf-8'?>
<ns0:urlset xmlns:ns0="http://www.sitemaps.org/schemas/sitemap/0.9">
<url>
		<loc> https://geoconnex.us/cuahsi/his/TRWA/AMES </loc>
		<lastmod> 2023-05-03 17:16:16.051556 </lastmod>
	</url><url>
		<loc> https://geoconnex.us/cuahsi/his/TRWA/ASO-02 </loc>
		<lastmod> 2023-05-03 17:16:16.051599 </lastmod>
	</url><url>
		<loc> https://geoconnex.us/cuahsi/his/TRWA/ASO-03 </loc>
		<lastmod> 2023-05-03 17:16:16.051621 </lastmod>
	</url><url>
		<loc> https://geoconnex.us/cuahsi/his/TRWA/BED-01-TNT-03 </loc>
		<lastmod> 2023-05-03 17:16:16.051639 </lastmod>
	</url><url>
		<loc> https://geoconnex.us/cuahsi/his/TRWA/BER-T </loc>
		<lastmod> 2023-05-03 17:16:16.051656 </lastmod>
	</url><url>
		<loc> https://geoconnex.us/cuahsi/his/TRWA/CASTLE </loc>
		<lastmod> 2023-05-03 17:16:16.051724 </lastmod>
	</url><url>
		<loc> https://geoconnex.us/cuahsi/his/TRWA/CHE-01-TNT-04 </loc>
		<lastmod> 2023-05-03 17:16:16.051745 </lastmod>
	</url><url>
		<loc> https://geoconnex.us/cuahsi/his/TRWA/COB-000 </loc>
		<lastmod> 2023-05-03 17:16:16.051761 </lastmod>
	</url><url>
		<loc> https://geoconnex.us/cuahsi/his/TRWA/COB-013 </loc>
		<lastmod> 2023-05-03 17:16:16.051778 </lastmod>
	</url><url>
		<loc> https://geoconnex.us/cuahsi/his/TRWA/COT-01 </loc>
		<lastmod> 2023-05-03 17:16:16.051794 </lastmod>
	</url><url>
		<loc> https://geoconnex.us/cuahsi/his/TRWA/COT-004 </loc>
		<lastmod> 2023-05-03 17:16:16.051810 </lastmod>
	</url><url>
		<loc> https://geoconnex.us/cuahsi/his/TRWA/FBR-01 </loc>
		<lastmod> 2023-05-03 17:16:16.051825 </lastmod>
	</url><url>
		<loc> https://geoconnex.us/cuahsi/his/TRWA/FORGE </loc>
		<lastmod> 2023-05-03 17:16:16.051841 </lastmod>
	</url><url>
		<loc> https://geoconnex.us/cuahsi/his/TRWA/LZ </loc>
		<lastmod> 2023-05-03 17:16:16.051857 </lastmod>
	</url><url>
		<loc> https://geoconnex.us/cuahsi/his/TRWA/MAT-01 </loc>
		<lastmod> 2023-05-03 17:16:16.051873 </lastmod>
	</url><url>
		<loc> https://geoconnex.us/cuahsi/his/TRWA/MIL-000 </loc>
		<lastmod> 2023-05-03 17:16:16.051888 </lastmod>
	</url><url>
		<loc> https://geoconnex.us/cuahsi/his/TRWA/MIL-014 </loc>
		<lastmod> 2023-05-03 17:16:16.051903 </lastmod>
	</url><url>
		<loc> https://geoconnex.us/cuahsi/his/TRWA/MIL-03 </loc>
		<lastmod> 2023-05-03 17:16:16.051918 </lastmod>
	</url><url>
		<loc> https://geoconnex.us/cuahsi/his/TRWA/NMK-023 </loc>
		<lastmod> 2023-05-03 17:16:16.051933 </lastmod>
	</url><url>
		<loc> https://geoconnex.us/cuahsi/his/TRWA/NMK-041 </loc>
		<lastmod> 2023-05-03 17:16:16.051948 </lastmod>
	</url><url>
		<loc> https://geoconnex.us/cuahsi/his/TRWA/PCO </loc>
		<lastmod> 2023-05-03 17:16:16.051964 </lastmod>
	</url><url>
		<loc> https://geoconnex.us/cuahsi/his/TRWA/QBR </loc>
		<lastmod> 2023-05-03 17:16:16.051979 </lastmod>
	</url><url>
		<loc> https://geoconnex.us/cuahsi/his/TRWA/SEG </loc>
		<lastmod> 2023-05-03 17:16:16.051994 </lastmod>
	</url><url>
		<loc> https://geoconnex.us/cuahsi/his/TRWA/SNK-005 </loc>
		<lastmod> 2023-05-03 17:16:16.052009 </lastmod>
	</url><url>
		<loc> https://geoconnex.us/cuahsi/his/TRWA/TBR-01 </loc>
		<lastmod> 2023-05-03 17:16:16.052025 </lastmod>
	</url><url>
		<loc> https://geoconnex.us/cuahsi/his/TRWA/TMR-004 </loc>
		<lastmod> 2023-05-03 17:16:16.052041 </lastmod>
	</url><url>
		<loc> https://geoconnex.us/cuahsi/his/TRWA/TMR-03 </loc>
		<lastmod> 2023-05-03 17:16:16.052057 </lastmod>
	</url><url>
		<loc> https://geoconnex.us/cuahsi/his/TRWA/TMR-034 </loc>
		<lastmod> 2023-05-03 17:16:16.052072 </lastmod>
	</url><url>
		<loc> https://geoconnex.us/cuahsi/his/TRWA/TNT-000 </loc>
		<lastmod> 2023-05-03 17:16:16.052088 </lastmod>
	</url><url>
		<loc> https://geoconnex.us/cuahsi/his/TRWA/TNT-043 </loc>
		<lastmod> 2023-05-03 17:16:16.052103 </lastmod>
	</url><url>
		<loc> https://geoconnex.us/cuahsi/his/TRWA/TNT-050 </loc>
		<lastmod> 2023-05-03 17:16:16.052118 </lastmod>
	</url><url>
		<loc> https://geoconnex.us/cuahsi/his/TRWA/TNT-113 </loc>
		<lastmod> 2023-05-03 17:16:16.052133 </lastmod>
	</url><url>
		<loc> https://geoconnex.us/cuahsi/his/TRWA/TNT-158 </loc>
		<lastmod> 2023-05-03 17:16:16.052148 </lastmod>
	</url><url>
		<loc> https://geoconnex.us/cuahsi/his/TRWA/TWH-01 </loc>
		<lastmod> 2023-05-03 17:16:16.052163 </lastmod>
	</url><url>
		<loc> https://geoconnex.us/cuahsi/his/TRWA/TWN-01 </loc>
		<lastmod> 2023-05-03 17:16:16.052178 </lastmod>
	</url><url>
		<loc> https://geoconnex.us/cuahsi/his/TRWA/WAD-01 </loc>
		<lastmod> 2023-05-03 17:16:16.052193 </lastmod>
	</url><url>
		<loc> https://geoconnex.us/cuahsi/his/TRWA/WAD-02 </loc>
		<lastmod> 2023-05-03 17:16:16.052208 </lastmod>
	</url></ns0:urlset>