<?xml version='1.0' encoding='utf-8'?>
<ns0:urlset xmlns:ns0="http://www.sitemaps.org/schemas/sitemap/0.9">
<url>
		<loc> https://geoconnex.us/cuahsi/his/czo_boulder/GREEN_LAKE_4 </loc>
		<lastmod> 2023-06-07 17:42:36.989611 </lastmod>
	</url><url>
		<loc> https://geoconnex.us/cuahsi/his/czo_boulder/LGG_P4 </loc>
		<lastmod> 2023-06-07 17:42:36.989658 </lastmod>
	</url><url>
		<loc> https://geoconnex.us/cuahsi/his/czo_boulder/LGG_P5 </loc>
		<lastmod> 2023-06-07 17:42:36.989689 </lastmod>
	</url><url>
		<loc> https://geoconnex.us/cuahsi/his/czo_boulder/LGG_P6 </loc>
		<lastmod> 2023-06-07 17:42:36.989716 </lastmod>
	</url><url>
		<loc> https://geoconnex.us/cuahsi/his/czo_boulder/UGG_P4 </loc>
		<lastmod> 2023-06-07 17:42:36.989750 </lastmod>
	</url><url>
		<loc> https://geoconnex.us/cuahsi/his/czo_boulder/CATENA-PIT1 </loc>
		<lastmod> 2023-06-07 17:42:36.989798 </lastmod>
	</url><url>
		<loc> https://geoconnex.us/cuahsi/his/czo_boulder/CATENA-PIT2 </loc>
		<lastmod> 2023-06-07 17:42:36.989819 </lastmod>
	</url><url>
		<loc> https://geoconnex.us/cuahsi/his/czo_boulder/CATENA-PIT3 </loc>
		<lastmod> 2023-06-07 17:42:36.989839 </lastmod>
	</url><url>
		<loc> https://geoconnex.us/cuahsi/his/czo_boulder/CATENA-PIT4 </loc>
		<lastmod> 2023-06-07 17:42:36.989871 </lastmod>
	</url><url>
		<loc> https://geoconnex.us/cuahsi/his/czo_boulder/CATENA-PIT5 </loc>
		<lastmod> 2023-06-07 17:42:36.989904 </lastmod>
	</url><url>
		<loc> https://geoconnex.us/cuahsi/his/czo_boulder/LGG_P9 </loc>
		<lastmod> 2023-06-07 17:42:36.989926 </lastmod>
	</url><url>
		<loc> https://geoconnex.us/cuahsi/his/czo_boulder/LGG_P10 </loc>
		<lastmod> 2023-06-07 17:42:36.989947 </lastmod>
	</url><url>
		<loc> https://geoconnex.us/cuahsi/his/czo_boulder/BET_GULLY </loc>
		<lastmod> 2023-06-07 17:42:36.989969 </lastmod>
	</url></ns0:urlset>