<ns0:urlset xmlns:ns0="http://www.sitemaps.org/schemas/sitemap/0.9">
<url>
		<loc> https://geoconnex.us/cuahsi/his/RMBL/rmbl1 </loc>
		<lastmod> 2021-11-23 03:21:23.373374 </lastmod>
	</url><url>
		<loc> https://geoconnex.us/cuahsi/his/RMBL/rmbl2 </loc>
		<lastmod> 2021-11-23 03:21:23.373419 </lastmod>
	</url><url>
		<loc> https://geoconnex.us/cuahsi/his/RMBL/rmbl3 </loc>
		<lastmod> 2021-11-23 03:21:23.373446 </lastmod>
	</url><url>
		<loc> https://geoconnex.us/cuahsi/his/RMBL/rmbl4 </loc>
		<lastmod> 2021-11-23 03:21:23.373469 </lastmod>
	</url><url>
		<loc> https://geoconnex.us/cuahsi/his/RMBL/rmbl5 </loc>
		<lastmod> 2021-11-23 03:21:23.373490 </lastmod>
	</url><url>
		<loc> https://geoconnex.us/cuahsi/his/RMBL/rmbl6 </loc>
		<lastmod> 2021-11-23 03:21:23.373510 </lastmod>
	</url></ns0:urlset>