<?xml version='1.0' encoding='utf-8'?>
<ns0:urlset xmlns:ns0="http://www.sitemaps.org/schemas/sitemap/0.9">
<url>
		<loc> https://geoconnex.us/cuahsi/his/FRC_WQM/SL </loc>
		<lastmod> 2021-12-01 14:18:53.335505 </lastmod>
	</url><url>
		<loc> https://geoconnex.us/cuahsi/his/FRC_WQM/PPO </loc>
		<lastmod> 2021-12-01 14:18:53.335544 </lastmod>
	</url><url>
		<loc> https://geoconnex.us/cuahsi/his/FRC_WQM/PB </loc>
		<lastmod> 2021-12-01 14:18:53.335568 </lastmod>
	</url><url>
		<loc> https://geoconnex.us/cuahsi/his/FRC_WQM/BR </loc>
		<lastmod> 2021-12-01 14:18:53.335587 </lastmod>
	</url><url>
		<loc> https://geoconnex.us/cuahsi/his/FRC_WQM/LPO </loc>
		<lastmod> 2021-12-01 14:18:53.335606 </lastmod>
	</url><url>
		<loc> https://geoconnex.us/cuahsi/his/FRC_WQM/CPLSD </loc>
		<lastmod> 2021-12-01 14:18:53.335623 </lastmod>
	</url><url>
		<loc> https://geoconnex.us/cuahsi/his/FRC_WQM/MBBR </loc>
		<lastmod> 2021-12-01 14:18:53.335674 </lastmod>
	</url><url>
		<loc> https://geoconnex.us/cuahsi/his/FRC_WQM/MBWN </loc>
		<lastmod> 2021-12-01 14:18:53.335691 </lastmod>
	</url><url>
		<loc> https://geoconnex.us/cuahsi/his/FRC_WQM/ND </loc>
		<lastmod> 2021-12-01 14:18:53.335707 </lastmod>
	</url><url>
		<loc> https://geoconnex.us/cuahsi/his/FRC_WQM/OMB </loc>
		<lastmod> 2021-12-01 14:18:53.335742 </lastmod>
	</url><url>
		<loc> https://geoconnex.us/cuahsi/his/FRC_WQM/LB </loc>
		<lastmod> 2021-12-01 14:18:53.335760 </lastmod>
	</url><url>
		<loc> https://geoconnex.us/cuahsi/his/FRC_WQM/CBR </loc>
		<lastmod> 2021-12-01 14:18:53.335776 </lastmod>
	</url><url>
		<loc> https://geoconnex.us/cuahsi/his/FRC_WQM/LR </loc>
		<lastmod> 2021-12-01 14:18:53.335793 </lastmod>
	</url><url>
		<loc> https://geoconnex.us/cuahsi/his/FRC_WQM/DR </loc>
		<lastmod> 2021-12-01 14:18:53.335827 </lastmod>
	</url><url>
		<loc> https://geoconnex.us/cuahsi/his/FRC_WQM/HS </loc>
		<lastmod> 2021-12-01 14:18:53.335844 </lastmod>
	</url><url>
		<loc> https://geoconnex.us/cuahsi/his/FRC_WQM/R56 </loc>
		<lastmod> 2021-12-01 14:18:53.335861 </lastmod>
	</url><url>
		<loc> https://geoconnex.us/cuahsi/his/FRC_WQM/SB </loc>
		<lastmod> 2021-12-01 14:18:53.335879 </lastmod>
	</url><url>
		<loc> https://geoconnex.us/cuahsi/his/FRC_WQM/MB </loc>
		<lastmod> 2021-12-01 14:18:53.335896 </lastmod>
	</url><url>
		<loc> https://geoconnex.us/cuahsi/his/FRC_WQM/BB </loc>
		<lastmod> 2021-12-01 14:18:53.335914 </lastmod>
	</url><url>
		<loc> https://geoconnex.us/cuahsi/his/FRC_WQM/BBR16 </loc>
		<lastmod> 2021-12-01 14:18:53.335932 </lastmod>
	</url><url>
		<loc> https://geoconnex.us/cuahsi/his/FRC_WQM/RP </loc>
		<lastmod> 2021-12-01 14:18:53.335949 </lastmod>
	</url><url>
		<loc> https://geoconnex.us/cuahsi/his/FRC_WQM/MBRR </loc>
		<lastmod> 2021-12-01 14:18:53.335967 </lastmod>
	</url></ns0:urlset>