<ns0:urlset xmlns:ns0="http://www.sitemaps.org/schemas/sitemap/0.9">
<url>
		<loc> https://geoconnex.us/cuahsi/his/czo_merced/UpMetN </loc>
		<lastmod> 2021-11-01 19:35:08.403383 </lastmod>
	</url><url>
		<loc> https://geoconnex.us/cuahsi/his/czo_merced/UpMetN_cdde </loc>
		<lastmod> 2021-11-01 19:35:08.403426 </lastmod>
	</url><url>
		<loc> https://geoconnex.us/cuahsi/his/czo_merced/UpMetN_cduc </loc>
		<lastmod> 2021-11-01 19:35:08.403449 </lastmod>
	</url><url>
		<loc> https://geoconnex.us/cuahsi/his/czo_merced/UpMetN_acde </loc>
		<lastmod> 2021-11-01 19:35:08.403469 </lastmod>
	</url><url>
		<loc> https://geoconnex.us/cuahsi/his/czo_merced/UpMetN_acuc </loc>
		<lastmod> 2021-11-01 19:35:08.403488 </lastmod>
	</url><url>
		<loc> https://geoconnex.us/cuahsi/his/czo_merced/UpMetN_plde </loc>
		<lastmod> 2021-11-01 19:35:08.403506 </lastmod>
	</url><url>
		<loc> https://geoconnex.us/cuahsi/his/czo_merced/UpMetN_pluc </loc>
		<lastmod> 2021-11-01 19:35:08.403525 </lastmod>
	</url><url>
		<loc> https://geoconnex.us/cuahsi/his/czo_merced/UpMetN_open </loc>
		<lastmod> 2021-11-01 19:35:08.403543 </lastmod>
	</url><url>
		<loc> https://geoconnex.us/cuahsi/his/czo_merced/UpMetS </loc>
		<lastmod> 2021-11-01 19:35:08.403559 </lastmod>
	</url><url>
		<loc> https://geoconnex.us/cuahsi/his/czo_merced/UpMetS_qkde </loc>
		<lastmod> 2021-11-01 19:35:08.403576 </lastmod>
	</url><url>
		<loc> https://geoconnex.us/cuahsi/his/czo_merced/UpMetS_qkuc </loc>
		<lastmod> 2021-11-01 19:35:08.403593 </lastmod>
	</url><url>
		<loc> https://geoconnex.us/cuahsi/his/czo_merced/UpMetS_acde </loc>
		<lastmod> 2021-11-01 19:35:08.403610 </lastmod>
	</url><url>
		<loc> https://geoconnex.us/cuahsi/his/czo_merced/UpMetS_acuc </loc>
		<lastmod> 2021-11-01 19:35:08.403626 </lastmod>
	</url><url>
		<loc> https://geoconnex.us/cuahsi/his/czo_merced/UpMetS_open </loc>
		<lastmod> 2021-11-01 19:35:08.403642 </lastmod>
	</url><url>
		<loc> https://geoconnex.us/cuahsi/his/czo_merced/UpMetF </loc>
		<lastmod> 2021-11-01 19:35:08.403658 </lastmod>
	</url><url>
		<loc> https://geoconnex.us/cuahsi/his/czo_merced/UpMetF_ppde </loc>
		<lastmod> 2021-11-01 19:35:08.403674 </lastmod>
	</url><url>
		<loc> https://geoconnex.us/cuahsi/his/czo_merced/UpMetF_ppuc </loc>
		<lastmod> 2021-11-01 19:35:08.403690 </lastmod>
	</url><url>
		<loc> https://geoconnex.us/cuahsi/his/czo_merced/UpMetF_acde </loc>
		<lastmod> 2021-11-01 19:35:08.403707 </lastmod>
	</url><url>
		<loc> https://geoconnex.us/cuahsi/his/czo_merced/UpMetF_acuc </loc>
		<lastmod> 2021-11-01 19:35:08.403723 </lastmod>
	</url><url>
		<loc> https://geoconnex.us/cuahsi/his/czo_merced/UpMetF_open </loc>
		<lastmod> 2021-11-01 19:35:08.403739 </lastmod>
	</url><url>
		<loc> https://geoconnex.us/cuahsi/his/czo_merced/LowMetN </loc>
		<lastmod> 2021-11-01 19:35:08.403754 </lastmod>
	</url><url>
		<loc> https://geoconnex.us/cuahsi/his/czo_merced/LowMetN_cdde </loc>
		<lastmod> 2021-11-01 19:35:08.403771 </lastmod>
	</url><url>
		<loc> https://geoconnex.us/cuahsi/his/czo_merced/LowMetN_cduc </loc>
		<lastmod> 2021-11-01 19:35:08.403787 </lastmod>
	</url><url>
		<loc> https://geoconnex.us/cuahsi/his/czo_merced/LowMetN_acde </loc>
		<lastmod> 2021-11-01 19:35:08.403803 </lastmod>
	</url><url>
		<loc> https://geoconnex.us/cuahsi/his/czo_merced/LowMetN_acuc </loc>
		<lastmod> 2021-11-01 19:35:08.403819 </lastmod>
	</url><url>
		<loc> https://geoconnex.us/cuahsi/his/czo_merced/LowMetN_open </loc>
		<lastmod> 2021-11-01 19:35:08.403835 </lastmod>
	</url><url>
		<loc> https://geoconnex.us/cuahsi/his/czo_merced/LowMetS </loc>
		<lastmod> 2021-11-01 19:35:08.403851 </lastmod>
	</url><url>
		<loc> https://geoconnex.us/cuahsi/his/czo_merced/LowMetS_ppde </loc>
		<lastmod> 2021-11-01 19:35:08.403868 </lastmod>
	</url><url>
		<loc> https://geoconnex.us/cuahsi/his/czo_merced/LowMetS_ppuc </loc>
		<lastmod> 2021-11-01 19:35:08.403884 </lastmod>
	</url><url>
		<loc> https://geoconnex.us/cuahsi/his/czo_merced/LowMetS_cdde </loc>
		<lastmod> 2021-11-01 19:35:08.403900 </lastmod>
	</url><url>
		<loc> https://geoconnex.us/cuahsi/his/czo_merced/LowMetS_cduc </loc>
		<lastmod> 2021-11-01 19:35:08.403916 </lastmod>
	</url><url>
		<loc> https://geoconnex.us/cuahsi/his/czo_merced/LowMetS_open </loc>
		<lastmod> 2021-11-01 19:35:08.403932 </lastmod>
	</url><url>
		<loc> https://geoconnex.us/cuahsi/his/czo_merced/UppProv_Met </loc>
		<lastmod> 2021-11-01 19:35:08.403948 </lastmod>
	</url><url>
		<loc> https://geoconnex.us/cuahsi/his/czo_merced/LowProv_Met </loc>
		<lastmod> 2021-11-01 19:35:08.403965 </lastmod>
	</url><url>
		<loc> https://geoconnex.us/cuahsi/his/czo_merced/UppBull_Met </loc>
		<lastmod> 2021-11-01 19:35:08.403981 </lastmod>
	</url><url>
		<loc> https://geoconnex.us/cuahsi/his/czo_merced/LowBull_Met </loc>
		<lastmod> 2021-11-01 19:35:08.403997 </lastmod>
	</url><url>
		<loc> https://geoconnex.us/cuahsi/his/czo_merced/B203 </loc>
		<lastmod> 2021-11-01 19:35:08.404013 </lastmod>
	</url><url>
		<loc> https://geoconnex.us/cuahsi/his/czo_merced/B204 </loc>
		<lastmod> 2021-11-01 19:35:08.404029 </lastmod>
	</url><url>
		<loc> https://geoconnex.us/cuahsi/his/czo_merced/B200 </loc>
		<lastmod> 2021-11-01 19:35:08.404045 </lastmod>
	</url><url>
		<loc> https://geoconnex.us/cuahsi/his/czo_merced/B201 </loc>
		<lastmod> 2021-11-01 19:35:08.404061 </lastmod>
	</url><url>
		<loc> https://geoconnex.us/cuahsi/his/czo_merced/T003 </loc>
		<lastmod> 2021-11-01 19:35:08.404077 </lastmod>
	</url><url>
		<loc> https://geoconnex.us/cuahsi/his/czo_merced/P301 </loc>
		<lastmod> 2021-11-01 19:35:08.404093 </lastmod>
	</url><url>
		<loc> https://geoconnex.us/cuahsi/his/czo_merced/P303 </loc>
		<lastmod> 2021-11-01 19:35:08.404109 </lastmod>
	</url><url>
		<loc> https://geoconnex.us/cuahsi/his/czo_merced/P304 </loc>
		<lastmod> 2021-11-01 19:35:08.404125 </lastmod>
	</url><url>
		<loc> https://geoconnex.us/cuahsi/his/czo_merced/D102 </loc>
		<lastmod> 2021-11-01 19:35:08.404141 </lastmod>
	</url><url>
		<loc> https://geoconnex.us/cuahsi/his/czo_merced/P300 </loc>
		<lastmod> 2021-11-01 19:35:08.404156 </lastmod>
	</url><url>
		<loc> https://geoconnex.us/cuahsi/his/czo_merced/Mic-1 </loc>
		<lastmod> 2021-11-01 19:35:08.404172 </lastmod>
	</url><url>
		<loc> https://geoconnex.us/cuahsi/his/czo_merced/Mic-2 </loc>
		<lastmod> 2021-11-01 19:35:08.404189 </lastmod>
	</url><url>
		<loc> https://geoconnex.us/cuahsi/his/czo_merced/Mic-3 </loc>
		<lastmod> 2021-11-01 19:35:08.404205 </lastmod>
	</url><url>
		<loc> https://geoconnex.us/cuahsi/his/czo_merced/Mic-5 </loc>
		<lastmod> 2021-11-01 19:35:08.404221 </lastmod>
	</url><url>
		<loc> https://geoconnex.us/cuahsi/his/czo_merced/Mic-6 </loc>
		<lastmod> 2021-11-01 19:35:08.404237 </lastmod>
	</url><url>
		<loc> https://geoconnex.us/cuahsi/his/czo_merced/Mic-7 </loc>
		<lastmod> 2021-11-01 19:35:08.404252 </lastmod>
	</url><url>
		<loc> https://geoconnex.us/cuahsi/his/czo_merced/Mic-8 </loc>
		<lastmod> 2021-11-01 19:35:08.404269 </lastmod>
	</url><url>
		<loc> https://geoconnex.us/cuahsi/his/czo_merced/Mic-9 </loc>
		<lastmod> 2021-11-01 19:35:08.404285 </lastmod>
	</url><url>
		<loc> https://geoconnex.us/cuahsi/his/czo_merced/Mic-10 </loc>
		<lastmod> 2021-11-01 19:35:08.404301 </lastmod>
	</url><url>
		<loc> https://geoconnex.us/cuahsi/his/czo_merced/Mic-11 </loc>
		<lastmod> 2021-11-01 19:35:08.404317 </lastmod>
	</url><url>
		<loc> https://geoconnex.us/cuahsi/his/czo_merced/Mic-12 </loc>
		<lastmod> 2021-11-01 19:35:08.404333 </lastmod>
	</url><url>
		<loc> https://geoconnex.us/cuahsi/his/czo_merced/Mic-13 </loc>
		<lastmod> 2021-11-01 19:35:08.404349 </lastmod>
	</url><url>
		<loc> https://geoconnex.us/cuahsi/his/czo_merced/Mic-14 </loc>
		<lastmod> 2021-11-01 19:35:08.404365 </lastmod>
	</url><url>
		<loc> https://geoconnex.us/cuahsi/his/czo_merced/Mic-15 </loc>
		<lastmod> 2021-11-01 19:35:08.404381 </lastmod>
	</url><url>
		<loc> https://geoconnex.us/cuahsi/his/czo_merced/Mic-16 </loc>
		<lastmod> 2021-11-01 19:35:08.404397 </lastmod>
	</url><url>
		<loc> https://geoconnex.us/cuahsi/his/czo_merced/Mic-17 </loc>
		<lastmod> 2021-11-01 19:35:08.404413 </lastmod>
	</url><url>
		<loc> https://geoconnex.us/cuahsi/his/czo_merced/Mic-18 </loc>
		<lastmod> 2021-11-01 19:35:08.404429 </lastmod>
	</url><url>
		<loc> https://geoconnex.us/cuahsi/his/czo_merced/Mic-19 </loc>
		<lastmod> 2021-11-01 19:35:08.404445 </lastmod>
	</url><url>
		<loc> https://geoconnex.us/cuahsi/his/czo_merced/Mic-20 </loc>
		<lastmod> 2021-11-01 19:35:08.404461 </lastmod>
	</url><url>
		<loc> https://geoconnex.us/cuahsi/his/czo_merced/Mic-21 </loc>
		<lastmod> 2021-11-01 19:35:08.404476 </lastmod>
	</url><url>
		<loc> https://geoconnex.us/cuahsi/his/czo_merced/Mic-22 </loc>
		<lastmod> 2021-11-01 19:35:08.404492 </lastmod>
	</url><url>
		<loc> https://geoconnex.us/cuahsi/his/czo_merced/Mic-23 </loc>
		<lastmod> 2021-11-01 19:35:08.404508 </lastmod>
	</url><url>
		<loc> https://geoconnex.us/cuahsi/his/czo_merced/Mic-24 </loc>
		<lastmod> 2021-11-01 19:35:08.404524 </lastmod>
	</url><url>
		<loc> https://geoconnex.us/cuahsi/his/czo_merced/Mic-25 </loc>
		<lastmod> 2021-11-01 19:35:08.404539 </lastmod>
	</url><url>
		<loc> https://geoconnex.us/cuahsi/his/czo_merced/Mic-4 </loc>
		<lastmod> 2021-11-01 19:35:08.404555 </lastmod>
	</url><url>
		<loc> https://geoconnex.us/cuahsi/his/czo_merced/Gateway </loc>
		<lastmod> 2021-11-01 19:35:08.404571 </lastmod>
	</url><url>
		<loc> https://geoconnex.us/cuahsi/his/czo_merced/P301_CZO-1 </loc>
		<lastmod> 2021-11-01 19:35:08.404587 </lastmod>
	</url><url>
		<loc> https://geoconnex.us/cuahsi/his/czo_merced/P301_CZO-2 </loc>
		<lastmod> 2021-11-01 19:35:08.404604 </lastmod>
	</url><url>
		<loc> https://geoconnex.us/cuahsi/his/czo_merced/P301_CZO-3 </loc>
		<lastmod> 2021-11-01 19:35:08.404621 </lastmod>
	</url><url>
		<loc> https://geoconnex.us/cuahsi/his/czo_merced/P301_CZO-4 </loc>
		<lastmod> 2021-11-01 19:35:08.404637 </lastmod>
	</url><url>
		<loc> https://geoconnex.us/cuahsi/his/czo_merced/P301_CZO-5 </loc>
		<lastmod> 2021-11-01 19:35:08.404653 </lastmod>
	</url><url>
		<loc> https://geoconnex.us/cuahsi/his/czo_merced/P301_CZO-6 </loc>
		<lastmod> 2021-11-01 19:35:08.404668 </lastmod>
	</url><url>
		<loc> https://geoconnex.us/cuahsi/his/czo_merced/P301_CZO-7 </loc>
		<lastmod> 2021-11-01 19:35:08.404684 </lastmod>
	</url><url>
		<loc> https://geoconnex.us/cuahsi/his/czo_merced/P301_CZO-8 </loc>
		<lastmod> 2021-11-01 19:35:08.404700 </lastmod>
	</url><url>
		<loc> https://geoconnex.us/cuahsi/his/czo_merced/P301_CZO-9 </loc>
		<lastmod> 2021-11-01 19:35:08.404717 </lastmod>
	</url><url>
		<loc> https://geoconnex.us/cuahsi/his/czo_merced/P301_CZO-10 </loc>
		<lastmod> 2021-11-01 19:35:08.404733 </lastmod>
	</url><url>
		<loc> https://geoconnex.us/cuahsi/his/czo_merced/P301_CZO-26 </loc>
		<lastmod> 2021-11-01 19:35:08.404750 </lastmod>
	</url><url>
		<loc> https://geoconnex.us/cuahsi/his/czo_merced/P301_CZO-12 </loc>
		<lastmod> 2021-11-01 19:35:08.404766 </lastmod>
	</url><url>
		<loc> https://geoconnex.us/cuahsi/his/czo_merced/P301_CZO-29 </loc>
		<lastmod> 2021-11-01 19:35:08.404782 </lastmod>
	</url><url>
		<loc> https://geoconnex.us/cuahsi/his/czo_merced/P301_CZO-14 </loc>
		<lastmod> 2021-11-01 19:35:08.404799 </lastmod>
	</url><url>
		<loc> https://geoconnex.us/cuahsi/his/czo_merced/P301_CZO-30 </loc>
		<lastmod> 2021-11-01 19:35:08.404815 </lastmod>
	</url><url>
		<loc> https://geoconnex.us/cuahsi/his/czo_merced/P301_CZO-16 </loc>
		<lastmod> 2021-11-01 19:35:08.404831 </lastmod>
	</url><url>
		<loc> https://geoconnex.us/cuahsi/his/czo_merced/P301_CZO-17 </loc>
		<lastmod> 2021-11-01 19:35:08.404847 </lastmod>
	</url><url>
		<loc> https://geoconnex.us/cuahsi/his/czo_merced/P301_CZO-18 </loc>
		<lastmod> 2021-11-01 19:35:08.404863 </lastmod>
	</url><url>
		<loc> https://geoconnex.us/cuahsi/his/czo_merced/P301_CZO-19 </loc>
		<lastmod> 2021-11-01 19:35:08.404879 </lastmod>
	</url><url>
		<loc> https://geoconnex.us/cuahsi/his/czo_merced/P301_CZO-20 </loc>
		<lastmod> 2021-11-01 19:35:08.404895 </lastmod>
	</url><url>
		<loc> https://geoconnex.us/cuahsi/his/czo_merced/P301_CZO-21 </loc>
		<lastmod> 2021-11-01 19:35:08.404911 </lastmod>
	</url><url>
		<loc> https://geoconnex.us/cuahsi/his/czo_merced/P301_CZO-22 </loc>
		<lastmod> 2021-11-01 19:35:08.404927 </lastmod>
	</url><url>
		<loc> https://geoconnex.us/cuahsi/his/czo_merced/P301_CZO-25 </loc>
		<lastmod> 2021-11-01 19:35:08.404943 </lastmod>
	</url></ns0:urlset>