<ns0:urlset xmlns:ns0="http://www.sitemaps.org/schemas/sitemap/0.9">
<url>
		<loc> https://geoconnex.us/cuahsi/his/CALVIN_HHS/SR-1 </loc>
		<lastmod> 2021-11-17 21:27:45.987915 </lastmod>
	</url><url>
		<loc> https://geoconnex.us/cuahsi/his/CALVIN_HHS/SR-10 </loc>
		<lastmod> 2021-11-17 21:27:45.987954 </lastmod>
	</url><url>
		<loc> https://geoconnex.us/cuahsi/his/CALVIN_HHS/SR-12 </loc>
		<lastmod> 2021-11-17 21:27:45.987979 </lastmod>
	</url><url>
		<loc> https://geoconnex.us/cuahsi/his/CALVIN_HHS/SR-15 </loc>
		<lastmod> 2021-11-17 21:27:45.988000 </lastmod>
	</url><url>
		<loc> https://geoconnex.us/cuahsi/his/CALVIN_HHS/SR-18 </loc>
		<lastmod> 2021-11-17 21:27:45.988020 </lastmod>
	</url><url>
		<loc> https://geoconnex.us/cuahsi/his/CALVIN_HHS/SR-20 </loc>
		<lastmod> 2021-11-17 21:27:45.988040 </lastmod>
	</url><url>
		<loc> https://geoconnex.us/cuahsi/his/CALVIN_HHS/SR-22 </loc>
		<lastmod> 2021-11-17 21:27:45.988059 </lastmod>
	</url><url>
		<loc> https://geoconnex.us/cuahsi/his/CALVIN_HHS/SR-3 </loc>
		<lastmod> 2021-11-17 21:27:45.988169 </lastmod>
	</url><url>
		<loc> https://geoconnex.us/cuahsi/his/CALVIN_HHS/SR-4 </loc>
		<lastmod> 2021-11-17 21:27:45.988194 </lastmod>
	</url><url>
		<loc> https://geoconnex.us/cuahsi/his/CALVIN_HHS/SR-52 </loc>
		<lastmod> 2021-11-17 21:27:45.988214 </lastmod>
	</url><url>
		<loc> https://geoconnex.us/cuahsi/his/CALVIN_HHS/SR-53 </loc>
		<lastmod> 2021-11-17 21:27:45.988233 </lastmod>
	</url><url>
		<loc> https://geoconnex.us/cuahsi/his/CALVIN_HHS/SR-6 </loc>
		<lastmod> 2021-11-17 21:27:45.988251 </lastmod>
	</url><url>
		<loc> https://geoconnex.us/cuahsi/his/CALVIN_HHS/SR-7 </loc>
		<lastmod> 2021-11-17 21:27:45.988269 </lastmod>
	</url><url>
		<loc> https://geoconnex.us/cuahsi/his/CALVIN_HHS/SR-8 </loc>
		<lastmod> 2021-11-17 21:27:45.988287 </lastmod>
	</url><url>
		<loc> https://geoconnex.us/cuahsi/his/CALVIN_HHS/SR-81 </loc>
		<lastmod> 2021-11-17 21:27:45.988306 </lastmod>
	</url><url>
		<loc> https://geoconnex.us/cuahsi/his/CALVIN_HHS/SR-ASF </loc>
		<lastmod> 2021-11-17 21:27:45.988324 </lastmod>
	</url><url>
		<loc> https://geoconnex.us/cuahsi/his/CALVIN_HHS/SR-BBL </loc>
		<lastmod> 2021-11-17 21:27:45.988342 </lastmod>
	</url><url>
		<loc> https://geoconnex.us/cuahsi/his/CALVIN_HHS/SR-CFW </loc>
		<lastmod> 2021-11-17 21:27:45.988360 </lastmod>
	</url><url>
		<loc> https://geoconnex.us/cuahsi/his/CALVIN_HHS/SR-CL-IVR </loc>
		<lastmod> 2021-11-17 21:27:45.988378 </lastmod>
	</url><url>
		<loc> https://geoconnex.us/cuahsi/his/CALVIN_HHS/SR-CR </loc>
		<lastmod> 2021-11-17 21:27:45.988397 </lastmod>
	</url><url>
		<loc> https://geoconnex.us/cuahsi/his/CALVIN_HHS/SR-EBMUD </loc>
		<lastmod> 2021-11-17 21:27:45.988414 </lastmod>
	</url><url>
		<loc> https://geoconnex.us/cuahsi/his/CALVIN_HHS/SR-EL </loc>
		<lastmod> 2021-11-17 21:27:45.988433 </lastmod>
	</url><url>
		<loc> https://geoconnex.us/cuahsi/his/CALVIN_HHS/SR-HHR </loc>
		<lastmod> 2021-11-17 21:27:45.988451 </lastmod>
	</url><url>
		<loc> https://geoconnex.us/cuahsi/his/CALVIN_HHS/SR-LB </loc>
		<lastmod> 2021-11-17 21:27:45.988469 </lastmod>
	</url><url>
		<loc> https://geoconnex.us/cuahsi/his/CALVIN_HHS/SR-LI </loc>
		<lastmod> 2021-11-17 21:27:45.988487 </lastmod>
	</url><url>
		<loc> https://geoconnex.us/cuahsi/his/CALVIN_HHS/SR-LK </loc>
		<lastmod> 2021-11-17 21:27:45.988505 </lastmod>
	</url><url>
		<loc> https://geoconnex.us/cuahsi/his/CALVIN_HHS/SR-LL-LE </loc>
		<lastmod> 2021-11-17 21:27:45.988523 </lastmod>
	</url><url>
		<loc> https://geoconnex.us/cuahsi/his/CALVIN_HHS/SR-LS </loc>
		<lastmod> 2021-11-17 21:27:45.988541 </lastmod>
	</url><url>
		<loc> https://geoconnex.us/cuahsi/his/CALVIN_HHS/SR-LV </loc>
		<lastmod> 2021-11-17 21:27:45.988559 </lastmod>
	</url><url>
		<loc> https://geoconnex.us/cuahsi/his/CALVIN_HHS/SR-NBB </loc>
		<lastmod> 2021-11-17 21:27:45.988577 </lastmod>
	</url><url>
		<loc> https://geoconnex.us/cuahsi/his/CALVIN_HHS/SR-NHL </loc>
		<lastmod> 2021-11-17 21:27:45.988595 </lastmod>
	</url><url>
		<loc> https://geoconnex.us/cuahsi/his/CALVIN_HHS/SR-PF </loc>
		<lastmod> 2021-11-17 21:27:45.988613 </lastmod>
	</url><url>
		<loc> https://geoconnex.us/cuahsi/his/CALVIN_HHS/SR-PR </loc>
		<lastmod> 2021-11-17 21:27:45.988631 </lastmod>
	</url><url>
		<loc> https://geoconnex.us/cuahsi/his/CALVIN_HHS/SR-SCV </loc>
		<lastmod> 2021-11-17 21:27:45.988649 </lastmod>
	</url><url>
		<loc> https://geoconnex.us/cuahsi/his/CALVIN_HHS/SR-TR </loc>
		<lastmod> 2021-11-17 21:27:45.988667 </lastmod>
	</url></ns0:urlset>