<?xml version='1.0' encoding='utf-8'?>
<ns0:urlset xmlns:ns0="http://www.sitemaps.org/schemas/sitemap/0.9">
<url>
		<loc> https://geoconnex.us/cuahsi/his/Isábena/Barasona </loc>
		<lastmod> 2022-04-13 04:34:14.123419 </lastmod>
	</url><url>
		<loc> https://geoconnex.us/cuahsi/his/Isábena/Cab1 </loc>
		<lastmod> 2022-04-13 04:34:14.123459 </lastmod>
	</url><url>
		<loc> https://geoconnex.us/cuahsi/his/Isábena/Cab2 </loc>
		<lastmod> 2022-04-13 04:34:14.123484 </lastmod>
	</url><url>
		<loc> https://geoconnex.us/cuahsi/his/Isábena/Calvera </loc>
		<lastmod> 2022-04-13 04:34:14.123504 </lastmod>
	</url><url>
		<loc> https://geoconnex.us/cuahsi/his/Isábena/Campo </loc>
		<lastmod> 2022-04-13 04:34:14.123523 </lastmod>
	</url><url>
		<loc> https://geoconnex.us/cuahsi/his/Isábena/Capella </loc>
		<lastmod> 2022-04-13 04:34:14.123542 </lastmod>
	</url><url>
		<loc> https://geoconnex.us/cuahsi/his/Isábena/Car </loc>
		<lastmod> 2022-04-13 04:34:14.123560 </lastmod>
	</url><url>
		<loc> https://geoconnex.us/cuahsi/his/Isábena/Carrasquero </loc>
		<lastmod> 2022-04-13 04:34:14.123577 </lastmod>
	</url><url>
		<loc> https://geoconnex.us/cuahsi/his/Isábena/Casa_Llera </loc>
		<lastmod> 2022-04-13 04:34:14.123594 </lastmod>
	</url><url>
		<loc> https://geoconnex.us/cuahsi/his/Isábena/Castigaleu </loc>
		<lastmod> 2022-04-13 04:34:14.123611 </lastmod>
	</url><url>
		<loc> https://geoconnex.us/cuahsi/his/Isábena/Ceg1 </loc>
		<lastmod> 2022-04-13 04:34:14.123629 </lastmod>
	</url><url>
		<loc> https://geoconnex.us/cuahsi/his/Isábena/Ceg2 </loc>
		<lastmod> 2022-04-13 04:34:14.123646 </lastmod>
	</url><url>
		<loc> https://geoconnex.us/cuahsi/his/Isábena/Ceguera </loc>
		<lastmod> 2022-04-13 04:34:14.123662 </lastmod>
	</url><url>
		<loc> https://geoconnex.us/cuahsi/his/Isábena/Cerler </loc>
		<lastmod> 2022-04-13 04:34:14.123679 </lastmod>
	</url><url>
		<loc> https://geoconnex.us/cuahsi/his/Isábena/Chordal </loc>
		<lastmod> 2022-04-13 04:34:14.123696 </lastmod>
	</url><url>
		<loc> https://geoconnex.us/cuahsi/his/Isábena/El_Grado </loc>
		<lastmod> 2022-04-13 04:34:14.123713 </lastmod>
	</url><url>
		<loc> https://geoconnex.us/cuahsi/his/Isábena/Eriste </loc>
		<lastmod> 2022-04-13 04:34:14.123731 </lastmod>
	</url><url>
		<loc> https://geoconnex.us/cuahsi/his/Isábena/Las_Paules </loc>
		<lastmod> 2022-04-13 04:34:14.123748 </lastmod>
	</url><url>
		<loc> https://geoconnex.us/cuahsi/his/Isábena/Las1 </loc>
		<lastmod> 2022-04-13 04:34:14.123765 </lastmod>
	</url><url>
		<loc> https://geoconnex.us/cuahsi/his/Isábena/Las2 </loc>
		<lastmod> 2022-04-13 04:34:14.123781 </lastmod>
	</url><url>
		<loc> https://geoconnex.us/cuahsi/his/Isábena/Lascuarre_tube </loc>
		<lastmod> 2022-04-13 04:34:14.123798 </lastmod>
	</url><url>
		<loc> https://geoconnex.us/cuahsi/his/Isábena/Roda </loc>
		<lastmod> 2022-04-13 04:34:14.123815 </lastmod>
	</url><url>
		<loc> https://geoconnex.us/cuahsi/his/Isábena/Samper </loc>
		<lastmod> 2022-04-13 04:34:14.123832 </lastmod>
	</url><url>
		<loc> https://geoconnex.us/cuahsi/his/Isábena/Via1 </loc>
		<lastmod> 2022-04-13 04:34:14.123848 </lastmod>
	</url><url>
		<loc> https://geoconnex.us/cuahsi/his/Isábena/Via2 </loc>
		<lastmod> 2022-04-13 04:34:14.123865 </lastmod>
	</url><url>
		<loc> https://geoconnex.us/cuahsi/his/Isábena/Villacarli_Bridge </loc>
		<lastmod> 2022-04-13 04:34:14.123881 </lastmod>
	</url><url>
		<loc> https://geoconnex.us/cuahsi/his/Isábena/Villacarli_Bridge_1 </loc>
		<lastmod> 2022-04-13 04:34:14.123899 </lastmod>
	</url><url>
		<loc> https://geoconnex.us/cuahsi/his/Isábena/Villacarli_Bridge_2 </loc>
		<lastmod> 2022-04-13 04:34:14.123916 </lastmod>
	</url><url>
		<loc> https://geoconnex.us/cuahsi/his/Isábena/Villacarli </loc>
		<lastmod> 2022-04-13 04:34:14.123933 </lastmod>
	</url><url>
		<loc> https://geoconnex.us/cuahsi/his/Isábena/A01 </loc>
		<lastmod> 2022-04-13 04:34:14.123950 </lastmod>
	</url><url>
		<loc> https://geoconnex.us/cuahsi/his/Isábena/A02 </loc>
		<lastmod> 2022-04-13 04:34:14.123967 </lastmod>
	</url><url>
		<loc> https://geoconnex.us/cuahsi/his/Isábena/A03 </loc>
		<lastmod> 2022-04-13 04:34:14.123984 </lastmod>
	</url><url>
		<loc> https://geoconnex.us/cuahsi/his/Isábena/A04 </loc>
		<lastmod> 2022-04-13 04:34:14.124000 </lastmod>
	</url><url>
		<loc> https://geoconnex.us/cuahsi/his/Isábena/A05 </loc>
		<lastmod> 2022-04-13 04:34:14.124017 </lastmod>
	</url><url>
		<loc> https://geoconnex.us/cuahsi/his/Isábena/A06 </loc>
		<lastmod> 2022-04-13 04:34:14.124034 </lastmod>
	</url><url>
		<loc> https://geoconnex.us/cuahsi/his/Isábena/A07 </loc>
		<lastmod> 2022-04-13 04:34:14.124051 </lastmod>
	</url><url>
		<loc> https://geoconnex.us/cuahsi/his/Isábena/A08 </loc>
		<lastmod> 2022-04-13 04:34:14.124067 </lastmod>
	</url><url>
		<loc> https://geoconnex.us/cuahsi/his/Isábena/A10 </loc>
		<lastmod> 2022-04-13 04:34:14.124084 </lastmod>
	</url><url>
		<loc> https://geoconnex.us/cuahsi/his/Isábena/A11 </loc>
		<lastmod> 2022-04-13 04:34:14.124101 </lastmod>
	</url><url>
		<loc> https://geoconnex.us/cuahsi/his/Isábena/A12 </loc>
		<lastmod> 2022-04-13 04:34:14.124117 </lastmod>
	</url><url>
		<loc> https://geoconnex.us/cuahsi/his/Isábena/A14 </loc>
		<lastmod> 2022-04-13 04:34:14.124134 </lastmod>
	</url><url>
		<loc> https://geoconnex.us/cuahsi/his/Isábena/A15 </loc>
		<lastmod> 2022-04-13 04:34:14.124150 </lastmod>
	</url><url>
		<loc> https://geoconnex.us/cuahsi/his/Isábena/A16 </loc>
		<lastmod> 2022-04-13 04:34:14.124167 </lastmod>
	</url><url>
		<loc> https://geoconnex.us/cuahsi/his/Isábena/A17 </loc>
		<lastmod> 2022-04-13 04:34:14.124183 </lastmod>
	</url><url>
		<loc> https://geoconnex.us/cuahsi/his/Isábena/A18 </loc>
		<lastmod> 2022-04-13 04:34:14.124200 </lastmod>
	</url><url>
		<loc> https://geoconnex.us/cuahsi/his/Isábena/A19 </loc>
		<lastmod> 2022-04-13 04:34:14.124216 </lastmod>
	</url><url>
		<loc> https://geoconnex.us/cuahsi/his/Isábena/A20 </loc>
		<lastmod> 2022-04-13 04:34:14.124233 </lastmod>
	</url><url>
		<loc> https://geoconnex.us/cuahsi/his/Isábena/A21 </loc>
		<lastmod> 2022-04-13 04:34:14.124250 </lastmod>
	</url><url>
		<loc> https://geoconnex.us/cuahsi/his/Isábena/A22 </loc>
		<lastmod> 2022-04-13 04:34:14.124267 </lastmod>
	</url><url>
		<loc> https://geoconnex.us/cuahsi/his/Isábena/A23 </loc>
		<lastmod> 2022-04-13 04:34:14.124283 </lastmod>
	</url><url>
		<loc> https://geoconnex.us/cuahsi/his/Isábena/A24 </loc>
		<lastmod> 2022-04-13 04:34:14.124300 </lastmod>
	</url><url>
		<loc> https://geoconnex.us/cuahsi/his/Isábena/A25 </loc>
		<lastmod> 2022-04-13 04:34:14.124316 </lastmod>
	</url><url>
		<loc> https://geoconnex.us/cuahsi/his/Isábena/A26 </loc>
		<lastmod> 2022-04-13 04:34:14.124333 </lastmod>
	</url><url>
		<loc> https://geoconnex.us/cuahsi/his/Isábena/A27 </loc>
		<lastmod> 2022-04-13 04:34:14.124351 </lastmod>
	</url><url>
		<loc> https://geoconnex.us/cuahsi/his/Isábena/A28 </loc>
		<lastmod> 2022-04-13 04:34:14.124367 </lastmod>
	</url><url>
		<loc> https://geoconnex.us/cuahsi/his/Isábena/A30 </loc>
		<lastmod> 2022-04-13 04:34:14.124384 </lastmod>
	</url><url>
		<loc> https://geoconnex.us/cuahsi/his/Isábena/A31 </loc>
		<lastmod> 2022-04-13 04:34:14.124401 </lastmod>
	</url><url>
		<loc> https://geoconnex.us/cuahsi/his/Isábena/A32 </loc>
		<lastmod> 2022-04-13 04:34:14.124418 </lastmod>
	</url><url>
		<loc> https://geoconnex.us/cuahsi/his/Isábena/A33 </loc>
		<lastmod> 2022-04-13 04:34:14.124435 </lastmod>
	</url><url>
		<loc> https://geoconnex.us/cuahsi/his/Isábena/A35 </loc>
		<lastmod> 2022-04-13 04:34:14.124451 </lastmod>
	</url><url>
		<loc> https://geoconnex.us/cuahsi/his/Isábena/A37 </loc>
		<lastmod> 2022-04-13 04:34:14.124468 </lastmod>
	</url><url>
		<loc> https://geoconnex.us/cuahsi/his/Isábena/A38 </loc>
		<lastmod> 2022-04-13 04:34:14.124484 </lastmod>
	</url><url>
		<loc> https://geoconnex.us/cuahsi/his/Isábena/A39 </loc>
		<lastmod> 2022-04-13 04:34:14.124501 </lastmod>
	</url><url>
		<loc> https://geoconnex.us/cuahsi/his/Isábena/A40 </loc>
		<lastmod> 2022-04-13 04:34:14.124518 </lastmod>
	</url><url>
		<loc> https://geoconnex.us/cuahsi/his/Isábena/A41 </loc>
		<lastmod> 2022-04-13 04:34:14.124534 </lastmod>
	</url><url>
		<loc> https://geoconnex.us/cuahsi/his/Isábena/A42 </loc>
		<lastmod> 2022-04-13 04:34:14.124551 </lastmod>
	</url><url>
		<loc> https://geoconnex.us/cuahsi/his/Isábena/A43 </loc>
		<lastmod> 2022-04-13 04:34:14.124567 </lastmod>
	</url><url>
		<loc> https://geoconnex.us/cuahsi/his/Isábena/A44 </loc>
		<lastmod> 2022-04-13 04:34:14.124583 </lastmod>
	</url><url>
		<loc> https://geoconnex.us/cuahsi/his/Isábena/A45 </loc>
		<lastmod> 2022-04-13 04:34:14.124600 </lastmod>
	</url><url>
		<loc> https://geoconnex.us/cuahsi/his/Isábena/A46 </loc>
		<lastmod> 2022-04-13 04:34:14.124616 </lastmod>
	</url><url>
		<loc> https://geoconnex.us/cuahsi/his/Isábena/A47 </loc>
		<lastmod> 2022-04-13 04:34:14.124632 </lastmod>
	</url><url>
		<loc> https://geoconnex.us/cuahsi/his/Isábena/A48 </loc>
		<lastmod> 2022-04-13 04:34:14.124660 </lastmod>
	</url><url>
		<loc> https://geoconnex.us/cuahsi/his/Isábena/A49 </loc>
		<lastmod> 2022-04-13 04:34:14.124675 </lastmod>
	</url><url>
		<loc> https://geoconnex.us/cuahsi/his/Isábena/A50 </loc>
		<lastmod> 2022-04-13 04:34:14.124691 </lastmod>
	</url><url>
		<loc> https://geoconnex.us/cuahsi/his/Isábena/A51 </loc>
		<lastmod> 2022-04-13 04:34:14.124707 </lastmod>
	</url><url>
		<loc> https://geoconnex.us/cuahsi/his/Isábena/A52 </loc>
		<lastmod> 2022-04-13 04:34:14.124722 </lastmod>
	</url><url>
		<loc> https://geoconnex.us/cuahsi/his/Isábena/A53 </loc>
		<lastmod> 2022-04-13 04:34:14.124738 </lastmod>
	</url><url>
		<loc> https://geoconnex.us/cuahsi/his/Isábena/A54 </loc>
		<lastmod> 2022-04-13 04:34:14.124753 </lastmod>
	</url><url>
		<loc> https://geoconnex.us/cuahsi/his/Isábena/A55 </loc>
		<lastmod> 2022-04-13 04:34:14.124769 </lastmod>
	</url><url>
		<loc> https://geoconnex.us/cuahsi/his/Isábena/A56 </loc>
		<lastmod> 2022-04-13 04:34:14.124785 </lastmod>
	</url><url>
		<loc> https://geoconnex.us/cuahsi/his/Isábena/A57 </loc>
		<lastmod> 2022-04-13 04:34:14.124800 </lastmod>
	</url><url>
		<loc> https://geoconnex.us/cuahsi/his/Isábena/A58 </loc>
		<lastmod> 2022-04-13 04:34:14.124816 </lastmod>
	</url><url>
		<loc> https://geoconnex.us/cuahsi/his/Isábena/A59 </loc>
		<lastmod> 2022-04-13 04:34:14.124831 </lastmod>
	</url><url>
		<loc> https://geoconnex.us/cuahsi/his/Isábena/A60 </loc>
		<lastmod> 2022-04-13 04:34:14.124847 </lastmod>
	</url><url>
		<loc> https://geoconnex.us/cuahsi/his/Isábena/A61 </loc>
		<lastmod> 2022-04-13 04:34:14.124862 </lastmod>
	</url><url>
		<loc> https://geoconnex.us/cuahsi/his/Isábena/A62 </loc>
		<lastmod> 2022-04-13 04:34:14.124877 </lastmod>
	</url><url>
		<loc> https://geoconnex.us/cuahsi/his/Isábena/A63 </loc>
		<lastmod> 2022-04-13 04:34:14.124892 </lastmod>
	</url><url>
		<loc> https://geoconnex.us/cuahsi/his/Isábena/A64 </loc>
		<lastmod> 2022-04-13 04:34:14.124908 </lastmod>
	</url><url>
		<loc> https://geoconnex.us/cuahsi/his/Isábena/A65 </loc>
		<lastmod> 2022-04-13 04:34:14.124923 </lastmod>
	</url><url>
		<loc> https://geoconnex.us/cuahsi/his/Isábena/A66 </loc>
		<lastmod> 2022-04-13 04:34:14.124939 </lastmod>
	</url><url>
		<loc> https://geoconnex.us/cuahsi/his/Isábena/A67 </loc>
		<lastmod> 2022-04-13 04:34:14.124954 </lastmod>
	</url><url>
		<loc> https://geoconnex.us/cuahsi/his/Isábena/A69 </loc>
		<lastmod> 2022-04-13 04:34:14.124969 </lastmod>
	</url><url>
		<loc> https://geoconnex.us/cuahsi/his/Isábena/A70 </loc>
		<lastmod> 2022-04-13 04:34:14.124985 </lastmod>
	</url><url>
		<loc> https://geoconnex.us/cuahsi/his/Isábena/A71 </loc>
		<lastmod> 2022-04-13 04:34:14.125000 </lastmod>
	</url><url>
		<loc> https://geoconnex.us/cuahsi/his/Isábena/A72 </loc>
		<lastmod> 2022-04-13 04:34:14.125015 </lastmod>
	</url><url>
		<loc> https://geoconnex.us/cuahsi/his/Isábena/A73 </loc>
		<lastmod> 2022-04-13 04:34:14.125031 </lastmod>
	</url><url>
		<loc> https://geoconnex.us/cuahsi/his/Isábena/A74 </loc>
		<lastmod> 2022-04-13 04:34:14.125046 </lastmod>
	</url><url>
		<loc> https://geoconnex.us/cuahsi/his/Isábena/A75 </loc>
		<lastmod> 2022-04-13 04:34:14.125062 </lastmod>
	</url><url>
		<loc> https://geoconnex.us/cuahsi/his/Isábena/A79 </loc>
		<lastmod> 2022-04-13 04:34:14.125077 </lastmod>
	</url><url>
		<loc> https://geoconnex.us/cuahsi/his/Isábena/A80 </loc>
		<lastmod> 2022-04-13 04:34:14.125092 </lastmod>
	</url><url>
		<loc> https://geoconnex.us/cuahsi/his/Isábena/A81 </loc>
		<lastmod> 2022-04-13 04:34:14.125107 </lastmod>
	</url><url>
		<loc> https://geoconnex.us/cuahsi/his/Isábena/A82 </loc>
		<lastmod> 2022-04-13 04:34:14.125123 </lastmod>
	</url><url>
		<loc> https://geoconnex.us/cuahsi/his/Isábena/A83 </loc>
		<lastmod> 2022-04-13 04:34:14.125138 </lastmod>
	</url><url>
		<loc> https://geoconnex.us/cuahsi/his/Isábena/A84 </loc>
		<lastmod> 2022-04-13 04:34:14.125153 </lastmod>
	</url><url>
		<loc> https://geoconnex.us/cuahsi/his/Isábena/A85 </loc>
		<lastmod> 2022-04-13 04:34:14.125168 </lastmod>
	</url><url>
		<loc> https://geoconnex.us/cuahsi/his/Isábena/B01 </loc>
		<lastmod> 2022-04-13 04:34:14.125184 </lastmod>
	</url><url>
		<loc> https://geoconnex.us/cuahsi/his/Isábena/B02 </loc>
		<lastmod> 2022-04-13 04:34:14.125200 </lastmod>
	</url><url>
		<loc> https://geoconnex.us/cuahsi/his/Isábena/B04 </loc>
		<lastmod> 2022-04-13 04:34:14.125215 </lastmod>
	</url><url>
		<loc> https://geoconnex.us/cuahsi/his/Isábena/B05 </loc>
		<lastmod> 2022-04-13 04:34:14.125255 </lastmod>
	</url><url>
		<loc> https://geoconnex.us/cuahsi/his/Isábena/B06 </loc>
		<lastmod> 2022-04-13 04:34:14.125273 </lastmod>
	</url><url>
		<loc> https://geoconnex.us/cuahsi/his/Isábena/B07 </loc>
		<lastmod> 2022-04-13 04:34:14.125289 </lastmod>
	</url><url>
		<loc> https://geoconnex.us/cuahsi/his/Isábena/B08 </loc>
		<lastmod> 2022-04-13 04:34:14.125306 </lastmod>
	</url><url>
		<loc> https://geoconnex.us/cuahsi/his/Isábena/B09 </loc>
		<lastmod> 2022-04-13 04:34:14.125322 </lastmod>
	</url><url>
		<loc> https://geoconnex.us/cuahsi/his/Isábena/B10 </loc>
		<lastmod> 2022-04-13 04:34:14.125339 </lastmod>
	</url><url>
		<loc> https://geoconnex.us/cuahsi/his/Isábena/B11 </loc>
		<lastmod> 2022-04-13 04:34:14.125355 </lastmod>
	</url><url>
		<loc> https://geoconnex.us/cuahsi/his/Isábena/B12 </loc>
		<lastmod> 2022-04-13 04:34:14.125371 </lastmod>
	</url><url>
		<loc> https://geoconnex.us/cuahsi/his/Isábena/B13 </loc>
		<lastmod> 2022-04-13 04:34:14.125387 </lastmod>
	</url><url>
		<loc> https://geoconnex.us/cuahsi/his/Isábena/B14 </loc>
		<lastmod> 2022-04-13 04:34:14.125402 </lastmod>
	</url><url>
		<loc> https://geoconnex.us/cuahsi/his/Isábena/B15 </loc>
		<lastmod> 2022-04-13 04:34:14.125452 </lastmod>
	</url><url>
		<loc> https://geoconnex.us/cuahsi/his/Isábena/B16 </loc>
		<lastmod> 2022-04-13 04:34:14.125468 </lastmod>
	</url><url>
		<loc> https://geoconnex.us/cuahsi/his/Isábena/B17 </loc>
		<lastmod> 2022-04-13 04:34:14.125484 </lastmod>
	</url><url>
		<loc> https://geoconnex.us/cuahsi/his/Isábena/B18 </loc>
		<lastmod> 2022-04-13 04:34:14.125500 </lastmod>
	</url><url>
		<loc> https://geoconnex.us/cuahsi/his/Isábena/B19 </loc>
		<lastmod> 2022-04-13 04:34:14.125515 </lastmod>
	</url><url>
		<loc> https://geoconnex.us/cuahsi/his/Isábena/B20 </loc>
		<lastmod> 2022-04-13 04:34:14.125531 </lastmod>
	</url><url>
		<loc> https://geoconnex.us/cuahsi/his/Isábena/B21 </loc>
		<lastmod> 2022-04-13 04:34:14.125546 </lastmod>
	</url><url>
		<loc> https://geoconnex.us/cuahsi/his/Isábena/B22 </loc>
		<lastmod> 2022-04-13 04:34:14.125562 </lastmod>
	</url><url>
		<loc> https://geoconnex.us/cuahsi/his/Isábena/B24 </loc>
		<lastmod> 2022-04-13 04:34:14.125577 </lastmod>
	</url><url>
		<loc> https://geoconnex.us/cuahsi/his/Isábena/B25 </loc>
		<lastmod> 2022-04-13 04:34:14.125593 </lastmod>
	</url><url>
		<loc> https://geoconnex.us/cuahsi/his/Isábena/B26 </loc>
		<lastmod> 2022-04-13 04:34:14.125609 </lastmod>
	</url><url>
		<loc> https://geoconnex.us/cuahsi/his/Isábena/B27 </loc>
		<lastmod> 2022-04-13 04:34:14.125624 </lastmod>
	</url><url>
		<loc> https://geoconnex.us/cuahsi/his/Isábena/B28 </loc>
		<lastmod> 2022-04-13 04:34:14.125640 </lastmod>
	</url><url>
		<loc> https://geoconnex.us/cuahsi/his/Isábena/B29 </loc>
		<lastmod> 2022-04-13 04:34:14.125655 </lastmod>
	</url><url>
		<loc> https://geoconnex.us/cuahsi/his/Isábena/B30 </loc>
		<lastmod> 2022-04-13 04:34:14.125671 </lastmod>
	</url><url>
		<loc> https://geoconnex.us/cuahsi/his/Isábena/B31 </loc>
		<lastmod> 2022-04-13 04:34:14.125688 </lastmod>
	</url><url>
		<loc> https://geoconnex.us/cuahsi/his/Isábena/B32 </loc>
		<lastmod> 2022-04-13 04:34:14.125703 </lastmod>
	</url><url>
		<loc> https://geoconnex.us/cuahsi/his/Isábena/B35 </loc>
		<lastmod> 2022-04-13 04:34:14.125719 </lastmod>
	</url><url>
		<loc> https://geoconnex.us/cuahsi/his/Isábena/B36 </loc>
		<lastmod> 2022-04-13 04:34:14.125735 </lastmod>
	</url><url>
		<loc> https://geoconnex.us/cuahsi/his/Isábena/B37 </loc>
		<lastmod> 2022-04-13 04:34:14.125750 </lastmod>
	</url><url>
		<loc> https://geoconnex.us/cuahsi/his/Isábena/B38 </loc>
		<lastmod> 2022-04-13 04:34:14.125766 </lastmod>
	</url><url>
		<loc> https://geoconnex.us/cuahsi/his/Isábena/B39 </loc>
		<lastmod> 2022-04-13 04:34:14.125781 </lastmod>
	</url><url>
		<loc> https://geoconnex.us/cuahsi/his/Isábena/B40 </loc>
		<lastmod> 2022-04-13 04:34:14.125797 </lastmod>
	</url><url>
		<loc> https://geoconnex.us/cuahsi/his/Isábena/B41 </loc>
		<lastmod> 2022-04-13 04:34:14.125812 </lastmod>
	</url><url>
		<loc> https://geoconnex.us/cuahsi/his/Isábena/B43 </loc>
		<lastmod> 2022-04-13 04:34:14.125828 </lastmod>
	</url><url>
		<loc> https://geoconnex.us/cuahsi/his/Isábena/B44 </loc>
		<lastmod> 2022-04-13 04:34:14.125843 </lastmod>
	</url><url>
		<loc> https://geoconnex.us/cuahsi/his/Isábena/B45 </loc>
		<lastmod> 2022-04-13 04:34:14.125859 </lastmod>
	</url><url>
		<loc> https://geoconnex.us/cuahsi/his/Isábena/B46 </loc>
		<lastmod> 2022-04-13 04:34:14.125874 </lastmod>
	</url><url>
		<loc> https://geoconnex.us/cuahsi/his/Isábena/B47 </loc>
		<lastmod> 2022-04-13 04:34:14.125889 </lastmod>
	</url><url>
		<loc> https://geoconnex.us/cuahsi/his/Isábena/B48 </loc>
		<lastmod> 2022-04-13 04:34:14.125905 </lastmod>
	</url><url>
		<loc> https://geoconnex.us/cuahsi/his/Isábena/B49 </loc>
		<lastmod> 2022-04-13 04:34:14.125920 </lastmod>
	</url><url>
		<loc> https://geoconnex.us/cuahsi/his/Isábena/B50 </loc>
		<lastmod> 2022-04-13 04:34:14.125935 </lastmod>
	</url><url>
		<loc> https://geoconnex.us/cuahsi/his/Isábena/B51 </loc>
		<lastmod> 2022-04-13 04:34:14.125951 </lastmod>
	</url><url>
		<loc> https://geoconnex.us/cuahsi/his/Isábena/B52 </loc>
		<lastmod> 2022-04-13 04:34:14.125966 </lastmod>
	</url><url>
		<loc> https://geoconnex.us/cuahsi/his/Isábena/B53 </loc>
		<lastmod> 2022-04-13 04:34:14.125982 </lastmod>
	</url><url>
		<loc> https://geoconnex.us/cuahsi/his/Isábena/B54 </loc>
		<lastmod> 2022-04-13 04:34:14.125997 </lastmod>
	</url><url>
		<loc> https://geoconnex.us/cuahsi/his/Isábena/B55 </loc>
		<lastmod> 2022-04-13 04:34:14.126013 </lastmod>
	</url><url>
		<loc> https://geoconnex.us/cuahsi/his/Isábena/B56 </loc>
		<lastmod> 2022-04-13 04:34:14.126028 </lastmod>
	</url><url>
		<loc> https://geoconnex.us/cuahsi/his/Isábena/B57 </loc>
		<lastmod> 2022-04-13 04:34:14.126044 </lastmod>
	</url><url>
		<loc> https://geoconnex.us/cuahsi/his/Isábena/B58 </loc>
		<lastmod> 2022-04-13 04:34:14.126060 </lastmod>
	</url><url>
		<loc> https://geoconnex.us/cuahsi/his/Isábena/B59 </loc>
		<lastmod> 2022-04-13 04:34:14.126075 </lastmod>
	</url><url>
		<loc> https://geoconnex.us/cuahsi/his/Isábena/B60 </loc>
		<lastmod> 2022-04-13 04:34:14.126091 </lastmod>
	</url><url>
		<loc> https://geoconnex.us/cuahsi/his/Isábena/B61 </loc>
		<lastmod> 2022-04-13 04:34:14.126106 </lastmod>
	</url><url>
		<loc> https://geoconnex.us/cuahsi/his/Isábena/B63 </loc>
		<lastmod> 2022-04-13 04:34:14.126122 </lastmod>
	</url><url>
		<loc> https://geoconnex.us/cuahsi/his/Isábena/B64 </loc>
		<lastmod> 2022-04-13 04:34:14.126138 </lastmod>
	</url><url>
		<loc> https://geoconnex.us/cuahsi/his/Isábena/B65 </loc>
		<lastmod> 2022-04-13 04:34:14.126153 </lastmod>
	</url><url>
		<loc> https://geoconnex.us/cuahsi/his/Isábena/B66 </loc>
		<lastmod> 2022-04-13 04:34:14.126168 </lastmod>
	</url><url>
		<loc> https://geoconnex.us/cuahsi/his/Isábena/B67 </loc>
		<lastmod> 2022-04-13 04:34:14.126184 </lastmod>
	</url><url>
		<loc> https://geoconnex.us/cuahsi/his/Isábena/B68 </loc>
		<lastmod> 2022-04-13 04:34:14.126199 </lastmod>
	</url><url>
		<loc> https://geoconnex.us/cuahsi/his/Isábena/B69 </loc>
		<lastmod> 2022-04-13 04:34:14.126214 </lastmod>
	</url><url>
		<loc> https://geoconnex.us/cuahsi/his/Isábena/B70 </loc>
		<lastmod> 2022-04-13 04:34:14.126230 </lastmod>
	</url><url>
		<loc> https://geoconnex.us/cuahsi/his/Isábena/B71 </loc>
		<lastmod> 2022-04-13 04:34:14.126245 </lastmod>
	</url><url>
		<loc> https://geoconnex.us/cuahsi/his/Isábena/B72 </loc>
		<lastmod> 2022-04-13 04:34:14.126261 </lastmod>
	</url><url>
		<loc> https://geoconnex.us/cuahsi/his/Isábena/B73 </loc>
		<lastmod> 2022-04-13 04:34:14.126276 </lastmod>
	</url><url>
		<loc> https://geoconnex.us/cuahsi/his/Isábena/B74 </loc>
		<lastmod> 2022-04-13 04:34:14.126291 </lastmod>
	</url><url>
		<loc> https://geoconnex.us/cuahsi/his/Isábena/B75 </loc>
		<lastmod> 2022-04-13 04:34:14.126307 </lastmod>
	</url><url>
		<loc> https://geoconnex.us/cuahsi/his/Isábena/B76 </loc>
		<lastmod> 2022-04-13 04:34:14.126322 </lastmod>
	</url><url>
		<loc> https://geoconnex.us/cuahsi/his/Isábena/B77 </loc>
		<lastmod> 2022-04-13 04:34:14.126338 </lastmod>
	</url><url>
		<loc> https://geoconnex.us/cuahsi/his/Isábena/B78 </loc>
		<lastmod> 2022-04-13 04:34:14.126353 </lastmod>
	</url><url>
		<loc> https://geoconnex.us/cuahsi/his/Isábena/B79 </loc>
		<lastmod> 2022-04-13 04:34:14.126369 </lastmod>
	</url><url>
		<loc> https://geoconnex.us/cuahsi/his/Isábena/B80 </loc>
		<lastmod> 2022-04-13 04:34:14.126384 </lastmod>
	</url><url>
		<loc> https://geoconnex.us/cuahsi/his/Isábena/B81 </loc>
		<lastmod> 2022-04-13 04:34:14.126399 </lastmod>
	</url><url>
		<loc> https://geoconnex.us/cuahsi/his/Isábena/B82 </loc>
		<lastmod> 2022-04-13 04:34:14.126415 </lastmod>
	</url><url>
		<loc> https://geoconnex.us/cuahsi/his/Isábena/Cabecera </loc>
		<lastmod> 2022-04-13 04:34:14.126430 </lastmod>
	</url></ns0:urlset>