<?xml version='1.0' encoding='utf-8'?>
<ns0:urlset xmlns:ns0="http://www.sitemaps.org/schemas/sitemap/0.9">
<url>
		<loc> https://geoconnex.us/cuahsi/his/Kansas_Weather_Data/1 </loc>
		<lastmod> 2022-02-25 17:17:23.760454 </lastmod>
	</url><url>
		<loc> https://geoconnex.us/cuahsi/his/Kansas_Weather_Data/10 </loc>
		<lastmod> 2022-02-25 17:17:23.760493 </lastmod>
	</url><url>
		<loc> https://geoconnex.us/cuahsi/his/Kansas_Weather_Data/11 </loc>
		<lastmod> 2022-02-25 17:17:23.760516 </lastmod>
	</url><url>
		<loc> https://geoconnex.us/cuahsi/his/Kansas_Weather_Data/12 </loc>
		<lastmod> 2022-02-25 17:17:23.760535 </lastmod>
	</url><url>
		<loc> https://geoconnex.us/cuahsi/his/Kansas_Weather_Data/13 </loc>
		<lastmod> 2022-02-25 17:17:23.760552 </lastmod>
	</url><url>
		<loc> https://geoconnex.us/cuahsi/his/Kansas_Weather_Data/14 </loc>
		<lastmod> 2022-02-25 17:17:23.760569 </lastmod>
	</url><url>
		<loc> https://geoconnex.us/cuahsi/his/Kansas_Weather_Data/2 </loc>
		<lastmod> 2022-02-25 17:17:23.760585 </lastmod>
	</url><url>
		<loc> https://geoconnex.us/cuahsi/his/Kansas_Weather_Data/3 </loc>
		<lastmod> 2022-02-25 17:17:23.760601 </lastmod>
	</url><url>
		<loc> https://geoconnex.us/cuahsi/his/Kansas_Weather_Data/4 </loc>
		<lastmod> 2022-02-25 17:17:23.760617 </lastmod>
	</url><url>
		<loc> https://geoconnex.us/cuahsi/his/Kansas_Weather_Data/5 </loc>
		<lastmod> 2022-02-25 17:17:23.760633 </lastmod>
	</url><url>
		<loc> https://geoconnex.us/cuahsi/his/Kansas_Weather_Data/6 </loc>
		<lastmod> 2022-02-25 17:17:23.760649 </lastmod>
	</url><url>
		<loc> https://geoconnex.us/cuahsi/his/Kansas_Weather_Data/7 </loc>
		<lastmod> 2022-02-25 17:17:23.760665 </lastmod>
	</url><url>
		<loc> https://geoconnex.us/cuahsi/his/Kansas_Weather_Data/8 </loc>
		<lastmod> 2022-02-25 17:17:23.760680 </lastmod>
	</url><url>
		<loc> https://geoconnex.us/cuahsi/his/Kansas_Weather_Data/9 </loc>
		<lastmod> 2022-02-25 17:17:23.760696 </lastmod>
	</url></ns0:urlset>