<?xml version='1.0' encoding='utf-8'?>
<ns0:urlset xmlns:ns0="http://www.sitemaps.org/schemas/sitemap/0.9">
<url>
		<loc> https://geoconnex.us/cuahsi/his/NashRWA/BR1039 </loc>
		<lastmod> 2022-05-19 13:30:25.530130 </lastmod>
	</url><url>
		<loc> https://geoconnex.us/cuahsi/his/NashRWA/CT0195 </loc>
		<lastmod> 2022-05-19 13:30:25.530161 </lastmod>
	</url><url>
		<loc> https://geoconnex.us/cuahsi/his/NashRWA/CT0425 </loc>
		<lastmod> 2022-05-19 13:30:25.530181 </lastmod>
	</url><url>
		<loc> https://geoconnex.us/cuahsi/his/NashRWA/FT0380 </loc>
		<lastmod> 2022-05-19 13:30:25.530197 </lastmod>
	</url><url>
		<loc> https://geoconnex.us/cuahsi/his/NashRWA/GB0312 </loc>
		<lastmod> 2022-05-19 13:30:25.530211 </lastmod>
	</url><url>
		<loc> https://geoconnex.us/cuahsi/his/NashRWA/JB0121 </loc>
		<lastmod> 2022-05-19 13:30:25.530225 </lastmod>
	</url><url>
		<loc> https://geoconnex.us/cuahsi/his/NashRWA/JB0583 </loc>
		<lastmod> 2022-05-19 13:30:25.530239 </lastmod>
	</url><url>
		<loc> https://geoconnex.us/cuahsi/his/NashRWA/MN0009 </loc>
		<lastmod> 2022-05-19 13:30:25.530254 </lastmod>
	</url><url>
		<loc> https://geoconnex.us/cuahsi/his/NashRWA/MN0223 </loc>
		<lastmod> 2022-05-19 13:30:25.530268 </lastmod>
	</url><url>
		<loc> https://geoconnex.us/cuahsi/his/NashRWA/MN0419 </loc>
		<lastmod> 2022-05-19 13:30:25.530284 </lastmod>
	</url><url>
		<loc> https://geoconnex.us/cuahsi/his/NashRWA/MN0520 </loc>
		<lastmod> 2022-05-19 13:30:25.530297 </lastmod>
	</url><url>
		<loc> https://geoconnex.us/cuahsi/his/NashRWA/MU0647 </loc>
		<lastmod> 2022-05-19 13:30:25.530311 </lastmod>
	</url><url>
		<loc> https://geoconnex.us/cuahsi/his/NashRWA/MU2011 </loc>
		<lastmod> 2022-05-19 13:30:25.530325 </lastmod>
	</url><url>
		<loc> https://geoconnex.us/cuahsi/his/NashRWA/NB0006 </loc>
		<lastmod> 2022-05-19 13:30:25.530338 </lastmod>
	</url><url>
		<loc> https://geoconnex.us/cuahsi/his/NashRWA/NM0121 </loc>
		<lastmod> 2022-05-19 13:30:25.530351 </lastmod>
	</url><url>
		<loc> https://geoconnex.us/cuahsi/his/NashRWA/NM0875 </loc>
		<lastmod> 2022-05-19 13:30:25.530364 </lastmod>
	</url><url>
		<loc> https://geoconnex.us/cuahsi/his/NashRWA/NM1567 </loc>
		<lastmod> 2022-05-19 13:30:25.530377 </lastmod>
	</url><url>
		<loc> https://geoconnex.us/cuahsi/his/NashRWA/NM2256 </loc>
		<lastmod> 2022-05-19 13:30:25.530390 </lastmod>
	</url><url>
		<loc> https://geoconnex.us/cuahsi/his/NashRWA/NM2443B </loc>
		<lastmod> 2022-05-19 13:30:25.530403 </lastmod>
	</url><url>
		<loc> https://geoconnex.us/cuahsi/his/NashRWA/NM2928 </loc>
		<lastmod> 2022-05-19 13:30:25.530417 </lastmod>
	</url><url>
		<loc> https://geoconnex.us/cuahsi/his/NashRWA/NM4201 </loc>
		<lastmod> 2022-05-19 13:30:25.530430 </lastmod>
	</url><url>
		<loc> https://geoconnex.us/cuahsi/his/NashRWA/NM5837 </loc>
		<lastmod> 2022-05-19 13:30:25.530443 </lastmod>
	</url><url>
		<loc> https://geoconnex.us/cuahsi/his/NashRWA/NN0049 </loc>
		<lastmod> 2022-05-19 13:30:25.530456 </lastmod>
	</url><url>
		<loc> https://geoconnex.us/cuahsi/his/NashRWA/NN0426 </loc>
		<lastmod> 2022-05-19 13:30:25.530469 </lastmod>
	</url><url>
		<loc> https://geoconnex.us/cuahsi/his/NashRWA/NN1194 </loc>
		<lastmod> 2022-05-19 13:30:25.530482 </lastmod>
	</url><url>
		<loc> https://geoconnex.us/cuahsi/his/NashRWA/NN1905 </loc>
		<lastmod> 2022-05-19 13:30:25.530496 </lastmod>
	</url><url>
		<loc> https://geoconnex.us/cuahsi/his/NashRWA/NN2657 </loc>
		<lastmod> 2022-05-19 13:30:25.530509 </lastmod>
	</url><url>
		<loc> https://geoconnex.us/cuahsi/his/NashRWA/NN2888 </loc>
		<lastmod> 2022-05-19 13:30:25.530523 </lastmod>
	</url><url>
		<loc> https://geoconnex.us/cuahsi/his/NashRWA/NN3071 </loc>
		<lastmod> 2022-05-19 13:30:25.530537 </lastmod>
	</url><url>
		<loc> https://geoconnex.us/cuahsi/his/NashRWA/NT0082 </loc>
		<lastmod> 2022-05-19 13:30:25.530550 </lastmod>
	</url><url>
		<loc> https://geoconnex.us/cuahsi/his/NashRWA/NT0418 </loc>
		<lastmod> 2022-05-19 13:30:25.530564 </lastmod>
	</url><url>
		<loc> https://geoconnex.us/cuahsi/his/NashRWA/NT0890 </loc>
		<lastmod> 2022-05-19 13:30:25.530577 </lastmod>
	</url><url>
		<loc> https://geoconnex.us/cuahsi/his/NashRWA/PB0480 </loc>
		<lastmod> 2022-05-19 13:30:25.530590 </lastmod>
	</url><url>
		<loc> https://geoconnex.us/cuahsi/his/NashRWA/SB0025 </loc>
		<lastmod> 2022-05-19 13:30:25.530603 </lastmod>
	</url><url>
		<loc> https://geoconnex.us/cuahsi/his/NashRWA/SB0295 </loc>
		<lastmod> 2022-05-19 13:30:25.530616 </lastmod>
	</url><url>
		<loc> https://geoconnex.us/cuahsi/his/NashRWA/SN0169 </loc>
		<lastmod> 2022-05-19 13:30:25.530630 </lastmod>
	</url><url>
		<loc> https://geoconnex.us/cuahsi/his/NashRWA/SQ0356 </loc>
		<lastmod> 2022-05-19 13:30:25.530643 </lastmod>
	</url><url>
		<loc> https://geoconnex.us/cuahsi/his/NashRWA/SQ1329 </loc>
		<lastmod> 2022-05-19 13:30:25.530656 </lastmod>
	</url><url>
		<loc> https://geoconnex.us/cuahsi/his/NashRWA/SQ1788 </loc>
		<lastmod> 2022-05-19 13:30:25.530669 </lastmod>
	</url><url>
		<loc> https://geoconnex.us/cuahsi/his/NashRWA/SQ2400 </loc>
		<lastmod> 2022-05-19 13:30:25.530682 </lastmod>
	</url><url>
		<loc> https://geoconnex.us/cuahsi/his/NashRWA/WE0034 </loc>
		<lastmod> 2022-05-19 13:30:25.530696 </lastmod>
	</url><url>
		<loc> https://geoconnex.us/cuahsi/his/NashRWA/WK0545 </loc>
		<lastmod> 2022-05-19 13:30:25.530709 </lastmod>
	</url><url>
		<loc> https://geoconnex.us/cuahsi/his/NashRWA/WK0600 </loc>
		<lastmod> 2022-05-19 13:30:25.530722 </lastmod>
	</url><url>
		<loc> https://geoconnex.us/cuahsi/his/NashRWA/BK0430 </loc>
		<lastmod> 2022-05-19 13:30:25.530735 </lastmod>
	</url><url>
		<loc> https://geoconnex.us/cuahsi/his/NashRWA/BR0895 </loc>
		<lastmod> 2022-05-19 13:30:25.530748 </lastmod>
	</url><url>
		<loc> https://geoconnex.us/cuahsi/his/NashRWA/CT0151 </loc>
		<lastmod> 2022-05-19 13:30:25.530761 </lastmod>
	</url><url>
		<loc> https://geoconnex.us/cuahsi/his/NashRWA/CT0743 </loc>
		<lastmod> 2022-05-19 13:30:25.530775 </lastmod>
	</url><url>
		<loc> https://geoconnex.us/cuahsi/his/NashRWA/EB0023 </loc>
		<lastmod> 2022-05-19 13:30:25.530789 </lastmod>
	</url><url>
		<loc> https://geoconnex.us/cuahsi/his/NashRWA/FT0290 </loc>
		<lastmod> 2022-05-19 13:30:25.530802 </lastmod>
	</url><url>
		<loc> https://geoconnex.us/cuahsi/his/NashRWA/JB0200 </loc>
		<lastmod> 2022-05-19 13:30:25.530815 </lastmod>
	</url><url>
		<loc> https://geoconnex.us/cuahsi/his/NashRWA/JB0457 </loc>
		<lastmod> 2022-05-19 13:30:25.530828 </lastmod>
	</url><url>
		<loc> https://geoconnex.us/cuahsi/his/NashRWA/LB0038 </loc>
		<lastmod> 2022-05-19 13:30:25.530841 </lastmod>
	</url><url>
		<loc> https://geoconnex.us/cuahsi/his/NashRWA/MN0713 </loc>
		<lastmod> 2022-05-19 13:30:25.530855 </lastmod>
	</url><url>
		<loc> https://geoconnex.us/cuahsi/his/NashRWA/NM0140 </loc>
		<lastmod> 2022-05-19 13:30:25.530868 </lastmod>
	</url><url>
		<loc> https://geoconnex.us/cuahsi/his/NashRWA/NM0200 </loc>
		<lastmod> 2022-05-19 13:30:25.530881 </lastmod>
	</url><url>
		<loc> https://geoconnex.us/cuahsi/his/NashRWA/NM6274 </loc>
		<lastmod> 2022-05-19 13:30:25.530894 </lastmod>
	</url><url>
		<loc> https://geoconnex.us/cuahsi/his/NashRWA/NT0768 </loc>
		<lastmod> 2022-05-19 13:30:25.530907 </lastmod>
	</url><url>
		<loc> https://geoconnex.us/cuahsi/his/NashRWA/NT1648 </loc>
		<lastmod> 2022-05-19 13:30:25.530920 </lastmod>
	</url><url>
		<loc> https://geoconnex.us/cuahsi/his/NashRWA/PB0840 </loc>
		<lastmod> 2022-05-19 13:30:25.530933 </lastmod>
	</url><url>
		<loc> https://geoconnex.us/cuahsi/his/NashRWA/SQ1840 </loc>
		<lastmod> 2022-05-19 13:30:25.530947 </lastmod>
	</url><url>
		<loc> https://geoconnex.us/cuahsi/his/NashRWA/VB0075 </loc>
		<lastmod> 2022-05-19 13:30:25.530960 </lastmod>
	</url><url>
		<loc> https://geoconnex.us/cuahsi/his/NashRWA/WB0300 </loc>
		<lastmod> 2022-05-19 13:30:25.530973 </lastmod>
	</url><url>
		<loc> https://geoconnex.us/cuahsi/his/NashRWA/WE0180 </loc>
		<lastmod> 2022-05-19 13:30:25.530986 </lastmod>
	</url><url>
		<loc> https://geoconnex.us/cuahsi/his/NashRWA/WK0550 </loc>
		<lastmod> 2022-05-19 13:30:25.530999 </lastmod>
	</url><url>
		<loc> https://geoconnex.us/cuahsi/his/NashRWA/NM4426 </loc>
		<lastmod> 2022-05-19 13:30:25.531012 </lastmod>
	</url></ns0:urlset>