<?xml version='1.0' encoding='utf-8'?>
<ns0:urlset xmlns:ns0="http://www.sitemaps.org/schemas/sitemap/0.9">
<url>
		<loc> https://geoconnex.us/cuahsi/his/Nevados/2272886 </loc>
		<lastmod> 2021-12-01 14:18:48.058458 </lastmod>
	</url><url>
		<loc> https://geoconnex.us/cuahsi/his/Nevados/2272887 </loc>
		<lastmod> 2021-12-01 14:18:48.058522 </lastmod>
	</url><url>
		<loc> https://geoconnex.us/cuahsi/his/Nevados/2272888 </loc>
		<lastmod> 2021-12-01 14:18:48.058554 </lastmod>
	</url><url>
		<loc> https://geoconnex.us/cuahsi/his/Nevados/2272889 </loc>
		<lastmod> 2021-12-01 14:18:48.058577 </lastmod>
	</url><url>
		<loc> https://geoconnex.us/cuahsi/his/Nevados/9950000 </loc>
		<lastmod> 2021-12-01 14:18:48.058598 </lastmod>
	</url><url>
		<loc> https://geoconnex.us/cuahsi/his/Nevados/10047204 </loc>
		<lastmod> 2021-12-01 14:18:48.058619 </lastmod>
	</url><url>
		<loc> https://geoconnex.us/cuahsi/his/Nevados/10170473 </loc>
		<lastmod> 2021-12-01 14:18:48.058642 </lastmod>
	</url><url>
		<loc> https://geoconnex.us/cuahsi/his/Nevados/10409121 </loc>
		<lastmod> 2021-12-01 14:18:48.058664 </lastmod>
	</url><url>
		<loc> https://geoconnex.us/cuahsi/his/Nevados/10409122 </loc>
		<lastmod> 2021-12-01 14:18:48.058684 </lastmod>
	</url><url>
		<loc> https://geoconnex.us/cuahsi/his/Nevados/10409123 </loc>
		<lastmod> 2021-12-01 14:18:48.058703 </lastmod>
	</url><url>
		<loc> https://geoconnex.us/cuahsi/his/Nevados/10170474 </loc>
		<lastmod> 2021-12-01 14:18:48.058723 </lastmod>
	</url><url>
		<loc> https://geoconnex.us/cuahsi/his/Nevados/10667797 </loc>
		<lastmod> 2021-12-01 14:18:48.058741 </lastmod>
	</url><url>
		<loc> https://geoconnex.us/cuahsi/his/Nevados/10667798 </loc>
		<lastmod> 2021-12-01 14:18:48.058760 </lastmod>
	</url><url>
		<loc> https://geoconnex.us/cuahsi/his/Nevados/10667799 </loc>
		<lastmod> 2021-12-01 14:18:48.058778 </lastmod>
	</url><url>
		<loc> https://geoconnex.us/cuahsi/his/Nevados/10790471 </loc>
		<lastmod> 2021-12-01 14:18:48.058833 </lastmod>
	</url><url>
		<loc> https://geoconnex.us/cuahsi/his/Nevados/10790472 </loc>
		<lastmod> 2021-12-01 14:18:48.058862 </lastmod>
	</url><url>
		<loc> https://geoconnex.us/cuahsi/his/Nevados/10790475 </loc>
		<lastmod> 2021-12-01 14:18:48.058882 </lastmod>
	</url><url>
		<loc> https://geoconnex.us/cuahsi/his/Nevados/10790476 </loc>
		<lastmod> 2021-12-01 14:18:48.058901 </lastmod>
	</url><url>
		<loc> https://geoconnex.us/cuahsi/his/Nevados/0000Santa_Isabel </loc>
		<lastmod> 2021-12-01 14:18:48.058921 </lastmod>
	</url><url>
		<loc> https://geoconnex.us/cuahsi/his/Nevados/2886Salto_Cueva </loc>
		<lastmod> 2021-12-01 14:18:48.058940 </lastmod>
	</url><url>
		<loc> https://geoconnex.us/cuahsi/his/Nevados/2887Microcentral </loc>
		<lastmod> 2021-12-01 14:18:48.058959 </lastmod>
	</url><url>
		<loc> https://geoconnex.us/cuahsi/his/Nevados/2888El_Cisne </loc>
		<lastmod> 2021-12-01 14:18:48.058978 </lastmod>
	</url><url>
		<loc> https://geoconnex.us/cuahsi/his/Nevados/2889Nariz_Diablo </loc>
		<lastmod> 2021-12-01 14:18:48.058998 </lastmod>
	</url><url>
		<loc> https://geoconnex.us/cuahsi/his/Nevados/09121San_Antonio </loc>
		<lastmod> 2021-12-01 14:18:48.059016 </lastmod>
	</url><url>
		<loc> https://geoconnex.us/cuahsi/his/Nevados/09122La_Fonda </loc>
		<lastmod> 2021-12-01 14:18:48.059036 </lastmod>
	</url><url>
		<loc> https://geoconnex.us/cuahsi/his/Nevados/09123La_Quinta </loc>
		<lastmod> 2021-12-01 14:18:48.059055 </lastmod>
	</url><url>
		<loc> https://geoconnex.us/cuahsi/his/Nevados/67797FincaBuenavista </loc>
		<lastmod> 2021-12-01 14:18:48.059074 </lastmod>
	</url><url>
		<loc> https://geoconnex.us/cuahsi/his/Nevados/6779898ClaroMolinos </loc>
		<lastmod> 2021-12-01 14:18:48.059094 </lastmod>
	</url><url>
		<loc> https://geoconnex.us/cuahsi/his/Nevados/67799Molinos </loc>
		<lastmod> 2021-12-01 14:18:48.059113 </lastmod>
	</url><url>
		<loc> https://geoconnex.us/cuahsi/his/Nevados/70473Valle_Quemado_1 </loc>
		<lastmod> 2021-12-01 14:18:48.059132 </lastmod>
	</url><url>
		<loc> https://geoconnex.us/cuahsi/his/Nevados/70474Valle_Quemado_2 </loc>
		<lastmod> 2021-12-01 14:18:48.059151 </lastmod>
	</url><url>
		<loc> https://geoconnex.us/cuahsi/his/Nevados/90471LosAlpes </loc>
		<lastmod> 2021-12-01 14:18:48.059170 </lastmod>
	</url><url>
		<loc> https://geoconnex.us/cuahsi/his/Nevados/90472PozoNereidas </loc>
		<lastmod> 2021-12-01 14:18:48.059189 </lastmod>
	</url><url>
		<loc> https://geoconnex.us/cuahsi/his/Nevados/90475Alfombrales </loc>
		<lastmod> 2021-12-01 14:18:48.059278 </lastmod>
	</url><url>
		<loc> https://geoconnex.us/cuahsi/his/Nevados/90476ZigZag </loc>
		<lastmod> 2021-12-01 14:18:48.059310 </lastmod>
	</url><url>
		<loc> https://geoconnex.us/cuahsi/his/Nevados/39281Lupinus_ValleyII </loc>
		<lastmod> 2021-12-01 14:18:48.059332 </lastmod>
	</url><url>
		<loc> https://geoconnex.us/cuahsi/his/Nevados/09123LaQuinta </loc>
		<lastmod> 2021-12-01 14:18:48.059352 </lastmod>
	</url></ns0:urlset>