<?xml version='1.0' encoding='utf-8'?>
<ns0:urlset xmlns:ns0="http://www.sitemaps.org/schemas/sitemap/0.9">
<url>
		<loc> https://geoconnex.us/cuahsi/his/CALVIN_HHS/SR-1 </loc>
		<lastmod> 2023-05-11 14:48:20.013249 </lastmod>
	</url><url>
		<loc> https://geoconnex.us/cuahsi/his/CALVIN_HHS/SR-10 </loc>
		<lastmod> 2023-05-11 14:48:20.013280 </lastmod>
	</url><url>
		<loc> https://geoconnex.us/cuahsi/his/CALVIN_HHS/SR-12 </loc>
		<lastmod> 2023-05-11 14:48:20.013300 </lastmod>
	</url><url>
		<loc> https://geoconnex.us/cuahsi/his/CALVIN_HHS/SR-15 </loc>
		<lastmod> 2023-05-11 14:48:20.013318 </lastmod>
	</url><url>
		<loc> https://geoconnex.us/cuahsi/his/CALVIN_HHS/SR-18 </loc>
		<lastmod> 2023-05-11 14:48:20.013333 </lastmod>
	</url><url>
		<loc> https://geoconnex.us/cuahsi/his/CALVIN_HHS/SR-20 </loc>
		<lastmod> 2023-05-11 14:48:20.013349 </lastmod>
	</url><url>
		<loc> https://geoconnex.us/cuahsi/his/CALVIN_HHS/SR-22 </loc>
		<lastmod> 2023-05-11 14:48:20.013365 </lastmod>
	</url><url>
		<loc> https://geoconnex.us/cuahsi/his/CALVIN_HHS/SR-3 </loc>
		<lastmod> 2023-05-11 14:48:20.013381 </lastmod>
	</url><url>
		<loc> https://geoconnex.us/cuahsi/his/CALVIN_HHS/SR-4 </loc>
		<lastmod> 2023-05-11 14:48:20.013396 </lastmod>
	</url><url>
		<loc> https://geoconnex.us/cuahsi/his/CALVIN_HHS/SR-52 </loc>
		<lastmod> 2023-05-11 14:48:20.013412 </lastmod>
	</url><url>
		<loc> https://geoconnex.us/cuahsi/his/CALVIN_HHS/SR-53 </loc>
		<lastmod> 2023-05-11 14:48:20.013428 </lastmod>
	</url><url>
		<loc> https://geoconnex.us/cuahsi/his/CALVIN_HHS/SR-6 </loc>
		<lastmod> 2023-05-11 14:48:20.013443 </lastmod>
	</url><url>
		<loc> https://geoconnex.us/cuahsi/his/CALVIN_HHS/SR-7 </loc>
		<lastmod> 2023-05-11 14:48:20.013459 </lastmod>
	</url><url>
		<loc> https://geoconnex.us/cuahsi/his/CALVIN_HHS/SR-8 </loc>
		<lastmod> 2023-05-11 14:48:20.013474 </lastmod>
	</url><url>
		<loc> https://geoconnex.us/cuahsi/his/CALVIN_HHS/SR-81 </loc>
		<lastmod> 2023-05-11 14:48:20.013489 </lastmod>
	</url><url>
		<loc> https://geoconnex.us/cuahsi/his/CALVIN_HHS/SR-ASF </loc>
		<lastmod> 2023-05-11 14:48:20.013504 </lastmod>
	</url><url>
		<loc> https://geoconnex.us/cuahsi/his/CALVIN_HHS/SR-BBL </loc>
		<lastmod> 2023-05-11 14:48:20.013519 </lastmod>
	</url><url>
		<loc> https://geoconnex.us/cuahsi/his/CALVIN_HHS/SR-CFW </loc>
		<lastmod> 2023-05-11 14:48:20.013535 </lastmod>
	</url><url>
		<loc> https://geoconnex.us/cuahsi/his/CALVIN_HHS/SR-CL-IVR </loc>
		<lastmod> 2023-05-11 14:48:20.013550 </lastmod>
	</url><url>
		<loc> https://geoconnex.us/cuahsi/his/CALVIN_HHS/SR-CR </loc>
		<lastmod> 2023-05-11 14:48:20.013565 </lastmod>
	</url><url>
		<loc> https://geoconnex.us/cuahsi/his/CALVIN_HHS/SR-EBMUD </loc>
		<lastmod> 2023-05-11 14:48:20.013580 </lastmod>
	</url><url>
		<loc> https://geoconnex.us/cuahsi/his/CALVIN_HHS/SR-EL </loc>
		<lastmod> 2023-05-11 14:48:20.013595 </lastmod>
	</url><url>
		<loc> https://geoconnex.us/cuahsi/his/CALVIN_HHS/SR-HHR </loc>
		<lastmod> 2023-05-11 14:48:20.013610 </lastmod>
	</url><url>
		<loc> https://geoconnex.us/cuahsi/his/CALVIN_HHS/SR-LB </loc>
		<lastmod> 2023-05-11 14:48:20.013625 </lastmod>
	</url><url>
		<loc> https://geoconnex.us/cuahsi/his/CALVIN_HHS/SR-LI </loc>
		<lastmod> 2023-05-11 14:48:20.013640 </lastmod>
	</url><url>
		<loc> https://geoconnex.us/cuahsi/his/CALVIN_HHS/SR-LK </loc>
		<lastmod> 2023-05-11 14:48:20.013655 </lastmod>
	</url><url>
		<loc> https://geoconnex.us/cuahsi/his/CALVIN_HHS/SR-LL-LE </loc>
		<lastmod> 2023-05-11 14:48:20.013670 </lastmod>
	</url><url>
		<loc> https://geoconnex.us/cuahsi/his/CALVIN_HHS/SR-LS </loc>
		<lastmod> 2023-05-11 14:48:20.013686 </lastmod>
	</url><url>
		<loc> https://geoconnex.us/cuahsi/his/CALVIN_HHS/SR-LV </loc>
		<lastmod> 2023-05-11 14:48:20.013701 </lastmod>
	</url><url>
		<loc> https://geoconnex.us/cuahsi/his/CALVIN_HHS/SR-NBB </loc>
		<lastmod> 2023-05-11 14:48:20.013716 </lastmod>
	</url><url>
		<loc> https://geoconnex.us/cuahsi/his/CALVIN_HHS/SR-NHL </loc>
		<lastmod> 2023-05-11 14:48:20.013730 </lastmod>
	</url><url>
		<loc> https://geoconnex.us/cuahsi/his/CALVIN_HHS/SR-PF </loc>
		<lastmod> 2023-05-11 14:48:20.013746 </lastmod>
	</url><url>
		<loc> https://geoconnex.us/cuahsi/his/CALVIN_HHS/SR-PR </loc>
		<lastmod> 2023-05-11 14:48:20.013760 </lastmod>
	</url><url>
		<loc> https://geoconnex.us/cuahsi/his/CALVIN_HHS/SR-SCV </loc>
		<lastmod> 2023-05-11 14:48:20.013776 </lastmod>
	</url><url>
		<loc> https://geoconnex.us/cuahsi/his/CALVIN_HHS/SR-TR </loc>
		<lastmod> 2023-05-11 14:48:20.013791 </lastmod>
	</url></ns0:urlset>