<?xml version='1.0' encoding='utf-8'?>
<ns0:urlset xmlns:ns0="http://www.sitemaps.org/schemas/sitemap/0.9">
<url>
		<loc> https://geoconnex.us/cuahsi/his/Scotland_NWIS/114632JHI_NWIS_South </loc>
		<lastmod> 2023-06-06 02:36:17.725984 </lastmod>
	</url><url>
		<loc> https://geoconnex.us/cuahsi/his/Scotland_NWIS/114645JHI_NWIS_South </loc>
		<lastmod> 2023-06-06 02:36:17.726025 </lastmod>
	</url><url>
		<loc> https://geoconnex.us/cuahsi/his/Scotland_NWIS/114672JHI_NWIS_South </loc>
		<lastmod> 2023-06-06 02:36:17.726068 </lastmod>
	</url><url>
		<loc> https://geoconnex.us/cuahsi/his/Scotland_NWIS/114701JHI_NWIS_South </loc>
		<lastmod> 2023-06-06 02:36:17.726106 </lastmod>
	</url><url>
		<loc> https://geoconnex.us/cuahsi/his/Scotland_NWIS/121084JHI_NWIS_South </loc>
		<lastmod> 2023-06-06 02:36:17.726140 </lastmod>
	</url><url>
		<loc> https://geoconnex.us/cuahsi/his/Scotland_NWIS/121105JHI_NWIS_South </loc>
		<lastmod> 2023-06-06 02:36:17.726158 </lastmod>
	</url><url>
		<loc> https://geoconnex.us/cuahsi/his/Scotland_NWIS/121117JHI_NWIS_South </loc>
		<lastmod> 2023-06-06 02:36:17.726185 </lastmod>
	</url><url>
		<loc> https://geoconnex.us/cuahsi/his/Scotland_NWIS/121157JHI_NWIS_South </loc>
		<lastmod> 2023-06-06 02:36:17.726203 </lastmod>
	</url><url>
		<loc> https://geoconnex.us/cuahsi/his/Scotland_NWIS/121207JHI_NWIS_South </loc>
		<lastmod> 2023-06-06 02:36:17.726221 </lastmod>
	</url><url>
		<loc> https://geoconnex.us/cuahsi/his/Scotland_NWIS/121228JHI_NWIS_South </loc>
		<lastmod> 2023-06-06 02:36:17.726238 </lastmod>
	</url><url>
		<loc> https://geoconnex.us/cuahsi/his/Scotland_NWIS/121255JHI_NWIS_South </loc>
		<lastmod> 2023-06-06 02:36:17.726256 </lastmod>
	</url><url>
		<loc> https://geoconnex.us/cuahsi/his/Scotland_NWIS/121317JHI_NWIS_South </loc>
		<lastmod> 2023-06-06 02:36:17.726274 </lastmod>
	</url><url>
		<loc> https://geoconnex.us/cuahsi/his/Scotland_NWIS/121402JHI_NWIS_South </loc>
		<lastmod> 2023-06-06 02:36:17.726292 </lastmod>
	</url><url>
		<loc> https://geoconnex.us/cuahsi/his/Scotland_NWIS/121456JHI_NWIS_South </loc>
		<lastmod> 2023-06-06 02:36:17.726309 </lastmod>
	</url><url>
		<loc> https://geoconnex.us/cuahsi/his/Scotland_NWIS/121541JHI_NWIS_South </loc>
		<lastmod> 2023-06-06 02:36:17.726327 </lastmod>
	</url><url>
		<loc> https://geoconnex.us/cuahsi/his/Scotland_NWIS/121552JHI_NWIS_South </loc>
		<lastmod> 2023-06-06 02:36:17.726344 </lastmod>
	</url><url>
		<loc> https://geoconnex.us/cuahsi/his/Scotland_NWIS/121572JHI_NWIS_South </loc>
		<lastmod> 2023-06-06 02:36:17.726362 </lastmod>
	</url><url>
		<loc> https://geoconnex.us/cuahsi/his/Scotland_NWIS/121582JHI_NWIS_South </loc>
		<lastmod> 2023-06-06 02:36:17.726380 </lastmod>
	</url><url>
		<loc> https://geoconnex.us/cuahsi/his/Scotland_NWIS/121587JHI_NWIS_South </loc>
		<lastmod> 2023-06-06 02:36:17.726397 </lastmod>
	</url><url>
		<loc> https://geoconnex.us/cuahsi/his/Scotland_NWIS/121600JHI_NWIS_South </loc>
		<lastmod> 2023-06-06 02:36:17.726415 </lastmod>
	</url><url>
		<loc> https://geoconnex.us/cuahsi/his/Scotland_NWIS/121641JHI_NWIS_South </loc>
		<lastmod> 2023-06-06 02:36:17.726433 </lastmod>
	</url><url>
		<loc> https://geoconnex.us/cuahsi/his/Scotland_NWIS/123252JHI_NWIS_South </loc>
		<lastmod> 2023-06-06 02:36:17.726450 </lastmod>
	</url><url>
		<loc> https://geoconnex.us/cuahsi/his/Scotland_NWIS/125528JHI_NWIS_GrdWater </loc>
		<lastmod> 2023-06-06 02:36:17.726468 </lastmod>
	</url><url>
		<loc> https://geoconnex.us/cuahsi/his/Scotland_NWIS/125530JHI_NWIS_GrdWater </loc>
		<lastmod> 2023-06-06 02:36:17.726486 </lastmod>
	</url><url>
		<loc> https://geoconnex.us/cuahsi/his/Scotland_NWIS/125539JHI_NWIS_GrdWater </loc>
		<lastmod> 2023-06-06 02:36:17.726504 </lastmod>
	</url><url>
		<loc> https://geoconnex.us/cuahsi/his/Scotland_NWIS/12918JHI_NWIS_GrdWater </loc>
		<lastmod> 2023-06-06 02:36:17.726521 </lastmod>
	</url><url>
		<loc> https://geoconnex.us/cuahsi/his/Scotland_NWIS/134152JHI_NWIS_South </loc>
		<lastmod> 2023-06-06 02:36:17.726576 </lastmod>
	</url><url>
		<loc> https://geoconnex.us/cuahsi/his/Scotland_NWIS/1542JHI_NWIS_South </loc>
		<lastmod> 2023-06-06 02:36:17.726610 </lastmod>
	</url><url>
		<loc> https://geoconnex.us/cuahsi/his/Scotland_NWIS/1560JHI_NWIS_South </loc>
		<lastmod> 2023-06-06 02:36:17.726629 </lastmod>
	</url><url>
		<loc> https://geoconnex.us/cuahsi/his/Scotland_NWIS/1574JHI_NWIS_South </loc>
		<lastmod> 2023-06-06 02:36:17.726647 </lastmod>
	</url><url>
		<loc> https://geoconnex.us/cuahsi/his/Scotland_NWIS/1615JHI_NWIS_South </loc>
		<lastmod> 2023-06-06 02:36:17.726665 </lastmod>
	</url><url>
		<loc> https://geoconnex.us/cuahsi/his/Scotland_NWIS/16454JHI_NWIS_GrdWater </loc>
		<lastmod> 2023-06-06 02:36:17.726879 </lastmod>
	</url><url>
		<loc> https://geoconnex.us/cuahsi/his/Scotland_NWIS/16461JHI_NWIS_GrdWater </loc>
		<lastmod> 2023-06-06 02:36:17.726925 </lastmod>
	</url><url>
		<loc> https://geoconnex.us/cuahsi/his/Scotland_NWIS/16494JHI_NWIS_GrdWater </loc>
		<lastmod> 2023-06-06 02:36:17.726942 </lastmod>
	</url><url>
		<loc> https://geoconnex.us/cuahsi/his/Scotland_NWIS/17066JHI_NWIS_GrdWater </loc>
		<lastmod> 2023-06-06 02:36:17.726959 </lastmod>
	</url><url>
		<loc> https://geoconnex.us/cuahsi/his/Scotland_NWIS/201567JHI_NWIS_North </loc>
		<lastmod> 2023-06-06 02:36:17.726976 </lastmod>
	</url><url>
		<loc> https://geoconnex.us/cuahsi/his/Scotland_NWIS/202310JHI_NWIS_North </loc>
		<lastmod> 2023-06-06 02:36:17.726993 </lastmod>
	</url><url>
		<loc> https://geoconnex.us/cuahsi/his/Scotland_NWIS/202311JHI_NWIS_North </loc>
		<lastmod> 2023-06-06 02:36:17.727009 </lastmod>
	</url><url>
		<loc> https://geoconnex.us/cuahsi/his/Scotland_NWIS/202312JHI_NWIS_North </loc>
		<lastmod> 2023-06-06 02:36:17.727026 </lastmod>
	</url><url>
		<loc> https://geoconnex.us/cuahsi/his/Scotland_NWIS/202313JHI_NWIS_North </loc>
		<lastmod> 2023-06-06 02:36:17.727042 </lastmod>
	</url><url>
		<loc> https://geoconnex.us/cuahsi/his/Scotland_NWIS/202314JHI_NWIS_North </loc>
		<lastmod> 2023-06-06 02:36:17.727059 </lastmod>
	</url><url>
		<loc> https://geoconnex.us/cuahsi/his/Scotland_NWIS/202897JHI_NWIS_North </loc>
		<lastmod> 2023-06-06 02:36:17.727075 </lastmod>
	</url><url>
		<loc> https://geoconnex.us/cuahsi/his/Scotland_NWIS/202898JHI_NWIS_North </loc>
		<lastmod> 2023-06-06 02:36:17.727092 </lastmod>
	</url><url>
		<loc> https://geoconnex.us/cuahsi/his/Scotland_NWIS/203301JHI_NWIS_North </loc>
		<lastmod> 2023-06-06 02:36:17.727108 </lastmod>
	</url><url>
		<loc> https://geoconnex.us/cuahsi/his/Scotland_NWIS/203302JHI_NWIS_North </loc>
		<lastmod> 2023-06-06 02:36:17.727125 </lastmod>
	</url><url>
		<loc> https://geoconnex.us/cuahsi/his/Scotland_NWIS/203751JHI_NWIS_North </loc>
		<lastmod> 2023-06-06 02:36:17.727141 </lastmod>
	</url><url>
		<loc> https://geoconnex.us/cuahsi/his/Scotland_NWIS/203862JHI_NWIS_North </loc>
		<lastmod> 2023-06-06 02:36:17.727158 </lastmod>
	</url><url>
		<loc> https://geoconnex.us/cuahsi/his/Scotland_NWIS/204514JHI_NWIS_North </loc>
		<lastmod> 2023-06-06 02:36:17.727174 </lastmod>
	</url><url>
		<loc> https://geoconnex.us/cuahsi/his/Scotland_NWIS/204561JHI_NWIS_North </loc>
		<lastmod> 2023-06-06 02:36:17.727191 </lastmod>
	</url><url>
		<loc> https://geoconnex.us/cuahsi/his/Scotland_NWIS/204602JHI_NWIS_North </loc>
		<lastmod> 2023-06-06 02:36:17.727207 </lastmod>
	</url><url>
		<loc> https://geoconnex.us/cuahsi/his/Scotland_NWIS/205047JHI_NWIS_North </loc>
		<lastmod> 2023-06-06 02:36:17.727224 </lastmod>
	</url><url>
		<loc> https://geoconnex.us/cuahsi/his/Scotland_NWIS/205148JHI_NWIS_North </loc>
		<lastmod> 2023-06-06 02:36:17.727240 </lastmod>
	</url><url>
		<loc> https://geoconnex.us/cuahsi/his/Scotland_NWIS/205208JHI_NWIS_North </loc>
		<lastmod> 2023-06-06 02:36:17.727256 </lastmod>
	</url><url>
		<loc> https://geoconnex.us/cuahsi/his/Scotland_NWIS/205210JHI_NWIS_North </loc>
		<lastmod> 2023-06-06 02:36:17.727273 </lastmod>
	</url><url>
		<loc> https://geoconnex.us/cuahsi/his/Scotland_NWIS/205223JHI_NWIS_North </loc>
		<lastmod> 2023-06-06 02:36:17.727289 </lastmod>
	</url><url>
		<loc> https://geoconnex.us/cuahsi/his/Scotland_NWIS/205225JHI_NWIS_North </loc>
		<lastmod> 2023-06-06 02:36:17.727305 </lastmod>
	</url><url>
		<loc> https://geoconnex.us/cuahsi/his/Scotland_NWIS/205703JHI_NWIS_North </loc>
		<lastmod> 2023-06-06 02:36:17.727321 </lastmod>
	</url><url>
		<loc> https://geoconnex.us/cuahsi/his/Scotland_NWIS/205978JHI_NWIS_GrdWater </loc>
		<lastmod> 2023-06-06 02:36:17.727338 </lastmod>
	</url><url>
		<loc> https://geoconnex.us/cuahsi/his/Scotland_NWIS/206010JHI_NWIS_GrdWater </loc>
		<lastmod> 2023-06-06 02:36:17.727354 </lastmod>
	</url><url>
		<loc> https://geoconnex.us/cuahsi/his/Scotland_NWIS/233005JHI_NWIS_GrdWater </loc>
		<lastmod> 2023-06-06 02:36:17.727371 </lastmod>
	</url><url>
		<loc> https://geoconnex.us/cuahsi/his/Scotland_NWIS/301825JHI_NWIS_North </loc>
		<lastmod> 2023-06-06 02:36:17.727387 </lastmod>
	</url><url>
		<loc> https://geoconnex.us/cuahsi/his/Scotland_NWIS/305538JHI_NWIS_GrdWater </loc>
		<lastmod> 2023-06-06 02:36:17.727403 </lastmod>
	</url><url>
		<loc> https://geoconnex.us/cuahsi/his/Scotland_NWIS/322700JHI_NWIS_GrdWater </loc>
		<lastmod> 2023-06-06 02:36:17.727419 </lastmod>
	</url><url>
		<loc> https://geoconnex.us/cuahsi/his/Scotland_NWIS/326656JHI_NWIS_GrdWater </loc>
		<lastmod> 2023-06-06 02:36:17.727436 </lastmod>
	</url><url>
		<loc> https://geoconnex.us/cuahsi/his/Scotland_NWIS/334234JHI_NWIS_GrdWater </loc>
		<lastmod> 2023-06-06 02:36:17.727452 </lastmod>
	</url><url>
		<loc> https://geoconnex.us/cuahsi/his/Scotland_NWIS/334752JHI_NWIS_GrdWater </loc>
		<lastmod> 2023-06-06 02:36:17.727468 </lastmod>
	</url><url>
		<loc> https://geoconnex.us/cuahsi/his/Scotland_NWIS/335781JHI_NWIS_GrdWater </loc>
		<lastmod> 2023-06-06 02:36:17.727484 </lastmod>
	</url><url>
		<loc> https://geoconnex.us/cuahsi/his/Scotland_NWIS/336840JHI_NWIS_GrdWater </loc>
		<lastmod> 2023-06-06 02:36:17.727501 </lastmod>
	</url><url>
		<loc> https://geoconnex.us/cuahsi/his/Scotland_NWIS/337736JHI_NWIS_GrdWater </loc>
		<lastmod> 2023-06-06 02:36:17.727517 </lastmod>
	</url><url>
		<loc> https://geoconnex.us/cuahsi/his/Scotland_NWIS/338297JHI_NWIS_GrdWater </loc>
		<lastmod> 2023-06-06 02:36:17.727533 </lastmod>
	</url><url>
		<loc> https://geoconnex.us/cuahsi/his/Scotland_NWIS/340586JHI_NWIS_GrdWater </loc>
		<lastmod> 2023-06-06 02:36:17.727550 </lastmod>
	</url><url>
		<loc> https://geoconnex.us/cuahsi/his/Scotland_NWIS/3415JHI_NWIS_South </loc>
		<lastmod> 2023-06-06 02:36:17.727566 </lastmod>
	</url><url>
		<loc> https://geoconnex.us/cuahsi/his/Scotland_NWIS/342JHI_NWIS_South </loc>
		<lastmod> 2023-06-06 02:36:17.727582 </lastmod>
	</url><url>
		<loc> https://geoconnex.us/cuahsi/his/Scotland_NWIS/345069JHI_NWIS_GrdWater </loc>
		<lastmod> 2023-06-06 02:36:17.727600 </lastmod>
	</url><url>
		<loc> https://geoconnex.us/cuahsi/his/Scotland_NWIS/349617JHI_NWIS_South </loc>
		<lastmod> 2023-06-06 02:36:17.727616 </lastmod>
	</url><url>
		<loc> https://geoconnex.us/cuahsi/his/Scotland_NWIS/365224JHI_NWIS_GrdWater </loc>
		<lastmod> 2023-06-06 02:36:17.727633 </lastmod>
	</url><url>
		<loc> https://geoconnex.us/cuahsi/his/Scotland_NWIS/459911JHI_NWIS_GrdWater </loc>
		<lastmod> 2023-06-06 02:36:17.727649 </lastmod>
	</url><url>
		<loc> https://geoconnex.us/cuahsi/his/Scotland_NWIS/4638JHI_NWIS_South </loc>
		<lastmod> 2023-06-06 02:36:17.727665 </lastmod>
	</url><url>
		<loc> https://geoconnex.us/cuahsi/his/Scotland_NWIS/467JHI_NWIS_South </loc>
		<lastmod> 2023-06-06 02:36:17.727682 </lastmod>
	</url><url>
		<loc> https://geoconnex.us/cuahsi/his/Scotland_NWIS/470268JHI_NWIS_GrdWater </loc>
		<lastmod> 2023-06-06 02:36:17.727699 </lastmod>
	</url><url>
		<loc> https://geoconnex.us/cuahsi/his/Scotland_NWIS/472141JHI_NWIS_GrdWater </loc>
		<lastmod> 2023-06-06 02:36:17.727715 </lastmod>
	</url><url>
		<loc> https://geoconnex.us/cuahsi/his/Scotland_NWIS/472346JHI_NWIS_GrdWater </loc>
		<lastmod> 2023-06-06 02:36:17.727731 </lastmod>
	</url><url>
		<loc> https://geoconnex.us/cuahsi/his/Scotland_NWIS/536JHI_NWIS_South </loc>
		<lastmod> 2023-06-06 02:36:17.727748 </lastmod>
	</url><url>
		<loc> https://geoconnex.us/cuahsi/his/Scotland_NWIS/635JHI_NWIS_South </loc>
		<lastmod> 2023-06-06 02:36:17.727764 </lastmod>
	</url><url>
		<loc> https://geoconnex.us/cuahsi/his/Scotland_NWIS/676JHI_NWIS_South </loc>
		<lastmod> 2023-06-06 02:36:17.727780 </lastmod>
	</url><url>
		<loc> https://geoconnex.us/cuahsi/his/Scotland_NWIS/7651JHI_NWIS_North </loc>
		<lastmod> 2023-06-06 02:36:17.727796 </lastmod>
	</url><url>
		<loc> https://geoconnex.us/cuahsi/his/Scotland_NWIS/7762JHI_NWIS_North </loc>
		<lastmod> 2023-06-06 02:36:17.727813 </lastmod>
	</url><url>
		<loc> https://geoconnex.us/cuahsi/his/Scotland_NWIS/7817JHI_NWIS_GrdWater </loc>
		<lastmod> 2023-06-06 02:36:17.727829 </lastmod>
	</url><url>
		<loc> https://geoconnex.us/cuahsi/his/Scotland_NWIS/7989JHI_NWIS_North </loc>
		<lastmod> 2023-06-06 02:36:17.727846 </lastmod>
	</url><url>
		<loc> https://geoconnex.us/cuahsi/his/Scotland_NWIS/8175JHI_NWIS_South </loc>
		<lastmod> 2023-06-06 02:36:17.727862 </lastmod>
	</url><url>
		<loc> https://geoconnex.us/cuahsi/his/Scotland_NWIS/8321JHI_NWIS_North </loc>
		<lastmod> 2023-06-06 02:36:17.727879 </lastmod>
	</url><url>
		<loc> https://geoconnex.us/cuahsi/his/Scotland_NWIS/8811JHI_NWIS_North </loc>
		<lastmod> 2023-06-06 02:36:17.727895 </lastmod>
	</url><url>
		<loc> https://geoconnex.us/cuahsi/his/Scotland_NWIS/9422JHI_NWIS_South </loc>
		<lastmod> 2023-06-06 02:36:17.727912 </lastmod>
	</url><url>
		<loc> https://geoconnex.us/cuahsi/his/Scotland_NWIS/9457JHI_NWIS_South </loc>
		<lastmod> 2023-06-06 02:36:17.727928 </lastmod>
	</url><url>
		<loc> https://geoconnex.us/cuahsi/his/Scotland_NWIS/9514JHI_NWIS_South </loc>
		<lastmod> 2023-06-06 02:36:17.727945 </lastmod>
	</url><url>
		<loc> https://geoconnex.us/cuahsi/his/Scotland_NWIS/010102JHI </loc>
		<lastmod> 2023-06-06 02:36:17.727961 </lastmod>
	</url><url>
		<loc> https://geoconnex.us/cuahsi/his/Scotland_NWIS/010114JHI </loc>
		<lastmod> 2023-06-06 02:36:17.727978 </lastmod>
	</url><url>
		<loc> https://geoconnex.us/cuahsi/his/Scotland_NWIS/010128JHI </loc>
		<lastmod> 2023-06-06 02:36:17.727994 </lastmod>
	</url><url>
		<loc> https://geoconnex.us/cuahsi/his/Scotland_NWIS/010129JHI </loc>
		<lastmod> 2023-06-06 02:36:17.728011 </lastmod>
	</url><url>
		<loc> https://geoconnex.us/cuahsi/his/Scotland_NWIS/010130JHI </loc>
		<lastmod> 2023-06-06 02:36:17.728027 </lastmod>
	</url><url>
		<loc> https://geoconnex.us/cuahsi/his/Scotland_NWIS/010131JHI </loc>
		<lastmod> 2023-06-06 02:36:17.728043 </lastmod>
	</url></ns0:urlset>