<?xml version='1.0' encoding='utf-8'?>
<ns0:urlset xmlns:ns0="http://www.sitemaps.org/schemas/sitemap/0.9">
<url>
		<loc> https://geoconnex.us/cuahsi/his/TRWA/AMES </loc>
		<lastmod> 2022-05-19 03:12:43.211108 </lastmod>
	</url><url>
		<loc> https://geoconnex.us/cuahsi/his/TRWA/ASO-02 </loc>
		<lastmod> 2022-05-19 03:12:43.211136 </lastmod>
	</url><url>
		<loc> https://geoconnex.us/cuahsi/his/TRWA/ASO-03 </loc>
		<lastmod> 2022-05-19 03:12:43.211155 </lastmod>
	</url><url>
		<loc> https://geoconnex.us/cuahsi/his/TRWA/BED-01-TNT-03 </loc>
		<lastmod> 2022-05-19 03:12:43.211169 </lastmod>
	</url><url>
		<loc> https://geoconnex.us/cuahsi/his/TRWA/BER-T </loc>
		<lastmod> 2022-05-19 03:12:43.211184 </lastmod>
	</url><url>
		<loc> https://geoconnex.us/cuahsi/his/TRWA/CASTLE </loc>
		<lastmod> 2022-05-19 03:12:43.211198 </lastmod>
	</url><url>
		<loc> https://geoconnex.us/cuahsi/his/TRWA/CHE-01-TNT-04 </loc>
		<lastmod> 2022-05-19 03:12:43.211213 </lastmod>
	</url><url>
		<loc> https://geoconnex.us/cuahsi/his/TRWA/COB-000 </loc>
		<lastmod> 2022-05-19 03:12:43.211227 </lastmod>
	</url><url>
		<loc> https://geoconnex.us/cuahsi/his/TRWA/COB-013 </loc>
		<lastmod> 2022-05-19 03:12:43.211241 </lastmod>
	</url><url>
		<loc> https://geoconnex.us/cuahsi/his/TRWA/COT-01 </loc>
		<lastmod> 2022-05-19 03:12:43.211255 </lastmod>
	</url><url>
		<loc> https://geoconnex.us/cuahsi/his/TRWA/COT-004 </loc>
		<lastmod> 2022-05-19 03:12:43.211268 </lastmod>
	</url><url>
		<loc> https://geoconnex.us/cuahsi/his/TRWA/FBR-01 </loc>
		<lastmod> 2022-05-19 03:12:43.211282 </lastmod>
	</url><url>
		<loc> https://geoconnex.us/cuahsi/his/TRWA/FORGE </loc>
		<lastmod> 2022-05-19 03:12:43.211295 </lastmod>
	</url><url>
		<loc> https://geoconnex.us/cuahsi/his/TRWA/LZ </loc>
		<lastmod> 2022-05-19 03:12:43.211309 </lastmod>
	</url><url>
		<loc> https://geoconnex.us/cuahsi/his/TRWA/MAT-01 </loc>
		<lastmod> 2022-05-19 03:12:43.211323 </lastmod>
	</url><url>
		<loc> https://geoconnex.us/cuahsi/his/TRWA/MIL-000 </loc>
		<lastmod> 2022-05-19 03:12:43.211336 </lastmod>
	</url><url>
		<loc> https://geoconnex.us/cuahsi/his/TRWA/MIL-014 </loc>
		<lastmod> 2022-05-19 03:12:43.211350 </lastmod>
	</url><url>
		<loc> https://geoconnex.us/cuahsi/his/TRWA/MIL-03 </loc>
		<lastmod> 2022-05-19 03:12:43.211364 </lastmod>
	</url><url>
		<loc> https://geoconnex.us/cuahsi/his/TRWA/NMK-023 </loc>
		<lastmod> 2022-05-19 03:12:43.211377 </lastmod>
	</url><url>
		<loc> https://geoconnex.us/cuahsi/his/TRWA/NMK-041 </loc>
		<lastmod> 2022-05-19 03:12:43.211390 </lastmod>
	</url><url>
		<loc> https://geoconnex.us/cuahsi/his/TRWA/PCO </loc>
		<lastmod> 2022-05-19 03:12:43.211404 </lastmod>
	</url><url>
		<loc> https://geoconnex.us/cuahsi/his/TRWA/QBR </loc>
		<lastmod> 2022-05-19 03:12:43.211417 </lastmod>
	</url><url>
		<loc> https://geoconnex.us/cuahsi/his/TRWA/SEG </loc>
		<lastmod> 2022-05-19 03:12:43.211431 </lastmod>
	</url><url>
		<loc> https://geoconnex.us/cuahsi/his/TRWA/SNK-005 </loc>
		<lastmod> 2022-05-19 03:12:43.211444 </lastmod>
	</url><url>
		<loc> https://geoconnex.us/cuahsi/his/TRWA/TBR-01 </loc>
		<lastmod> 2022-05-19 03:12:43.211458 </lastmod>
	</url><url>
		<loc> https://geoconnex.us/cuahsi/his/TRWA/TMR-004 </loc>
		<lastmod> 2022-05-19 03:12:43.211471 </lastmod>
	</url><url>
		<loc> https://geoconnex.us/cuahsi/his/TRWA/TMR-03 </loc>
		<lastmod> 2022-05-19 03:12:43.211485 </lastmod>
	</url><url>
		<loc> https://geoconnex.us/cuahsi/his/TRWA/TMR-034 </loc>
		<lastmod> 2022-05-19 03:12:43.211498 </lastmod>
	</url><url>
		<loc> https://geoconnex.us/cuahsi/his/TRWA/TNT-000 </loc>
		<lastmod> 2022-05-19 03:12:43.211512 </lastmod>
	</url><url>
		<loc> https://geoconnex.us/cuahsi/his/TRWA/TNT-043 </loc>
		<lastmod> 2022-05-19 03:12:43.211525 </lastmod>
	</url><url>
		<loc> https://geoconnex.us/cuahsi/his/TRWA/TNT-050 </loc>
		<lastmod> 2022-05-19 03:12:43.211538 </lastmod>
	</url><url>
		<loc> https://geoconnex.us/cuahsi/his/TRWA/TNT-113 </loc>
		<lastmod> 2022-05-19 03:12:43.211551 </lastmod>
	</url><url>
		<loc> https://geoconnex.us/cuahsi/his/TRWA/TNT-158 </loc>
		<lastmod> 2022-05-19 03:12:43.211565 </lastmod>
	</url><url>
		<loc> https://geoconnex.us/cuahsi/his/TRWA/TWH-01 </loc>
		<lastmod> 2022-05-19 03:12:43.211578 </lastmod>
	</url><url>
		<loc> https://geoconnex.us/cuahsi/his/TRWA/TWN-01 </loc>
		<lastmod> 2022-05-19 03:12:43.211591 </lastmod>
	</url><url>
		<loc> https://geoconnex.us/cuahsi/his/TRWA/WAD-01 </loc>
		<lastmod> 2022-05-19 03:12:43.211605 </lastmod>
	</url><url>
		<loc> https://geoconnex.us/cuahsi/his/TRWA/WAD-02 </loc>
		<lastmod> 2022-05-19 03:12:43.211618 </lastmod>
	</url></ns0:urlset>