<?xml version='1.0' encoding='utf-8'?>
<ns0:urlset xmlns:ns0="http://www.sitemaps.org/schemas/sitemap/0.9">
<url>
		<loc> https://geoconnex.us/cuahsi/his/UBWPAD/DEPOT </loc>
		<lastmod> 2022-02-25 17:17:25.725275 </lastmod>
	</url><url>
		<loc> https://geoconnex.us/cuahsi/his/UBWPAD/R116 </loc>
		<lastmod> 2022-02-25 17:17:25.725317 </lastmod>
	</url><url>
		<loc> https://geoconnex.us/cuahsi/his/UBWPAD/RMSD </loc>
		<lastmod> 2022-02-25 17:17:25.725341 </lastmod>
	</url><url>
		<loc> https://geoconnex.us/cuahsi/his/UBWPAD/RMSL </loc>
		<lastmod> 2022-02-25 17:17:25.725360 </lastmod>
	</url><url>
		<loc> https://geoconnex.us/cuahsi/his/UBWPAD/UBWPAD </loc>
		<lastmod> 2022-02-25 17:17:25.725377 </lastmod>
	</url><url>
		<loc> https://geoconnex.us/cuahsi/his/UBWPAD/UBWPAD2 </loc>
		<lastmod> 2022-02-25 17:17:25.725394 </lastmod>
	</url><url>
		<loc> https://geoconnex.us/cuahsi/his/UBWPAD/UPSTRM1 </loc>
		<lastmod> 2022-02-25 17:17:25.725411 </lastmod>
	</url><url>
		<loc> https://geoconnex.us/cuahsi/his/UBWPAD/W0505 </loc>
		<lastmod> 2022-02-25 17:17:25.725427 </lastmod>
	</url><url>
		<loc> https://geoconnex.us/cuahsi/his/UBWPAD/W0680 </loc>
		<lastmod> 2022-02-25 17:17:25.725442 </lastmod>
	</url><url>
		<loc> https://geoconnex.us/cuahsi/his/UBWPAD/W0767 </loc>
		<lastmod> 2022-02-25 17:17:25.725513 </lastmod>
	</url><url>
		<loc> https://geoconnex.us/cuahsi/his/UBWPAD/W1017 </loc>
		<lastmod> 2022-02-25 17:17:25.725540 </lastmod>
	</url><url>
		<loc> https://geoconnex.us/cuahsi/his/UBWPAD/W1023 </loc>
		<lastmod> 2022-02-25 17:17:25.725556 </lastmod>
	</url><url>
		<loc> https://geoconnex.us/cuahsi/his/UBWPAD/W1242 </loc>
		<lastmod> 2022-02-25 17:17:25.725572 </lastmod>
	</url><url>
		<loc> https://geoconnex.us/cuahsi/his/UBWPAD/W1243 </loc>
		<lastmod> 2022-02-25 17:17:25.725587 </lastmod>
	</url><url>
		<loc> https://geoconnex.us/cuahsi/his/UBWPAD/W1258 </loc>
		<lastmod> 2022-02-25 17:17:25.725603 </lastmod>
	</url><url>
		<loc> https://geoconnex.us/cuahsi/his/UBWPAD/W1763 </loc>
		<lastmod> 2022-02-25 17:17:25.725619 </lastmod>
	</url><url>
		<loc> https://geoconnex.us/cuahsi/his/UBWPAD/W1764 </loc>
		<lastmod> 2022-02-25 17:17:25.725634 </lastmod>
	</url><url>
		<loc> https://geoconnex.us/cuahsi/his/UBWPAD/W1764A </loc>
		<lastmod> 2022-02-25 17:17:25.725679 </lastmod>
	</url><url>
		<loc> https://geoconnex.us/cuahsi/his/UBWPAD/W1764B </loc>
		<lastmod> 2022-02-25 17:17:25.725697 </lastmod>
	</url><url>
		<loc> https://geoconnex.us/cuahsi/his/UBWPAD/W1765 </loc>
		<lastmod> 2022-02-25 17:17:25.725713 </lastmod>
	</url><url>
		<loc> https://geoconnex.us/cuahsi/his/UBWPAD/W1779 </loc>
		<lastmod> 2022-02-25 17:17:25.725729 </lastmod>
	</url></ns0:urlset>