<?xml version='1.0' encoding='utf-8'?>
<ns0:urlset xmlns:ns0="http://www.sitemaps.org/schemas/sitemap/0.9">
<url>
		<loc> https://geoconnex.us/cuahsi/his/SCAN/2057_AL_SCAN </loc>
		<lastmod> 2022-10-10 17:22:15.012745 </lastmod>
	</url><url>
		<loc> https://geoconnex.us/cuahsi/his/SCAN/2092_KS_SCAN </loc>
		<lastmod> 2022-10-10 17:22:15.012799 </lastmod>
	</url><url>
		<loc> https://geoconnex.us/cuahsi/his/SCAN/2015_NM_SCAN </loc>
		<lastmod> 2022-10-10 17:22:15.012827 </lastmod>
	</url><url>
		<loc> https://geoconnex.us/cuahsi/his/SCAN/2172_NM_SCAN </loc>
		<lastmod> 2022-10-10 17:22:15.012848 </lastmod>
	</url><url>
		<loc> https://geoconnex.us/cuahsi/his/SCAN/2138_UT_SCAN </loc>
		<lastmod> 2022-10-10 17:22:15.012868 </lastmod>
	</url><url>
		<loc> https://geoconnex.us/cuahsi/his/SCAN/2076_TN_SCAN </loc>
		<lastmod> 2022-10-10 17:22:15.012887 </lastmod>
	</url><url>
		<loc> https://geoconnex.us/cuahsi/his/SCAN/2031_IA_SCAN </loc>
		<lastmod> 2022-10-10 17:22:15.012906 </lastmod>
	</url><url>
		<loc> https://geoconnex.us/cuahsi/his/SCAN/2065_AK_SCAN </loc>
		<lastmod> 2022-10-10 17:22:15.012925 </lastmod>
	</url><url>
		<loc> https://geoconnex.us/cuahsi/his/SCAN/2214_CA_SCAN </loc>
		<lastmod> 2022-10-10 17:22:15.012944 </lastmod>
	</url><url>
		<loc> https://geoconnex.us/cuahsi/his/SCAN/2032_MS_SCAN </loc>
		<lastmod> 2022-10-10 17:22:15.012962 </lastmod>
	</url><url>
		<loc> https://geoconnex.us/cuahsi/his/SCAN/2207_TX_SCAN </loc>
		<lastmod> 2022-10-10 17:22:15.012981 </lastmod>
	</url><url>
		<loc> https://geoconnex.us/cuahsi/his/SCAN/2135_UT_SCAN </loc>
		<lastmod> 2022-10-10 17:22:15.013000 </lastmod>
	</url><url>
		<loc> https://geoconnex.us/cuahsi/his/SCAN/2215_CA_SCAN </loc>
		<lastmod> 2022-10-10 17:22:15.013018 </lastmod>
	</url><url>
		<loc> https://geoconnex.us/cuahsi/his/SCAN/2067_PR_SCAN </loc>
		<lastmod> 2022-10-10 17:22:15.013036 </lastmod>
	</url><url>
		<loc> https://geoconnex.us/cuahsi/his/SCAN/2078_AL_SCAN </loc>
		<lastmod> 2022-10-10 17:22:15.013055 </lastmod>
	</url><url>
		<loc> https://geoconnex.us/cuahsi/his/SCAN/2177_AL_SCAN </loc>
		<lastmod> 2022-10-10 17:22:15.013073 </lastmod>
	</url><url>
		<loc> https://geoconnex.us/cuahsi/his/SCAN/2216_NV_SCAN </loc>
		<lastmod> 2022-10-10 17:22:15.013091 </lastmod>
	</url><url>
		<loc> https://geoconnex.us/cuahsi/his/SCAN/2151_UT_SCAN </loc>
		<lastmod> 2022-10-10 17:22:15.013110 </lastmod>
	</url><url>
		<loc> https://geoconnex.us/cuahsi/his/SCAN/2224_MO_SCAN </loc>
		<lastmod> 2022-10-10 17:22:15.013128 </lastmod>
	</url><url>
		<loc> https://geoconnex.us/cuahsi/his/SCAN/2006_TX_SCAN </loc>
		<lastmod> 2022-10-10 17:22:15.013146 </lastmod>
	</url><url>
		<loc> https://geoconnex.us/cuahsi/his/SCAN/2136_UT_SCAN </loc>
		<lastmod> 2022-10-10 17:22:15.013164 </lastmod>
	</url><url>
		<loc> https://geoconnex.us/cuahsi/his/SCAN/1232_AK_SCAN </loc>
		<lastmod> 2022-10-10 17:22:15.013184 </lastmod>
	</url><url>
		<loc> https://geoconnex.us/cuahsi/his/SCAN/2223_MO_SCAN </loc>
		<lastmod> 2022-10-10 17:22:15.013203 </lastmod>
	</url><url>
		<loc> https://geoconnex.us/cuahsi/his/SCAN/2161_UT_SCAN </loc>
		<lastmod> 2022-10-10 17:22:15.013222 </lastmod>
	</url><url>
		<loc> https://geoconnex.us/cuahsi/his/SCAN/2094_KS_SCAN </loc>
		<lastmod> 2022-10-10 17:22:15.013240 </lastmod>
	</url><url>
		<loc> https://geoconnex.us/cuahsi/his/SCAN/2145_NV_SCAN </loc>
		<lastmod> 2022-10-10 17:22:15.013259 </lastmod>
	</url><url>
		<loc> https://geoconnex.us/cuahsi/his/SCAN/2213_AK_SCAN </loc>
		<lastmod> 2022-10-10 17:22:15.013277 </lastmod>
	</url><url>
		<loc> https://geoconnex.us/cuahsi/his/SCAN/2150_UT_SCAN </loc>
		<lastmod> 2022-10-10 17:22:15.013296 </lastmod>
	</url><url>
		<loc> https://geoconnex.us/cuahsi/his/SCAN/2124_VI_SCAN </loc>
		<lastmod> 2022-10-10 17:22:15.013314 </lastmod>
	</url><url>
		<loc> https://geoconnex.us/cuahsi/his/SCAN/2125_UT_SCAN </loc>
		<lastmod> 2022-10-10 17:22:15.013332 </lastmod>
	</url><url>
		<loc> https://geoconnex.us/cuahsi/his/SCAN/2195_MO_SCAN </loc>
		<lastmod> 2022-10-10 17:22:15.013350 </lastmod>
	</url><url>
		<loc> https://geoconnex.us/cuahsi/his/SCAN/2189_CA_SCAN </loc>
		<lastmod> 2022-10-10 17:22:15.013368 </lastmod>
	</url><url>
		<loc> https://geoconnex.us/cuahsi/his/SCAN/2066_PR_SCAN </loc>
		<lastmod> 2022-10-10 17:22:15.013387 </lastmod>
	</url><url>
		<loc> https://geoconnex.us/cuahsi/his/SCAN/2117_MT_SCAN </loc>
		<lastmod> 2022-10-10 17:22:15.013404 </lastmod>
	</url><url>
		<loc> https://geoconnex.us/cuahsi/his/SCAN/2198_WA_SCAN </loc>
		<lastmod> 2022-10-10 17:22:15.013422 </lastmod>
	</url><url>
		<loc> https://geoconnex.us/cuahsi/his/SCAN/2188_PR_SCAN </loc>
		<lastmod> 2022-10-10 17:22:15.013440 </lastmod>
	</url><url>
		<loc> https://geoconnex.us/cuahsi/his/SCAN/2197_CO_SCAN </loc>
		<lastmod> 2022-10-10 17:22:15.013459 </lastmod>
	</url><url>
		<loc> https://geoconnex.us/cuahsi/his/SCAN/2002_MN_SCAN </loc>
		<lastmod> 2022-10-10 17:22:15.013477 </lastmod>
	</url><url>
		<loc> https://geoconnex.us/cuahsi/his/SCAN/2107_NM_SCAN </loc>
		<lastmod> 2022-10-10 17:22:15.013495 </lastmod>
	</url><url>
		<loc> https://geoconnex.us/cuahsi/his/SCAN/2113_AL_SCAN </loc>
		<lastmod> 2022-10-10 17:22:15.013513 </lastmod>
	</url><url>
		<loc> https://geoconnex.us/cuahsi/his/SCAN/2190_CA_SCAN </loc>
		<lastmod> 2022-10-10 17:22:15.013531 </lastmod>
	</url><url>
		<loc> https://geoconnex.us/cuahsi/his/SCAN/2174_AL_SCAN </loc>
		<lastmod> 2022-10-10 17:22:15.013549 </lastmod>
	</url><url>
		<loc> https://geoconnex.us/cuahsi/his/SCAN/2187_CA_SCAN </loc>
		<lastmod> 2022-10-10 17:22:15.013567 </lastmod>
	</url><url>
		<loc> https://geoconnex.us/cuahsi/his/SCAN/2183_CA_SCAN </loc>
		<lastmod> 2022-10-10 17:22:15.013586 </lastmod>
	</url><url>
		<loc> https://geoconnex.us/cuahsi/his/SCAN/2048_MO_SCAN </loc>
		<lastmod> 2022-10-10 17:22:15.013604 </lastmod>
	</url><url>
		<loc> https://geoconnex.us/cuahsi/his/SCAN/2191_CA_SCAN </loc>
		<lastmod> 2022-10-10 17:22:15.013701 </lastmod>
	</url><url>
		<loc> https://geoconnex.us/cuahsi/his/SCAN/2167_UT_SCAN </loc>
		<lastmod> 2022-10-10 17:22:15.013726 </lastmod>
	</url><url>
		<loc> https://geoconnex.us/cuahsi/his/SCAN/2192_CA_SCAN </loc>
		<lastmod> 2022-10-10 17:22:15.013746 </lastmod>
	</url><url>
		<loc> https://geoconnex.us/cuahsi/his/SCAN/2130_UT_SCAN </loc>
		<lastmod> 2022-10-10 17:22:15.013765 </lastmod>
	</url><url>
		<loc> https://geoconnex.us/cuahsi/his/SCAN/2077_TN_SCAN </loc>
		<lastmod> 2022-10-10 17:22:15.013783 </lastmod>
	</url><url>
		<loc> https://geoconnex.us/cuahsi/his/SCAN/2220_MO_SCAN </loc>
		<lastmod> 2022-10-10 17:22:15.013802 </lastmod>
	</url><url>
		<loc> https://geoconnex.us/cuahsi/his/SCAN/2128_UT_SCAN </loc>
		<lastmod> 2022-10-10 17:22:15.013821 </lastmod>
	</url><url>
		<loc> https://geoconnex.us/cuahsi/his/SCAN/2126_UT_SCAN </loc>
		<lastmod> 2022-10-10 17:22:15.013839 </lastmod>
	</url><url>
		<loc> https://geoconnex.us/cuahsi/his/SCAN/2072_SD_SCAN </loc>
		<lastmod> 2022-10-10 17:22:15.013857 </lastmod>
	</url><url>
		<loc> https://geoconnex.us/cuahsi/his/SCAN/2185_CA_SCAN </loc>
		<lastmod> 2022-10-10 17:22:15.013875 </lastmod>
	</url><url>
		<loc> https://geoconnex.us/cuahsi/his/SCAN/2051_FL_SCAN </loc>
		<lastmod> 2022-10-10 17:22:15.013893 </lastmod>
	</url><url>
		<loc> https://geoconnex.us/cuahsi/his/SCAN/2184_CA_SCAN </loc>
		<lastmod> 2022-10-10 17:22:15.013911 </lastmod>
	</url><url>
		<loc> https://geoconnex.us/cuahsi/his/SCAN/2019_MT_SCAN </loc>
		<lastmod> 2022-10-10 17:22:15.013930 </lastmod>
	</url><url>
		<loc> https://geoconnex.us/cuahsi/his/SCAN/2022_OK_SCAN </loc>
		<lastmod> 2022-10-10 17:22:15.013949 </lastmod>
	</url><url>
		<loc> https://geoconnex.us/cuahsi/his/SCAN/2122_PR_SCAN </loc>
		<lastmod> 2022-10-10 17:22:15.013967 </lastmod>
	</url><url>
		<loc> https://geoconnex.us/cuahsi/his/SCAN/2218_CA_SCAN </loc>
		<lastmod> 2022-10-10 17:22:15.013985 </lastmod>
	</url><url>
		<loc> https://geoconnex.us/cuahsi/his/SCAN/2011_NY_SCAN </loc>
		<lastmod> 2022-10-10 17:22:15.014004 </lastmod>
	</url><url>
		<loc> https://geoconnex.us/cuahsi/his/SCAN/2050_MN_SCAN </loc>
		<lastmod> 2022-10-10 17:22:15.014022 </lastmod>
	</url><url>
		<loc> https://geoconnex.us/cuahsi/his/SCAN/2024_MS_SCAN </loc>
		<lastmod> 2022-10-10 17:22:15.014040 </lastmod>
	</url><url>
		<loc> https://geoconnex.us/cuahsi/his/SCAN/2025_MS_SCAN </loc>
		<lastmod> 2022-10-10 17:22:15.014058 </lastmod>
	</url><url>
		<loc> https://geoconnex.us/cuahsi/his/SCAN/2165_UT_SCAN </loc>
		<lastmod> 2022-10-10 17:22:15.014081 </lastmod>
	</url><url>
		<loc> https://geoconnex.us/cuahsi/his/SCAN/2152_UT_SCAN </loc>
		<lastmod> 2022-10-10 17:22:15.014101 </lastmod>
	</url><url>
		<loc> https://geoconnex.us/cuahsi/his/SCAN/2131_UT_SCAN </loc>
		<lastmod> 2022-10-10 17:22:15.014119 </lastmod>
	</url><url>
		<loc> https://geoconnex.us/cuahsi/his/SCAN/2160_UT_SCAN </loc>
		<lastmod> 2022-10-10 17:22:15.014138 </lastmod>
	</url><url>
		<loc> https://geoconnex.us/cuahsi/his/SCAN/2045_PR_SCAN </loc>
		<lastmod> 2022-10-10 17:22:15.014156 </lastmod>
	</url><url>
		<loc> https://geoconnex.us/cuahsi/his/SCAN/2222_AK_SCAN </loc>
		<lastmod> 2022-10-10 17:22:15.014174 </lastmod>
	</url><url>
		<loc> https://geoconnex.us/cuahsi/his/SCAN/2164_UT_SCAN </loc>
		<lastmod> 2022-10-10 17:22:15.014192 </lastmod>
	</url><url>
		<loc> https://geoconnex.us/cuahsi/his/SCAN/2166_UT_SCAN </loc>
		<lastmod> 2022-10-10 17:22:15.014210 </lastmod>
	</url><url>
		<loc> https://geoconnex.us/cuahsi/his/SCAN/2143_NV_SCAN </loc>
		<lastmod> 2022-10-10 17:22:15.014229 </lastmod>
	</url><url>
		<loc> https://geoconnex.us/cuahsi/his/SCAN/2055_AL_SCAN </loc>
		<lastmod> 2022-10-10 17:22:15.014247 </lastmod>
	</url><url>
		<loc> https://geoconnex.us/cuahsi/his/SCAN/2127_UT_SCAN </loc>
		<lastmod> 2022-10-10 17:22:15.014265 </lastmod>
	</url><url>
		<loc> https://geoconnex.us/cuahsi/his/SCAN/2210_AK_SCAN </loc>
		<lastmod> 2022-10-10 17:22:15.014283 </lastmod>
	</url><url>
		<loc> https://geoconnex.us/cuahsi/his/SCAN/2069_NH_SCAN </loc>
		<lastmod> 2022-10-10 17:22:15.014301 </lastmod>
	</url><url>
		<loc> https://geoconnex.us/cuahsi/his/SCAN/2211_AK_SCAN </loc>
		<lastmod> 2022-10-10 17:22:15.014319 </lastmod>
	</url><url>
		<loc> https://geoconnex.us/cuahsi/his/SCAN/2052_PR_SCAN </loc>
		<lastmod> 2022-10-10 17:22:15.014336 </lastmod>
	</url><url>
		<loc> https://geoconnex.us/cuahsi/his/SCAN/2173_AL_SCAN </loc>
		<lastmod> 2022-10-10 17:22:15.014354 </lastmod>
	</url><url>
		<loc> https://geoconnex.us/cuahsi/his/SCAN/2100_HI_SCAN </loc>
		<lastmod> 2022-10-10 17:22:15.014372 </lastmod>
	</url><url>
		<loc> https://geoconnex.us/cuahsi/his/SCAN/2111_NE_SCAN </loc>
		<lastmod> 2022-10-10 17:22:15.014390 </lastmod>
	</url><url>
		<loc> https://geoconnex.us/cuahsi/his/SCAN/2121_MT_SCAN </loc>
		<lastmod> 2022-10-10 17:22:15.014407 </lastmod>
	</url><url>
		<loc> https://geoconnex.us/cuahsi/his/SCAN/2148_ID_SCAN </loc>
		<lastmod> 2022-10-10 17:22:15.014425 </lastmod>
	</url><url>
		<loc> https://geoconnex.us/cuahsi/his/SCAN/2168_NM_SCAN </loc>
		<lastmod> 2022-10-10 17:22:15.014443 </lastmod>
	</url><url>
		<loc> https://geoconnex.us/cuahsi/his/SCAN/2194_MO_SCAN </loc>
		<lastmod> 2022-10-10 17:22:15.014461 </lastmod>
	</url><url>
		<loc> https://geoconnex.us/cuahsi/his/SCAN/2096_HI_SCAN </loc>
		<lastmod> 2022-10-10 17:22:15.014479 </lastmod>
	</url><url>
		<loc> https://geoconnex.us/cuahsi/his/SCAN/2208_AK_SCAN </loc>
		<lastmod> 2022-10-10 17:22:15.014497 </lastmod>
	</url><url>
		<loc> https://geoconnex.us/cuahsi/his/SCAN/2212_AK_SCAN </loc>
		<lastmod> 2022-10-10 17:22:15.014516 </lastmod>
	</url><url>
		<loc> https://geoconnex.us/cuahsi/his/SCAN/2103_HI_SCAN </loc>
		<lastmod> 2022-10-10 17:22:15.014534 </lastmod>
	</url><url>
		<loc> https://geoconnex.us/cuahsi/his/SCAN/2206_TX_SCAN </loc>
		<lastmod> 2022-10-10 17:22:15.014553 </lastmod>
	</url><url>
		<loc> https://geoconnex.us/cuahsi/his/SCAN/2201_TX_SCAN </loc>
		<lastmod> 2022-10-10 17:22:15.014571 </lastmod>
	</url><url>
		<loc> https://geoconnex.us/cuahsi/his/SCAN/2180_AL_SCAN </loc>
		<lastmod> 2022-10-10 17:22:15.014589 </lastmod>
	</url><url>
		<loc> https://geoconnex.us/cuahsi/his/SCAN/2147_KS_SCAN </loc>
		<lastmod> 2022-10-10 17:22:15.014607 </lastmod>
	</url><url>
		<loc> https://geoconnex.us/cuahsi/his/SCAN/2097_HI_SCAN </loc>
		<lastmod> 2022-10-10 17:22:15.014625 </lastmod>
	</url><url>
		<loc> https://geoconnex.us/cuahsi/his/SCAN/2141_NV_SCAN </loc>
		<lastmod> 2022-10-10 17:22:15.014643 </lastmod>
	</url><url>
		<loc> https://geoconnex.us/cuahsi/his/SCAN/2106_TX_SCAN </loc>
		<lastmod> 2022-10-10 17:22:15.014661 </lastmod>
	</url><url>
		<loc> https://geoconnex.us/cuahsi/his/SCAN/2105_TX_SCAN </loc>
		<lastmod> 2022-10-10 17:22:15.014679 </lastmod>
	</url><url>
		<loc> https://geoconnex.us/cuahsi/his/SCAN/2021_WA_SCAN </loc>
		<lastmod> 2022-10-10 17:22:15.014697 </lastmod>
	</url><url>
		<loc> https://geoconnex.us/cuahsi/his/SCAN/581_MT_SCAN </loc>
		<lastmod> 2022-10-10 17:22:15.014715 </lastmod>
	</url><url>
		<loc> https://geoconnex.us/cuahsi/his/SCAN/2155_UT_SCAN </loc>
		<lastmod> 2022-10-10 17:22:15.014733 </lastmod>
	</url><url>
		<loc> https://geoconnex.us/cuahsi/his/SCAN/2027_GA_SCAN </loc>
		<lastmod> 2022-10-10 17:22:15.014751 </lastmod>
	</url><url>
		<loc> https://geoconnex.us/cuahsi/his/SCAN/2114_AL_SCAN </loc>
		<lastmod> 2022-10-10 17:22:15.014768 </lastmod>
	</url><url>
		<loc> https://geoconnex.us/cuahsi/his/SCAN/2169_NM_SCAN </loc>
		<lastmod> 2022-10-10 17:22:15.014786 </lastmod>
	</url><url>
		<loc> https://geoconnex.us/cuahsi/his/SCAN/2146_NV_SCAN </loc>
		<lastmod> 2022-10-10 17:22:15.015010 </lastmod>
	</url><url>
		<loc> https://geoconnex.us/cuahsi/his/SCAN/2116_NV_SCAN </loc>
		<lastmod> 2022-10-10 17:22:15.015059 </lastmod>
	</url><url>
		<loc> https://geoconnex.us/cuahsi/his/SCAN/1233_AK_SCAN </loc>
		<lastmod> 2022-10-10 17:22:15.015086 </lastmod>
	</url><url>
		<loc> https://geoconnex.us/cuahsi/his/SCAN/2042_VT_SCAN </loc>
		<lastmod> 2022-10-10 17:22:15.015107 </lastmod>
	</url><url>
		<loc> https://geoconnex.us/cuahsi/his/SCAN/2074_OR_SCAN </loc>
		<lastmod> 2022-10-10 17:22:15.015126 </lastmod>
	</url><url>
		<loc> https://geoconnex.us/cuahsi/his/SCAN/2028_PA_SCAN </loc>
		<lastmod> 2022-10-10 17:22:15.015145 </lastmod>
	</url><url>
		<loc> https://geoconnex.us/cuahsi/his/SCAN/2079_KY_SCAN </loc>
		<lastmod> 2022-10-10 17:22:15.015164 </lastmod>
	</url><url>
		<loc> https://geoconnex.us/cuahsi/his/SCAN/2102_HI_SCAN </loc>
		<lastmod> 2022-10-10 17:22:15.015182 </lastmod>
	</url><url>
		<loc> https://geoconnex.us/cuahsi/his/SCAN/2020_ND_SCAN </loc>
		<lastmod> 2022-10-10 17:22:15.015200 </lastmod>
	</url><url>
		<loc> https://geoconnex.us/cuahsi/his/SCAN/2156_UT_SCAN </loc>
		<lastmod> 2022-10-10 17:22:15.015219 </lastmod>
	</url><url>
		<loc> https://geoconnex.us/cuahsi/his/SCAN/2149_CA_SCAN </loc>
		<lastmod> 2022-10-10 17:22:15.015237 </lastmod>
	</url><url>
		<loc> https://geoconnex.us/cuahsi/his/SCAN/15_PR_SCAN </loc>
		<lastmod> 2022-10-10 17:22:15.015256 </lastmod>
	</url><url>
		<loc> https://geoconnex.us/cuahsi/his/SCAN/2225_MO_SCAN </loc>
		<lastmod> 2022-10-10 17:22:15.015275 </lastmod>
	</url><url>
		<loc> https://geoconnex.us/cuahsi/his/SCAN/2043_NH_SCAN </loc>
		<lastmod> 2022-10-10 17:22:15.015342 </lastmod>
	</url><url>
		<loc> https://geoconnex.us/cuahsi/his/SCAN/2004_IL_SCAN </loc>
		<lastmod> 2022-10-10 17:22:15.015363 </lastmod>
	</url><url>
		<loc> https://geoconnex.us/cuahsi/his/SCAN/2112_PR_SCAN </loc>
		<lastmod> 2022-10-10 17:22:15.015381 </lastmod>
	</url><url>
		<loc> https://geoconnex.us/cuahsi/his/SCAN/2110_MS_SCAN </loc>
		<lastmod> 2022-10-10 17:22:15.015399 </lastmod>
	</url><url>
		<loc> https://geoconnex.us/cuahsi/his/SCAN/2075_TN_SCAN </loc>
		<lastmod> 2022-10-10 17:22:15.015416 </lastmod>
	</url><url>
		<loc> https://geoconnex.us/cuahsi/his/SCAN/2140_UT_SCAN </loc>
		<lastmod> 2022-10-10 17:22:15.015435 </lastmod>
	</url><url>
		<loc> https://geoconnex.us/cuahsi/his/SCAN/2129_UT_SCAN </loc>
		<lastmod> 2022-10-10 17:22:15.015453 </lastmod>
	</url><url>
		<loc> https://geoconnex.us/cuahsi/his/SCAN/2119_MT_SCAN </loc>
		<lastmod> 2022-10-10 17:22:15.015470 </lastmod>
	</url><url>
		<loc> https://geoconnex.us/cuahsi/his/SCAN/2014_OH_SCAN </loc>
		<lastmod> 2022-10-10 17:22:15.015489 </lastmod>
	</url><url>
		<loc> https://geoconnex.us/cuahsi/his/SCAN/2217_CA_SCAN </loc>
		<lastmod> 2022-10-10 17:22:15.015508 </lastmod>
	</url><url>
		<loc> https://geoconnex.us/cuahsi/his/SCAN/2062_AK_SCAN </loc>
		<lastmod> 2022-10-10 17:22:15.015526 </lastmod>
	</url><url>
		<loc> https://geoconnex.us/cuahsi/his/SCAN/2133_UT_SCAN </loc>
		<lastmod> 2022-10-10 17:22:15.015544 </lastmod>
	</url><url>
		<loc> https://geoconnex.us/cuahsi/his/SCAN/2178_AL_SCAN </loc>
		<lastmod> 2022-10-10 17:22:15.015563 </lastmod>
	</url><url>
		<loc> https://geoconnex.us/cuahsi/his/SCAN/2041_VT_SCAN </loc>
		<lastmod> 2022-10-10 17:22:15.015581 </lastmod>
	</url><url>
		<loc> https://geoconnex.us/cuahsi/his/SCAN/2134_UT_SCAN </loc>
		<lastmod> 2022-10-10 17:22:15.015599 </lastmod>
	</url><url>
		<loc> https://geoconnex.us/cuahsi/his/SCAN/2060_MO_SCAN </loc>
		<lastmod> 2022-10-10 17:22:15.015661 </lastmod>
	</url><url>
		<loc> https://geoconnex.us/cuahsi/his/SCAN/2039_VA_SCAN </loc>
		<lastmod> 2022-10-10 17:22:15.015684 </lastmod>
	</url><url>
		<loc> https://geoconnex.us/cuahsi/his/SCAN/2228_TX_SCAN </loc>
		<lastmod> 2022-10-10 17:22:15.015704 </lastmod>
	</url><url>
		<loc> https://geoconnex.us/cuahsi/his/SCAN/2209_AK_SCAN </loc>
		<lastmod> 2022-10-10 17:22:15.015722 </lastmod>
	</url><url>
		<loc> https://geoconnex.us/cuahsi/his/SCAN/2081_AK_SCAN </loc>
		<lastmod> 2022-10-10 17:22:15.015741 </lastmod>
	</url><url>
		<loc> https://geoconnex.us/cuahsi/his/SCAN/2137_UT_SCAN </loc>
		<lastmod> 2022-10-10 17:22:15.015760 </lastmod>
	</url><url>
		<loc> https://geoconnex.us/cuahsi/his/SCAN/2087_MS_SCAN </loc>
		<lastmod> 2022-10-10 17:22:15.015778 </lastmod>
	</url><url>
		<loc> https://geoconnex.us/cuahsi/his/SCAN/2017_CO_SCAN </loc>
		<lastmod> 2022-10-10 17:22:15.015797 </lastmod>
	</url><url>
		<loc> https://geoconnex.us/cuahsi/his/SCAN/2033_MS_SCAN </loc>
		<lastmod> 2022-10-10 17:22:15.015815 </lastmod>
	</url><url>
		<loc> https://geoconnex.us/cuahsi/his/SCAN/674_ID_SCAN </loc>
		<lastmod> 2022-10-10 17:22:15.015834 </lastmod>
	</url><url>
		<loc> https://geoconnex.us/cuahsi/his/SCAN/2157_UT_SCAN </loc>
		<lastmod> 2022-10-10 17:22:15.015853 </lastmod>
	</url><url>
		<loc> https://geoconnex.us/cuahsi/his/SCAN/2153_UT_SCAN </loc>
		<lastmod> 2022-10-10 17:22:15.015872 </lastmod>
	</url><url>
		<loc> https://geoconnex.us/cuahsi/his/SCAN/2037_SC_SCAN </loc>
		<lastmod> 2022-10-10 17:22:15.015890 </lastmod>
	</url><url>
		<loc> https://geoconnex.us/cuahsi/his/SCAN/2181_AL_SCAN </loc>
		<lastmod> 2022-10-10 17:22:15.015909 </lastmod>
	</url><url>
		<loc> https://geoconnex.us/cuahsi/his/SCAN/2046_MS_SCAN </loc>
		<lastmod> 2022-10-10 17:22:15.015928 </lastmod>
	</url><url>
		<loc> https://geoconnex.us/cuahsi/his/SCAN/2093_KS_SCAN </loc>
		<lastmod> 2022-10-10 17:22:15.015947 </lastmod>
	</url><url>
		<loc> https://geoconnex.us/cuahsi/his/SCAN/2144_NV_SCAN </loc>
		<lastmod> 2022-10-10 17:22:15.015965 </lastmod>
	</url><url>
		<loc> https://geoconnex.us/cuahsi/his/SCAN/2049_MD_SCAN </loc>
		<lastmod> 2022-10-10 17:22:15.015984 </lastmod>
	</url><url>
		<loc> https://geoconnex.us/cuahsi/his/SCAN/2061_MO_SCAN </loc>
		<lastmod> 2022-10-10 17:22:15.016003 </lastmod>
	</url><url>
		<loc> https://geoconnex.us/cuahsi/his/SCAN/2016_TX_SCAN </loc>
		<lastmod> 2022-10-10 17:22:15.016021 </lastmod>
	</url><url>
		<loc> https://geoconnex.us/cuahsi/his/SCAN/2132_UT_SCAN </loc>
		<lastmod> 2022-10-10 17:22:15.016039 </lastmod>
	</url><url>
		<loc> https://geoconnex.us/cuahsi/his/SCAN/2005_KY_SCAN </loc>
		<lastmod> 2022-10-10 17:22:15.016057 </lastmod>
	</url><url>
		<loc> https://geoconnex.us/cuahsi/his/SCAN/2098_HI_SCAN </loc>
		<lastmod> 2022-10-10 17:22:15.016076 </lastmod>
	</url><url>
		<loc> https://geoconnex.us/cuahsi/his/SCAN/2104_TX_SCAN </loc>
		<lastmod> 2022-10-10 17:22:15.016095 </lastmod>
	</url><url>
		<loc> https://geoconnex.us/cuahsi/his/SCAN/2089_VA_SCAN </loc>
		<lastmod> 2022-10-10 17:22:15.016113 </lastmod>
	</url><url>
		<loc> https://geoconnex.us/cuahsi/his/SCAN/2199_TX_SCAN </loc>
		<lastmod> 2022-10-10 17:22:15.016132 </lastmod>
	</url><url>
		<loc> https://geoconnex.us/cuahsi/his/SCAN/2182_AL_SCAN </loc>
		<lastmod> 2022-10-10 17:22:15.016150 </lastmod>
	</url><url>
		<loc> https://geoconnex.us/cuahsi/his/SCAN/2036_PA_SCAN </loc>
		<lastmod> 2022-10-10 17:22:15.016169 </lastmod>
	</url><url>
		<loc> https://geoconnex.us/cuahsi/his/SCAN/2001_NE_SCAN </loc>
		<lastmod> 2022-10-10 17:22:15.016187 </lastmod>
	</url><url>
		<loc> https://geoconnex.us/cuahsi/his/SCAN/2229_NV_SCAN </loc>
		<lastmod> 2022-10-10 17:22:15.016206 </lastmod>
	</url><url>
		<loc> https://geoconnex.us/cuahsi/his/SCAN/2200_TX_SCAN </loc>
		<lastmod> 2022-10-10 17:22:15.016224 </lastmod>
	</url><url>
		<loc> https://geoconnex.us/cuahsi/his/SCAN/2159_UT_SCAN </loc>
		<lastmod> 2022-10-10 17:22:15.016243 </lastmod>
	</url><url>
		<loc> https://geoconnex.us/cuahsi/his/SCAN/2109_MS_SCAN </loc>
		<lastmod> 2022-10-10 17:22:15.016261 </lastmod>
	</url><url>
		<loc> https://geoconnex.us/cuahsi/his/SCAN/2193_MO_SCAN </loc>
		<lastmod> 2022-10-10 17:22:15.016280 </lastmod>
	</url><url>
		<loc> https://geoconnex.us/cuahsi/his/SCAN/2063_AK_SCAN </loc>
		<lastmod> 2022-10-10 17:22:15.016298 </lastmod>
	</url><url>
		<loc> https://geoconnex.us/cuahsi/his/SCAN/2070_MS_SCAN </loc>
		<lastmod> 2022-10-10 17:22:15.016316 </lastmod>
	</url><url>
		<loc> https://geoconnex.us/cuahsi/his/SCAN/2012_FL_SCAN </loc>
		<lastmod> 2022-10-10 17:22:15.016335 </lastmod>
	</url><url>
		<loc> https://geoconnex.us/cuahsi/his/SCAN/2176_AL_SCAN </loc>
		<lastmod> 2022-10-10 17:22:15.016353 </lastmod>
	</url><url>
		<loc> https://geoconnex.us/cuahsi/his/SCAN/2171_NM_SCAN </loc>
		<lastmod> 2022-10-10 17:22:15.016371 </lastmod>
	</url><url>
		<loc> https://geoconnex.us/cuahsi/his/SCAN/2186_CA_SCAN </loc>
		<lastmod> 2022-10-10 17:22:15.016389 </lastmod>
	</url><url>
		<loc> https://geoconnex.us/cuahsi/his/SCAN/2068_IA_SCAN </loc>
		<lastmod> 2022-10-10 17:22:15.016408 </lastmod>
	</url><url>
		<loc> https://geoconnex.us/cuahsi/his/SCAN/2227_MO_SCAN </loc>
		<lastmod> 2022-10-10 17:22:15.016426 </lastmod>
	</url><url>
		<loc> https://geoconnex.us/cuahsi/his/SCAN/2088_VA_SCAN </loc>
		<lastmod> 2022-10-10 17:22:15.016444 </lastmod>
	</url><url>
		<loc> https://geoconnex.us/cuahsi/his/SCAN/2120_MT_SCAN </loc>
		<lastmod> 2022-10-10 17:22:15.016462 </lastmod>
	</url><url>
		<loc> https://geoconnex.us/cuahsi/his/SCAN/2086_MS_SCAN </loc>
		<lastmod> 2022-10-10 17:22:15.016481 </lastmod>
	</url><url>
		<loc> https://geoconnex.us/cuahsi/his/SCAN/2101_HI_SCAN </loc>
		<lastmod> 2022-10-10 17:22:15.016499 </lastmod>
	</url><url>
		<loc> https://geoconnex.us/cuahsi/his/SCAN/2047_MO_SCAN </loc>
		<lastmod> 2022-10-10 17:22:15.016517 </lastmod>
	</url><url>
		<loc> https://geoconnex.us/cuahsi/his/SCAN/2154_UT_SCAN </loc>
		<lastmod> 2022-10-10 17:22:15.016705 </lastmod>
	</url><url>
		<loc> https://geoconnex.us/cuahsi/his/SCAN/2158_UT_SCAN </loc>
		<lastmod> 2022-10-10 17:22:15.016746 </lastmod>
	</url><url>
		<loc> https://geoconnex.us/cuahsi/his/SCAN/2044_AK_SCAN </loc>
		<lastmod> 2022-10-10 17:22:15.016769 </lastmod>
	</url><url>
		<loc> https://geoconnex.us/cuahsi/his/SCAN/2056_AL_SCAN </loc>
		<lastmod> 2022-10-10 17:22:15.016789 </lastmod>
	</url><url>
		<loc> https://geoconnex.us/cuahsi/his/SCAN/2064_MS_SCAN </loc>
		<lastmod> 2022-10-10 17:22:15.016808 </lastmod>
	</url><url>
		<loc> https://geoconnex.us/cuahsi/his/SCAN/2203_TX_SCAN </loc>
		<lastmod> 2022-10-10 17:22:15.016827 </lastmod>
	</url><url>
		<loc> https://geoconnex.us/cuahsi/his/SCAN/2219_CA_SCAN </loc>
		<lastmod> 2022-10-10 17:22:15.016846 </lastmod>
	</url><url>
		<loc> https://geoconnex.us/cuahsi/his/SCAN/2179_AL_SCAN </loc>
		<lastmod> 2022-10-10 17:22:15.016865 </lastmod>
	</url><url>
		<loc> https://geoconnex.us/cuahsi/his/SCAN/2073_OH_SCAN </loc>
		<lastmod> 2022-10-10 17:22:15.016884 </lastmod>
	</url><url>
		<loc> https://geoconnex.us/cuahsi/his/SCAN/808_MT_SCAN </loc>
		<lastmod> 2022-10-10 17:22:15.016902 </lastmod>
	</url><url>
		<loc> https://geoconnex.us/cuahsi/his/SCAN/2008_NC_SCAN </loc>
		<lastmod> 2022-10-10 17:22:15.016930 </lastmod>
	</url><url>
		<loc> https://geoconnex.us/cuahsi/his/SCAN/2040_VA_SCAN </loc>
		<lastmod> 2022-10-10 17:22:15.016950 </lastmod>
	</url><url>
		<loc> https://geoconnex.us/cuahsi/his/SCAN/2082_MS_SCAN </loc>
		<lastmod> 2022-10-10 17:22:15.016969 </lastmod>
	</url><url>
		<loc> https://geoconnex.us/cuahsi/his/SCAN/2080_AK_SCAN </loc>
		<lastmod> 2022-10-10 17:22:15.016987 </lastmod>
	</url><url>
		<loc> https://geoconnex.us/cuahsi/his/SCAN/2018_WY_SCAN </loc>
		<lastmod> 2022-10-10 17:22:15.017006 </lastmod>
	</url><url>
		<loc> https://geoconnex.us/cuahsi/his/SCAN/2142_NV_SCAN </loc>
		<lastmod> 2022-10-10 17:22:15.017026 </lastmod>
	</url><url>
		<loc> https://geoconnex.us/cuahsi/his/SCAN/2163_UT_SCAN </loc>
		<lastmod> 2022-10-10 17:22:15.017045 </lastmod>
	</url><url>
		<loc> https://geoconnex.us/cuahsi/his/SCAN/2034_MS_SCAN </loc>
		<lastmod> 2022-10-10 17:22:15.017065 </lastmod>
	</url><url>
		<loc> https://geoconnex.us/cuahsi/his/SCAN/2115_AL_SCAN </loc>
		<lastmod> 2022-10-10 17:22:15.017083 </lastmod>
	</url><url>
		<loc> https://geoconnex.us/cuahsi/his/SCAN/2226_MO_SCAN </loc>
		<lastmod> 2022-10-10 17:22:15.017102 </lastmod>
	</url><url>
		<loc> https://geoconnex.us/cuahsi/his/SCAN/2083_AR_SCAN </loc>
		<lastmod> 2022-10-10 17:22:15.017121 </lastmod>
	</url><url>
		<loc> https://geoconnex.us/cuahsi/his/SCAN/2091_AR_SCAN </loc>
		<lastmod> 2022-10-10 17:22:15.017140 </lastmod>
	</url><url>
		<loc> https://geoconnex.us/cuahsi/his/SCAN/2090_AR_SCAN </loc>
		<lastmod> 2022-10-10 17:22:15.017160 </lastmod>
	</url><url>
		<loc> https://geoconnex.us/cuahsi/his/SCAN/2085_AR_SCAN </loc>
		<lastmod> 2022-10-10 17:22:15.017179 </lastmod>
	</url><url>
		<loc> https://geoconnex.us/cuahsi/his/SCAN/2030_AR_SCAN </loc>
		<lastmod> 2022-10-10 17:22:15.017198 </lastmod>
	</url><url>
		<loc> https://geoconnex.us/cuahsi/his/SCAN/2084_AR_SCAN </loc>
		<lastmod> 2022-10-10 17:22:15.017216 </lastmod>
	</url><url>
		<loc> https://geoconnex.us/cuahsi/his/SCAN/2221_AK_SCAN </loc>
		<lastmod> 2022-10-10 17:22:15.017235 </lastmod>
	</url><url>
		<loc> https://geoconnex.us/cuahsi/his/SCAN/2123_VI_SCAN </loc>
		<lastmod> 2022-10-10 17:22:15.017253 </lastmod>
	</url><url>
		<loc> https://geoconnex.us/cuahsi/his/SCAN/2204_TX_SCAN </loc>
		<lastmod> 2022-10-10 17:22:15.017271 </lastmod>
	</url><url>
		<loc> https://geoconnex.us/cuahsi/his/SCAN/2196_WI_SCAN </loc>
		<lastmod> 2022-10-10 17:22:15.017290 </lastmod>
	</url><url>
		<loc> https://geoconnex.us/cuahsi/his/SCAN/2035_MS_SCAN </loc>
		<lastmod> 2022-10-10 17:22:15.017309 </lastmod>
	</url><url>
		<loc> https://geoconnex.us/cuahsi/his/SCAN/2162_UT_SCAN </loc>
		<lastmod> 2022-10-10 17:22:15.017328 </lastmod>
	</url><url>
		<loc> https://geoconnex.us/cuahsi/his/SCAN/2202_TX_SCAN </loc>
		<lastmod> 2022-10-10 17:22:15.017346 </lastmod>
	</url><url>
		<loc> https://geoconnex.us/cuahsi/his/SCAN/2118_MT_SCAN </loc>
		<lastmod> 2022-10-10 17:22:15.017365 </lastmod>
	</url><url>
		<loc> https://geoconnex.us/cuahsi/his/SCAN/2003_WI_SCAN </loc>
		<lastmod> 2022-10-10 17:22:15.017383 </lastmod>
	</url><url>
		<loc> https://geoconnex.us/cuahsi/his/SCAN/2099_HI_SCAN </loc>
		<lastmod> 2022-10-10 17:22:15.017401 </lastmod>
	</url><url>
		<loc> https://geoconnex.us/cuahsi/his/SCAN/2009_FL_SCAN </loc>
		<lastmod> 2022-10-10 17:22:15.017420 </lastmod>
	</url><url>
		<loc> https://geoconnex.us/cuahsi/his/SCAN/2026_AZ_SCAN </loc>
		<lastmod> 2022-10-10 17:22:15.017438 </lastmod>
	</url><url>
		<loc> https://geoconnex.us/cuahsi/his/SCAN/2013_GA_SCAN </loc>
		<lastmod> 2022-10-10 17:22:15.017457 </lastmod>
	</url><url>
		<loc> https://geoconnex.us/cuahsi/his/SCAN/1234_AK_SCAN </loc>
		<lastmod> 2022-10-10 17:22:15.017475 </lastmod>
	</url><url>
		<loc> https://geoconnex.us/cuahsi/his/SCAN/2175_AL_SCAN </loc>
		<lastmod> 2022-10-10 17:22:15.017494 </lastmod>
	</url><url>
		<loc> https://geoconnex.us/cuahsi/his/SCAN/2205_TX_SCAN </loc>
		<lastmod> 2022-10-10 17:22:15.017512 </lastmod>
	</url><url>
		<loc> https://geoconnex.us/cuahsi/his/SCAN/2139_UT_SCAN </loc>
		<lastmod> 2022-10-10 17:22:15.017531 </lastmod>
	</url><url>
		<loc> https://geoconnex.us/cuahsi/his/SCAN/2108_NM_SCAN </loc>
		<lastmod> 2022-10-10 17:22:15.017550 </lastmod>
	</url><url>
		<loc> https://geoconnex.us/cuahsi/his/SCAN/2053_AL_SCAN </loc>
		<lastmod> 2022-10-10 17:22:15.017569 </lastmod>
	</url><url>
		<loc> https://geoconnex.us/cuahsi/his/SCAN/2038_SC_SCAN </loc>
		<lastmod> 2022-10-10 17:22:15.017587 </lastmod>
	</url></ns0:urlset>