<?xml version='1.0' encoding='utf-8'?>
<ns0:urlset xmlns:ns0="http://www.sitemaps.org/schemas/sitemap/0.9">
<url>
		<loc> https://geoconnex.us/cuahsi/his/MWRA/36 </loc>
		<lastmod> 2022-11-10 15:17:17.430745 </lastmod>
	</url><url>
		<loc> https://geoconnex.us/cuahsi/his/MWRA/48 </loc>
		<lastmod> 2022-11-10 15:17:17.430776 </lastmod>
	</url><url>
		<loc> https://geoconnex.us/cuahsi/his/MWRA/38 </loc>
		<lastmod> 2022-11-10 15:17:17.430794 </lastmod>
	</url><url>
		<loc> https://geoconnex.us/cuahsi/his/MWRA/54 </loc>
		<lastmod> 2022-11-10 15:17:17.430809 </lastmod>
	</url><url>
		<loc> https://geoconnex.us/cuahsi/his/MWRA/42 </loc>
		<lastmod> 2022-11-10 15:17:17.430824 </lastmod>
	</url><url>
		<loc> https://geoconnex.us/cuahsi/his/MWRA/41 </loc>
		<lastmod> 2022-11-10 15:17:17.430839 </lastmod>
	</url><url>
		<loc> https://geoconnex.us/cuahsi/his/MWRA/40 </loc>
		<lastmod> 2022-11-10 15:17:17.430854 </lastmod>
	</url><url>
		<loc> https://geoconnex.us/cuahsi/his/MWRA/39 </loc>
		<lastmod> 2022-11-10 15:17:17.430867 </lastmod>
	</url><url>
		<loc> https://geoconnex.us/cuahsi/his/MWRA/33 </loc>
		<lastmod> 2022-11-10 15:17:17.430881 </lastmod>
	</url><url>
		<loc> https://geoconnex.us/cuahsi/his/MWRA/14 </loc>
		<lastmod> 2022-11-10 15:17:17.430895 </lastmod>
	</url><url>
		<loc> https://geoconnex.us/cuahsi/his/MWRA/15 </loc>
		<lastmod> 2022-11-10 15:17:17.430909 </lastmod>
	</url><url>
		<loc> https://geoconnex.us/cuahsi/his/MWRA/19 </loc>
		<lastmod> 2022-11-10 15:17:17.430922 </lastmod>
	</url><url>
		<loc> https://geoconnex.us/cuahsi/his/MWRA/22 </loc>
		<lastmod> 2022-11-10 15:17:17.430936 </lastmod>
	</url><url>
		<loc> https://geoconnex.us/cuahsi/his/MWRA/24 </loc>
		<lastmod> 2022-11-10 15:17:17.430949 </lastmod>
	</url><url>
		<loc> https://geoconnex.us/cuahsi/his/MWRA/44 </loc>
		<lastmod> 2022-11-10 15:17:17.430962 </lastmod>
	</url><url>
		<loc> https://geoconnex.us/cuahsi/his/MWRA/47 </loc>
		<lastmod> 2022-11-10 15:17:17.430976 </lastmod>
	</url><url>
		<loc> https://geoconnex.us/cuahsi/his/MWRA/50 </loc>
		<lastmod> 2022-11-10 15:17:17.430989 </lastmod>
	</url><url>
		<loc> https://geoconnex.us/cuahsi/his/MWRA/18 </loc>
		<lastmod> 2022-11-10 15:17:17.431003 </lastmod>
	</url><url>
		<loc> https://geoconnex.us/cuahsi/his/MWRA/65 </loc>
		<lastmod> 2022-11-10 15:17:17.431016 </lastmod>
	</url><url>
		<loc> https://geoconnex.us/cuahsi/his/MWRA/27 </loc>
		<lastmod> 2022-11-10 15:17:17.431030 </lastmod>
	</url><url>
		<loc> https://geoconnex.us/cuahsi/his/MWRA/52 </loc>
		<lastmod> 2022-11-10 15:17:17.431044 </lastmod>
	</url><url>
		<loc> https://geoconnex.us/cuahsi/his/MWRA/69 </loc>
		<lastmod> 2022-11-10 15:17:17.431057 </lastmod>
	</url><url>
		<loc> https://geoconnex.us/cuahsi/his/MWRA/75 </loc>
		<lastmod> 2022-11-10 15:17:17.431071 </lastmod>
	</url><url>
		<loc> https://geoconnex.us/cuahsi/his/MWRA/77 </loc>
		<lastmod> 2022-11-10 15:17:17.431084 </lastmod>
	</url><url>
		<loc> https://geoconnex.us/cuahsi/his/MWRA/79 </loc>
		<lastmod> 2022-11-10 15:17:17.431098 </lastmod>
	</url><url>
		<loc> https://geoconnex.us/cuahsi/his/MWRA/80 </loc>
		<lastmod> 2022-11-10 15:17:17.431111 </lastmod>
	</url><url>
		<loc> https://geoconnex.us/cuahsi/his/MWRA/81 </loc>
		<lastmod> 2022-11-10 15:17:17.431124 </lastmod>
	</url><url>
		<loc> https://geoconnex.us/cuahsi/his/MWRA/82 </loc>
		<lastmod> 2022-11-10 15:17:17.431138 </lastmod>
	</url><url>
		<loc> https://geoconnex.us/cuahsi/his/MWRA/84 </loc>
		<lastmod> 2022-11-10 15:17:17.431151 </lastmod>
	</url><url>
		<loc> https://geoconnex.us/cuahsi/his/MWRA/89 </loc>
		<lastmod> 2022-11-10 15:17:17.431165 </lastmod>
	</url><url>
		<loc> https://geoconnex.us/cuahsi/his/MWRA/105 </loc>
		<lastmod> 2022-11-10 15:17:17.431178 </lastmod>
	</url><url>
		<loc> https://geoconnex.us/cuahsi/his/MWRA/106 </loc>
		<lastmod> 2022-11-10 15:17:17.431192 </lastmod>
	</url><url>
		<loc> https://geoconnex.us/cuahsi/his/MWRA/117 </loc>
		<lastmod> 2022-11-10 15:17:17.431205 </lastmod>
	</url><url>
		<loc> https://geoconnex.us/cuahsi/his/MWRA/118 </loc>
		<lastmod> 2022-11-10 15:17:17.431219 </lastmod>
	</url><url>
		<loc> https://geoconnex.us/cuahsi/his/MWRA/124 </loc>
		<lastmod> 2022-11-10 15:17:17.431232 </lastmod>
	</url><url>
		<loc> https://geoconnex.us/cuahsi/his/MWRA/138 </loc>
		<lastmod> 2022-11-10 15:17:17.431245 </lastmod>
	</url><url>
		<loc> https://geoconnex.us/cuahsi/his/MWRA/140 </loc>
		<lastmod> 2022-11-10 15:17:17.431259 </lastmod>
	</url><url>
		<loc> https://geoconnex.us/cuahsi/his/MWRA/139 </loc>
		<lastmod> 2022-11-10 15:17:17.431272 </lastmod>
	</url><url>
		<loc> https://geoconnex.us/cuahsi/his/MWRA/141 </loc>
		<lastmod> 2022-11-10 15:17:17.431286 </lastmod>
	</url><url>
		<loc> https://geoconnex.us/cuahsi/his/MWRA/142 </loc>
		<lastmod> 2022-11-10 15:17:17.431299 </lastmod>
	</url><url>
		<loc> https://geoconnex.us/cuahsi/his/MWRA/137 </loc>
		<lastmod> 2022-11-10 15:17:17.431313 </lastmod>
	</url><url>
		<loc> https://geoconnex.us/cuahsi/his/MWRA/129 </loc>
		<lastmod> 2022-11-10 15:17:17.431326 </lastmod>
	</url><url>
		<loc> https://geoconnex.us/cuahsi/his/MWRA/130 </loc>
		<lastmod> 2022-11-10 15:17:17.431340 </lastmod>
	</url><url>
		<loc> https://geoconnex.us/cuahsi/his/MWRA/154 </loc>
		<lastmod> 2022-11-10 15:17:17.431353 </lastmod>
	</url><url>
		<loc> https://geoconnex.us/cuahsi/his/MWRA/178 </loc>
		<lastmod> 2022-11-10 15:17:17.431372 </lastmod>
	</url><url>
		<loc> https://geoconnex.us/cuahsi/his/MWRA/55 </loc>
		<lastmod> 2022-11-10 15:17:17.431385 </lastmod>
	</url><url>
		<loc> https://geoconnex.us/cuahsi/his/MWRA/1 </loc>
		<lastmod> 2022-11-10 15:17:17.431398 </lastmod>
	</url><url>
		<loc> https://geoconnex.us/cuahsi/his/MWRA/11 </loc>
		<lastmod> 2022-11-10 15:17:17.431412 </lastmod>
	</url><url>
		<loc> https://geoconnex.us/cuahsi/his/MWRA/10 </loc>
		<lastmod> 2022-11-10 15:17:17.431426 </lastmod>
	</url><url>
		<loc> https://geoconnex.us/cuahsi/his/MWRA/9 </loc>
		<lastmod> 2022-11-10 15:17:17.431439 </lastmod>
	</url><url>
		<loc> https://geoconnex.us/cuahsi/his/MWRA/8 </loc>
		<lastmod> 2022-11-10 15:17:17.431453 </lastmod>
	</url><url>
		<loc> https://geoconnex.us/cuahsi/his/MWRA/2 </loc>
		<lastmod> 2022-11-10 15:17:17.431466 </lastmod>
	</url><url>
		<loc> https://geoconnex.us/cuahsi/his/MWRA/7 </loc>
		<lastmod> 2022-11-10 15:17:17.431479 </lastmod>
	</url><url>
		<loc> https://geoconnex.us/cuahsi/his/MWRA/6 </loc>
		<lastmod> 2022-11-10 15:17:17.431493 </lastmod>
	</url><url>
		<loc> https://geoconnex.us/cuahsi/his/MWRA/5 </loc>
		<lastmod> 2022-11-10 15:17:17.431506 </lastmod>
	</url><url>
		<loc> https://geoconnex.us/cuahsi/his/MWRA/4 </loc>
		<lastmod> 2022-11-10 15:17:17.431520 </lastmod>
	</url><url>
		<loc> https://geoconnex.us/cuahsi/his/MWRA/3 </loc>
		<lastmod> 2022-11-10 15:17:17.431533 </lastmod>
	</url><url>
		<loc> https://geoconnex.us/cuahsi/his/MWRA/12 </loc>
		<lastmod> 2022-11-10 15:17:17.431546 </lastmod>
	</url><url>
		<loc> https://geoconnex.us/cuahsi/his/MWRA/144 </loc>
		<lastmod> 2022-11-10 15:17:17.431559 </lastmod>
	</url><url>
		<loc> https://geoconnex.us/cuahsi/his/MWRA/166 </loc>
		<lastmod> 2022-11-10 15:17:17.431573 </lastmod>
	</url><url>
		<loc> https://geoconnex.us/cuahsi/his/MWRA/70 </loc>
		<lastmod> 2022-11-10 15:17:17.431587 </lastmod>
	</url><url>
		<loc> https://geoconnex.us/cuahsi/his/MWRA/57 </loc>
		<lastmod> 2022-11-10 15:17:17.431600 </lastmod>
	</url><url>
		<loc> https://geoconnex.us/cuahsi/his/MWRA/56 </loc>
		<lastmod> 2022-11-10 15:17:17.431613 </lastmod>
	</url><url>
		<loc> https://geoconnex.us/cuahsi/his/MWRA/66 </loc>
		<lastmod> 2022-11-10 15:17:17.431626 </lastmod>
	</url><url>
		<loc> https://geoconnex.us/cuahsi/his/MWRA/67 </loc>
		<lastmod> 2022-11-10 15:17:17.431640 </lastmod>
	</url><url>
		<loc> https://geoconnex.us/cuahsi/his/MWRA/74 </loc>
		<lastmod> 2022-11-10 15:17:17.431653 </lastmod>
	</url><url>
		<loc> https://geoconnex.us/cuahsi/his/MWRA/83 </loc>
		<lastmod> 2022-11-10 15:17:17.431666 </lastmod>
	</url><url>
		<loc> https://geoconnex.us/cuahsi/his/MWRA/167 </loc>
		<lastmod> 2022-11-10 15:17:17.431680 </lastmod>
	</url><url>
		<loc> https://geoconnex.us/cuahsi/his/MWRA/172 </loc>
		<lastmod> 2022-11-10 15:17:17.431693 </lastmod>
	</url><url>
		<loc> https://geoconnex.us/cuahsi/his/MWRA/174 </loc>
		<lastmod> 2022-11-10 15:17:17.431706 </lastmod>
	</url><url>
		<loc> https://geoconnex.us/cuahsi/his/MWRA/176 </loc>
		<lastmod> 2022-11-10 15:17:17.431720 </lastmod>
	</url><url>
		<loc> https://geoconnex.us/cuahsi/his/MWRA/59 </loc>
		<lastmod> 2022-11-10 15:17:17.431733 </lastmod>
	</url><url>
		<loc> https://geoconnex.us/cuahsi/his/MWRA/145 </loc>
		<lastmod> 2022-11-10 15:17:17.431747 </lastmod>
	</url><url>
		<loc> https://geoconnex.us/cuahsi/his/MWRA/177 </loc>
		<lastmod> 2022-11-10 15:17:17.431760 </lastmod>
	</url><url>
		<loc> https://geoconnex.us/cuahsi/his/MWRA/180 </loc>
		<lastmod> 2022-11-10 15:17:17.431774 </lastmod>
	</url><url>
		<loc> https://geoconnex.us/cuahsi/his/MWRA/181 </loc>
		<lastmod> 2022-11-10 15:17:17.431788 </lastmod>
	</url><url>
		<loc> https://geoconnex.us/cuahsi/his/MWRA/182 </loc>
		<lastmod> 2022-11-10 15:17:17.431801 </lastmod>
	</url><url>
		<loc> https://geoconnex.us/cuahsi/his/MWRA/183 </loc>
		<lastmod> 2022-11-10 15:17:17.431814 </lastmod>
	</url></ns0:urlset>