<?xml version='1.0' encoding='utf-8'?>
<ns0:urlset xmlns:ns0="http://www.sitemaps.org/schemas/sitemap/0.9">
<url>
		<loc> https://geoconnex.us/cuahsi/his/czo_merced/UpMetN </loc>
		<lastmod> 2023-05-11 14:48:15.260241 </lastmod>
	</url><url>
		<loc> https://geoconnex.us/cuahsi/his/czo_merced/UpMetN_cdde </loc>
		<lastmod> 2023-05-11 14:48:15.260281 </lastmod>
	</url><url>
		<loc> https://geoconnex.us/cuahsi/his/czo_merced/UpMetN_cduc </loc>
		<lastmod> 2023-05-11 14:48:15.260301 </lastmod>
	</url><url>
		<loc> https://geoconnex.us/cuahsi/his/czo_merced/UpMetN_acde </loc>
		<lastmod> 2023-05-11 14:48:15.260318 </lastmod>
	</url><url>
		<loc> https://geoconnex.us/cuahsi/his/czo_merced/UpMetN_acuc </loc>
		<lastmod> 2023-05-11 14:48:15.260334 </lastmod>
	</url><url>
		<loc> https://geoconnex.us/cuahsi/his/czo_merced/UpMetN_plde </loc>
		<lastmod> 2023-05-11 14:48:15.260350 </lastmod>
	</url><url>
		<loc> https://geoconnex.us/cuahsi/his/czo_merced/UpMetN_pluc </loc>
		<lastmod> 2023-05-11 14:48:15.260367 </lastmod>
	</url><url>
		<loc> https://geoconnex.us/cuahsi/his/czo_merced/UpMetN_open </loc>
		<lastmod> 2023-05-11 14:48:15.260383 </lastmod>
	</url><url>
		<loc> https://geoconnex.us/cuahsi/his/czo_merced/UpMetS </loc>
		<lastmod> 2023-05-11 14:48:15.260398 </lastmod>
	</url><url>
		<loc> https://geoconnex.us/cuahsi/his/czo_merced/UpMetS_qkde </loc>
		<lastmod> 2023-05-11 14:48:15.260414 </lastmod>
	</url><url>
		<loc> https://geoconnex.us/cuahsi/his/czo_merced/UpMetS_qkuc </loc>
		<lastmod> 2023-05-11 14:48:15.260430 </lastmod>
	</url><url>
		<loc> https://geoconnex.us/cuahsi/his/czo_merced/UpMetS_acde </loc>
		<lastmod> 2023-05-11 14:48:15.260445 </lastmod>
	</url><url>
		<loc> https://geoconnex.us/cuahsi/his/czo_merced/UpMetS_acuc </loc>
		<lastmod> 2023-05-11 14:48:15.260460 </lastmod>
	</url><url>
		<loc> https://geoconnex.us/cuahsi/his/czo_merced/UpMetS_open </loc>
		<lastmod> 2023-05-11 14:48:15.260474 </lastmod>
	</url><url>
		<loc> https://geoconnex.us/cuahsi/his/czo_merced/UpMetF </loc>
		<lastmod> 2023-05-11 14:48:15.260489 </lastmod>
	</url><url>
		<loc> https://geoconnex.us/cuahsi/his/czo_merced/UpMetF_ppde </loc>
		<lastmod> 2023-05-11 14:48:15.260504 </lastmod>
	</url><url>
		<loc> https://geoconnex.us/cuahsi/his/czo_merced/UpMetF_ppuc </loc>
		<lastmod> 2023-05-11 14:48:15.260519 </lastmod>
	</url><url>
		<loc> https://geoconnex.us/cuahsi/his/czo_merced/UpMetF_acde </loc>
		<lastmod> 2023-05-11 14:48:15.260534 </lastmod>
	</url><url>
		<loc> https://geoconnex.us/cuahsi/his/czo_merced/UpMetF_acuc </loc>
		<lastmod> 2023-05-11 14:48:15.260549 </lastmod>
	</url><url>
		<loc> https://geoconnex.us/cuahsi/his/czo_merced/UpMetF_open </loc>
		<lastmod> 2023-05-11 14:48:15.260586 </lastmod>
	</url><url>
		<loc> https://geoconnex.us/cuahsi/his/czo_merced/LowMetN </loc>
		<lastmod> 2023-05-11 14:48:15.260602 </lastmod>
	</url><url>
		<loc> https://geoconnex.us/cuahsi/his/czo_merced/LowMetN_cdde </loc>
		<lastmod> 2023-05-11 14:48:15.260617 </lastmod>
	</url><url>
		<loc> https://geoconnex.us/cuahsi/his/czo_merced/LowMetN_cduc </loc>
		<lastmod> 2023-05-11 14:48:15.260632 </lastmod>
	</url><url>
		<loc> https://geoconnex.us/cuahsi/his/czo_merced/LowMetN_acde </loc>
		<lastmod> 2023-05-11 14:48:15.260647 </lastmod>
	</url><url>
		<loc> https://geoconnex.us/cuahsi/his/czo_merced/LowMetN_acuc </loc>
		<lastmod> 2023-05-11 14:48:15.260663 </lastmod>
	</url><url>
		<loc> https://geoconnex.us/cuahsi/his/czo_merced/LowMetN_open </loc>
		<lastmod> 2023-05-11 14:48:15.260678 </lastmod>
	</url><url>
		<loc> https://geoconnex.us/cuahsi/his/czo_merced/LowMetS </loc>
		<lastmod> 2023-05-11 14:48:15.260693 </lastmod>
	</url><url>
		<loc> https://geoconnex.us/cuahsi/his/czo_merced/LowMetS_ppde </loc>
		<lastmod> 2023-05-11 14:48:15.260708 </lastmod>
	</url><url>
		<loc> https://geoconnex.us/cuahsi/his/czo_merced/LowMetS_ppuc </loc>
		<lastmod> 2023-05-11 14:48:15.260723 </lastmod>
	</url><url>
		<loc> https://geoconnex.us/cuahsi/his/czo_merced/LowMetS_cdde </loc>
		<lastmod> 2023-05-11 14:48:15.260738 </lastmod>
	</url><url>
		<loc> https://geoconnex.us/cuahsi/his/czo_merced/LowMetS_cduc </loc>
		<lastmod> 2023-05-11 14:48:15.260754 </lastmod>
	</url><url>
		<loc> https://geoconnex.us/cuahsi/his/czo_merced/LowMetS_open </loc>
		<lastmod> 2023-05-11 14:48:15.260769 </lastmod>
	</url><url>
		<loc> https://geoconnex.us/cuahsi/his/czo_merced/UppProv_Met </loc>
		<lastmod> 2023-05-11 14:48:15.260784 </lastmod>
	</url><url>
		<loc> https://geoconnex.us/cuahsi/his/czo_merced/LowProv_Met </loc>
		<lastmod> 2023-05-11 14:48:15.260799 </lastmod>
	</url><url>
		<loc> https://geoconnex.us/cuahsi/his/czo_merced/UppBull_Met </loc>
		<lastmod> 2023-05-11 14:48:15.260814 </lastmod>
	</url><url>
		<loc> https://geoconnex.us/cuahsi/his/czo_merced/LowBull_Met </loc>
		<lastmod> 2023-05-11 14:48:15.260829 </lastmod>
	</url><url>
		<loc> https://geoconnex.us/cuahsi/his/czo_merced/B203 </loc>
		<lastmod> 2023-05-11 14:48:15.260844 </lastmod>
	</url><url>
		<loc> https://geoconnex.us/cuahsi/his/czo_merced/B204 </loc>
		<lastmod> 2023-05-11 14:48:15.260859 </lastmod>
	</url><url>
		<loc> https://geoconnex.us/cuahsi/his/czo_merced/B200 </loc>
		<lastmod> 2023-05-11 14:48:15.260874 </lastmod>
	</url><url>
		<loc> https://geoconnex.us/cuahsi/his/czo_merced/B201 </loc>
		<lastmod> 2023-05-11 14:48:15.260889 </lastmod>
	</url><url>
		<loc> https://geoconnex.us/cuahsi/his/czo_merced/T003 </loc>
		<lastmod> 2023-05-11 14:48:15.260904 </lastmod>
	</url><url>
		<loc> https://geoconnex.us/cuahsi/his/czo_merced/P301 </loc>
		<lastmod> 2023-05-11 14:48:15.260919 </lastmod>
	</url><url>
		<loc> https://geoconnex.us/cuahsi/his/czo_merced/P303 </loc>
		<lastmod> 2023-05-11 14:48:15.260934 </lastmod>
	</url><url>
		<loc> https://geoconnex.us/cuahsi/his/czo_merced/P304 </loc>
		<lastmod> 2023-05-11 14:48:15.260949 </lastmod>
	</url><url>
		<loc> https://geoconnex.us/cuahsi/his/czo_merced/D102 </loc>
		<lastmod> 2023-05-11 14:48:15.260964 </lastmod>
	</url><url>
		<loc> https://geoconnex.us/cuahsi/his/czo_merced/P300 </loc>
		<lastmod> 2023-05-11 14:48:15.260979 </lastmod>
	</url><url>
		<loc> https://geoconnex.us/cuahsi/his/czo_merced/Mic-1 </loc>
		<lastmod> 2023-05-11 14:48:15.260994 </lastmod>
	</url><url>
		<loc> https://geoconnex.us/cuahsi/his/czo_merced/Mic-2 </loc>
		<lastmod> 2023-05-11 14:48:15.261010 </lastmod>
	</url><url>
		<loc> https://geoconnex.us/cuahsi/his/czo_merced/Mic-3 </loc>
		<lastmod> 2023-05-11 14:48:15.261025 </lastmod>
	</url><url>
		<loc> https://geoconnex.us/cuahsi/his/czo_merced/Mic-5 </loc>
		<lastmod> 2023-05-11 14:48:15.261040 </lastmod>
	</url><url>
		<loc> https://geoconnex.us/cuahsi/his/czo_merced/Mic-6 </loc>
		<lastmod> 2023-05-11 14:48:15.261055 </lastmod>
	</url><url>
		<loc> https://geoconnex.us/cuahsi/his/czo_merced/Mic-7 </loc>
		<lastmod> 2023-05-11 14:48:15.261070 </lastmod>
	</url><url>
		<loc> https://geoconnex.us/cuahsi/his/czo_merced/Mic-8 </loc>
		<lastmod> 2023-05-11 14:48:15.261085 </lastmod>
	</url><url>
		<loc> https://geoconnex.us/cuahsi/his/czo_merced/Mic-9 </loc>
		<lastmod> 2023-05-11 14:48:15.261100 </lastmod>
	</url><url>
		<loc> https://geoconnex.us/cuahsi/his/czo_merced/Mic-10 </loc>
		<lastmod> 2023-05-11 14:48:15.261114 </lastmod>
	</url><url>
		<loc> https://geoconnex.us/cuahsi/his/czo_merced/Mic-11 </loc>
		<lastmod> 2023-05-11 14:48:15.261129 </lastmod>
	</url><url>
		<loc> https://geoconnex.us/cuahsi/his/czo_merced/Mic-12 </loc>
		<lastmod> 2023-05-11 14:48:15.261145 </lastmod>
	</url><url>
		<loc> https://geoconnex.us/cuahsi/his/czo_merced/Mic-13 </loc>
		<lastmod> 2023-05-11 14:48:15.261160 </lastmod>
	</url><url>
		<loc> https://geoconnex.us/cuahsi/his/czo_merced/Mic-14 </loc>
		<lastmod> 2023-05-11 14:48:15.261175 </lastmod>
	</url><url>
		<loc> https://geoconnex.us/cuahsi/his/czo_merced/Mic-15 </loc>
		<lastmod> 2023-05-11 14:48:15.261191 </lastmod>
	</url><url>
		<loc> https://geoconnex.us/cuahsi/his/czo_merced/Mic-16 </loc>
		<lastmod> 2023-05-11 14:48:15.261206 </lastmod>
	</url><url>
		<loc> https://geoconnex.us/cuahsi/his/czo_merced/Mic-17 </loc>
		<lastmod> 2023-05-11 14:48:15.261221 </lastmod>
	</url><url>
		<loc> https://geoconnex.us/cuahsi/his/czo_merced/Mic-18 </loc>
		<lastmod> 2023-05-11 14:48:15.261236 </lastmod>
	</url><url>
		<loc> https://geoconnex.us/cuahsi/his/czo_merced/Mic-19 </loc>
		<lastmod> 2023-05-11 14:48:15.261251 </lastmod>
	</url><url>
		<loc> https://geoconnex.us/cuahsi/his/czo_merced/Mic-20 </loc>
		<lastmod> 2023-05-11 14:48:15.261266 </lastmod>
	</url><url>
		<loc> https://geoconnex.us/cuahsi/his/czo_merced/Mic-21 </loc>
		<lastmod> 2023-05-11 14:48:15.261281 </lastmod>
	</url><url>
		<loc> https://geoconnex.us/cuahsi/his/czo_merced/Mic-22 </loc>
		<lastmod> 2023-05-11 14:48:15.261296 </lastmod>
	</url><url>
		<loc> https://geoconnex.us/cuahsi/his/czo_merced/Mic-23 </loc>
		<lastmod> 2023-05-11 14:48:15.261311 </lastmod>
	</url><url>
		<loc> https://geoconnex.us/cuahsi/his/czo_merced/Mic-24 </loc>
		<lastmod> 2023-05-11 14:48:15.261326 </lastmod>
	</url><url>
		<loc> https://geoconnex.us/cuahsi/his/czo_merced/Mic-25 </loc>
		<lastmod> 2023-05-11 14:48:15.261340 </lastmod>
	</url><url>
		<loc> https://geoconnex.us/cuahsi/his/czo_merced/Mic-4 </loc>
		<lastmod> 2023-05-11 14:48:15.261355 </lastmod>
	</url><url>
		<loc> https://geoconnex.us/cuahsi/his/czo_merced/Gateway </loc>
		<lastmod> 2023-05-11 14:48:15.261370 </lastmod>
	</url><url>
		<loc> https://geoconnex.us/cuahsi/his/czo_merced/P301_CZO-1 </loc>
		<lastmod> 2023-05-11 14:48:15.261385 </lastmod>
	</url><url>
		<loc> https://geoconnex.us/cuahsi/his/czo_merced/P301_CZO-2 </loc>
		<lastmod> 2023-05-11 14:48:15.261400 </lastmod>
	</url><url>
		<loc> https://geoconnex.us/cuahsi/his/czo_merced/P301_CZO-3 </loc>
		<lastmod> 2023-05-11 14:48:15.261415 </lastmod>
	</url><url>
		<loc> https://geoconnex.us/cuahsi/his/czo_merced/P301_CZO-4 </loc>
		<lastmod> 2023-05-11 14:48:15.261430 </lastmod>
	</url><url>
		<loc> https://geoconnex.us/cuahsi/his/czo_merced/P301_CZO-5 </loc>
		<lastmod> 2023-05-11 14:48:15.261445 </lastmod>
	</url><url>
		<loc> https://geoconnex.us/cuahsi/his/czo_merced/P301_CZO-6 </loc>
		<lastmod> 2023-05-11 14:48:15.261460 </lastmod>
	</url><url>
		<loc> https://geoconnex.us/cuahsi/his/czo_merced/P301_CZO-7 </loc>
		<lastmod> 2023-05-11 14:48:15.261475 </lastmod>
	</url><url>
		<loc> https://geoconnex.us/cuahsi/his/czo_merced/P301_CZO-8 </loc>
		<lastmod> 2023-05-11 14:48:15.261490 </lastmod>
	</url><url>
		<loc> https://geoconnex.us/cuahsi/his/czo_merced/P301_CZO-9 </loc>
		<lastmod> 2023-05-11 14:48:15.261505 </lastmod>
	</url><url>
		<loc> https://geoconnex.us/cuahsi/his/czo_merced/P301_CZO-10 </loc>
		<lastmod> 2023-05-11 14:48:15.261520 </lastmod>
	</url><url>
		<loc> https://geoconnex.us/cuahsi/his/czo_merced/P301_CZO-26 </loc>
		<lastmod> 2023-05-11 14:48:15.261535 </lastmod>
	</url><url>
		<loc> https://geoconnex.us/cuahsi/his/czo_merced/P301_CZO-12 </loc>
		<lastmod> 2023-05-11 14:48:15.261550 </lastmod>
	</url><url>
		<loc> https://geoconnex.us/cuahsi/his/czo_merced/P301_CZO-29 </loc>
		<lastmod> 2023-05-11 14:48:15.261566 </lastmod>
	</url><url>
		<loc> https://geoconnex.us/cuahsi/his/czo_merced/P301_CZO-14 </loc>
		<lastmod> 2023-05-11 14:48:15.261581 </lastmod>
	</url><url>
		<loc> https://geoconnex.us/cuahsi/his/czo_merced/P301_CZO-30 </loc>
		<lastmod> 2023-05-11 14:48:15.261596 </lastmod>
	</url><url>
		<loc> https://geoconnex.us/cuahsi/his/czo_merced/P301_CZO-16 </loc>
		<lastmod> 2023-05-11 14:48:15.261611 </lastmod>
	</url><url>
		<loc> https://geoconnex.us/cuahsi/his/czo_merced/P301_CZO-17 </loc>
		<lastmod> 2023-05-11 14:48:15.261626 </lastmod>
	</url><url>
		<loc> https://geoconnex.us/cuahsi/his/czo_merced/P301_CZO-18 </loc>
		<lastmod> 2023-05-11 14:48:15.261641 </lastmod>
	</url><url>
		<loc> https://geoconnex.us/cuahsi/his/czo_merced/P301_CZO-19 </loc>
		<lastmod> 2023-05-11 14:48:15.261656 </lastmod>
	</url><url>
		<loc> https://geoconnex.us/cuahsi/his/czo_merced/P301_CZO-20 </loc>
		<lastmod> 2023-05-11 14:48:15.261671 </lastmod>
	</url><url>
		<loc> https://geoconnex.us/cuahsi/his/czo_merced/P301_CZO-21 </loc>
		<lastmod> 2023-05-11 14:48:15.261686 </lastmod>
	</url><url>
		<loc> https://geoconnex.us/cuahsi/his/czo_merced/P301_CZO-22 </loc>
		<lastmod> 2023-05-11 14:48:15.261701 </lastmod>
	</url><url>
		<loc> https://geoconnex.us/cuahsi/his/czo_merced/P301_CZO-25 </loc>
		<lastmod> 2023-05-11 14:48:15.261716 </lastmod>
	</url></ns0:urlset>