<ns0:urlset xmlns:ns0="http://www.sitemaps.org/schemas/sitemap/0.9">
<url>
		<loc> https://geoconnex.us/cuahsi/his/DRWI/MiSTuC2452345 </loc>
		<lastmod> 2021-11-02 23:37:08.016659 </lastmod>
	</url><url>
		<loc> https://geoconnex.us/cuahsi/his/DRWI/ScHSBF1765563 </loc>
		<lastmod> 2021-11-02 23:37:08.016689 </lastmod>
	</url><url>
		<loc> https://geoconnex.us/cuahsi/his/DRWI/PaKRaC3426a441 </loc>
		<lastmod> 2021-11-02 23:37:08.016708 </lastmod>
	</url><url>
		<loc> https://geoconnex.us/cuahsi/his/DRWI/BaCBuR11362231 </loc>
		<lastmod> 2021-11-02 23:37:08.016724 </lastmod>
	</url><url>
		<loc> https://geoconnex.us/cuahsi/his/DRWI/USPCoC10483250 </loc>
		<lastmod> 2021-11-02 23:37:08.016739 </lastmod>
	</url><url>
		<loc> https://geoconnex.us/cuahsi/his/DRWI/PaKBrC3158623 </loc>
		<lastmod> 2021-11-02 23:37:08.016754 </lastmod>
	</url><url>
		<loc> https://geoconnex.us/cuahsi/his/DRWI/USPPoC12949861 </loc>
		<lastmod> 2021-11-02 23:37:08.016768 </lastmod>
	</url><url>
		<loc> https://geoconnex.us/cuahsi/his/DRWI/PaKFlB3278860 </loc>
		<lastmod> 2021-11-02 23:37:08.016782 </lastmod>
	</url><url>
		<loc> https://geoconnex.us/cuahsi/his/DRWI/PaKLBK316077 </loc>
		<lastmod> 2021-11-02 23:37:08.016797 </lastmod>
	</url><url>
		<loc> https://geoconnex.us/cuahsi/his/DRWI/MiSPeC19231620 </loc>
		<lastmod> 2021-11-02 23:37:08.016811 </lastmod>
	</url><url>
		<loc> https://geoconnex.us/cuahsi/his/DRWI/PaKBaK37972393 </loc>
		<lastmod> 2021-11-02 23:37:08.016825 </lastmod>
	</url><url>
		<loc> https://geoconnex.us/cuahsi/his/DRWI/ScHFrC1765208 </loc>
		<lastmod> 2021-11-02 23:37:08.016839 </lastmod>
	</url><url>
		<loc> https://geoconnex.us/cuahsi/his/DRWI/NJHMuR26033731 </loc>
		<lastmod> 2021-11-02 23:37:08.016853 </lastmod>
	</url><url>
		<loc> https://geoconnex.us/cuahsi/his/DRWI/ScHPiC15871111 </loc>
		<lastmod> 2021-11-02 23:37:08.016867 </lastmod>
	</url><url>
		<loc> https://geoconnex.us/cuahsi/his/DRWI/MiSRVC1796739 </loc>
		<lastmod> 2021-11-02 23:37:08.016880 </lastmod>
	</url><url>
		<loc> https://geoconnex.us/cuahsi/his/DRWI/MiSSwC1731199 </loc>
		<lastmod> 2021-11-02 23:37:08.016894 </lastmod>
	</url><url>
		<loc> https://geoconnex.us/cuahsi/his/DRWI/UpLToC40800 </loc>
		<lastmod> 2021-11-02 23:37:08.016908 </lastmod>
	</url><url>
		<loc> https://geoconnex.us/cuahsi/his/DRWI/NJHMuR27784578 </loc>
		<lastmod> 2021-11-02 23:37:08.016922 </lastmod>
	</url><url>
		<loc> https://geoconnex.us/cuahsi/his/DRWI/MiSMaC2512138 </loc>
		<lastmod> 2021-11-02 23:37:08.016935 </lastmod>
	</url><url>
		<loc> https://geoconnex.us/cuahsi/his/DRWI/USPBuP12462996 </loc>
		<lastmod> 2021-11-02 23:37:08.016949 </lastmod>
	</url><url>
		<loc> https://geoconnex.us/cuahsi/his/DRWI/BaCWBB13831772 </loc>
		<lastmod> 2021-11-02 23:37:08.016962 </lastmod>
	</url><url>
		<loc> https://geoconnex.us/cuahsi/his/DRWI/MiSMaC1850792 </loc>
		<lastmod> 2021-11-02 23:37:08.016976 </lastmod>
	</url><url>
		<loc> https://geoconnex.us/cuahsi/his/DRWI/NJHPaK303554 </loc>
		<lastmod> 2021-11-02 23:37:08.016990 </lastmod>
	</url><url>
		<loc> https://geoconnex.us/cuahsi/his/DRWI/BaCEBW11271815 </loc>
		<lastmod> 2021-11-02 23:37:08.017003 </lastmod>
	</url><url>
		<loc> https://geoconnex.us/cuahsi/his/DRWI/ScHFrC15952118 </loc>
		<lastmod> 2021-11-02 23:37:08.017017 </lastmod>
	</url><url>
		<loc> https://geoconnex.us/cuahsi/his/DRWI/ScHHaC2019787 </loc>
		<lastmod> 2021-11-02 23:37:08.017030 </lastmod>
	</url><url>
		<loc> https://geoconnex.us/cuahsi/his/DRWI/NJHUnT33191904 </loc>
		<lastmod> 2021-11-02 23:37:08.017044 </lastmod>
	</url><url>
		<loc> https://geoconnex.us/cuahsi/his/DRWI/BaCEBB1187533 </loc>
		<lastmod> 2021-11-02 23:37:08.017058 </lastmod>
	</url><url>
		<loc> https://geoconnex.us/cuahsi/his/DRWI/PaKTeR4088184 </loc>
		<lastmod> 2021-11-02 23:37:08.017072 </lastmod>
	</url><url>
		<loc> https://geoconnex.us/cuahsi/his/DRWI/PaKMaC41101476 </loc>
		<lastmod> 2021-11-02 23:37:08.017086 </lastmod>
	</url><url>
		<loc> https://geoconnex.us/cuahsi/his/DRWI/USPPeC1411531 </loc>
		<lastmod> 2021-11-02 23:37:08.017099 </lastmod>
	</url><url>
		<loc> https://geoconnex.us/cuahsi/his/DRWI/UpLBlC355293 </loc>
		<lastmod> 2021-11-02 23:37:08.017113 </lastmod>
	</url><url>
		<loc> https://geoconnex.us/cuahsi/his/DRWI/UpLSiC3975a370 </loc>
		<lastmod> 2021-11-02 23:37:08.017127 </lastmod>
	</url><url>
		<loc> https://geoconnex.us/cuahsi/his/DRWI/NJHPeR2804579 </loc>
		<lastmod> 2021-11-02 23:37:08.017140 </lastmod>
	</url><url>
		<loc> https://geoconnex.us/cuahsi/his/DRWI/UpLBeC3746312 </loc>
		<lastmod> 2021-11-02 23:37:08.017154 </lastmod>
	</url></ns0:urlset>