<?xml version='1.0' encoding='utf-8'?>
<ns0:urlset xmlns:ns0="http://www.sitemaps.org/schemas/sitemap/0.9">
<url>
		<loc> https://geoconnex.us/cuahsi/his/Isábena/Barasona </loc>
		<lastmod> 2022-10-10 17:22:13.089717 </lastmod>
	</url><url>
		<loc> https://geoconnex.us/cuahsi/his/Isábena/Cab1 </loc>
		<lastmod> 2022-10-10 17:22:13.089772 </lastmod>
	</url><url>
		<loc> https://geoconnex.us/cuahsi/his/Isábena/Cab2 </loc>
		<lastmod> 2022-10-10 17:22:13.089802 </lastmod>
	</url><url>
		<loc> https://geoconnex.us/cuahsi/his/Isábena/Calvera </loc>
		<lastmod> 2022-10-10 17:22:13.089826 </lastmod>
	</url><url>
		<loc> https://geoconnex.us/cuahsi/his/Isábena/Campo </loc>
		<lastmod> 2022-10-10 17:22:13.089849 </lastmod>
	</url><url>
		<loc> https://geoconnex.us/cuahsi/his/Isábena/Capella </loc>
		<lastmod> 2022-10-10 17:22:13.089870 </lastmod>
	</url><url>
		<loc> https://geoconnex.us/cuahsi/his/Isábena/Car </loc>
		<lastmod> 2022-10-10 17:22:13.089892 </lastmod>
	</url><url>
		<loc> https://geoconnex.us/cuahsi/his/Isábena/Carrasquero </loc>
		<lastmod> 2022-10-10 17:22:13.089914 </lastmod>
	</url><url>
		<loc> https://geoconnex.us/cuahsi/his/Isábena/Casa_Llera </loc>
		<lastmod> 2022-10-10 17:22:13.089936 </lastmod>
	</url><url>
		<loc> https://geoconnex.us/cuahsi/his/Isábena/Castigaleu </loc>
		<lastmod> 2022-10-10 17:22:13.089958 </lastmod>
	</url><url>
		<loc> https://geoconnex.us/cuahsi/his/Isábena/Ceg1 </loc>
		<lastmod> 2022-10-10 17:22:13.089978 </lastmod>
	</url><url>
		<loc> https://geoconnex.us/cuahsi/his/Isábena/Ceg2 </loc>
		<lastmod> 2022-10-10 17:22:13.089997 </lastmod>
	</url><url>
		<loc> https://geoconnex.us/cuahsi/his/Isábena/Ceguera </loc>
		<lastmod> 2022-10-10 17:22:13.090017 </lastmod>
	</url><url>
		<loc> https://geoconnex.us/cuahsi/his/Isábena/Cerler </loc>
		<lastmod> 2022-10-10 17:22:13.090037 </lastmod>
	</url><url>
		<loc> https://geoconnex.us/cuahsi/his/Isábena/Chordal </loc>
		<lastmod> 2022-10-10 17:22:13.090057 </lastmod>
	</url><url>
		<loc> https://geoconnex.us/cuahsi/his/Isábena/El_Grado </loc>
		<lastmod> 2022-10-10 17:22:13.090077 </lastmod>
	</url><url>
		<loc> https://geoconnex.us/cuahsi/his/Isábena/Eriste </loc>
		<lastmod> 2022-10-10 17:22:13.090096 </lastmod>
	</url><url>
		<loc> https://geoconnex.us/cuahsi/his/Isábena/Las_Paules </loc>
		<lastmod> 2022-10-10 17:22:13.090116 </lastmod>
	</url><url>
		<loc> https://geoconnex.us/cuahsi/his/Isábena/Las1 </loc>
		<lastmod> 2022-10-10 17:22:13.090136 </lastmod>
	</url><url>
		<loc> https://geoconnex.us/cuahsi/his/Isábena/Las2 </loc>
		<lastmod> 2022-10-10 17:22:13.090155 </lastmod>
	</url><url>
		<loc> https://geoconnex.us/cuahsi/his/Isábena/Lascuarre_tube </loc>
		<lastmod> 2022-10-10 17:22:13.090175 </lastmod>
	</url><url>
		<loc> https://geoconnex.us/cuahsi/his/Isábena/Roda </loc>
		<lastmod> 2022-10-10 17:22:13.090195 </lastmod>
	</url><url>
		<loc> https://geoconnex.us/cuahsi/his/Isábena/Samper </loc>
		<lastmod> 2022-10-10 17:22:13.090214 </lastmod>
	</url><url>
		<loc> https://geoconnex.us/cuahsi/his/Isábena/Via1 </loc>
		<lastmod> 2022-10-10 17:22:13.090233 </lastmod>
	</url><url>
		<loc> https://geoconnex.us/cuahsi/his/Isábena/Via2 </loc>
		<lastmod> 2022-10-10 17:22:13.090263 </lastmod>
	</url><url>
		<loc> https://geoconnex.us/cuahsi/his/Isábena/Villacarli_Bridge </loc>
		<lastmod> 2022-10-10 17:22:13.090283 </lastmod>
	</url><url>
		<loc> https://geoconnex.us/cuahsi/his/Isábena/Villacarli_Bridge_1 </loc>
		<lastmod> 2022-10-10 17:22:13.090303 </lastmod>
	</url><url>
		<loc> https://geoconnex.us/cuahsi/his/Isábena/Villacarli_Bridge_2 </loc>
		<lastmod> 2022-10-10 17:22:13.090323 </lastmod>
	</url><url>
		<loc> https://geoconnex.us/cuahsi/his/Isábena/Villacarli </loc>
		<lastmod> 2022-10-10 17:22:13.090343 </lastmod>
	</url><url>
		<loc> https://geoconnex.us/cuahsi/his/Isábena/A01 </loc>
		<lastmod> 2022-10-10 17:22:13.090362 </lastmod>
	</url><url>
		<loc> https://geoconnex.us/cuahsi/his/Isábena/A02 </loc>
		<lastmod> 2022-10-10 17:22:13.090382 </lastmod>
	</url><url>
		<loc> https://geoconnex.us/cuahsi/his/Isábena/A03 </loc>
		<lastmod> 2022-10-10 17:22:13.090401 </lastmod>
	</url><url>
		<loc> https://geoconnex.us/cuahsi/his/Isábena/A04 </loc>
		<lastmod> 2022-10-10 17:22:13.090420 </lastmod>
	</url><url>
		<loc> https://geoconnex.us/cuahsi/his/Isábena/A05 </loc>
		<lastmod> 2022-10-10 17:22:13.090439 </lastmod>
	</url><url>
		<loc> https://geoconnex.us/cuahsi/his/Isábena/A06 </loc>
		<lastmod> 2022-10-10 17:22:13.090459 </lastmod>
	</url><url>
		<loc> https://geoconnex.us/cuahsi/his/Isábena/A07 </loc>
		<lastmod> 2022-10-10 17:22:13.090478 </lastmod>
	</url><url>
		<loc> https://geoconnex.us/cuahsi/his/Isábena/A08 </loc>
		<lastmod> 2022-10-10 17:22:13.090497 </lastmod>
	</url><url>
		<loc> https://geoconnex.us/cuahsi/his/Isábena/A10 </loc>
		<lastmod> 2022-10-10 17:22:13.090516 </lastmod>
	</url><url>
		<loc> https://geoconnex.us/cuahsi/his/Isábena/A11 </loc>
		<lastmod> 2022-10-10 17:22:13.090536 </lastmod>
	</url><url>
		<loc> https://geoconnex.us/cuahsi/his/Isábena/A12 </loc>
		<lastmod> 2022-10-10 17:22:13.090555 </lastmod>
	</url><url>
		<loc> https://geoconnex.us/cuahsi/his/Isábena/A14 </loc>
		<lastmod> 2022-10-10 17:22:13.090574 </lastmod>
	</url><url>
		<loc> https://geoconnex.us/cuahsi/his/Isábena/A15 </loc>
		<lastmod> 2022-10-10 17:22:13.090593 </lastmod>
	</url><url>
		<loc> https://geoconnex.us/cuahsi/his/Isábena/A16 </loc>
		<lastmod> 2022-10-10 17:22:13.090612 </lastmod>
	</url><url>
		<loc> https://geoconnex.us/cuahsi/his/Isábena/A17 </loc>
		<lastmod> 2022-10-10 17:22:13.090632 </lastmod>
	</url><url>
		<loc> https://geoconnex.us/cuahsi/his/Isábena/A18 </loc>
		<lastmod> 2022-10-10 17:22:13.090651 </lastmod>
	</url><url>
		<loc> https://geoconnex.us/cuahsi/his/Isábena/A19 </loc>
		<lastmod> 2022-10-10 17:22:13.090670 </lastmod>
	</url><url>
		<loc> https://geoconnex.us/cuahsi/his/Isábena/A20 </loc>
		<lastmod> 2022-10-10 17:22:13.090690 </lastmod>
	</url><url>
		<loc> https://geoconnex.us/cuahsi/his/Isábena/A21 </loc>
		<lastmod> 2022-10-10 17:22:13.090710 </lastmod>
	</url><url>
		<loc> https://geoconnex.us/cuahsi/his/Isábena/A22 </loc>
		<lastmod> 2022-10-10 17:22:13.090730 </lastmod>
	</url><url>
		<loc> https://geoconnex.us/cuahsi/his/Isábena/A23 </loc>
		<lastmod> 2022-10-10 17:22:13.090750 </lastmod>
	</url><url>
		<loc> https://geoconnex.us/cuahsi/his/Isábena/A24 </loc>
		<lastmod> 2022-10-10 17:22:13.090769 </lastmod>
	</url><url>
		<loc> https://geoconnex.us/cuahsi/his/Isábena/A25 </loc>
		<lastmod> 2022-10-10 17:22:13.090788 </lastmod>
	</url><url>
		<loc> https://geoconnex.us/cuahsi/his/Isábena/A26 </loc>
		<lastmod> 2022-10-10 17:22:13.090808 </lastmod>
	</url><url>
		<loc> https://geoconnex.us/cuahsi/his/Isábena/A27 </loc>
		<lastmod> 2022-10-10 17:22:13.090828 </lastmod>
	</url><url>
		<loc> https://geoconnex.us/cuahsi/his/Isábena/A28 </loc>
		<lastmod> 2022-10-10 17:22:13.090847 </lastmod>
	</url><url>
		<loc> https://geoconnex.us/cuahsi/his/Isábena/A30 </loc>
		<lastmod> 2022-10-10 17:22:13.090867 </lastmod>
	</url><url>
		<loc> https://geoconnex.us/cuahsi/his/Isábena/A31 </loc>
		<lastmod> 2022-10-10 17:22:13.090886 </lastmod>
	</url><url>
		<loc> https://geoconnex.us/cuahsi/his/Isábena/A32 </loc>
		<lastmod> 2022-10-10 17:22:13.090905 </lastmod>
	</url><url>
		<loc> https://geoconnex.us/cuahsi/his/Isábena/A33 </loc>
		<lastmod> 2022-10-10 17:22:13.090925 </lastmod>
	</url><url>
		<loc> https://geoconnex.us/cuahsi/his/Isábena/A35 </loc>
		<lastmod> 2022-10-10 17:22:13.090945 </lastmod>
	</url><url>
		<loc> https://geoconnex.us/cuahsi/his/Isábena/A37 </loc>
		<lastmod> 2022-10-10 17:22:13.090965 </lastmod>
	</url><url>
		<loc> https://geoconnex.us/cuahsi/his/Isábena/A38 </loc>
		<lastmod> 2022-10-10 17:22:13.090984 </lastmod>
	</url><url>
		<loc> https://geoconnex.us/cuahsi/his/Isábena/A39 </loc>
		<lastmod> 2022-10-10 17:22:13.091003 </lastmod>
	</url><url>
		<loc> https://geoconnex.us/cuahsi/his/Isábena/A40 </loc>
		<lastmod> 2022-10-10 17:22:13.091023 </lastmod>
	</url><url>
		<loc> https://geoconnex.us/cuahsi/his/Isábena/A41 </loc>
		<lastmod> 2022-10-10 17:22:13.091042 </lastmod>
	</url><url>
		<loc> https://geoconnex.us/cuahsi/his/Isábena/A42 </loc>
		<lastmod> 2022-10-10 17:22:13.091061 </lastmod>
	</url><url>
		<loc> https://geoconnex.us/cuahsi/his/Isábena/A43 </loc>
		<lastmod> 2022-10-10 17:22:13.091080 </lastmod>
	</url><url>
		<loc> https://geoconnex.us/cuahsi/his/Isábena/A44 </loc>
		<lastmod> 2022-10-10 17:22:13.091099 </lastmod>
	</url><url>
		<loc> https://geoconnex.us/cuahsi/his/Isábena/A45 </loc>
		<lastmod> 2022-10-10 17:22:13.091119 </lastmod>
	</url><url>
		<loc> https://geoconnex.us/cuahsi/his/Isábena/A46 </loc>
		<lastmod> 2022-10-10 17:22:13.091138 </lastmod>
	</url><url>
		<loc> https://geoconnex.us/cuahsi/his/Isábena/A47 </loc>
		<lastmod> 2022-10-10 17:22:13.091157 </lastmod>
	</url><url>
		<loc> https://geoconnex.us/cuahsi/his/Isábena/A48 </loc>
		<lastmod> 2022-10-10 17:22:13.091175 </lastmod>
	</url><url>
		<loc> https://geoconnex.us/cuahsi/his/Isábena/A49 </loc>
		<lastmod> 2022-10-10 17:22:13.091194 </lastmod>
	</url><url>
		<loc> https://geoconnex.us/cuahsi/his/Isábena/A50 </loc>
		<lastmod> 2022-10-10 17:22:13.091214 </lastmod>
	</url><url>
		<loc> https://geoconnex.us/cuahsi/his/Isábena/A51 </loc>
		<lastmod> 2022-10-10 17:22:13.091234 </lastmod>
	</url><url>
		<loc> https://geoconnex.us/cuahsi/his/Isábena/A52 </loc>
		<lastmod> 2022-10-10 17:22:13.091253 </lastmod>
	</url><url>
		<loc> https://geoconnex.us/cuahsi/his/Isábena/A53 </loc>
		<lastmod> 2022-10-10 17:22:13.091273 </lastmod>
	</url><url>
		<loc> https://geoconnex.us/cuahsi/his/Isábena/A54 </loc>
		<lastmod> 2022-10-10 17:22:13.091291 </lastmod>
	</url><url>
		<loc> https://geoconnex.us/cuahsi/his/Isábena/A55 </loc>
		<lastmod> 2022-10-10 17:22:13.091310 </lastmod>
	</url><url>
		<loc> https://geoconnex.us/cuahsi/his/Isábena/A56 </loc>
		<lastmod> 2022-10-10 17:22:13.091330 </lastmod>
	</url><url>
		<loc> https://geoconnex.us/cuahsi/his/Isábena/A57 </loc>
		<lastmod> 2022-10-10 17:22:13.091349 </lastmod>
	</url><url>
		<loc> https://geoconnex.us/cuahsi/his/Isábena/A58 </loc>
		<lastmod> 2022-10-10 17:22:13.091369 </lastmod>
	</url><url>
		<loc> https://geoconnex.us/cuahsi/his/Isábena/A59 </loc>
		<lastmod> 2022-10-10 17:22:13.091388 </lastmod>
	</url><url>
		<loc> https://geoconnex.us/cuahsi/his/Isábena/A60 </loc>
		<lastmod> 2022-10-10 17:22:13.091408 </lastmod>
	</url><url>
		<loc> https://geoconnex.us/cuahsi/his/Isábena/A61 </loc>
		<lastmod> 2022-10-10 17:22:13.091427 </lastmod>
	</url><url>
		<loc> https://geoconnex.us/cuahsi/his/Isábena/A62 </loc>
		<lastmod> 2022-10-10 17:22:13.091446 </lastmod>
	</url><url>
		<loc> https://geoconnex.us/cuahsi/his/Isábena/A63 </loc>
		<lastmod> 2022-10-10 17:22:13.091466 </lastmod>
	</url><url>
		<loc> https://geoconnex.us/cuahsi/his/Isábena/A64 </loc>
		<lastmod> 2022-10-10 17:22:13.091485 </lastmod>
	</url><url>
		<loc> https://geoconnex.us/cuahsi/his/Isábena/A65 </loc>
		<lastmod> 2022-10-10 17:22:13.091504 </lastmod>
	</url><url>
		<loc> https://geoconnex.us/cuahsi/his/Isábena/A66 </loc>
		<lastmod> 2022-10-10 17:22:13.091524 </lastmod>
	</url><url>
		<loc> https://geoconnex.us/cuahsi/his/Isábena/A67 </loc>
		<lastmod> 2022-10-10 17:22:13.091544 </lastmod>
	</url><url>
		<loc> https://geoconnex.us/cuahsi/his/Isábena/A69 </loc>
		<lastmod> 2022-10-10 17:22:13.091563 </lastmod>
	</url><url>
		<loc> https://geoconnex.us/cuahsi/his/Isábena/A70 </loc>
		<lastmod> 2022-10-10 17:22:13.091582 </lastmod>
	</url><url>
		<loc> https://geoconnex.us/cuahsi/his/Isábena/A71 </loc>
		<lastmod> 2022-10-10 17:22:13.091632 </lastmod>
	</url><url>
		<loc> https://geoconnex.us/cuahsi/his/Isábena/A72 </loc>
		<lastmod> 2022-10-10 17:22:13.091664 </lastmod>
	</url><url>
		<loc> https://geoconnex.us/cuahsi/his/Isábena/A73 </loc>
		<lastmod> 2022-10-10 17:22:13.091686 </lastmod>
	</url><url>
		<loc> https://geoconnex.us/cuahsi/his/Isábena/A74 </loc>
		<lastmod> 2022-10-10 17:22:13.091706 </lastmod>
	</url><url>
		<loc> https://geoconnex.us/cuahsi/his/Isábena/A75 </loc>
		<lastmod> 2022-10-10 17:22:13.091726 </lastmod>
	</url><url>
		<loc> https://geoconnex.us/cuahsi/his/Isábena/A79 </loc>
		<lastmod> 2022-10-10 17:22:13.091746 </lastmod>
	</url><url>
		<loc> https://geoconnex.us/cuahsi/his/Isábena/A80 </loc>
		<lastmod> 2022-10-10 17:22:13.091766 </lastmod>
	</url><url>
		<loc> https://geoconnex.us/cuahsi/his/Isábena/A81 </loc>
		<lastmod> 2022-10-10 17:22:13.091786 </lastmod>
	</url><url>
		<loc> https://geoconnex.us/cuahsi/his/Isábena/A82 </loc>
		<lastmod> 2022-10-10 17:22:13.091805 </lastmod>
	</url><url>
		<loc> https://geoconnex.us/cuahsi/his/Isábena/A83 </loc>
		<lastmod> 2022-10-10 17:22:13.091824 </lastmod>
	</url><url>
		<loc> https://geoconnex.us/cuahsi/his/Isábena/A84 </loc>
		<lastmod> 2022-10-10 17:22:13.091844 </lastmod>
	</url><url>
		<loc> https://geoconnex.us/cuahsi/his/Isábena/A85 </loc>
		<lastmod> 2022-10-10 17:22:13.091864 </lastmod>
	</url><url>
		<loc> https://geoconnex.us/cuahsi/his/Isábena/B01 </loc>
		<lastmod> 2022-10-10 17:22:13.091883 </lastmod>
	</url><url>
		<loc> https://geoconnex.us/cuahsi/his/Isábena/B02 </loc>
		<lastmod> 2022-10-10 17:22:13.091904 </lastmod>
	</url><url>
		<loc> https://geoconnex.us/cuahsi/his/Isábena/B04 </loc>
		<lastmod> 2022-10-10 17:22:13.091925 </lastmod>
	</url><url>
		<loc> https://geoconnex.us/cuahsi/his/Isábena/B05 </loc>
		<lastmod> 2022-10-10 17:22:13.091945 </lastmod>
	</url><url>
		<loc> https://geoconnex.us/cuahsi/his/Isábena/B06 </loc>
		<lastmod> 2022-10-10 17:22:13.091965 </lastmod>
	</url><url>
		<loc> https://geoconnex.us/cuahsi/his/Isábena/B07 </loc>
		<lastmod> 2022-10-10 17:22:13.092095 </lastmod>
	</url><url>
		<loc> https://geoconnex.us/cuahsi/his/Isábena/B08 </loc>
		<lastmod> 2022-10-10 17:22:13.092133 </lastmod>
	</url><url>
		<loc> https://geoconnex.us/cuahsi/his/Isábena/B09 </loc>
		<lastmod> 2022-10-10 17:22:13.092156 </lastmod>
	</url><url>
		<loc> https://geoconnex.us/cuahsi/his/Isábena/B10 </loc>
		<lastmod> 2022-10-10 17:22:13.092178 </lastmod>
	</url><url>
		<loc> https://geoconnex.us/cuahsi/his/Isábena/B11 </loc>
		<lastmod> 2022-10-10 17:22:13.092198 </lastmod>
	</url><url>
		<loc> https://geoconnex.us/cuahsi/his/Isábena/B12 </loc>
		<lastmod> 2022-10-10 17:22:13.092218 </lastmod>
	</url><url>
		<loc> https://geoconnex.us/cuahsi/his/Isábena/B13 </loc>
		<lastmod> 2022-10-10 17:22:13.092239 </lastmod>
	</url><url>
		<loc> https://geoconnex.us/cuahsi/his/Isábena/B14 </loc>
		<lastmod> 2022-10-10 17:22:13.092259 </lastmod>
	</url><url>
		<loc> https://geoconnex.us/cuahsi/his/Isábena/B15 </loc>
		<lastmod> 2022-10-10 17:22:13.092327 </lastmod>
	</url><url>
		<loc> https://geoconnex.us/cuahsi/his/Isábena/B16 </loc>
		<lastmod> 2022-10-10 17:22:13.092350 </lastmod>
	</url><url>
		<loc> https://geoconnex.us/cuahsi/his/Isábena/B17 </loc>
		<lastmod> 2022-10-10 17:22:13.092370 </lastmod>
	</url><url>
		<loc> https://geoconnex.us/cuahsi/his/Isábena/B18 </loc>
		<lastmod> 2022-10-10 17:22:13.092389 </lastmod>
	</url><url>
		<loc> https://geoconnex.us/cuahsi/his/Isábena/B19 </loc>
		<lastmod> 2022-10-10 17:22:13.092410 </lastmod>
	</url><url>
		<loc> https://geoconnex.us/cuahsi/his/Isábena/B20 </loc>
		<lastmod> 2022-10-10 17:22:13.092432 </lastmod>
	</url><url>
		<loc> https://geoconnex.us/cuahsi/his/Isábena/B21 </loc>
		<lastmod> 2022-10-10 17:22:13.092452 </lastmod>
	</url><url>
		<loc> https://geoconnex.us/cuahsi/his/Isábena/B22 </loc>
		<lastmod> 2022-10-10 17:22:13.092472 </lastmod>
	</url><url>
		<loc> https://geoconnex.us/cuahsi/his/Isábena/B24 </loc>
		<lastmod> 2022-10-10 17:22:13.092491 </lastmod>
	</url><url>
		<loc> https://geoconnex.us/cuahsi/his/Isábena/B25 </loc>
		<lastmod> 2022-10-10 17:22:13.092511 </lastmod>
	</url><url>
		<loc> https://geoconnex.us/cuahsi/his/Isábena/B26 </loc>
		<lastmod> 2022-10-10 17:22:13.092531 </lastmod>
	</url><url>
		<loc> https://geoconnex.us/cuahsi/his/Isábena/B27 </loc>
		<lastmod> 2022-10-10 17:22:13.092551 </lastmod>
	</url><url>
		<loc> https://geoconnex.us/cuahsi/his/Isábena/B28 </loc>
		<lastmod> 2022-10-10 17:22:13.092570 </lastmod>
	</url><url>
		<loc> https://geoconnex.us/cuahsi/his/Isábena/B29 </loc>
		<lastmod> 2022-10-10 17:22:13.092590 </lastmod>
	</url><url>
		<loc> https://geoconnex.us/cuahsi/his/Isábena/B30 </loc>
		<lastmod> 2022-10-10 17:22:13.092610 </lastmod>
	</url><url>
		<loc> https://geoconnex.us/cuahsi/his/Isábena/B31 </loc>
		<lastmod> 2022-10-10 17:22:13.092630 </lastmod>
	</url><url>
		<loc> https://geoconnex.us/cuahsi/his/Isábena/B32 </loc>
		<lastmod> 2022-10-10 17:22:13.092649 </lastmod>
	</url><url>
		<loc> https://geoconnex.us/cuahsi/his/Isábena/B35 </loc>
		<lastmod> 2022-10-10 17:22:13.092669 </lastmod>
	</url><url>
		<loc> https://geoconnex.us/cuahsi/his/Isábena/B36 </loc>
		<lastmod> 2022-10-10 17:22:13.092689 </lastmod>
	</url><url>
		<loc> https://geoconnex.us/cuahsi/his/Isábena/B37 </loc>
		<lastmod> 2022-10-10 17:22:13.092709 </lastmod>
	</url><url>
		<loc> https://geoconnex.us/cuahsi/his/Isábena/B38 </loc>
		<lastmod> 2022-10-10 17:22:13.092728 </lastmod>
	</url><url>
		<loc> https://geoconnex.us/cuahsi/his/Isábena/B39 </loc>
		<lastmod> 2022-10-10 17:22:13.092748 </lastmod>
	</url><url>
		<loc> https://geoconnex.us/cuahsi/his/Isábena/B40 </loc>
		<lastmod> 2022-10-10 17:22:13.092768 </lastmod>
	</url><url>
		<loc> https://geoconnex.us/cuahsi/his/Isábena/B41 </loc>
		<lastmod> 2022-10-10 17:22:13.092788 </lastmod>
	</url><url>
		<loc> https://geoconnex.us/cuahsi/his/Isábena/B43 </loc>
		<lastmod> 2022-10-10 17:22:13.092808 </lastmod>
	</url><url>
		<loc> https://geoconnex.us/cuahsi/his/Isábena/B44 </loc>
		<lastmod> 2022-10-10 17:22:13.092827 </lastmod>
	</url><url>
		<loc> https://geoconnex.us/cuahsi/his/Isábena/B45 </loc>
		<lastmod> 2022-10-10 17:22:13.092847 </lastmod>
	</url><url>
		<loc> https://geoconnex.us/cuahsi/his/Isábena/B46 </loc>
		<lastmod> 2022-10-10 17:22:13.092867 </lastmod>
	</url><url>
		<loc> https://geoconnex.us/cuahsi/his/Isábena/B47 </loc>
		<lastmod> 2022-10-10 17:22:13.092886 </lastmod>
	</url><url>
		<loc> https://geoconnex.us/cuahsi/his/Isábena/B48 </loc>
		<lastmod> 2022-10-10 17:22:13.092905 </lastmod>
	</url><url>
		<loc> https://geoconnex.us/cuahsi/his/Isábena/B49 </loc>
		<lastmod> 2022-10-10 17:22:13.092925 </lastmod>
	</url><url>
		<loc> https://geoconnex.us/cuahsi/his/Isábena/B50 </loc>
		<lastmod> 2022-10-10 17:22:13.092945 </lastmod>
	</url><url>
		<loc> https://geoconnex.us/cuahsi/his/Isábena/B51 </loc>
		<lastmod> 2022-10-10 17:22:13.092964 </lastmod>
	</url><url>
		<loc> https://geoconnex.us/cuahsi/his/Isábena/B52 </loc>
		<lastmod> 2022-10-10 17:22:13.092983 </lastmod>
	</url><url>
		<loc> https://geoconnex.us/cuahsi/his/Isábena/B53 </loc>
		<lastmod> 2022-10-10 17:22:13.093003 </lastmod>
	</url><url>
		<loc> https://geoconnex.us/cuahsi/his/Isábena/B54 </loc>
		<lastmod> 2022-10-10 17:22:13.093022 </lastmod>
	</url><url>
		<loc> https://geoconnex.us/cuahsi/his/Isábena/B55 </loc>
		<lastmod> 2022-10-10 17:22:13.093041 </lastmod>
	</url><url>
		<loc> https://geoconnex.us/cuahsi/his/Isábena/B56 </loc>
		<lastmod> 2022-10-10 17:22:13.093060 </lastmod>
	</url><url>
		<loc> https://geoconnex.us/cuahsi/his/Isábena/B57 </loc>
		<lastmod> 2022-10-10 17:22:13.093079 </lastmod>
	</url><url>
		<loc> https://geoconnex.us/cuahsi/his/Isábena/B58 </loc>
		<lastmod> 2022-10-10 17:22:13.093099 </lastmod>
	</url><url>
		<loc> https://geoconnex.us/cuahsi/his/Isábena/B59 </loc>
		<lastmod> 2022-10-10 17:22:13.093119 </lastmod>
	</url><url>
		<loc> https://geoconnex.us/cuahsi/his/Isábena/B60 </loc>
		<lastmod> 2022-10-10 17:22:13.093138 </lastmod>
	</url><url>
		<loc> https://geoconnex.us/cuahsi/his/Isábena/B61 </loc>
		<lastmod> 2022-10-10 17:22:13.093158 </lastmod>
	</url><url>
		<loc> https://geoconnex.us/cuahsi/his/Isábena/B63 </loc>
		<lastmod> 2022-10-10 17:22:13.093177 </lastmod>
	</url><url>
		<loc> https://geoconnex.us/cuahsi/his/Isábena/B64 </loc>
		<lastmod> 2022-10-10 17:22:13.093197 </lastmod>
	</url><url>
		<loc> https://geoconnex.us/cuahsi/his/Isábena/B65 </loc>
		<lastmod> 2022-10-10 17:22:13.093216 </lastmod>
	</url><url>
		<loc> https://geoconnex.us/cuahsi/his/Isábena/B66 </loc>
		<lastmod> 2022-10-10 17:22:13.093236 </lastmod>
	</url><url>
		<loc> https://geoconnex.us/cuahsi/his/Isábena/B67 </loc>
		<lastmod> 2022-10-10 17:22:13.093255 </lastmod>
	</url><url>
		<loc> https://geoconnex.us/cuahsi/his/Isábena/B68 </loc>
		<lastmod> 2022-10-10 17:22:13.093275 </lastmod>
	</url><url>
		<loc> https://geoconnex.us/cuahsi/his/Isábena/B69 </loc>
		<lastmod> 2022-10-10 17:22:13.093294 </lastmod>
	</url><url>
		<loc> https://geoconnex.us/cuahsi/his/Isábena/B70 </loc>
		<lastmod> 2022-10-10 17:22:13.093314 </lastmod>
	</url><url>
		<loc> https://geoconnex.us/cuahsi/his/Isábena/B71 </loc>
		<lastmod> 2022-10-10 17:22:13.093334 </lastmod>
	</url><url>
		<loc> https://geoconnex.us/cuahsi/his/Isábena/B72 </loc>
		<lastmod> 2022-10-10 17:22:13.093354 </lastmod>
	</url><url>
		<loc> https://geoconnex.us/cuahsi/his/Isábena/B73 </loc>
		<lastmod> 2022-10-10 17:22:13.093380 </lastmod>
	</url><url>
		<loc> https://geoconnex.us/cuahsi/his/Isábena/B74 </loc>
		<lastmod> 2022-10-10 17:22:13.093400 </lastmod>
	</url><url>
		<loc> https://geoconnex.us/cuahsi/his/Isábena/B75 </loc>
		<lastmod> 2022-10-10 17:22:13.093420 </lastmod>
	</url><url>
		<loc> https://geoconnex.us/cuahsi/his/Isábena/B76 </loc>
		<lastmod> 2022-10-10 17:22:13.093440 </lastmod>
	</url><url>
		<loc> https://geoconnex.us/cuahsi/his/Isábena/B77 </loc>
		<lastmod> 2022-10-10 17:22:13.093459 </lastmod>
	</url><url>
		<loc> https://geoconnex.us/cuahsi/his/Isábena/B78 </loc>
		<lastmod> 2022-10-10 17:22:13.093479 </lastmod>
	</url><url>
		<loc> https://geoconnex.us/cuahsi/his/Isábena/B79 </loc>
		<lastmod> 2022-10-10 17:22:13.093498 </lastmod>
	</url><url>
		<loc> https://geoconnex.us/cuahsi/his/Isábena/B80 </loc>
		<lastmod> 2022-10-10 17:22:13.093517 </lastmod>
	</url><url>
		<loc> https://geoconnex.us/cuahsi/his/Isábena/B81 </loc>
		<lastmod> 2022-10-10 17:22:13.093536 </lastmod>
	</url><url>
		<loc> https://geoconnex.us/cuahsi/his/Isábena/B82 </loc>
		<lastmod> 2022-10-10 17:22:13.093556 </lastmod>
	</url><url>
		<loc> https://geoconnex.us/cuahsi/his/Isábena/Cabecera </loc>
		<lastmod> 2022-10-10 17:22:13.093575 </lastmod>
	</url></ns0:urlset>