<?xml version='1.0' encoding='utf-8'?>
<ns0:urlset xmlns:ns0="http://www.sitemaps.org/schemas/sitemap/0.9">
<url>
		<loc> https://geoconnex.us/cuahsi/his/MobileCrowdHydrology/MI1061 </loc>
		<lastmod> 2023-06-08 18:46:28.642901 </lastmod>
	</url><url>
		<loc> https://geoconnex.us/cuahsi/his/MobileCrowdHydrology/CA9000 </loc>
		<lastmod> 2023-06-08 18:46:28.642946 </lastmod>
	</url><url>
		<loc> https://geoconnex.us/cuahsi/his/MobileCrowdHydrology/WI1020 </loc>
		<lastmod> 2023-06-08 18:46:28.642975 </lastmod>
	</url><url>
		<loc> https://geoconnex.us/cuahsi/his/MobileCrowdHydrology/ME9000 </loc>
		<lastmod> 2023-06-08 18:46:28.642999 </lastmod>
	</url><url>
		<loc> https://geoconnex.us/cuahsi/his/MobileCrowdHydrology/CA1001 </loc>
		<lastmod> 2023-06-08 18:46:28.643022 </lastmod>
	</url><url>
		<loc> https://geoconnex.us/cuahsi/his/MobileCrowdHydrology/CA1000 </loc>
		<lastmod> 2023-06-08 18:46:28.643043 </lastmod>
	</url><url>
		<loc> https://geoconnex.us/cuahsi/his/MobileCrowdHydrology/MN1008 </loc>
		<lastmod> 2023-06-08 18:46:28.643065 </lastmod>
	</url><url>
		<loc> https://geoconnex.us/cuahsi/his/MobileCrowdHydrology/MN1010 </loc>
		<lastmod> 2023-06-08 18:46:28.643092 </lastmod>
	</url><url>
		<loc> https://geoconnex.us/cuahsi/his/MobileCrowdHydrology/MN1007 </loc>
		<lastmod> 2023-06-08 18:46:28.643114 </lastmod>
	</url><url>
		<loc> https://geoconnex.us/cuahsi/his/MobileCrowdHydrology/MN1006 </loc>
		<lastmod> 2023-06-08 18:46:28.643135 </lastmod>
	</url><url>
		<loc> https://geoconnex.us/cuahsi/his/MobileCrowdHydrology/MN1005 </loc>
		<lastmod> 2023-06-08 18:46:28.643156 </lastmod>
	</url><url>
		<loc> https://geoconnex.us/cuahsi/his/MobileCrowdHydrology/MN1004 </loc>
		<lastmod> 2023-06-08 18:46:28.643195 </lastmod>
	</url><url>
		<loc> https://geoconnex.us/cuahsi/his/MobileCrowdHydrology/MN1003 </loc>
		<lastmod> 2023-06-08 18:46:28.643215 </lastmod>
	</url><url>
		<loc> https://geoconnex.us/cuahsi/his/MobileCrowdHydrology/MN1002 </loc>
		<lastmod> 2023-06-08 18:46:28.643235 </lastmod>
	</url><url>
		<loc> https://geoconnex.us/cuahsi/his/MobileCrowdHydrology/MN1001 </loc>
		<lastmod> 2023-06-08 18:46:28.643274 </lastmod>
	</url><url>
		<loc> https://geoconnex.us/cuahsi/his/MobileCrowdHydrology/MN1000 </loc>
		<lastmod> 2023-06-08 18:46:28.643295 </lastmod>
	</url><url>
		<loc> https://geoconnex.us/cuahsi/his/MobileCrowdHydrology/MI1060 </loc>
		<lastmod> 2023-06-08 18:46:28.643316 </lastmod>
	</url><url>
		<loc> https://geoconnex.us/cuahsi/his/MobileCrowdHydrology/MI1059 </loc>
		<lastmod> 2023-06-08 18:46:28.643337 </lastmod>
	</url><url>
		<loc> https://geoconnex.us/cuahsi/his/MobileCrowdHydrology/MI1058 </loc>
		<lastmod> 2023-06-08 18:46:28.643374 </lastmod>
	</url><url>
		<loc> https://geoconnex.us/cuahsi/his/MobileCrowdHydrology/MI1057 </loc>
		<lastmod> 2023-06-08 18:46:28.643427 </lastmod>
	</url><url>
		<loc> https://geoconnex.us/cuahsi/his/MobileCrowdHydrology/MI1056 </loc>
		<lastmod> 2023-06-08 18:46:28.643447 </lastmod>
	</url><url>
		<loc> https://geoconnex.us/cuahsi/his/MobileCrowdHydrology/MI1055 </loc>
		<lastmod> 2023-06-08 18:46:28.643511 </lastmod>
	</url><url>
		<loc> https://geoconnex.us/cuahsi/his/MobileCrowdHydrology/WI2017 </loc>
		<lastmod> 2023-06-08 18:46:28.643532 </lastmod>
	</url><url>
		<loc> https://geoconnex.us/cuahsi/his/MobileCrowdHydrology/WI2016 </loc>
		<lastmod> 2023-06-08 18:46:28.643552 </lastmod>
	</url><url>
		<loc> https://geoconnex.us/cuahsi/his/MobileCrowdHydrology/WI2015 </loc>
		<lastmod> 2023-06-08 18:46:28.643601 </lastmod>
	</url><url>
		<loc> https://geoconnex.us/cuahsi/his/MobileCrowdHydrology/WI2014 </loc>
		<lastmod> 2023-06-08 18:46:28.643628 </lastmod>
	</url><url>
		<loc> https://geoconnex.us/cuahsi/his/MobileCrowdHydrology/WI2013 </loc>
		<lastmod> 2023-06-08 18:46:28.643649 </lastmod>
	</url><url>
		<loc> https://geoconnex.us/cuahsi/his/MobileCrowdHydrology/WI2012 </loc>
		<lastmod> 2023-06-08 18:46:28.643670 </lastmod>
	</url><url>
		<loc> https://geoconnex.us/cuahsi/his/MobileCrowdHydrology/WI2011 </loc>
		<lastmod> 2023-06-08 18:46:28.643690 </lastmod>
	</url><url>
		<loc> https://geoconnex.us/cuahsi/his/MobileCrowdHydrology/WI2010 </loc>
		<lastmod> 2023-06-08 18:46:28.643712 </lastmod>
	</url><url>
		<loc> https://geoconnex.us/cuahsi/his/MobileCrowdHydrology/WI2009 </loc>
		<lastmod> 2023-06-08 18:46:28.643733 </lastmod>
	</url><url>
		<loc> https://geoconnex.us/cuahsi/his/MobileCrowdHydrology/WI2008 </loc>
		<lastmod> 2023-06-08 18:46:28.643753 </lastmod>
	</url><url>
		<loc> https://geoconnex.us/cuahsi/his/MobileCrowdHydrology/WI2007 </loc>
		<lastmod> 2023-06-08 18:46:28.643774 </lastmod>
	</url><url>
		<loc> https://geoconnex.us/cuahsi/his/MobileCrowdHydrology/WI2006 </loc>
		<lastmod> 2023-06-08 18:46:28.643795 </lastmod>
	</url><url>
		<loc> https://geoconnex.us/cuahsi/his/MobileCrowdHydrology/WI2005 </loc>
		<lastmod> 2023-06-08 18:46:28.643816 </lastmod>
	</url><url>
		<loc> https://geoconnex.us/cuahsi/his/MobileCrowdHydrology/WI2004 </loc>
		<lastmod> 2023-06-08 18:46:28.643837 </lastmod>
	</url><url>
		<loc> https://geoconnex.us/cuahsi/his/MobileCrowdHydrology/WI2003 </loc>
		<lastmod> 2023-06-08 18:46:28.643858 </lastmod>
	</url><url>
		<loc> https://geoconnex.us/cuahsi/his/MobileCrowdHydrology/WI2002 </loc>
		<lastmod> 2023-06-08 18:46:28.643878 </lastmod>
	</url><url>
		<loc> https://geoconnex.us/cuahsi/his/MobileCrowdHydrology/WI2001 </loc>
		<lastmod> 2023-06-08 18:46:28.643899 </lastmod>
	</url><url>
		<loc> https://geoconnex.us/cuahsi/his/MobileCrowdHydrology/MI1031 </loc>
		<lastmod> 2023-06-08 18:46:28.643920 </lastmod>
	</url><url>
		<loc> https://geoconnex.us/cuahsi/his/MobileCrowdHydrology/MI1030 </loc>
		<lastmod> 2023-06-08 18:46:28.643941 </lastmod>
	</url><url>
		<loc> https://geoconnex.us/cuahsi/his/MobileCrowdHydrology/MI1029 </loc>
		<lastmod> 2023-06-08 18:46:28.643962 </lastmod>
	</url><url>
		<loc> https://geoconnex.us/cuahsi/his/MobileCrowdHydrology/MI1028 </loc>
		<lastmod> 2023-06-08 18:46:28.643999 </lastmod>
	</url><url>
		<loc> https://geoconnex.us/cuahsi/his/MobileCrowdHydrology/MI1027 </loc>
		<lastmod> 2023-06-08 18:46:28.644020 </lastmod>
	</url><url>
		<loc> https://geoconnex.us/cuahsi/his/MobileCrowdHydrology/NY1025 </loc>
		<lastmod> 2023-06-08 18:46:28.644064 </lastmod>
	</url><url>
		<loc> https://geoconnex.us/cuahsi/his/MobileCrowdHydrology/MD1001 </loc>
		<lastmod> 2023-06-08 18:46:28.644102 </lastmod>
	</url><url>
		<loc> https://geoconnex.us/cuahsi/his/MobileCrowdHydrology/MD1000 </loc>
		<lastmod> 2023-06-08 18:46:28.644123 </lastmod>
	</url><url>
		<loc> https://geoconnex.us/cuahsi/his/MobileCrowdHydrology/NE1001 </loc>
		<lastmod> 2023-06-08 18:46:28.644161 </lastmod>
	</url><url>
		<loc> https://geoconnex.us/cuahsi/his/MobileCrowdHydrology/PA1002 </loc>
		<lastmod> 2023-06-08 18:46:28.644182 </lastmod>
	</url><url>
		<loc> https://geoconnex.us/cuahsi/his/MobileCrowdHydrology/PA1001 </loc>
		<lastmod> 2023-06-08 18:46:28.644203 </lastmod>
	</url><url>
		<loc> https://geoconnex.us/cuahsi/his/MobileCrowdHydrology/PA1000 </loc>
		<lastmod> 2023-06-08 18:46:28.644224 </lastmod>
	</url><url>
		<loc> https://geoconnex.us/cuahsi/his/MobileCrowdHydrology/OR1001 </loc>
		<lastmod> 2023-06-08 18:46:28.644245 </lastmod>
	</url><url>
		<loc> https://geoconnex.us/cuahsi/his/MobileCrowdHydrology/NE1000 </loc>
		<lastmod> 2023-06-08 18:46:28.644267 </lastmod>
	</url><url>
		<loc> https://geoconnex.us/cuahsi/his/MobileCrowdHydrology/WI9007 </loc>
		<lastmod> 2023-06-08 18:46:28.644288 </lastmod>
	</url><url>
		<loc> https://geoconnex.us/cuahsi/his/MobileCrowdHydrology/WI9006 </loc>
		<lastmod> 2023-06-08 18:46:28.644309 </lastmod>
	</url><url>
		<loc> https://geoconnex.us/cuahsi/his/MobileCrowdHydrology/WI9005 </loc>
		<lastmod> 2023-06-08 18:46:28.644331 </lastmod>
	</url><url>
		<loc> https://geoconnex.us/cuahsi/his/MobileCrowdHydrology/WI9004 </loc>
		<lastmod> 2023-06-08 18:46:28.644352 </lastmod>
	</url><url>
		<loc> https://geoconnex.us/cuahsi/his/MobileCrowdHydrology/WI9003 </loc>
		<lastmod> 2023-06-08 18:46:28.644379 </lastmod>
	</url><url>
		<loc> https://geoconnex.us/cuahsi/his/MobileCrowdHydrology/WI9002 </loc>
		<lastmod> 2023-06-08 18:46:28.644400 </lastmod>
	</url><url>
		<loc> https://geoconnex.us/cuahsi/his/MobileCrowdHydrology/WI9001 </loc>
		<lastmod> 2023-06-08 18:46:28.644434 </lastmod>
	</url><url>
		<loc> https://geoconnex.us/cuahsi/his/MobileCrowdHydrology/WI9000 </loc>
		<lastmod> 2023-06-08 18:46:28.644455 </lastmod>
	</url><url>
		<loc> https://geoconnex.us/cuahsi/his/MobileCrowdHydrology/WI1010 </loc>
		<lastmod> 2023-06-08 18:46:28.644482 </lastmod>
	</url><url>
		<loc> https://geoconnex.us/cuahsi/his/MobileCrowdHydrology/MI1033 </loc>
		<lastmod> 2023-06-08 18:46:28.644503 </lastmod>
	</url><url>
		<loc> https://geoconnex.us/cuahsi/his/MobileCrowdHydrology/NY1022 </loc>
		<lastmod> 2023-06-08 18:46:28.644524 </lastmod>
	</url><url>
		<loc> https://geoconnex.us/cuahsi/his/MobileCrowdHydrology/NY1021 </loc>
		<lastmod> 2023-06-08 18:46:28.644545 </lastmod>
	</url><url>
		<loc> https://geoconnex.us/cuahsi/his/MobileCrowdHydrology/NY1020 </loc>
		<lastmod> 2023-06-08 18:46:28.644566 </lastmod>
	</url><url>
		<loc> https://geoconnex.us/cuahsi/his/MobileCrowdHydrology/MI1026 </loc>
		<lastmod> 2023-06-08 18:46:28.644586 </lastmod>
	</url><url>
		<loc> https://geoconnex.us/cuahsi/his/MobileCrowdHydrology/MI1025 </loc>
		<lastmod> 2023-06-08 18:46:28.644607 </lastmod>
	</url><url>
		<loc> https://geoconnex.us/cuahsi/his/MobileCrowdHydrology/MI1024 </loc>
		<lastmod> 2023-06-08 18:46:28.644628 </lastmod>
	</url><url>
		<loc> https://geoconnex.us/cuahsi/his/MobileCrowdHydrology/MI1023 </loc>
		<lastmod> 2023-06-08 18:46:28.644649 </lastmod>
	</url><url>
		<loc> https://geoconnex.us/cuahsi/his/MobileCrowdHydrology/MI1022 </loc>
		<lastmod> 2023-06-08 18:46:28.644670 </lastmod>
	</url><url>
		<loc> https://geoconnex.us/cuahsi/his/MobileCrowdHydrology/NL1001 </loc>
		<lastmod> 2023-06-08 18:46:28.644691 </lastmod>
	</url><url>
		<loc> https://geoconnex.us/cuahsi/his/MobileCrowdHydrology/NY1011 </loc>
		<lastmod> 2023-06-08 18:46:28.644712 </lastmod>
	</url><url>
		<loc> https://geoconnex.us/cuahsi/his/MobileCrowdHydrology/NY1010 </loc>
		<lastmod> 2023-06-08 18:46:28.644734 </lastmod>
	</url><url>
		<loc> https://geoconnex.us/cuahsi/his/MobileCrowdHydrology/UT1000 </loc>
		<lastmod> 2023-06-08 18:46:28.644755 </lastmod>
	</url><url>
		<loc> https://geoconnex.us/cuahsi/his/MobileCrowdHydrology/OR1000 </loc>
		<lastmod> 2023-06-08 18:46:28.644776 </lastmod>
	</url><url>
		<loc> https://geoconnex.us/cuahsi/his/MobileCrowdHydrology/NL1005 </loc>
		<lastmod> 2023-06-08 18:46:28.644798 </lastmod>
	</url><url>
		<loc> https://geoconnex.us/cuahsi/his/MobileCrowdHydrology/NY1019 </loc>
		<lastmod> 2023-06-08 18:46:28.644819 </lastmod>
	</url><url>
		<loc> https://geoconnex.us/cuahsi/his/MobileCrowdHydrology/NL1009 </loc>
		<lastmod> 2023-06-08 18:46:28.644840 </lastmod>
	</url><url>
		<loc> https://geoconnex.us/cuahsi/his/MobileCrowdHydrology/MI1021 </loc>
		<lastmod> 2023-06-08 18:46:28.644877 </lastmod>
	</url><url>
		<loc> https://geoconnex.us/cuahsi/his/MobileCrowdHydrology/MI1020 </loc>
		<lastmod> 2023-06-08 18:46:28.644897 </lastmod>
	</url><url>
		<loc> https://geoconnex.us/cuahsi/his/MobileCrowdHydrology/MI1018 </loc>
		<lastmod> 2023-06-08 18:46:28.644917 </lastmod>
	</url><url>
		<loc> https://geoconnex.us/cuahsi/his/MobileCrowdHydrology/MI1019 </loc>
		<lastmod> 2023-06-08 18:46:28.645054 </lastmod>
	</url><url>
		<loc> https://geoconnex.us/cuahsi/his/MobileCrowdHydrology/MI1017 </loc>
		<lastmod> 2023-06-08 18:46:28.645115 </lastmod>
	</url><url>
		<loc> https://geoconnex.us/cuahsi/his/MobileCrowdHydrology/MI1016 </loc>
		<lastmod> 2023-06-08 18:46:28.645156 </lastmod>
	</url><url>
		<loc> https://geoconnex.us/cuahsi/his/MobileCrowdHydrology/MI1015 </loc>
		<lastmod> 2023-06-08 18:46:28.645192 </lastmod>
	</url><url>
		<loc> https://geoconnex.us/cuahsi/his/MobileCrowdHydrology/WI1002 </loc>
		<lastmod> 2023-06-08 18:46:28.645212 </lastmod>
	</url><url>
		<loc> https://geoconnex.us/cuahsi/his/MobileCrowdHydrology/WI1007 </loc>
		<lastmod> 2023-06-08 18:46:28.645231 </lastmod>
	</url><url>
		<loc> https://geoconnex.us/cuahsi/his/MobileCrowdHydrology/WI1004 </loc>
		<lastmod> 2023-06-08 18:46:28.645250 </lastmod>
	</url><url>
		<loc> https://geoconnex.us/cuahsi/his/MobileCrowdHydrology/NL1008 </loc>
		<lastmod> 2023-06-08 18:46:28.645286 </lastmod>
	</url><url>
		<loc> https://geoconnex.us/cuahsi/his/MobileCrowdHydrology/NL1004 </loc>
		<lastmod> 2023-06-08 18:46:28.645305 </lastmod>
	</url><url>
		<loc> https://geoconnex.us/cuahsi/his/MobileCrowdHydrology/NL1007 </loc>
		<lastmod> 2023-06-08 18:46:28.645323 </lastmod>
	</url><url>
		<loc> https://geoconnex.us/cuahsi/his/MobileCrowdHydrology/NL1006 </loc>
		<lastmod> 2023-06-08 18:46:28.645341 </lastmod>
	</url><url>
		<loc> https://geoconnex.us/cuahsi/his/MobileCrowdHydrology/IA1003 </loc>
		<lastmod> 2023-06-08 18:46:28.645360 </lastmod>
	</url><url>
		<loc> https://geoconnex.us/cuahsi/his/MobileCrowdHydrology/WI1005 </loc>
		<lastmod> 2023-06-08 18:46:28.645379 </lastmod>
	</url><url>
		<loc> https://geoconnex.us/cuahsi/his/MobileCrowdHydrology/WI1003 </loc>
		<lastmod> 2023-06-08 18:46:28.645397 </lastmod>
	</url><url>
		<loc> https://geoconnex.us/cuahsi/his/MobileCrowdHydrology/NY1009 </loc>
		<lastmod> 2023-06-08 18:46:28.645416 </lastmod>
	</url><url>
		<loc> https://geoconnex.us/cuahsi/his/MobileCrowdHydrology/IA1002 </loc>
		<lastmod> 2023-06-08 18:46:28.645454 </lastmod>
	</url><url>
		<loc> https://geoconnex.us/cuahsi/his/MobileCrowdHydrology/IA1001 </loc>
		<lastmod> 2023-06-08 18:46:28.645473 </lastmod>
	</url><url>
		<loc> https://geoconnex.us/cuahsi/his/MobileCrowdHydrology/IA1000 </loc>
		<lastmod> 2023-06-08 18:46:28.645491 </lastmod>
	</url><url>
		<loc> https://geoconnex.us/cuahsi/his/MobileCrowdHydrology/MI1007 </loc>
		<lastmod> 2023-06-08 18:46:28.645511 </lastmod>
	</url><url>
		<loc> https://geoconnex.us/cuahsi/his/MobileCrowdHydrology/MI1006 </loc>
		<lastmod> 2023-06-08 18:46:28.645547 </lastmod>
	</url><url>
		<loc> https://geoconnex.us/cuahsi/his/MobileCrowdHydrology/MI1004 </loc>
		<lastmod> 2023-06-08 18:46:28.645568 </lastmod>
	</url><url>
		<loc> https://geoconnex.us/cuahsi/his/MobileCrowdHydrology/MI1003 </loc>
		<lastmod> 2023-06-08 18:46:28.645588 </lastmod>
	</url><url>
		<loc> https://geoconnex.us/cuahsi/his/MobileCrowdHydrology/MI1002 </loc>
		<lastmod> 2023-06-08 18:46:28.645608 </lastmod>
	</url><url>
		<loc> https://geoconnex.us/cuahsi/his/MobileCrowdHydrology/MI1001 </loc>
		<lastmod> 2023-06-08 18:46:28.645628 </lastmod>
	</url><url>
		<loc> https://geoconnex.us/cuahsi/his/MobileCrowdHydrology/MI1000 </loc>
		<lastmod> 2023-06-08 18:46:28.645648 </lastmod>
	</url><url>
		<loc> https://geoconnex.us/cuahsi/his/MobileCrowdHydrology/WI1001 </loc>
		<lastmod> 2023-06-08 18:46:28.645668 </lastmod>
	</url><url>
		<loc> https://geoconnex.us/cuahsi/his/MobileCrowdHydrology/WI1000 </loc>
		<lastmod> 2023-06-08 18:46:28.645689 </lastmod>
	</url><url>
		<loc> https://geoconnex.us/cuahsi/his/MobileCrowdHydrology/NY1002 </loc>
		<lastmod> 2023-06-08 18:46:28.645727 </lastmod>
	</url><url>
		<loc> https://geoconnex.us/cuahsi/his/MobileCrowdHydrology/NY1004 </loc>
		<lastmod> 2023-06-08 18:46:28.645749 </lastmod>
	</url><url>
		<loc> https://geoconnex.us/cuahsi/his/MobileCrowdHydrology/NY1006 </loc>
		<lastmod> 2023-06-08 18:46:28.645769 </lastmod>
	</url><url>
		<loc> https://geoconnex.us/cuahsi/his/MobileCrowdHydrology/NY1005 </loc>
		<lastmod> 2023-06-08 18:46:28.645805 </lastmod>
	</url><url>
		<loc> https://geoconnex.us/cuahsi/his/MobileCrowdHydrology/NY1008 </loc>
		<lastmod> 2023-06-08 18:46:28.645826 </lastmod>
	</url><url>
		<loc> https://geoconnex.us/cuahsi/his/MobileCrowdHydrology/NY1007 </loc>
		<lastmod> 2023-06-08 18:46:28.645846 </lastmod>
	</url><url>
		<loc> https://geoconnex.us/cuahsi/his/MobileCrowdHydrology/NY1003 </loc>
		<lastmod> 2023-06-08 18:46:28.645886 </lastmod>
	</url><url>
		<loc> https://geoconnex.us/cuahsi/his/MobileCrowdHydrology/NY1000 </loc>
		<lastmod> 2023-06-08 18:46:28.645906 </lastmod>
	</url><url>
		<loc> https://geoconnex.us/cuahsi/his/MobileCrowdHydrology/1 </loc>
		<lastmod> 2023-06-08 18:46:28.645924 </lastmod>
	</url><url>
		<loc> https://geoconnex.us/cuahsi/his/MobileCrowdHydrology/2 </loc>
		<lastmod> 2023-06-08 18:46:28.645944 </lastmod>
	</url><url>
		<loc> https://geoconnex.us/cuahsi/his/MobileCrowdHydrology/3 </loc>
		<lastmod> 2023-06-08 18:46:28.645963 </lastmod>
	</url><url>
		<loc> https://geoconnex.us/cuahsi/his/MobileCrowdHydrology/4 </loc>
		<lastmod> 2023-06-08 18:46:28.645982 </lastmod>
	</url><url>
		<loc> https://geoconnex.us/cuahsi/his/MobileCrowdHydrology/5 </loc>
		<lastmod> 2023-06-08 18:46:28.646002 </lastmod>
	</url><url>
		<loc> https://geoconnex.us/cuahsi/his/MobileCrowdHydrology/6 </loc>
		<lastmod> 2023-06-08 18:46:28.646021 </lastmod>
	</url><url>
		<loc> https://geoconnex.us/cuahsi/his/MobileCrowdHydrology/8 </loc>
		<lastmod> 2023-06-08 18:46:28.646040 </lastmod>
	</url><url>
		<loc> https://geoconnex.us/cuahsi/his/MobileCrowdHydrology/9 </loc>
		<lastmod> 2023-06-08 18:46:28.646059 </lastmod>
	</url><url>
		<loc> https://geoconnex.us/cuahsi/his/MobileCrowdHydrology/10 </loc>
		<lastmod> 2023-06-08 18:46:28.646096 </lastmod>
	</url><url>
		<loc> https://geoconnex.us/cuahsi/his/MobileCrowdHydrology/11 </loc>
		<lastmod> 2023-06-08 18:46:28.646133 </lastmod>
	</url><url>
		<loc> https://geoconnex.us/cuahsi/his/MobileCrowdHydrology/12 </loc>
		<lastmod> 2023-06-08 18:46:28.646154 </lastmod>
	</url><url>
		<loc> https://geoconnex.us/cuahsi/his/MobileCrowdHydrology/13 </loc>
		<lastmod> 2023-06-08 18:46:28.646247 </lastmod>
	</url></ns0:urlset>