<?xml version='1.0' encoding='utf-8'?>
<ns0:urlset xmlns:ns0="http://www.sitemaps.org/schemas/sitemap/0.9">
<url>
		<loc> https://geoconnex.us/cuahsi/his/CALVIN_HHS/SR-1 </loc>
		<lastmod> 2023-06-24 02:33:53.374691 </lastmod>
	</url><url>
		<loc> https://geoconnex.us/cuahsi/his/CALVIN_HHS/SR-10 </loc>
		<lastmod> 2023-06-24 02:33:53.374739 </lastmod>
	</url><url>
		<loc> https://geoconnex.us/cuahsi/his/CALVIN_HHS/SR-12 </loc>
		<lastmod> 2023-06-24 02:33:53.374770 </lastmod>
	</url><url>
		<loc> https://geoconnex.us/cuahsi/his/CALVIN_HHS/SR-15 </loc>
		<lastmod> 2023-06-24 02:33:53.374811 </lastmod>
	</url><url>
		<loc> https://geoconnex.us/cuahsi/his/CALVIN_HHS/SR-18 </loc>
		<lastmod> 2023-06-24 02:33:53.374833 </lastmod>
	</url><url>
		<loc> https://geoconnex.us/cuahsi/his/CALVIN_HHS/SR-20 </loc>
		<lastmod> 2023-06-24 02:33:53.374853 </lastmod>
	</url><url>
		<loc> https://geoconnex.us/cuahsi/his/CALVIN_HHS/SR-22 </loc>
		<lastmod> 2023-06-24 02:33:53.374873 </lastmod>
	</url><url>
		<loc> https://geoconnex.us/cuahsi/his/CALVIN_HHS/SR-3 </loc>
		<lastmod> 2023-06-24 02:33:53.374893 </lastmod>
	</url><url>
		<loc> https://geoconnex.us/cuahsi/his/CALVIN_HHS/SR-4 </loc>
		<lastmod> 2023-06-24 02:33:53.374931 </lastmod>
	</url><url>
		<loc> https://geoconnex.us/cuahsi/his/CALVIN_HHS/SR-52 </loc>
		<lastmod> 2023-06-24 02:33:53.374953 </lastmod>
	</url><url>
		<loc> https://geoconnex.us/cuahsi/his/CALVIN_HHS/SR-53 </loc>
		<lastmod> 2023-06-24 02:33:53.374974 </lastmod>
	</url><url>
		<loc> https://geoconnex.us/cuahsi/his/CALVIN_HHS/SR-6 </loc>
		<lastmod> 2023-06-24 02:33:53.374995 </lastmod>
	</url><url>
		<loc> https://geoconnex.us/cuahsi/his/CALVIN_HHS/SR-7 </loc>
		<lastmod> 2023-06-24 02:33:53.375032 </lastmod>
	</url><url>
		<loc> https://geoconnex.us/cuahsi/his/CALVIN_HHS/SR-8 </loc>
		<lastmod> 2023-06-24 02:33:53.375054 </lastmod>
	</url><url>
		<loc> https://geoconnex.us/cuahsi/his/CALVIN_HHS/SR-81 </loc>
		<lastmod> 2023-06-24 02:33:53.375075 </lastmod>
	</url><url>
		<loc> https://geoconnex.us/cuahsi/his/CALVIN_HHS/SR-ASF </loc>
		<lastmod> 2023-06-24 02:33:53.375104 </lastmod>
	</url><url>
		<loc> https://geoconnex.us/cuahsi/his/CALVIN_HHS/SR-BBL </loc>
		<lastmod> 2023-06-24 02:33:53.375149 </lastmod>
	</url><url>
		<loc> https://geoconnex.us/cuahsi/his/CALVIN_HHS/SR-CFW </loc>
		<lastmod> 2023-06-24 02:33:53.375172 </lastmod>
	</url><url>
		<loc> https://geoconnex.us/cuahsi/his/CALVIN_HHS/SR-CL-IVR </loc>
		<lastmod> 2023-06-24 02:33:53.375194 </lastmod>
	</url><url>
		<loc> https://geoconnex.us/cuahsi/his/CALVIN_HHS/SR-CR </loc>
		<lastmod> 2023-06-24 02:33:53.375215 </lastmod>
	</url><url>
		<loc> https://geoconnex.us/cuahsi/his/CALVIN_HHS/SR-EBMUD </loc>
		<lastmod> 2023-06-24 02:33:53.375253 </lastmod>
	</url><url>
		<loc> https://geoconnex.us/cuahsi/his/CALVIN_HHS/SR-EL </loc>
		<lastmod> 2023-06-24 02:33:53.375275 </lastmod>
	</url><url>
		<loc> https://geoconnex.us/cuahsi/his/CALVIN_HHS/SR-HHR </loc>
		<lastmod> 2023-06-24 02:33:53.375322 </lastmod>
	</url><url>
		<loc> https://geoconnex.us/cuahsi/his/CALVIN_HHS/SR-LB </loc>
		<lastmod> 2023-06-24 02:33:53.375360 </lastmod>
	</url><url>
		<loc> https://geoconnex.us/cuahsi/his/CALVIN_HHS/SR-LI </loc>
		<lastmod> 2023-06-24 02:33:53.375381 </lastmod>
	</url><url>
		<loc> https://geoconnex.us/cuahsi/his/CALVIN_HHS/SR-LK </loc>
		<lastmod> 2023-06-24 02:33:53.375421 </lastmod>
	</url><url>
		<loc> https://geoconnex.us/cuahsi/his/CALVIN_HHS/SR-LL-LE </loc>
		<lastmod> 2023-06-24 02:33:53.375452 </lastmod>
	</url><url>
		<loc> https://geoconnex.us/cuahsi/his/CALVIN_HHS/SR-LS </loc>
		<lastmod> 2023-06-24 02:33:53.375474 </lastmod>
	</url><url>
		<loc> https://geoconnex.us/cuahsi/his/CALVIN_HHS/SR-LV </loc>
		<lastmod> 2023-06-24 02:33:53.375502 </lastmod>
	</url><url>
		<loc> https://geoconnex.us/cuahsi/his/CALVIN_HHS/SR-NBB </loc>
		<lastmod> 2023-06-24 02:33:53.375525 </lastmod>
	</url><url>
		<loc> https://geoconnex.us/cuahsi/his/CALVIN_HHS/SR-NHL </loc>
		<lastmod> 2023-06-24 02:33:53.375547 </lastmod>
	</url><url>
		<loc> https://geoconnex.us/cuahsi/his/CALVIN_HHS/SR-PF </loc>
		<lastmod> 2023-06-24 02:33:53.375570 </lastmod>
	</url><url>
		<loc> https://geoconnex.us/cuahsi/his/CALVIN_HHS/SR-PR </loc>
		<lastmod> 2023-06-24 02:33:53.375593 </lastmod>
	</url><url>
		<loc> https://geoconnex.us/cuahsi/his/CALVIN_HHS/SR-SCV </loc>
		<lastmod> 2023-06-24 02:33:53.375615 </lastmod>
	</url><url>
		<loc> https://geoconnex.us/cuahsi/his/CALVIN_HHS/SR-TR </loc>
		<lastmod> 2023-06-24 02:33:53.375637 </lastmod>
	</url></ns0:urlset>