<ns0:urlset xmlns:ns0="http://www.sitemaps.org/schemas/sitemap/0.9">
<url>
		<loc> https://geoconnex.us/cuahsi/his/CUISO/1 </loc>
		<lastmod> 2021-11-23 03:21:29.603282 </lastmod>
	</url><url>
		<loc> https://geoconnex.us/cuahsi/his/CUISO/2 </loc>
		<lastmod> 2021-11-23 03:21:29.603326 </lastmod>
	</url><url>
		<loc> https://geoconnex.us/cuahsi/his/CUISO/3 </loc>
		<lastmod> 2021-11-23 03:21:29.603354 </lastmod>
	</url><url>
		<loc> https://geoconnex.us/cuahsi/his/CUISO/4 </loc>
		<lastmod> 2021-11-23 03:21:29.603376 </lastmod>
	</url><url>
		<loc> https://geoconnex.us/cuahsi/his/CUISO/5 </loc>
		<lastmod> 2021-11-23 03:21:29.603412 </lastmod>
	</url><url>
		<loc> https://geoconnex.us/cuahsi/his/CUISO/6 </loc>
		<lastmod> 2021-11-23 03:21:29.603444 </lastmod>
	</url><url>
		<loc> https://geoconnex.us/cuahsi/his/CUISO/7 </loc>
		<lastmod> 2021-11-23 03:21:29.603460 </lastmod>
	</url><url>
		<loc> https://geoconnex.us/cuahsi/his/CUISO/8 </loc>
		<lastmod> 2021-11-23 03:21:29.603476 </lastmod>
	</url><url>
		<loc> https://geoconnex.us/cuahsi/his/CUISO/9 </loc>
		<lastmod> 2021-11-23 03:21:29.603492 </lastmod>
	</url></ns0:urlset>