<ns0:urlset xmlns:ns0="http://www.sitemaps.org/schemas/sitemap/0.9">
<url>
		<loc> https://geoconnex.us/cuahsi/his/LittleBearRiver/USU-LBR-Mendon </loc>
		<lastmod> 2021-11-03 17:00:15.221714 </lastmod>
	</url><url>
		<loc> https://geoconnex.us/cuahsi/his/LittleBearRiver/USU-LBR-Paradise </loc>
		<lastmod> 2021-11-03 17:00:15.221752 </lastmod>
	</url><url>
		<loc> https://geoconnex.us/cuahsi/his/LittleBearRiver/USU-LBR-ExpFarm </loc>
		<lastmod> 2021-11-03 17:00:15.221776 </lastmod>
	</url><url>
		<loc> https://geoconnex.us/cuahsi/his/LittleBearRiver/USU-LBR-SFLower </loc>
		<lastmod> 2021-11-03 17:00:15.221795 </lastmod>
	</url><url>
		<loc> https://geoconnex.us/cuahsi/his/LittleBearRiver/USU-LBR-EFLower </loc>
		<lastmod> 2021-11-03 17:00:15.221813 </lastmod>
	</url><url>
		<loc> https://geoconnex.us/cuahsi/his/LittleBearRiver/USU-LBR-EFWeather </loc>
		<lastmod> 2021-11-03 17:00:15.221830 </lastmod>
	</url><url>
		<loc> https://geoconnex.us/cuahsi/his/LittleBearRiver/USU-LBR-SFUpper </loc>
		<lastmod> 2021-11-03 17:00:15.221847 </lastmod>
	</url><url>
		<loc> https://geoconnex.us/cuahsi/his/LittleBearRiver/USU-LBR-ParadiseRepeater </loc>
		<lastmod> 2021-11-03 17:00:15.221878 </lastmod>
	</url><url>
		<loc> https://geoconnex.us/cuahsi/his/LittleBearRiver/USU-LBR-EFRepeater </loc>
		<lastmod> 2021-11-03 17:00:15.221894 </lastmod>
	</url><url>
		<loc> https://geoconnex.us/cuahsi/his/LittleBearRiver/USU-LBR-Wellsville </loc>
		<lastmod> 2021-11-03 17:00:15.221911 </lastmod>
	</url><url>
		<loc> https://geoconnex.us/cuahsi/his/LittleBearRiver/USU-LBR-Confluence </loc>
		<lastmod> 2021-11-03 17:00:15.221927 </lastmod>
	</url><url>
		<loc> https://geoconnex.us/cuahsi/his/LittleBearRiver/10105900 </loc>
		<lastmod> 2021-11-03 17:00:15.221943 </lastmod>
	</url><url>
		<loc> https://geoconnex.us/cuahsi/his/LittleBearRiver/USU-LBR-ParadiseWeather </loc>
		<lastmod> 2021-11-03 17:00:15.221958 </lastmod>
	</url><url>
		<loc> https://geoconnex.us/cuahsi/his/LittleBearRiver/USU-LBR-SFWeather </loc>
		<lastmod> 2021-11-03 17:00:15.221974 </lastmod>
	</url><url>
		<loc> https://geoconnex.us/cuahsi/his/LittleBearRiver/USU-LBR-WVBase </loc>
		<lastmod> 2021-11-03 17:00:15.221990 </lastmod>
	</url><url>
		<loc> https://geoconnex.us/cuahsi/his/LittleBearRiver/USU-LBR-MCBase </loc>
		<lastmod> 2021-11-03 17:00:15.222005 </lastmod>
	</url></ns0:urlset>