<?xml version='1.0' encoding='utf-8'?>
<ns0:urlset xmlns:ns0="http://www.sitemaps.org/schemas/sitemap/0.9">
<url>
		<loc> https://geoconnex.us/cuahsi/his/TarlandWaterQuality/010201JHI </loc>
		<lastmod> 2022-08-22 15:28:12.322837 </lastmod>
	</url><url>
		<loc> https://geoconnex.us/cuahsi/his/TarlandWaterQuality/010210JHI </loc>
		<lastmod> 2022-08-22 15:28:12.322896 </lastmod>
	</url><url>
		<loc> https://geoconnex.us/cuahsi/his/TarlandWaterQuality/010213JHI </loc>
		<lastmod> 2022-08-22 15:28:12.323045 </lastmod>
	</url><url>
		<loc> https://geoconnex.us/cuahsi/his/TarlandWaterQuality/010214JHI </loc>
		<lastmod> 2022-08-22 15:28:12.323075 </lastmod>
	</url><url>
		<loc> https://geoconnex.us/cuahsi/his/TarlandWaterQuality/010215JHI </loc>
		<lastmod> 2022-08-22 15:28:12.323098 </lastmod>
	</url><url>
		<loc> https://geoconnex.us/cuahsi/his/TarlandWaterQuality/010216JHI </loc>
		<lastmod> 2022-08-22 15:28:12.323120 </lastmod>
	</url><url>
		<loc> https://geoconnex.us/cuahsi/his/TarlandWaterQuality/010202JHI </loc>
		<lastmod> 2022-08-22 15:28:12.323141 </lastmod>
	</url><url>
		<loc> https://geoconnex.us/cuahsi/his/TarlandWaterQuality/010220JHI </loc>
		<lastmod> 2022-08-22 15:28:12.323161 </lastmod>
	</url><url>
		<loc> https://geoconnex.us/cuahsi/his/TarlandWaterQuality/010227JHI </loc>
		<lastmod> 2022-08-22 15:28:12.323180 </lastmod>
	</url><url>
		<loc> https://geoconnex.us/cuahsi/his/TarlandWaterQuality/010230JHI </loc>
		<lastmod> 2022-08-22 15:28:12.323200 </lastmod>
	</url><url>
		<loc> https://geoconnex.us/cuahsi/his/TarlandWaterQuality/010231JHI </loc>
		<lastmod> 2022-08-22 15:28:12.323219 </lastmod>
	</url><url>
		<loc> https://geoconnex.us/cuahsi/his/TarlandWaterQuality/010232JHI </loc>
		<lastmod> 2022-08-22 15:28:12.323238 </lastmod>
	</url><url>
		<loc> https://geoconnex.us/cuahsi/his/TarlandWaterQuality/010205JHI </loc>
		<lastmod> 2022-08-22 15:28:12.323257 </lastmod>
	</url><url>
		<loc> https://geoconnex.us/cuahsi/his/TarlandWaterQuality/010206JHI </loc>
		<lastmod> 2022-08-22 15:28:12.323276 </lastmod>
	</url><url>
		<loc> https://geoconnex.us/cuahsi/his/TarlandWaterQuality/010207JHI </loc>
		<lastmod> 2022-08-22 15:28:12.323295 </lastmod>
	</url><url>
		<loc> https://geoconnex.us/cuahsi/his/TarlandWaterQuality/010208JHI </loc>
		<lastmod> 2022-08-22 15:28:12.323314 </lastmod>
	</url><url>
		<loc> https://geoconnex.us/cuahsi/his/TarlandWaterQuality/010233JHI </loc>
		<lastmod> 2022-08-22 15:28:12.323333 </lastmod>
	</url><url>
		<loc> https://geoconnex.us/cuahsi/his/TarlandWaterQuality/010234JHI </loc>
		<lastmod> 2022-08-22 15:28:12.323352 </lastmod>
	</url><url>
		<loc> https://geoconnex.us/cuahsi/his/TarlandWaterQuality/010235JHI </loc>
		<lastmod> 2022-08-22 15:28:12.323370 </lastmod>
	</url><url>
		<loc> https://geoconnex.us/cuahsi/his/TarlandWaterQuality/010236JHI </loc>
		<lastmod> 2022-08-22 15:28:12.323389 </lastmod>
	</url><url>
		<loc> https://geoconnex.us/cuahsi/his/TarlandWaterQuality/010237JHI </loc>
		<lastmod> 2022-08-22 15:28:12.323408 </lastmod>
	</url><url>
		<loc> https://geoconnex.us/cuahsi/his/TarlandWaterQuality/010238JHI </loc>
		<lastmod> 2022-08-22 15:28:12.323427 </lastmod>
	</url><url>
		<loc> https://geoconnex.us/cuahsi/his/TarlandWaterQuality/010240JHI </loc>
		<lastmod> 2022-08-22 15:28:12.323446 </lastmod>
	</url><url>
		<loc> https://geoconnex.us/cuahsi/his/TarlandWaterQuality/010241JHI </loc>
		<lastmod> 2022-08-22 15:28:12.323465 </lastmod>
	</url></ns0:urlset>