<ns0:urlset xmlns:ns0="http://www.sitemaps.org/schemas/sitemap/0.9">
<url>
		<loc> https://geoconnex.us/cuahsi/his/czo_psu/CZO_RTH1 </loc>
		<lastmod> 2021-11-01 19:35:05.371822 </lastmod>
	</url><url>
		<loc> https://geoconnex.us/cuahsi/his/czo_psu/CZO_RTH2_1 </loc>
		<lastmod> 2021-11-01 19:35:05.371858 </lastmod>
	</url><url>
		<loc> https://geoconnex.us/cuahsi/his/czo_psu/CZO_RTH2_2 </loc>
		<lastmod> 2021-11-01 19:35:05.371881 </lastmod>
	</url><url>
		<loc> https://geoconnex.us/cuahsi/his/czo_psu/CZO_RTH2_3 </loc>
		<lastmod> 2021-11-01 19:35:05.371900 </lastmod>
	</url><url>
		<loc> https://geoconnex.us/cuahsi/his/czo_psu/CZO_RTH3_1 </loc>
		<lastmod> 2021-11-01 19:35:05.371917 </lastmod>
	</url><url>
		<loc> https://geoconnex.us/cuahsi/his/czo_psu/CZO_RTH3_2 </loc>
		<lastmod> 2021-11-01 19:35:05.371934 </lastmod>
	</url><url>
		<loc> https://geoconnex.us/cuahsi/his/czo_psu/CZO_RTH3_3 </loc>
		<lastmod> 2021-11-01 19:35:05.371950 </lastmod>
	</url><url>
		<loc> https://geoconnex.us/cuahsi/his/czo_psu/CZO_RTH3_4 </loc>
		<lastmod> 2021-11-01 19:35:05.371967 </lastmod>
	</url><url>
		<loc> https://geoconnex.us/cuahsi/his/czo_psu/CZO_RTH3_5 </loc>
		<lastmod> 2021-11-01 19:35:05.371983 </lastmod>
	</url><url>
		<loc> https://geoconnex.us/cuahsi/his/czo_psu/CZO_RTH3_6 </loc>
		<lastmod> 2021-11-01 19:35:05.371999 </lastmod>
	</url><url>
		<loc> https://geoconnex.us/cuahsi/his/czo_psu/CZO_RTH3_7 </loc>
		<lastmod> 2021-11-01 19:35:05.372015 </lastmod>
	</url><url>
		<loc> https://geoconnex.us/cuahsi/his/czo_psu/CZO_RTH4 </loc>
		<lastmod> 2021-11-01 19:35:05.372031 </lastmod>
	</url><url>
		<loc> https://geoconnex.us/cuahsi/his/czo_psu/SSHCZO_FluxTower </loc>
		<lastmod> 2021-11-01 19:35:05.372047 </lastmod>
	</url><url>
		<loc> https://geoconnex.us/cuahsi/his/czo_psu/SSH_55 </loc>
		<lastmod> 2021-11-01 19:35:05.372064 </lastmod>
	</url><url>
		<loc> https://geoconnex.us/cuahsi/his/czo_psu/SSH_60 </loc>
		<lastmod> 2021-11-01 19:35:05.372080 </lastmod>
	</url><url>
		<loc> https://geoconnex.us/cuahsi/his/czo_psu/SSH_03 </loc>
		<lastmod> 2021-11-01 19:35:05.372096 </lastmod>
	</url><url>
		<loc> https://geoconnex.us/cuahsi/his/czo_psu/SSH_06 </loc>
		<lastmod> 2021-11-01 19:35:05.372112 </lastmod>
	</url><url>
		<loc> https://geoconnex.us/cuahsi/his/czo_psu/SSH_08 </loc>
		<lastmod> 2021-11-01 19:35:05.372128 </lastmod>
	</url><url>
		<loc> https://geoconnex.us/cuahsi/his/czo_psu/SSH_11 </loc>
		<lastmod> 2021-11-01 19:35:05.372144 </lastmod>
	</url><url>
		<loc> https://geoconnex.us/cuahsi/his/czo_psu/SSH_12 </loc>
		<lastmod> 2021-11-01 19:35:05.372160 </lastmod>
	</url><url>
		<loc> https://geoconnex.us/cuahsi/his/czo_psu/SSH_15 </loc>
		<lastmod> 2021-11-01 19:35:05.372177 </lastmod>
	</url><url>
		<loc> https://geoconnex.us/cuahsi/his/czo_psu/SSH_51 </loc>
		<lastmod> 2021-11-01 19:35:05.372192 </lastmod>
	</url><url>
		<loc> https://geoconnex.us/cuahsi/his/czo_psu/SSH_53 </loc>
		<lastmod> 2021-11-01 19:35:05.372208 </lastmod>
	</url><url>
		<loc> https://geoconnex.us/cuahsi/his/czo_psu/SSH_61 </loc>
		<lastmod> 2021-11-01 19:35:05.372224 </lastmod>
	</url><url>
		<loc> https://geoconnex.us/cuahsi/his/czo_psu/SSH_74 </loc>
		<lastmod> 2021-11-01 19:35:05.372240 </lastmod>
	</url><url>
		<loc> https://geoconnex.us/cuahsi/his/czo_psu/SSH_A4 </loc>
		<lastmod> 2021-11-01 19:35:05.372256 </lastmod>
	</url><url>
		<loc> https://geoconnex.us/cuahsi/his/czo_psu/SW </loc>
		<lastmod> 2021-11-01 19:35:05.372272 </lastmod>
	</url><url>
		<loc> https://geoconnex.us/cuahsi/his/czo_psu/SW_ISCO </loc>
		<lastmod> 2021-11-01 19:35:05.372288 </lastmod>
	</url><url>
		<loc> https://geoconnex.us/cuahsi/his/czo_psu/SSH_GW1 </loc>
		<lastmod> 2021-11-01 19:35:05.372305 </lastmod>
	</url><url>
		<loc> https://geoconnex.us/cuahsi/his/czo_psu/SSH_GW2 </loc>
		<lastmod> 2021-11-01 19:35:05.372320 </lastmod>
	</url><url>
		<loc> https://geoconnex.us/cuahsi/his/czo_psu/SPVF </loc>
		<lastmod> 2021-11-01 19:35:05.372337 </lastmod>
	</url><url>
		<loc> https://geoconnex.us/cuahsi/his/czo_psu/SPMS </loc>
		<lastmod> 2021-11-01 19:35:05.372353 </lastmod>
	</url><url>
		<loc> https://geoconnex.us/cuahsi/his/czo_psu/SPRT </loc>
		<lastmod> 2021-11-01 19:35:05.372369 </lastmod>
	</url><url>
		<loc> https://geoconnex.us/cuahsi/his/czo_psu/SSVF </loc>
		<lastmod> 2021-11-01 19:35:05.372385 </lastmod>
	</url><url>
		<loc> https://geoconnex.us/cuahsi/his/czo_psu/SSMS </loc>
		<lastmod> 2021-11-01 19:35:05.372401 </lastmod>
	</url><url>
		<loc> https://geoconnex.us/cuahsi/his/czo_psu/SSRT </loc>
		<lastmod> 2021-11-01 19:35:05.372416 </lastmod>
	</url><url>
		<loc> https://geoconnex.us/cuahsi/his/czo_psu/NSVF </loc>
		<lastmod> 2021-11-01 19:35:05.372432 </lastmod>
	</url><url>
		<loc> https://geoconnex.us/cuahsi/his/czo_psu/NSMS </loc>
		<lastmod> 2021-11-01 19:35:05.372448 </lastmod>
	</url><url>
		<loc> https://geoconnex.us/cuahsi/his/czo_psu/NSRT </loc>
		<lastmod> 2021-11-01 19:35:05.372465 </lastmod>
	</url><url>
		<loc> https://geoconnex.us/cuahsi/his/czo_psu/NPVF </loc>
		<lastmod> 2021-11-01 19:35:05.372480 </lastmod>
	</url><url>
		<loc> https://geoconnex.us/cuahsi/his/czo_psu/NPMS </loc>
		<lastmod> 2021-11-01 19:35:05.372496 </lastmod>
	</url><url>
		<loc> https://geoconnex.us/cuahsi/his/czo_psu/NPRT </loc>
		<lastmod> 2021-11-01 19:35:05.372512 </lastmod>
	</url><url>
		<loc> https://geoconnex.us/cuahsi/his/czo_psu/SH </loc>
		<lastmod> 2021-11-01 19:35:05.372528 </lastmod>
	</url><url>
		<loc> https://geoconnex.us/cuahsi/his/czo_psu/SM </loc>
		<lastmod> 2021-11-01 19:35:05.372544 </lastmod>
	</url><url>
		<loc> https://geoconnex.us/cuahsi/his/czo_psu/GW1 </loc>
		<lastmod> 2021-11-01 19:35:05.372560 </lastmod>
	</url><url>
		<loc> https://geoconnex.us/cuahsi/his/czo_psu/GW2 </loc>
		<lastmod> 2021-11-01 19:35:05.372576 </lastmod>
	</url><url>
		<loc> https://geoconnex.us/cuahsi/his/czo_psu/SH_Eigen </loc>
		<lastmod> 2021-11-01 19:35:05.372593 </lastmod>
	</url><url>
		<loc> https://geoconnex.us/cuahsi/his/czo_psu/SSH_01 </loc>
		<lastmod> 2021-11-01 19:35:05.372609 </lastmod>
	</url><url>
		<loc> https://geoconnex.us/cuahsi/his/czo_psu/Llewelyyn2015_PLG12-33 </loc>
		<lastmod> 2021-11-01 19:35:05.372626 </lastmod>
	</url><url>
		<loc> https://geoconnex.us/cuahsi/his/czo_psu/Llewelyyn2015_PLG12-34 </loc>
		<lastmod> 2021-11-01 19:35:05.372642 </lastmod>
	</url><url>
		<loc> https://geoconnex.us/cuahsi/his/czo_psu/Llewelyyn2015_PLG12-60 </loc>
		<lastmod> 2021-11-01 19:35:05.372658 </lastmod>
	</url><url>
		<loc> https://geoconnex.us/cuahsi/his/czo_psu/Llewelyyn2015_PLG12-65 </loc>
		<lastmod> 2021-11-01 19:35:05.372675 </lastmod>
	</url><url>
		<loc> https://geoconnex.us/cuahsi/his/czo_psu/Llewelyyn2015_PLG12-69_postpurge </loc>
		<lastmod> 2021-11-01 19:35:05.372691 </lastmod>
	</url><url>
		<loc> https://geoconnex.us/cuahsi/his/czo_psu/Llewelyyn2015_PLG12-69_prepurge </loc>
		<lastmod> 2021-11-01 19:35:05.372707 </lastmod>
	</url><url>
		<loc> https://geoconnex.us/cuahsi/his/czo_psu/Llewelyyn2015_PLG12-70 </loc>
		<lastmod> 2021-11-01 19:35:05.372723 </lastmod>
	</url><url>
		<loc> https://geoconnex.us/cuahsi/his/czo_psu/Llewelyyn2015_PLG13-2 </loc>
		<lastmod> 2021-11-01 19:35:05.372739 </lastmod>
	</url><url>
		<loc> https://geoconnex.us/cuahsi/his/czo_psu/Llewelyyn2015_PLG13-4 </loc>
		<lastmod> 2021-11-01 19:35:05.372756 </lastmod>
	</url><url>
		<loc> https://geoconnex.us/cuahsi/his/czo_psu/Llewelyyn2015_PLG13-5 </loc>
		<lastmod> 2021-11-01 19:35:05.372772 </lastmod>
	</url><url>
		<loc> https://geoconnex.us/cuahsi/his/czo_psu/Llewelyyn2015_PLG13-6 </loc>
		<lastmod> 2021-11-01 19:35:05.372788 </lastmod>
	</url><url>
		<loc> https://geoconnex.us/cuahsi/his/czo_psu/Llewelyyn2015_PLG13-7 </loc>
		<lastmod> 2021-11-01 19:35:05.372804 </lastmod>
	</url></ns0:urlset>