<?xml version='1.0' encoding='utf-8'?>
<ns0:urlset xmlns:ns0="http://www.sitemaps.org/schemas/sitemap/0.9">
<url>
		<loc> https://geoconnex.us/cuahsi/his/UMBCGW/DR5 </loc>
		<lastmod> 2023-05-03 17:16:15.872839 </lastmod>
	</url><url>
		<loc> https://geoconnex.us/cuahsi/his/UMBCGW/DR5.015m </loc>
		<lastmod> 2023-05-03 17:16:15.872872 </lastmod>
	</url><url>
		<loc> https://geoconnex.us/cuahsi/his/UMBCGW/DR5.108m </loc>
		<lastmod> 2023-05-03 17:16:15.872894 </lastmod>
	</url><url>
		<loc> https://geoconnex.us/cuahsi/his/UMBCGW/DR5.190m </loc>
		<lastmod> 2023-05-03 17:16:15.872911 </lastmod>
	</url><url>
		<loc> https://geoconnex.us/cuahsi/his/UMBCGW/DR5.231m </loc>
		<lastmod> 2023-05-03 17:16:15.872927 </lastmod>
	</url><url>
		<loc> https://geoconnex.us/cuahsi/his/UMBCGW/DR5.382m </loc>
		<lastmod> 2023-05-03 17:16:15.872943 </lastmod>
	</url><url>
		<loc> https://geoconnex.us/cuahsi/his/UMBCGW/DR5.514m </loc>
		<lastmod> 2023-05-03 17:16:15.872960 </lastmod>
	</url><url>
		<loc> https://geoconnex.us/cuahsi/his/UMBCGW/DR5.582m </loc>
		<lastmod> 2023-05-03 17:16:15.872977 </lastmod>
	</url><url>
		<loc> https://geoconnex.us/cuahsi/his/UMBCGW/DR5.786m </loc>
		<lastmod> 2023-05-03 17:16:15.872994 </lastmod>
	</url><url>
		<loc> https://geoconnex.us/cuahsi/his/UMBCGW/DR5.893m </loc>
		<lastmod> 2023-05-03 17:16:15.873011 </lastmod>
	</url><url>
		<loc> https://geoconnex.us/cuahsi/his/UMBCGW/DR5.902m </loc>
		<lastmod> 2023-05-03 17:16:15.873026 </lastmod>
	</url><url>
		<loc> https://geoconnex.us/cuahsi/his/UMBCGW/DR2 </loc>
		<lastmod> 2023-05-03 17:16:15.873042 </lastmod>
	</url><url>
		<loc> https://geoconnex.us/cuahsi/his/UMBCGW/DR3 </loc>
		<lastmod> 2023-05-03 17:16:15.873058 </lastmod>
	</url><url>
		<loc> https://geoconnex.us/cuahsi/his/UMBCGW/DR4 </loc>
		<lastmod> 2023-05-03 17:16:15.873074 </lastmod>
	</url><url>
		<loc> https://geoconnex.us/cuahsi/his/UMBCGW/DRKR </loc>
		<lastmod> 2023-05-03 17:16:15.873089 </lastmod>
	</url><url>
		<loc> https://geoconnex.us/cuahsi/his/UMBCGW/DR1 </loc>
		<lastmod> 2023-05-03 17:16:15.873105 </lastmod>
	</url></ns0:urlset>