<ns0:urlset xmlns:ns0="http://www.sitemaps.org/schemas/sitemap/0.9">
<url>
		<loc> https://geoconnex.us/cuahsi/his/NCEIWW2/WBAN33013 </loc>
		<lastmod> 2021-11-05 01:49:13.050321 </lastmod>
	</url><url>
		<loc> https://geoconnex.us/cuahsi/his/NCEIWW2/WBAN33031 </loc>
		<lastmod> 2021-11-05 01:49:13.050355 </lastmod>
	</url><url>
		<loc> https://geoconnex.us/cuahsi/his/NCEIWW2/WBAN33023 </loc>
		<lastmod> 2021-11-05 01:49:13.050376 </lastmod>
	</url><url>
		<loc> https://geoconnex.us/cuahsi/his/NCEIWW2/WBAN33044 </loc>
		<lastmod> 2021-11-05 01:49:13.050393 </lastmod>
	</url><url>
		<loc> https://geoconnex.us/cuahsi/his/NCEIWW2/WBAN12001 </loc>
		<lastmod> 2021-11-05 01:49:13.050408 </lastmod>
	</url><url>
		<loc> https://geoconnex.us/cuahsi/his/NCEIWW2/WBAN11604 </loc>
		<lastmod> 2021-11-05 01:49:13.050424 </lastmod>
	</url><url>
		<loc> https://geoconnex.us/cuahsi/his/NCEIWW2/WBAN82502 </loc>
		<lastmod> 2021-11-05 01:49:13.050440 </lastmod>
	</url><url>
		<loc> https://geoconnex.us/cuahsi/his/NCEIWW2/WBAN82501 </loc>
		<lastmod> 2021-11-05 01:49:13.050456 </lastmod>
	</url><url>
		<loc> https://geoconnex.us/cuahsi/his/NCEIWW2/WBAN82506 </loc>
		<lastmod> 2021-11-05 01:49:13.050470 </lastmod>
	</url><url>
		<loc> https://geoconnex.us/cuahsi/his/NCEIWW2/WBAN82402 </loc>
		<lastmod> 2021-11-05 01:49:13.050486 </lastmod>
	</url><url>
		<loc> https://geoconnex.us/cuahsi/his/NCEIWW2/WBAN82403 </loc>
		<lastmod> 2021-11-05 01:49:13.050501 </lastmod>
	</url><url>
		<loc> https://geoconnex.us/cuahsi/his/NCEIWW2/WBAN81404 </loc>
		<lastmod> 2021-11-05 01:49:13.050515 </lastmod>
	</url><url>
		<loc> https://geoconnex.us/cuahsi/his/NCEIWW2/WBAN82404 </loc>
		<lastmod> 2021-11-05 01:49:13.050530 </lastmod>
	</url><url>
		<loc> https://geoconnex.us/cuahsi/his/NCEIWW2/WBAN82405 </loc>
		<lastmod> 2021-11-05 01:49:13.050544 </lastmod>
	</url><url>
		<loc> https://geoconnex.us/cuahsi/his/NCEIWW2/WBAN82503 </loc>
		<lastmod> 2021-11-05 01:49:13.050559 </lastmod>
	</url><url>
		<loc> https://geoconnex.us/cuahsi/his/NCEIWW2/WBAN13201 </loc>
		<lastmod> 2021-11-05 01:49:13.050574 </lastmod>
	</url><url>
		<loc> https://geoconnex.us/cuahsi/his/NCEIWW2/WBAN12706 </loc>
		<lastmod> 2021-11-05 01:49:13.050588 </lastmod>
	</url><url>
		<loc> https://geoconnex.us/cuahsi/his/NCEIWW2/WBAN13601 </loc>
		<lastmod> 2021-11-05 01:49:13.050604 </lastmod>
	</url><url>
		<loc> https://geoconnex.us/cuahsi/his/NCEIWW2/WBAN32503 </loc>
		<lastmod> 2021-11-05 01:49:13.050619 </lastmod>
	</url><url>
		<loc> https://geoconnex.us/cuahsi/his/NCEIWW2/WBAN11501 </loc>
		<lastmod> 2021-11-05 01:49:13.050633 </lastmod>
	</url><url>
		<loc> https://geoconnex.us/cuahsi/his/NCEIWW2/WBAN10505 </loc>
		<lastmod> 2021-11-05 01:49:13.050648 </lastmod>
	</url><url>
		<loc> https://geoconnex.us/cuahsi/his/NCEIWW2/WBAN50301 </loc>
		<lastmod> 2021-11-05 01:49:13.050663 </lastmod>
	</url><url>
		<loc> https://geoconnex.us/cuahsi/his/NCEIWW2/WBAN50302 </loc>
		<lastmod> 2021-11-05 01:49:13.050677 </lastmod>
	</url><url>
		<loc> https://geoconnex.us/cuahsi/his/NCEIWW2/WBAN50304 </loc>
		<lastmod> 2021-11-05 01:49:13.050692 </lastmod>
	</url><url>
		<loc> https://geoconnex.us/cuahsi/his/NCEIWW2/WBAN50303 </loc>
		<lastmod> 2021-11-05 01:49:13.050707 </lastmod>
	</url><url>
		<loc> https://geoconnex.us/cuahsi/his/NCEIWW2/WBAN50403 </loc>
		<lastmod> 2021-11-05 01:49:13.050721 </lastmod>
	</url><url>
		<loc> https://geoconnex.us/cuahsi/his/NCEIWW2/WBAN50401 </loc>
		<lastmod> 2021-11-05 01:49:13.050736 </lastmod>
	</url><url>
		<loc> https://geoconnex.us/cuahsi/his/NCEIWW2/WBAN10807 </loc>
		<lastmod> 2021-11-05 01:49:13.050751 </lastmod>
	</url><url>
		<loc> https://geoconnex.us/cuahsi/his/NCEIWW2/WBAN10806 </loc>
		<lastmod> 2021-11-05 01:49:13.050766 </lastmod>
	</url><url>
		<loc> https://geoconnex.us/cuahsi/his/NCEIWW2/WBAN60701 </loc>
		<lastmod> 2021-11-05 01:49:13.050781 </lastmod>
	</url><url>
		<loc> https://geoconnex.us/cuahsi/his/NCEIWW2/WBAN12701 </loc>
		<lastmod> 2021-11-05 01:49:13.050795 </lastmod>
	</url><url>
		<loc> https://geoconnex.us/cuahsi/his/NCEIWW2/WBAN12801 </loc>
		<lastmod> 2021-11-05 01:49:13.050810 </lastmod>
	</url><url>
		<loc> https://geoconnex.us/cuahsi/his/NCEIWW2/WBAN11615 </loc>
		<lastmod> 2021-11-05 01:49:13.050824 </lastmod>
	</url><url>
		<loc> https://geoconnex.us/cuahsi/his/NCEIWW2/WBAN31401 </loc>
		<lastmod> 2021-11-05 01:49:13.050839 </lastmod>
	</url><url>
		<loc> https://geoconnex.us/cuahsi/his/NCEIWW2/WBAN32301 </loc>
		<lastmod> 2021-11-05 01:49:13.050853 </lastmod>
	</url><url>
		<loc> https://geoconnex.us/cuahsi/his/NCEIWW2/WBAN33205 </loc>
		<lastmod> 2021-11-05 01:49:13.050868 </lastmod>
	</url><url>
		<loc> https://geoconnex.us/cuahsi/his/NCEIWW2/WBAN33303 </loc>
		<lastmod> 2021-11-05 01:49:13.050883 </lastmod>
	</url><url>
		<loc> https://geoconnex.us/cuahsi/his/NCEIWW2/WBAN50801 </loc>
		<lastmod> 2021-11-05 01:49:13.050897 </lastmod>
	</url><url>
		<loc> https://geoconnex.us/cuahsi/his/NCEIWW2/WBAN32504 </loc>
		<lastmod> 2021-11-05 01:49:13.050912 </lastmod>
	</url><url>
		<loc> https://geoconnex.us/cuahsi/his/NCEIWW2/WBAN31302 </loc>
		<lastmod> 2021-11-05 01:49:13.050927 </lastmod>
	</url><url>
		<loc> https://geoconnex.us/cuahsi/his/NCEIWW2/WBAN81702 </loc>
		<lastmod> 2021-11-05 01:49:13.050941 </lastmod>
	</url><url>
		<loc> https://geoconnex.us/cuahsi/his/NCEIWW2/WBAN34017 </loc>
		<lastmod> 2021-11-05 01:49:13.050956 </lastmod>
	</url><url>
		<loc> https://geoconnex.us/cuahsi/his/NCEIWW2/WBAN34002 </loc>
		<lastmod> 2021-11-05 01:49:13.050971 </lastmod>
	</url><url>
		<loc> https://geoconnex.us/cuahsi/his/NCEIWW2/WBAN34003 </loc>
		<lastmod> 2021-11-05 01:49:13.050985 </lastmod>
	</url><url>
		<loc> https://geoconnex.us/cuahsi/his/NCEIWW2/WBAN34012 </loc>
		<lastmod> 2021-11-05 01:49:13.051000 </lastmod>
	</url><url>
		<loc> https://geoconnex.us/cuahsi/his/NCEIWW2/WBAN34013 </loc>
		<lastmod> 2021-11-05 01:49:13.051015 </lastmod>
	</url><url>
		<loc> https://geoconnex.us/cuahsi/his/NCEIWW2/WBAN34022 </loc>
		<lastmod> 2021-11-05 01:49:13.051029 </lastmod>
	</url><url>
		<loc> https://geoconnex.us/cuahsi/his/NCEIWW2/WBAN34005 </loc>
		<lastmod> 2021-11-05 01:49:13.051044 </lastmod>
	</url><url>
		<loc> https://geoconnex.us/cuahsi/his/NCEIWW2/WBAN10001 </loc>
		<lastmod> 2021-11-05 01:49:13.051058 </lastmod>
	</url><url>
		<loc> https://geoconnex.us/cuahsi/his/NCEIWW2/WBAN16405 </loc>
		<lastmod> 2021-11-05 01:49:13.051073 </lastmod>
	</url><url>
		<loc> https://geoconnex.us/cuahsi/his/NCEIWW2/WBAN16407 </loc>
		<lastmod> 2021-11-05 01:49:13.051087 </lastmod>
	</url><url>
		<loc> https://geoconnex.us/cuahsi/his/NCEIWW2/WBAN16504 </loc>
		<lastmod> 2021-11-05 01:49:13.051119 </lastmod>
	</url><url>
		<loc> https://geoconnex.us/cuahsi/his/NCEIWW2/WBAN33206 </loc>
		<lastmod> 2021-11-05 01:49:13.051135 </lastmod>
	</url><url>
		<loc> https://geoconnex.us/cuahsi/his/NCEIWW2/WBAN11901 </loc>
		<lastmod> 2021-11-05 01:49:13.051161 </lastmod>
	</url><url>
		<loc> https://geoconnex.us/cuahsi/his/NCEIWW2/WBAN11902 </loc>
		<lastmod> 2021-11-05 01:49:13.051176 </lastmod>
	</url><url>
		<loc> https://geoconnex.us/cuahsi/his/NCEIWW2/WBAN10502 </loc>
		<lastmod> 2021-11-05 01:49:13.051190 </lastmod>
	</url><url>
		<loc> https://geoconnex.us/cuahsi/his/NCEIWW2/WBAN11701 </loc>
		<lastmod> 2021-11-05 01:49:13.051205 </lastmod>
	</url><url>
		<loc> https://geoconnex.us/cuahsi/his/NCEIWW2/WBAN22509 </loc>
		<lastmod> 2021-11-05 01:49:13.051220 </lastmod>
	</url><url>
		<loc> https://geoconnex.us/cuahsi/his/NCEIWW2/WBAN22504 </loc>
		<lastmod> 2021-11-05 01:49:13.051234 </lastmod>
	</url><url>
		<loc> https://geoconnex.us/cuahsi/his/NCEIWW2/WBAN21501 </loc>
		<lastmod> 2021-11-05 01:49:13.051249 </lastmod>
	</url><url>
		<loc> https://geoconnex.us/cuahsi/his/NCEIWW2/WBAN22507 </loc>
		<lastmod> 2021-11-05 01:49:13.051263 </lastmod>
	</url><url>
		<loc> https://geoconnex.us/cuahsi/his/NCEIWW2/WBAN22502 </loc>
		<lastmod> 2021-11-05 01:49:13.051278 </lastmod>
	</url><url>
		<loc> https://geoconnex.us/cuahsi/his/NCEIWW2/WBAN22508 </loc>
		<lastmod> 2021-11-05 01:49:13.051292 </lastmod>
	</url><url>
		<loc> https://geoconnex.us/cuahsi/his/NCEIWW2/WBAN16101 </loc>
		<lastmod> 2021-11-05 01:49:13.051308 </lastmod>
	</url><url>
		<loc> https://geoconnex.us/cuahsi/his/NCEIWW2/WBAN16201 </loc>
		<lastmod> 2021-11-05 01:49:13.051322 </lastmod>
	</url><url>
		<loc> https://geoconnex.us/cuahsi/his/NCEIWW2/WBAN16202 </loc>
		<lastmod> 2021-11-05 01:49:13.051337 </lastmod>
	</url><url>
		<loc> https://geoconnex.us/cuahsi/his/NCEIWW2/WBAN32701 </loc>
		<lastmod> 2021-11-05 01:49:13.051352 </lastmod>
	</url><url>
		<loc> https://geoconnex.us/cuahsi/his/NCEIWW2/WBAN32801 </loc>
		<lastmod> 2021-11-05 01:49:13.051366 </lastmod>
	</url><url>
		<loc> https://geoconnex.us/cuahsi/his/NCEIWW2/WBAN31701 </loc>
		<lastmod> 2021-11-05 01:49:13.051381 </lastmod>
	</url><url>
		<loc> https://geoconnex.us/cuahsi/his/NCEIWW2/WBAN32815 </loc>
		<lastmod> 2021-11-05 01:49:13.051395 </lastmod>
	</url><url>
		<loc> https://geoconnex.us/cuahsi/his/NCEIWW2/WBAN32907 </loc>
		<lastmod> 2021-11-05 01:49:13.051410 </lastmod>
	</url><url>
		<loc> https://geoconnex.us/cuahsi/his/NCEIWW2/WBAN32803 </loc>
		<lastmod> 2021-11-05 01:49:13.051424 </lastmod>
	</url><url>
		<loc> https://geoconnex.us/cuahsi/his/NCEIWW2/WBAN32805 </loc>
		<lastmod> 2021-11-05 01:49:13.051439 </lastmod>
	</url><url>
		<loc> https://geoconnex.us/cuahsi/his/NCEIWW2/WBAN32702 </loc>
		<lastmod> 2021-11-05 01:49:13.051454 </lastmod>
	</url><url>
		<loc> https://geoconnex.us/cuahsi/his/NCEIWW2/WBAN32904 </loc>
		<lastmod> 2021-11-05 01:49:13.051469 </lastmod>
	</url><url>
		<loc> https://geoconnex.us/cuahsi/his/NCEIWW2/WBAN32812 </loc>
		<lastmod> 2021-11-05 01:49:13.051484 </lastmod>
	</url><url>
		<loc> https://geoconnex.us/cuahsi/his/NCEIWW2/WBAN32906 </loc>
		<lastmod> 2021-11-05 01:49:13.051498 </lastmod>
	</url><url>
		<loc> https://geoconnex.us/cuahsi/his/NCEIWW2/WBAN33405 </loc>
		<lastmod> 2021-11-05 01:49:13.051513 </lastmod>
	</url><url>
		<loc> https://geoconnex.us/cuahsi/his/NCEIWW2/WBAN33305 </loc>
		<lastmod> 2021-11-05 01:49:13.051527 </lastmod>
	</url><url>
		<loc> https://geoconnex.us/cuahsi/his/NCEIWW2/WBAN33401 </loc>
		<lastmod> 2021-11-05 01:49:13.051542 </lastmod>
	</url><url>
		<loc> https://geoconnex.us/cuahsi/his/NCEIWW2/WBAN33501 </loc>
		<lastmod> 2021-11-05 01:49:13.051556 </lastmod>
	</url><url>
		<loc> https://geoconnex.us/cuahsi/his/NCEIWW2/WBAN33406 </loc>
		<lastmod> 2021-11-05 01:49:13.051571 </lastmod>
	</url><url>
		<loc> https://geoconnex.us/cuahsi/his/NCEIWW2/WBAN34123 </loc>
		<lastmod> 2021-11-05 01:49:13.051585 </lastmod>
	</url><url>
		<loc> https://geoconnex.us/cuahsi/his/NCEIWW2/WBAN34101 </loc>
		<lastmod> 2021-11-05 01:49:13.051600 </lastmod>
	</url><url>
		<loc> https://geoconnex.us/cuahsi/his/NCEIWW2/WBAN34109 </loc>
		<lastmod> 2021-11-05 01:49:13.051614 </lastmod>
	</url><url>
		<loc> https://geoconnex.us/cuahsi/his/NCEIWW2/WBAN33019 </loc>
		<lastmod> 2021-11-05 01:49:13.051629 </lastmod>
	</url><url>
		<loc> https://geoconnex.us/cuahsi/his/NCEIWW2/WBAN34150 </loc>
		<lastmod> 2021-11-05 01:49:13.051643 </lastmod>
	</url><url>
		<loc> https://geoconnex.us/cuahsi/his/NCEIWW2/WBAN33014 </loc>
		<lastmod> 2021-11-05 01:49:13.051658 </lastmod>
	</url><url>
		<loc> https://geoconnex.us/cuahsi/his/NCEIWW2/WBAN34139 </loc>
		<lastmod> 2021-11-05 01:49:13.051673 </lastmod>
	</url><url>
		<loc> https://geoconnex.us/cuahsi/his/NCEIWW2/WBAN34104 </loc>
		<lastmod> 2021-11-05 01:49:13.051687 </lastmod>
	</url><url>
		<loc> https://geoconnex.us/cuahsi/his/NCEIWW2/WBAN34105 </loc>
		<lastmod> 2021-11-05 01:49:13.051702 </lastmod>
	</url><url>
		<loc> https://geoconnex.us/cuahsi/his/NCEIWW2/WBAN33111 </loc>
		<lastmod> 2021-11-05 01:49:13.051717 </lastmod>
	</url><url>
		<loc> https://geoconnex.us/cuahsi/his/NCEIWW2/WBAN34111 </loc>
		<lastmod> 2021-11-05 01:49:13.051732 </lastmod>
	</url><url>
		<loc> https://geoconnex.us/cuahsi/his/NCEIWW2/WBAN34113 </loc>
		<lastmod> 2021-11-05 01:49:13.051747 </lastmod>
	</url><url>
		<loc> https://geoconnex.us/cuahsi/his/NCEIWW2/WBAN33117 </loc>
		<lastmod> 2021-11-05 01:49:13.051761 </lastmod>
	</url><url>
		<loc> https://geoconnex.us/cuahsi/his/NCEIWW2/WBAN34147 </loc>
		<lastmod> 2021-11-05 01:49:13.051776 </lastmod>
	</url><url>
		<loc> https://geoconnex.us/cuahsi/his/NCEIWW2/WBAN11704 </loc>
		<lastmod> 2021-11-05 01:49:13.051791 </lastmod>
	</url><url>
		<loc> https://geoconnex.us/cuahsi/his/NCEIWW2/WBAN44401 </loc>
		<lastmod> 2021-11-05 01:49:13.051805 </lastmod>
	</url><url>
		<loc> https://geoconnex.us/cuahsi/his/NCEIWW2/WBAN42204 </loc>
		<lastmod> 2021-11-05 01:49:13.051820 </lastmod>
	</url><url>
		<loc> https://geoconnex.us/cuahsi/his/NCEIWW2/WBAN43305 </loc>
		<lastmod> 2021-11-05 01:49:13.051834 </lastmod>
	</url><url>
		<loc> https://geoconnex.us/cuahsi/his/NCEIWW2/WBAN42206 </loc>
		<lastmod> 2021-11-05 01:49:13.051849 </lastmod>
	</url><url>
		<loc> https://geoconnex.us/cuahsi/his/NCEIWW2/WBAN43302 </loc>
		<lastmod> 2021-11-05 01:49:13.051863 </lastmod>
	</url><url>
		<loc> https://geoconnex.us/cuahsi/his/NCEIWW2/WBAN43307 </loc>
		<lastmod> 2021-11-05 01:49:13.051878 </lastmod>
	</url><url>
		<loc> https://geoconnex.us/cuahsi/his/NCEIWW2/WBAN43201 </loc>
		<lastmod> 2021-11-05 01:49:13.051892 </lastmod>
	</url><url>
		<loc> https://geoconnex.us/cuahsi/his/NCEIWW2/WBAN61501 </loc>
		<lastmod> 2021-11-05 01:49:13.051907 </lastmod>
	</url><url>
		<loc> https://geoconnex.us/cuahsi/his/NCEIWW2/WBAN11601 </loc>
		<lastmod> 2021-11-05 01:49:13.051921 </lastmod>
	</url><url>
		<loc> https://geoconnex.us/cuahsi/his/NCEIWW2/WBAN10002 </loc>
		<lastmod> 2021-11-05 01:49:13.051935 </lastmod>
	</url><url>
		<loc> https://geoconnex.us/cuahsi/his/NCEIWW2/WBAN10101 </loc>
		<lastmod> 2021-11-05 01:49:13.051950 </lastmod>
	</url><url>
		<loc> https://geoconnex.us/cuahsi/his/NCEIWW2/WBAN10102 </loc>
		<lastmod> 2021-11-05 01:49:13.051965 </lastmod>
	</url><url>
		<loc> https://geoconnex.us/cuahsi/his/NCEIWW2/WBAN33123 </loc>
		<lastmod> 2021-11-05 01:49:13.051979 </lastmod>
	</url><url>
		<loc> https://geoconnex.us/cuahsi/his/NCEIWW2/WBAN13002 </loc>
		<lastmod> 2021-11-05 01:49:13.051993 </lastmod>
	</url><url>
		<loc> https://geoconnex.us/cuahsi/his/NCEIWW2/WBAN13005 </loc>
		<lastmod> 2021-11-05 01:49:13.052008 </lastmod>
	</url><url>
		<loc> https://geoconnex.us/cuahsi/his/NCEIWW2/WBAN13007 </loc>
		<lastmod> 2021-11-05 01:49:13.052022 </lastmod>
	</url><url>
		<loc> https://geoconnex.us/cuahsi/his/NCEIWW2/WBAN13013 </loc>
		<lastmod> 2021-11-05 01:49:13.052037 </lastmod>
	</url><url>
		<loc> https://geoconnex.us/cuahsi/his/NCEIWW2/WBAN12101 </loc>
		<lastmod> 2021-11-05 01:49:13.052051 </lastmod>
	</url><url>
		<loc> https://geoconnex.us/cuahsi/his/NCEIWW2/WBAN80509 </loc>
		<lastmod> 2021-11-05 01:49:13.052066 </lastmod>
	</url><url>
		<loc> https://geoconnex.us/cuahsi/his/NCEIWW2/WBAN80412 </loc>
		<lastmod> 2021-11-05 01:49:13.052081 </lastmod>
	</url><url>
		<loc> https://geoconnex.us/cuahsi/his/NCEIWW2/WBAN80425 </loc>
		<lastmod> 2021-11-05 01:49:13.052095 </lastmod>
	</url><url>
		<loc> https://geoconnex.us/cuahsi/his/NCEIWW2/WBAN80411 </loc>
		<lastmod> 2021-11-05 01:49:13.052110 </lastmod>
	</url><url>
		<loc> https://geoconnex.us/cuahsi/his/NCEIWW2/WBAN81601 </loc>
		<lastmod> 2021-11-05 01:49:13.052125 </lastmod>
	</url><url>
		<loc> https://geoconnex.us/cuahsi/his/NCEIWW2/WBAN30001 </loc>
		<lastmod> 2021-11-05 01:49:13.052140 </lastmod>
	</url><url>
		<loc> https://geoconnex.us/cuahsi/his/NCEIWW2/WBAN31001 </loc>
		<lastmod> 2021-11-05 01:49:13.052155 </lastmod>
	</url><url>
		<loc> https://geoconnex.us/cuahsi/his/NCEIWW2/WBAN31101 </loc>
		<lastmod> 2021-11-05 01:49:13.052169 </lastmod>
	</url><url>
		<loc> https://geoconnex.us/cuahsi/his/NCEIWW2/WBAN11801 </loc>
		<lastmod> 2021-11-05 01:49:13.052184 </lastmod>
	</url><url>
		<loc> https://geoconnex.us/cuahsi/his/NCEIWW2/WBAN11606 </loc>
		<lastmod> 2021-11-05 01:49:13.052199 </lastmod>
	</url><url>
		<loc> https://geoconnex.us/cuahsi/his/NCEIWW2/WBAN20501 </loc>
		<lastmod> 2021-11-05 01:49:13.052223 </lastmod>
	</url><url>
		<loc> https://geoconnex.us/cuahsi/his/NCEIWW2/WBAN32501 </loc>
		<lastmod> 2021-11-05 01:49:13.052236 </lastmod>
	</url><url>
		<loc> https://geoconnex.us/cuahsi/his/NCEIWW2/WBAN31501 </loc>
		<lastmod> 2021-11-05 01:49:13.052249 </lastmod>
	</url><url>
		<loc> https://geoconnex.us/cuahsi/his/NCEIWW2/WBAN61502 </loc>
		<lastmod> 2021-11-05 01:49:13.052309 </lastmod>
	</url><url>
		<loc> https://geoconnex.us/cuahsi/his/NCEIWW2/WBAN41207 </loc>
		<lastmod> 2021-11-05 01:49:13.052323 </lastmod>
	</url><url>
		<loc> https://geoconnex.us/cuahsi/his/NCEIWW2/WBAN41204 </loc>
		<lastmod> 2021-11-05 01:49:13.052378 </lastmod>
	</url><url>
		<loc> https://geoconnex.us/cuahsi/his/NCEIWW2/WBAN42401 </loc>
		<lastmod> 2021-11-05 01:49:13.052536 </lastmod>
	</url><url>
		<loc> https://geoconnex.us/cuahsi/his/NCEIWW2/WBAN40601 </loc>
		<lastmod> 2021-11-05 01:49:13.052631 </lastmod>
	</url><url>
		<loc> https://geoconnex.us/cuahsi/his/NCEIWW2/WBAN20602 </loc>
		<lastmod> 2021-11-05 01:49:13.052690 </lastmod>
	</url><url>
		<loc> https://geoconnex.us/cuahsi/his/NCEIWW2/WBAN32603 </loc>
		<lastmod> 2021-11-05 01:49:13.052720 </lastmod>
	</url><url>
		<loc> https://geoconnex.us/cuahsi/his/NCEIWW2/WBAN32602 </loc>
		<lastmod> 2021-11-05 01:49:13.052738 </lastmod>
	</url><url>
		<loc> https://geoconnex.us/cuahsi/his/NCEIWW2/WBAN32601 </loc>
		<lastmod> 2021-11-05 01:49:13.052755 </lastmod>
	</url><url>
		<loc> https://geoconnex.us/cuahsi/his/NCEIWW2/WBAN10701 </loc>
		<lastmod> 2021-11-05 01:49:13.052771 </lastmod>
	</url><url>
		<loc> https://geoconnex.us/cuahsi/his/NCEIWW2/WBAN10804 </loc>
		<lastmod> 2021-11-05 01:49:13.052787 </lastmod>
	</url><url>
		<loc> https://geoconnex.us/cuahsi/his/NCEIWW2/WBAN10718 </loc>
		<lastmod> 2021-11-05 01:49:13.052803 </lastmod>
	</url><url>
		<loc> https://geoconnex.us/cuahsi/his/NCEIWW2/WBAN10705 </loc>
		<lastmod> 2021-11-05 01:49:13.052820 </lastmod>
	</url><url>
		<loc> https://geoconnex.us/cuahsi/his/NCEIWW2/WBAN10704 </loc>
		<lastmod> 2021-11-05 01:49:13.052836 </lastmod>
	</url><url>
		<loc> https://geoconnex.us/cuahsi/his/NCEIWW2/WBAN10802 </loc>
		<lastmod> 2021-11-05 01:49:13.052853 </lastmod>
	</url><url>
		<loc> https://geoconnex.us/cuahsi/his/NCEIWW2/WBAN10703 </loc>
		<lastmod> 2021-11-05 01:49:13.052869 </lastmod>
	</url><url>
		<loc> https://geoconnex.us/cuahsi/his/NCEIWW2/WBAN10803 </loc>
		<lastmod> 2021-11-05 01:49:13.052886 </lastmod>
	</url><url>
		<loc> https://geoconnex.us/cuahsi/his/NCEIWW2/WBAN15605 </loc>
		<lastmod> 2021-11-05 01:49:13.052903 </lastmod>
	</url><url>
		<loc> https://geoconnex.us/cuahsi/his/NCEIWW2/WBAN15604 </loc>
		<lastmod> 2021-11-05 01:49:13.052919 </lastmod>
	</url><url>
		<loc> https://geoconnex.us/cuahsi/his/NCEIWW2/WBAN50802 </loc>
		<lastmod> 2021-11-05 01:49:13.052935 </lastmod>
	</url><url>
		<loc> https://geoconnex.us/cuahsi/his/NCEIWW2/WBAN11101 </loc>
		<lastmod> 2021-11-05 01:49:13.052952 </lastmod>
	</url><url>
		<loc> https://geoconnex.us/cuahsi/his/NCEIWW2/WBAN11103 </loc>
		<lastmod> 2021-11-05 01:49:13.052968 </lastmod>
	</url><url>
		<loc> https://geoconnex.us/cuahsi/his/NCEIWW2/WBAN80510 </loc>
		<lastmod> 2021-11-05 01:49:13.052985 </lastmod>
	</url><url>
		<loc> https://geoconnex.us/cuahsi/his/NCEIWW2/WBAN80504 </loc>
		<lastmod> 2021-11-05 01:49:13.053001 </lastmod>
	</url><url>
		<loc> https://geoconnex.us/cuahsi/his/NCEIWW2/WBAN34018 </loc>
		<lastmod> 2021-11-05 01:49:13.053017 </lastmod>
	</url><url>
		<loc> https://geoconnex.us/cuahsi/his/NCEIWW2/WBAN11610 </loc>
		<lastmod> 2021-11-05 01:49:13.053033 </lastmod>
	</url><url>
		<loc> https://geoconnex.us/cuahsi/his/NCEIWW2/WBAN12702 </loc>
		<lastmod> 2021-11-05 01:49:13.053049 </lastmod>
	</url><url>
		<loc> https://geoconnex.us/cuahsi/his/NCEIWW2/WBAN62701 </loc>
		<lastmod> 2021-11-05 01:49:13.053065 </lastmod>
	</url><url>
		<loc> https://geoconnex.us/cuahsi/his/NCEIWW2/WBAN33109 </loc>
		<lastmod> 2021-11-05 01:49:13.053081 </lastmod>
	</url><url>
		<loc> https://geoconnex.us/cuahsi/his/NCEIWW2/WBAN33121 </loc>
		<lastmod> 2021-11-05 01:49:13.053097 </lastmod>
	</url><url>
		<loc> https://geoconnex.us/cuahsi/his/NCEIWW2/WBAN33003 </loc>
		<lastmod> 2021-11-05 01:49:13.053113 </lastmod>
	</url><url>
		<loc> https://geoconnex.us/cuahsi/his/NCEIWW2/WBAN33307 </loc>
		<lastmod> 2021-11-05 01:49:13.053129 </lastmod>
	</url><url>
		<loc> https://geoconnex.us/cuahsi/his/NCEIWW2/WBAN15027 </loc>
		<lastmod> 2021-11-05 01:49:13.053144 </lastmod>
	</url></ns0:urlset>