<?xml version='1.0' encoding='utf-8'?>
<ns0:urlset xmlns:ns0="http://www.sitemaps.org/schemas/sitemap/0.9">
<url>
		<loc> https://geoconnex.us/cuahsi/his/LCZOODM2/QPA_Arriba </loc>
		<lastmod> 2022-12-05 03:53:28.597867 </lastmod>
	</url><url>
		<loc> https://geoconnex.us/cuahsi/his/LCZOODM2/RESL </loc>
		<lastmod> 2022-12-05 03:53:28.597895 </lastmod>
	</url><url>
		<loc> https://geoconnex.us/cuahsi/his/LCZOODM2/QPA_mid_light </loc>
		<lastmod> 2022-12-05 03:53:28.597937 </lastmod>
	</url><url>
		<loc> https://geoconnex.us/cuahsi/his/LCZOODM2/LGW2B </loc>
		<lastmod> 2022-12-05 03:53:28.597953 </lastmod>
	</url><url>
		<loc> https://geoconnex.us/cuahsi/his/LCZOODM2/RESSH </loc>
		<lastmod> 2022-12-05 03:53:28.597968 </lastmod>
	</url><url>
		<loc> https://geoconnex.us/cuahsi/his/LCZOODM2/I-06 </loc>
		<lastmod> 2022-12-05 03:53:28.597981 </lastmod>
	</url><url>
		<loc> https://geoconnex.us/cuahsi/his/LCZOODM2/Icacos-Pulse-RI </loc>
		<lastmod> 2022-12-05 03:53:28.597995 </lastmod>
	</url><url>
		<loc> https://geoconnex.us/cuahsi/his/LCZOODM2/394 </loc>
		<lastmod> 2022-12-05 03:53:28.598009 </lastmod>
	</url><url>
		<loc> https://geoconnex.us/cuahsi/his/LCZOODM2/QPA_abajo </loc>
		<lastmod> 2022-12-05 03:53:28.598022 </lastmod>
	</url><url>
		<loc> https://geoconnex.us/cuahsi/his/LCZOODM2/QPB_Abajo </loc>
		<lastmod> 2022-12-05 03:53:28.598036 </lastmod>
	</url><url>
		<loc> https://geoconnex.us/cuahsi/his/LCZOODM2/I-04 </loc>
		<lastmod> 2022-12-05 03:53:28.598049 </lastmod>
	</url><url>
		<loc> https://geoconnex.us/cuahsi/his/LCZOODM2/RESDN </loc>
		<lastmod> 2022-12-05 03:53:28.598062 </lastmod>
	</url><url>
		<loc> https://geoconnex.us/cuahsi/his/LCZOODM2/QS-Quebrada_Sonadora </loc>
		<lastmod> 2022-12-05 03:53:28.598076 </lastmod>
	</url><url>
		<loc> https://geoconnex.us/cuahsi/his/LCZOODM2/QPB_light_mid </loc>
		<lastmod> 2022-12-05 03:53:28.598089 </lastmod>
	</url><url>
		<loc> https://geoconnex.us/cuahsi/his/LCZOODM2/QPB_Arriba </loc>
		<lastmod> 2022-12-05 03:53:28.598101 </lastmod>
	</url><url>
		<loc> https://geoconnex.us/cuahsi/his/LCZOODM2/I-23 </loc>
		<lastmod> 2022-12-05 03:53:28.598114 </lastmod>
	</url><url>
		<loc> https://geoconnex.us/cuahsi/his/LCZOODM2/Prieta </loc>
		<lastmod> 2022-12-05 03:53:28.598127 </lastmod>
	</url><url>
		<loc> https://geoconnex.us/cuahsi/his/LCZOODM2/Bisley-Q3 </loc>
		<lastmod> 2022-12-05 03:53:28.598140 </lastmod>
	</url><url>
		<loc> https://geoconnex.us/cuahsi/his/LCZOODM2/Quebrada_Toronja </loc>
		<lastmod> 2022-12-05 03:53:28.598153 </lastmod>
	</url><url>
		<loc> https://geoconnex.us/cuahsi/his/LCZOODM2/B15 </loc>
		<lastmod> 2022-12-05 03:53:28.598166 </lastmod>
	</url><url>
		<loc> https://geoconnex.us/cuahsi/his/LCZOODM2/Rio_Icacos_Trib-IO </loc>
		<lastmod> 2022-12-05 03:53:28.598179 </lastmod>
	</url></ns0:urlset>