<?xml version='1.0' encoding='utf-8'?>
<ns0:urlset xmlns:ns0="http://www.sitemaps.org/schemas/sitemap/0.9">
<url>
		<loc> https://geoconnex.us/cuahsi/his/MudLake/USU-ML-Causeway </loc>
		<lastmod> 2022-02-28 19:27:55.415024 </lastmod>
	</url><url>
		<loc> https://geoconnex.us/cuahsi/his/MudLake/USU-ML-Lifton </loc>
		<lastmod> 2022-02-28 19:27:55.415064 </lastmod>
	</url><url>
		<loc> https://geoconnex.us/cuahsi/his/MudLake/USU-ML-Weather </loc>
		<lastmod> 2022-02-28 19:27:55.415108 </lastmod>
	</url><url>
		<loc> https://geoconnex.us/cuahsi/his/MudLake/USU-ML-Inlet </loc>
		<lastmod> 2022-02-28 19:27:55.415136 </lastmod>
	</url><url>
		<loc> https://geoconnex.us/cuahsi/his/MudLake/USU-ML-Outlet </loc>
		<lastmod> 2022-02-28 19:27:55.415156 </lastmod>
	</url><url>
		<loc> https://geoconnex.us/cuahsi/his/MudLake/PAC-ML-Level </loc>
		<lastmod> 2022-02-28 19:27:55.415176 </lastmod>
	</url><url>
		<loc> https://geoconnex.us/cuahsi/his/MudLake/PAC-ML-Rainbow </loc>
		<lastmod> 2022-02-28 19:27:55.415195 </lastmod>
	</url><url>
		<loc> https://geoconnex.us/cuahsi/his/MudLake/PAC-ML-Outlet </loc>
		<lastmod> 2022-02-28 19:27:55.415213 </lastmod>
	</url><url>
		<loc> https://geoconnex.us/cuahsi/his/MudLake/PAC-ML-Lifton </loc>
		<lastmod> 2022-02-28 19:27:55.415232 </lastmod>
	</url><url>
		<loc> https://geoconnex.us/cuahsi/his/MudLake/PAC-ML-Causeway </loc>
		<lastmod> 2022-02-28 19:27:55.415250 </lastmod>
	</url><url>
		<loc> https://geoconnex.us/cuahsi/his/MudLake/PAC-ML-BlackOtter </loc>
		<lastmod> 2022-02-28 19:27:55.415268 </lastmod>
	</url><url>
		<loc> https://geoconnex.us/cuahsi/his/MudLake/PAC-ML-ReamCrockett </loc>
		<lastmod> 2022-02-28 19:27:55.415286 </lastmod>
	</url></ns0:urlset>