<ns0:urlset xmlns:ns0="http://www.sitemaps.org/schemas/sitemap/0.9">
<url>
		<loc> https://geoconnex.us/cuahsi/his/GlobalRiversObservatory/AncientF </loc>
		<lastmod> 2021-11-01 19:26:51.582037 </lastmod>
	</url><url>
		<loc> https://geoconnex.us/cuahsi/his/GlobalRiversObservatory/BlkWatR </loc>
		<lastmod> 2021-11-01 19:26:51.582076 </lastmod>
	</url><url>
		<loc> https://geoconnex.us/cuahsi/his/GlobalRiversObservatory/BowronR </loc>
		<lastmod> 2021-11-01 19:26:51.582102 </lastmod>
	</url><url>
		<loc> https://geoconnex.us/cuahsi/his/GlobalRiversObservatory/BridgeR </loc>
		<lastmod> 2021-11-01 19:26:51.582123 </lastmod>
	</url><url>
		<loc> https://geoconnex.us/cuahsi/his/GlobalRiversObservatory/ChilcotinR </loc>
		<lastmod> 2021-11-01 19:26:51.582141 </lastmod>
	</url><url>
		<loc> https://geoconnex.us/cuahsi/his/GlobalRiversObservatory/DoreR </loc>
		<lastmod> 2021-11-01 19:26:51.582160 </lastmod>
	</url><url>
		<loc> https://geoconnex.us/cuahsi/his/GlobalRiversObservatory/FFitzwil </loc>
		<lastmod> 2021-11-01 19:26:51.582178 </lastmod>
	</url><url>
		<loc> https://geoconnex.us/cuahsi/his/GlobalRiversObservatory/FFtLang </loc>
		<lastmod> 2021-11-01 19:26:51.582195 </lastmod>
	</url><url>
		<loc> https://geoconnex.us/cuahsi/his/GlobalRiversObservatory/FHansard </loc>
		<lastmod> 2021-11-01 19:26:51.582212 </lastmod>
	</url><url>
		<loc> https://geoconnex.us/cuahsi/his/GlobalRiversObservatory/FHope </loc>
		<lastmod> 2021-11-01 19:26:51.582228 </lastmod>
	</url><url>
		<loc> https://geoconnex.us/cuahsi/his/GlobalRiversObservatory/FLillooet </loc>
		<lastmod> 2021-11-01 19:26:51.582244 </lastmod>
	</url><url>
		<loc> https://geoconnex.us/cuahsi/his/GlobalRiversObservatory/FLytton </loc>
		<lastmod> 2021-11-01 19:26:51.582261 </lastmod>
	</url><url>
		<loc> https://geoconnex.us/cuahsi/his/GlobalRiversObservatory/FMcBride </loc>
		<lastmod> 2021-11-01 19:26:51.582277 </lastmod>
	</url><url>
		<loc> https://geoconnex.us/cuahsi/his/GlobalRiversObservatory/FNewWest </loc>
		<lastmod> 2021-11-01 19:26:51.582293 </lastmod>
	</url><url>
		<loc> https://geoconnex.us/cuahsi/his/GlobalRiversObservatory/FStoner </loc>
		<lastmod> 2021-11-01 19:26:51.582308 </lastmod>
	</url><url>
		<loc> https://geoconnex.us/cuahsi/his/GlobalRiversObservatory/Fdelta </loc>
		<lastmod> 2021-11-01 19:26:51.582324 </lastmod>
	</url><url>
		<loc> https://geoconnex.us/cuahsi/his/GlobalRiversObservatory/Festuary </loc>
		<lastmod> 2021-11-01 19:26:51.582341 </lastmod>
	</url><url>
		<loc> https://geoconnex.us/cuahsi/his/GlobalRiversObservatory/GoatR </loc>
		<lastmod> 2021-11-01 19:26:51.582357 </lastmod>
	</url><url>
		<loc> https://geoconnex.us/cuahsi/his/GlobalRiversObservatory/HarrisonR </loc>
		<lastmod> 2021-11-01 19:26:51.582373 </lastmod>
	</url><url>
		<loc> https://geoconnex.us/cuahsi/his/GlobalRiversObservatory/HolmesR </loc>
		<lastmod> 2021-11-01 19:26:51.582389 </lastmod>
	</url><url>
		<loc> https://geoconnex.us/cuahsi/his/GlobalRiversObservatory/McGregR </loc>
		<lastmod> 2021-11-01 19:26:51.582405 </lastmod>
	</url><url>
		<loc> https://geoconnex.us/cuahsi/his/GlobalRiversObservatory/NahatR </loc>
		<lastmod> 2021-11-01 19:26:51.582421 </lastmod>
	</url><url>
		<loc> https://geoconnex.us/cuahsi/his/GlobalRiversObservatory/NechakoR </loc>
		<lastmod> 2021-11-01 19:26:51.582437 </lastmod>
	</url><url>
		<loc> https://geoconnex.us/cuahsi/his/GlobalRiversObservatory/PittR </loc>
		<lastmod> 2021-11-01 19:26:51.582453 </lastmod>
	</url><url>
		<loc> https://geoconnex.us/cuahsi/his/GlobalRiversObservatory/QuesnelR </loc>
		<lastmod> 2021-11-01 19:26:51.582470 </lastmod>
	</url><url>
		<loc> https://geoconnex.us/cuahsi/his/GlobalRiversObservatory/RobsonR </loc>
		<lastmod> 2021-11-01 19:26:51.582486 </lastmod>
	</url><url>
		<loc> https://geoconnex.us/cuahsi/his/GlobalRiversObservatory/RobsArtWell </loc>
		<lastmod> 2021-11-01 19:26:51.582502 </lastmod>
	</url><url>
		<loc> https://geoconnex.us/cuahsi/his/GlobalRiversObservatory/RobsBergLake </loc>
		<lastmod> 2021-11-01 19:26:51.582518 </lastmod>
	</url><url>
		<loc> https://geoconnex.us/cuahsi/his/GlobalRiversObservatory/RobsBergLTrailH </loc>
		<lastmod> 2021-11-01 19:26:51.582535 </lastmod>
	</url><url>
		<loc> https://geoconnex.us/cuahsi/his/GlobalRiversObservatory/RobsGlacierOutL </loc>
		<lastmod> 2021-11-01 19:26:51.582551 </lastmod>
	</url><url>
		<loc> https://geoconnex.us/cuahsi/his/GlobalRiversObservatory/RobsWhiteHCamp </loc>
		<lastmod> 2021-11-01 19:26:51.582567 </lastmod>
	</url><url>
		<loc> https://geoconnex.us/cuahsi/his/GlobalRiversObservatory/SandHeads </loc>
		<lastmod> 2021-11-01 19:26:51.582583 </lastmod>
	</url><url>
		<loc> https://geoconnex.us/cuahsi/his/GlobalRiversObservatory/SmallR </loc>
		<lastmod> 2021-11-01 19:26:51.582599 </lastmod>
	</url><url>
		<loc> https://geoconnex.us/cuahsi/his/GlobalRiversObservatory/StuartL </loc>
		<lastmod> 2021-11-01 19:26:51.582615 </lastmod>
	</url><url>
		<loc> https://geoconnex.us/cuahsi/his/GlobalRiversObservatory/ThompsonR </loc>
		<lastmod> 2021-11-01 19:26:51.582631 </lastmod>
	</url><url>
		<loc> https://geoconnex.us/cuahsi/his/GlobalRiversObservatory/WillowR </loc>
		<lastmod> 2021-11-01 19:26:51.582647 </lastmod>
	</url><url>
		<loc> https://geoconnex.us/cuahsi/his/GlobalRiversObservatory/YellowhdL </loc>
		<lastmod> 2021-11-01 19:26:51.582663 </lastmod>
	</url></ns0:urlset>