<ns0:urlset xmlns:ns0="http://www.sitemaps.org/schemas/sitemap/0.9">
<url>
		<loc> https://geoconnex.us/cuahsi/his/czo_psu/CZO_RTH1 </loc>
		<lastmod> 2021-11-03 14:03:49.642729 </lastmod>
	</url><url>
		<loc> https://geoconnex.us/cuahsi/his/czo_psu/CZO_RTH2_1 </loc>
		<lastmod> 2021-11-03 14:03:49.642771 </lastmod>
	</url><url>
		<loc> https://geoconnex.us/cuahsi/his/czo_psu/CZO_RTH2_2 </loc>
		<lastmod> 2021-11-03 14:03:49.642798 </lastmod>
	</url><url>
		<loc> https://geoconnex.us/cuahsi/his/czo_psu/CZO_RTH2_3 </loc>
		<lastmod> 2021-11-03 14:03:49.642820 </lastmod>
	</url><url>
		<loc> https://geoconnex.us/cuahsi/his/czo_psu/CZO_RTH3_1 </loc>
		<lastmod> 2021-11-03 14:03:49.642840 </lastmod>
	</url><url>
		<loc> https://geoconnex.us/cuahsi/his/czo_psu/CZO_RTH3_2 </loc>
		<lastmod> 2021-11-03 14:03:49.642858 </lastmod>
	</url><url>
		<loc> https://geoconnex.us/cuahsi/his/czo_psu/CZO_RTH3_3 </loc>
		<lastmod> 2021-11-03 14:03:49.642877 </lastmod>
	</url><url>
		<loc> https://geoconnex.us/cuahsi/his/czo_psu/CZO_RTH3_4 </loc>
		<lastmod> 2021-11-03 14:03:49.642895 </lastmod>
	</url><url>
		<loc> https://geoconnex.us/cuahsi/his/czo_psu/CZO_RTH3_5 </loc>
		<lastmod> 2021-11-03 14:03:49.642912 </lastmod>
	</url><url>
		<loc> https://geoconnex.us/cuahsi/his/czo_psu/CZO_RTH3_6 </loc>
		<lastmod> 2021-11-03 14:03:49.642930 </lastmod>
	</url><url>
		<loc> https://geoconnex.us/cuahsi/his/czo_psu/CZO_RTH3_7 </loc>
		<lastmod> 2021-11-03 14:03:49.642948 </lastmod>
	</url><url>
		<loc> https://geoconnex.us/cuahsi/his/czo_psu/CZO_RTH4 </loc>
		<lastmod> 2021-11-03 14:03:49.642965 </lastmod>
	</url><url>
		<loc> https://geoconnex.us/cuahsi/his/czo_psu/SSHCZO_FluxTower </loc>
		<lastmod> 2021-11-03 14:03:49.642983 </lastmod>
	</url><url>
		<loc> https://geoconnex.us/cuahsi/his/czo_psu/SSH_55 </loc>
		<lastmod> 2021-11-03 14:03:49.643001 </lastmod>
	</url><url>
		<loc> https://geoconnex.us/cuahsi/his/czo_psu/SSH_60 </loc>
		<lastmod> 2021-11-03 14:03:49.643020 </lastmod>
	</url><url>
		<loc> https://geoconnex.us/cuahsi/his/czo_psu/SSH_03 </loc>
		<lastmod> 2021-11-03 14:03:49.643038 </lastmod>
	</url><url>
		<loc> https://geoconnex.us/cuahsi/his/czo_psu/SSH_06 </loc>
		<lastmod> 2021-11-03 14:03:49.643056 </lastmod>
	</url><url>
		<loc> https://geoconnex.us/cuahsi/his/czo_psu/SSH_08 </loc>
		<lastmod> 2021-11-03 14:03:49.643074 </lastmod>
	</url><url>
		<loc> https://geoconnex.us/cuahsi/his/czo_psu/SSH_11 </loc>
		<lastmod> 2021-11-03 14:03:49.643091 </lastmod>
	</url><url>
		<loc> https://geoconnex.us/cuahsi/his/czo_psu/SSH_12 </loc>
		<lastmod> 2021-11-03 14:03:49.643109 </lastmod>
	</url><url>
		<loc> https://geoconnex.us/cuahsi/his/czo_psu/SSH_15 </loc>
		<lastmod> 2021-11-03 14:03:49.643127 </lastmod>
	</url><url>
		<loc> https://geoconnex.us/cuahsi/his/czo_psu/SSH_51 </loc>
		<lastmod> 2021-11-03 14:03:49.643145 </lastmod>
	</url><url>
		<loc> https://geoconnex.us/cuahsi/his/czo_psu/SSH_53 </loc>
		<lastmod> 2021-11-03 14:03:49.643163 </lastmod>
	</url><url>
		<loc> https://geoconnex.us/cuahsi/his/czo_psu/SSH_61 </loc>
		<lastmod> 2021-11-03 14:03:49.643181 </lastmod>
	</url><url>
		<loc> https://geoconnex.us/cuahsi/his/czo_psu/SSH_74 </loc>
		<lastmod> 2021-11-03 14:03:49.643199 </lastmod>
	</url><url>
		<loc> https://geoconnex.us/cuahsi/his/czo_psu/SSH_A4 </loc>
		<lastmod> 2021-11-03 14:03:49.643217 </lastmod>
	</url><url>
		<loc> https://geoconnex.us/cuahsi/his/czo_psu/SW </loc>
		<lastmod> 2021-11-03 14:03:49.643236 </lastmod>
	</url><url>
		<loc> https://geoconnex.us/cuahsi/his/czo_psu/SW_ISCO </loc>
		<lastmod> 2021-11-03 14:03:49.643254 </lastmod>
	</url><url>
		<loc> https://geoconnex.us/cuahsi/his/czo_psu/SSH_GW1 </loc>
		<lastmod> 2021-11-03 14:03:49.643272 </lastmod>
	</url><url>
		<loc> https://geoconnex.us/cuahsi/his/czo_psu/SSH_GW2 </loc>
		<lastmod> 2021-11-03 14:03:49.643299 </lastmod>
	</url><url>
		<loc> https://geoconnex.us/cuahsi/his/czo_psu/SPVF </loc>
		<lastmod> 2021-11-03 14:03:49.643316 </lastmod>
	</url><url>
		<loc> https://geoconnex.us/cuahsi/his/czo_psu/SPMS </loc>
		<lastmod> 2021-11-03 14:03:49.643334 </lastmod>
	</url><url>
		<loc> https://geoconnex.us/cuahsi/his/czo_psu/SPRT </loc>
		<lastmod> 2021-11-03 14:03:49.643352 </lastmod>
	</url><url>
		<loc> https://geoconnex.us/cuahsi/his/czo_psu/SSVF </loc>
		<lastmod> 2021-11-03 14:03:49.643369 </lastmod>
	</url><url>
		<loc> https://geoconnex.us/cuahsi/his/czo_psu/SSMS </loc>
		<lastmod> 2021-11-03 14:03:49.643387 </lastmod>
	</url><url>
		<loc> https://geoconnex.us/cuahsi/his/czo_psu/SSRT </loc>
		<lastmod> 2021-11-03 14:03:49.643404 </lastmod>
	</url><url>
		<loc> https://geoconnex.us/cuahsi/his/czo_psu/NSVF </loc>
		<lastmod> 2021-11-03 14:03:49.643422 </lastmod>
	</url><url>
		<loc> https://geoconnex.us/cuahsi/his/czo_psu/NSMS </loc>
		<lastmod> 2021-11-03 14:03:49.643440 </lastmod>
	</url><url>
		<loc> https://geoconnex.us/cuahsi/his/czo_psu/NSRT </loc>
		<lastmod> 2021-11-03 14:03:49.643457 </lastmod>
	</url><url>
		<loc> https://geoconnex.us/cuahsi/his/czo_psu/NPVF </loc>
		<lastmod> 2021-11-03 14:03:49.643474 </lastmod>
	</url><url>
		<loc> https://geoconnex.us/cuahsi/his/czo_psu/NPMS </loc>
		<lastmod> 2021-11-03 14:03:49.643492 </lastmod>
	</url><url>
		<loc> https://geoconnex.us/cuahsi/his/czo_psu/NPRT </loc>
		<lastmod> 2021-11-03 14:03:49.643509 </lastmod>
	</url><url>
		<loc> https://geoconnex.us/cuahsi/his/czo_psu/SH </loc>
		<lastmod> 2021-11-03 14:03:49.643526 </lastmod>
	</url><url>
		<loc> https://geoconnex.us/cuahsi/his/czo_psu/SM </loc>
		<lastmod> 2021-11-03 14:03:49.643568 </lastmod>
	</url><url>
		<loc> https://geoconnex.us/cuahsi/his/czo_psu/GW1 </loc>
		<lastmod> 2021-11-03 14:03:49.643589 </lastmod>
	</url><url>
		<loc> https://geoconnex.us/cuahsi/his/czo_psu/GW2 </loc>
		<lastmod> 2021-11-03 14:03:49.643608 </lastmod>
	</url><url>
		<loc> https://geoconnex.us/cuahsi/his/czo_psu/SH_Eigen </loc>
		<lastmod> 2021-11-03 14:03:49.643626 </lastmod>
	</url><url>
		<loc> https://geoconnex.us/cuahsi/his/czo_psu/SSH_01 </loc>
		<lastmod> 2021-11-03 14:03:49.643645 </lastmod>
	</url><url>
		<loc> https://geoconnex.us/cuahsi/his/czo_psu/Llewelyyn2015_PLG12-33 </loc>
		<lastmod> 2021-11-03 14:03:49.643663 </lastmod>
	</url><url>
		<loc> https://geoconnex.us/cuahsi/his/czo_psu/Llewelyyn2015_PLG12-34 </loc>
		<lastmod> 2021-11-03 14:03:49.643682 </lastmod>
	</url><url>
		<loc> https://geoconnex.us/cuahsi/his/czo_psu/Llewelyyn2015_PLG12-60 </loc>
		<lastmod> 2021-11-03 14:03:49.643700 </lastmod>
	</url><url>
		<loc> https://geoconnex.us/cuahsi/his/czo_psu/Llewelyyn2015_PLG12-65 </loc>
		<lastmod> 2021-11-03 14:03:49.643718 </lastmod>
	</url><url>
		<loc> https://geoconnex.us/cuahsi/his/czo_psu/Llewelyyn2015_PLG12-69_postpurge </loc>
		<lastmod> 2021-11-03 14:03:49.643736 </lastmod>
	</url><url>
		<loc> https://geoconnex.us/cuahsi/his/czo_psu/Llewelyyn2015_PLG12-69_prepurge </loc>
		<lastmod> 2021-11-03 14:03:49.643755 </lastmod>
	</url><url>
		<loc> https://geoconnex.us/cuahsi/his/czo_psu/Llewelyyn2015_PLG12-70 </loc>
		<lastmod> 2021-11-03 14:03:49.643774 </lastmod>
	</url><url>
		<loc> https://geoconnex.us/cuahsi/his/czo_psu/Llewelyyn2015_PLG13-2 </loc>
		<lastmod> 2021-11-03 14:03:49.643792 </lastmod>
	</url><url>
		<loc> https://geoconnex.us/cuahsi/his/czo_psu/Llewelyyn2015_PLG13-4 </loc>
		<lastmod> 2021-11-03 14:03:49.643812 </lastmod>
	</url><url>
		<loc> https://geoconnex.us/cuahsi/his/czo_psu/Llewelyyn2015_PLG13-5 </loc>
		<lastmod> 2021-11-03 14:03:49.643830 </lastmod>
	</url><url>
		<loc> https://geoconnex.us/cuahsi/his/czo_psu/Llewelyyn2015_PLG13-6 </loc>
		<lastmod> 2021-11-03 14:03:49.643849 </lastmod>
	</url><url>
		<loc> https://geoconnex.us/cuahsi/his/czo_psu/Llewelyyn2015_PLG13-7 </loc>
		<lastmod> 2021-11-03 14:03:49.643868 </lastmod>
	</url></ns0:urlset>