<?xml version='1.0' encoding='utf-8'?>
<ns0:urlset xmlns:ns0="http://www.sitemaps.org/schemas/sitemap/0.9">
<url>
		<loc> https://geoconnex.us/cuahsi/his/IRWA/ER-1A </loc>
		<lastmod> 2022-05-19 03:35:28.258835 </lastmod>
	</url><url>
		<loc> https://geoconnex.us/cuahsi/his/IRWA/FB-BV </loc>
		<lastmod> 2022-05-19 03:35:28.258877 </lastmod>
	</url><url>
		<loc> https://geoconnex.us/cuahsi/his/IRWA/FB-MI </loc>
		<lastmod> 2022-05-19 03:35:28.258901 </lastmod>
	</url><url>
		<loc> https://geoconnex.us/cuahsi/his/IRWA/FB-WA </loc>
		<lastmod> 2022-05-19 03:35:28.258920 </lastmod>
	</url><url>
		<loc> https://geoconnex.us/cuahsi/his/IRWA/GB </loc>
		<lastmod> 2022-05-19 03:35:28.258938 </lastmod>
	</url><url>
		<loc> https://geoconnex.us/cuahsi/his/IRWA/GC </loc>
		<lastmod> 2022-05-19 03:35:28.258955 </lastmod>
	</url><url>
		<loc> https://geoconnex.us/cuahsi/his/IRWA/HB </loc>
		<lastmod> 2022-05-19 03:35:28.258972 </lastmod>
	</url><url>
		<loc> https://geoconnex.us/cuahsi/his/IRWA/IP00 </loc>
		<lastmod> 2022-05-19 03:35:28.258989 </lastmod>
	</url><url>
		<loc> https://geoconnex.us/cuahsi/his/IRWA/IP00.5 </loc>
		<lastmod> 2022-05-19 03:35:28.259006 </lastmod>
	</url><url>
		<loc> https://geoconnex.us/cuahsi/his/IRWA/IP01 </loc>
		<lastmod> 2022-05-19 03:35:28.259022 </lastmod>
	</url><url>
		<loc> https://geoconnex.us/cuahsi/his/IRWA/IP02 </loc>
		<lastmod> 2022-05-19 03:35:28.259039 </lastmod>
	</url><url>
		<loc> https://geoconnex.us/cuahsi/his/IRWA/IP03 </loc>
		<lastmod> 2022-05-19 03:35:28.259055 </lastmod>
	</url><url>
		<loc> https://geoconnex.us/cuahsi/his/IRWA/IP04 </loc>
		<lastmod> 2022-05-19 03:35:28.259072 </lastmod>
	</url><url>
		<loc> https://geoconnex.us/cuahsi/his/IRWA/IP06 </loc>
		<lastmod> 2022-05-19 03:35:28.259088 </lastmod>
	</url><url>
		<loc> https://geoconnex.us/cuahsi/his/IRWA/IP08 </loc>
		<lastmod> 2022-05-19 03:35:28.259105 </lastmod>
	</url><url>
		<loc> https://geoconnex.us/cuahsi/his/IRWA/IP10 </loc>
		<lastmod> 2022-05-19 03:35:28.259120 </lastmod>
	</url><url>
		<loc> https://geoconnex.us/cuahsi/his/IRWA/IP11 </loc>
		<lastmod> 2022-05-19 03:35:28.259136 </lastmod>
	</url><url>
		<loc> https://geoconnex.us/cuahsi/his/IRWA/IP12 </loc>
		<lastmod> 2022-05-19 03:35:28.259152 </lastmod>
	</url><url>
		<loc> https://geoconnex.us/cuahsi/his/IRWA/IP13 </loc>
		<lastmod> 2022-05-19 03:35:28.259168 </lastmod>
	</url><url>
		<loc> https://geoconnex.us/cuahsi/his/IRWA/IP14 </loc>
		<lastmod> 2022-05-19 03:35:28.259184 </lastmod>
	</url><url>
		<loc> https://geoconnex.us/cuahsi/his/IRWA/IP16 </loc>
		<lastmod> 2022-05-19 03:35:28.259201 </lastmod>
	</url><url>
		<loc> https://geoconnex.us/cuahsi/his/IRWA/IP18 </loc>
		<lastmod> 2022-05-19 03:35:28.259217 </lastmod>
	</url><url>
		<loc> https://geoconnex.us/cuahsi/his/IRWA/IP19 </loc>
		<lastmod> 2022-05-19 03:35:28.259233 </lastmod>
	</url><url>
		<loc> https://geoconnex.us/cuahsi/his/IRWA/IP19A </loc>
		<lastmod> 2022-05-19 03:35:28.259249 </lastmod>
	</url><url>
		<loc> https://geoconnex.us/cuahsi/his/IRWA/IP20 </loc>
		<lastmod> 2022-05-19 03:35:28.259266 </lastmod>
	</url><url>
		<loc> https://geoconnex.us/cuahsi/his/IRWA/IP22 </loc>
		<lastmod> 2022-05-19 03:35:28.259282 </lastmod>
	</url><url>
		<loc> https://geoconnex.us/cuahsi/his/IRWA/IP24 </loc>
		<lastmod> 2022-05-19 03:35:28.259298 </lastmod>
	</url><url>
		<loc> https://geoconnex.us/cuahsi/his/IRWA/IP25 </loc>
		<lastmod> 2022-05-19 03:35:28.259313 </lastmod>
	</url><url>
		<loc> https://geoconnex.us/cuahsi/his/IRWA/IP26 </loc>
		<lastmod> 2022-05-19 03:35:28.259329 </lastmod>
	</url><url>
		<loc> https://geoconnex.us/cuahsi/his/IRWA/LB </loc>
		<lastmod> 2022-05-19 03:35:28.259345 </lastmod>
	</url><url>
		<loc> https://geoconnex.us/cuahsi/his/IRWA/MB-62 </loc>
		<lastmod> 2022-05-19 03:35:28.259361 </lastmod>
	</url><url>
		<loc> https://geoconnex.us/cuahsi/his/IRWA/MB-PS </loc>
		<lastmod> 2022-05-19 03:35:28.259377 </lastmod>
	</url><url>
		<loc> https://geoconnex.us/cuahsi/his/IRWA/MMB </loc>
		<lastmod> 2022-05-19 03:35:28.259393 </lastmod>
	</url><url>
		<loc> https://geoconnex.us/cuahsi/his/IRWA/MR-1A </loc>
		<lastmod> 2022-05-19 03:35:28.259409 </lastmod>
	</url></ns0:urlset>