<?xml version='1.0' encoding='utf-8'?>
<ns0:urlset xmlns:ns0="http://www.sitemaps.org/schemas/sitemap/0.9">
<url>
		<loc> https://geoconnex.us/cuahsi/his/RMBL/rmbl1 </loc>
		<lastmod> 2022-01-11 21:14:53.966599 </lastmod>
	</url><url>
		<loc> https://geoconnex.us/cuahsi/his/RMBL/rmbl2 </loc>
		<lastmod> 2022-01-11 21:14:53.966639 </lastmod>
	</url><url>
		<loc> https://geoconnex.us/cuahsi/his/RMBL/rmbl3 </loc>
		<lastmod> 2022-01-11 21:14:53.966665 </lastmod>
	</url><url>
		<loc> https://geoconnex.us/cuahsi/his/RMBL/rmbl4 </loc>
		<lastmod> 2022-01-11 21:14:53.966687 </lastmod>
	</url><url>
		<loc> https://geoconnex.us/cuahsi/his/RMBL/rmbl5 </loc>
		<lastmod> 2022-01-11 21:14:53.966708 </lastmod>
	</url><url>
		<loc> https://geoconnex.us/cuahsi/his/RMBL/rmbl6 </loc>
		<lastmod> 2022-01-11 21:14:53.966727 </lastmod>
	</url></ns0:urlset>