<ns0:urlset xmlns:ns0="http://www.sitemaps.org/schemas/sitemap/0.9">
<url>
		<loc> https://geoconnex.us/cuahsi/his/YosemiteHydroclimateNetwork/MC1 </loc>
		<lastmod> 2021-11-01 19:26:53.282527 </lastmod>
	</url><url>
		<loc> https://geoconnex.us/cuahsi/his/YosemiteHydroclimateNetwork/BC1 </loc>
		<lastmod> 2021-11-01 19:26:53.282571 </lastmod>
	</url><url>
		<loc> https://geoconnex.us/cuahsi/his/YosemiteHydroclimateNetwork/BC2 </loc>
		<lastmod> 2021-11-01 19:26:53.282614 </lastmod>
	</url><url>
		<loc> https://geoconnex.us/cuahsi/his/YosemiteHydroclimateNetwork/DC1 </loc>
		<lastmod> 2021-11-01 19:26:53.282636 </lastmod>
	</url><url>
		<loc> https://geoconnex.us/cuahsi/his/YosemiteHydroclimateNetwork/LF1 </loc>
		<lastmod> 2021-11-01 19:26:53.282655 </lastmod>
	</url><url>
		<loc> https://geoconnex.us/cuahsi/his/YosemiteHydroclimateNetwork/LF2 </loc>
		<lastmod> 2021-11-01 19:26:53.282673 </lastmod>
	</url><url>
		<loc> https://geoconnex.us/cuahsi/his/YosemiteHydroclimateNetwork/LF3 </loc>
		<lastmod> 2021-11-01 19:26:53.282692 </lastmod>
	</url><url>
		<loc> https://geoconnex.us/cuahsi/his/YosemiteHydroclimateNetwork/DF1 </loc>
		<lastmod> 2021-11-01 19:26:53.282710 </lastmod>
	</url><url>
		<loc> https://geoconnex.us/cuahsi/his/YosemiteHydroclimateNetwork/TR1 </loc>
		<lastmod> 2021-11-01 19:26:53.282728 </lastmod>
	</url><url>
		<loc> https://geoconnex.us/cuahsi/his/YosemiteHydroclimateNetwork/T01 </loc>
		<lastmod> 2021-11-01 19:26:53.282746 </lastmod>
	</url><url>
		<loc> https://geoconnex.us/cuahsi/his/YosemiteHydroclimateNetwork/T02 </loc>
		<lastmod> 2021-11-01 19:26:53.282764 </lastmod>
	</url><url>
		<loc> https://geoconnex.us/cuahsi/his/YosemiteHydroclimateNetwork/TH03 </loc>
		<lastmod> 2021-11-01 19:26:53.282782 </lastmod>
	</url><url>
		<loc> https://geoconnex.us/cuahsi/his/YosemiteHydroclimateNetwork/TH04 </loc>
		<lastmod> 2021-11-01 19:26:53.282800 </lastmod>
	</url><url>
		<loc> https://geoconnex.us/cuahsi/his/YosemiteHydroclimateNetwork/TH08 </loc>
		<lastmod> 2021-11-01 19:26:53.282817 </lastmod>
	</url><url>
		<loc> https://geoconnex.us/cuahsi/his/YosemiteHydroclimateNetwork/TH09 </loc>
		<lastmod> 2021-11-01 19:26:53.282835 </lastmod>
	</url><url>
		<loc> https://geoconnex.us/cuahsi/his/YosemiteHydroclimateNetwork/TH10 </loc>
		<lastmod> 2021-11-01 19:26:53.282852 </lastmod>
	</url><url>
		<loc> https://geoconnex.us/cuahsi/his/YosemiteHydroclimateNetwork/TH11 </loc>
		<lastmod> 2021-11-01 19:26:53.282870 </lastmod>
	</url><url>
		<loc> https://geoconnex.us/cuahsi/his/YosemiteHydroclimateNetwork/TH12 </loc>
		<lastmod> 2021-11-01 19:26:53.282888 </lastmod>
	</url><url>
		<loc> https://geoconnex.us/cuahsi/his/YosemiteHydroclimateNetwork/TH13 </loc>
		<lastmod> 2021-11-01 19:26:53.282905 </lastmod>
	</url><url>
		<loc> https://geoconnex.us/cuahsi/his/YosemiteHydroclimateNetwork/TH14 </loc>
		<lastmod> 2021-11-01 19:26:53.282923 </lastmod>
	</url><url>
		<loc> https://geoconnex.us/cuahsi/his/YosemiteHydroclimateNetwork/TH15 </loc>
		<lastmod> 2021-11-01 19:26:53.282940 </lastmod>
	</url><url>
		<loc> https://geoconnex.us/cuahsi/his/YosemiteHydroclimateNetwork/TH18 </loc>
		<lastmod> 2021-11-01 19:26:53.282957 </lastmod>
	</url><url>
		<loc> https://geoconnex.us/cuahsi/his/YosemiteHydroclimateNetwork/TH19 </loc>
		<lastmod> 2021-11-01 19:26:53.282975 </lastmod>
	</url><url>
		<loc> https://geoconnex.us/cuahsi/his/YosemiteHydroclimateNetwork/TH31 </loc>
		<lastmod> 2021-11-01 19:26:53.282992 </lastmod>
	</url><url>
		<loc> https://geoconnex.us/cuahsi/his/YosemiteHydroclimateNetwork/TH32 </loc>
		<lastmod> 2021-11-01 19:26:53.283009 </lastmod>
	</url><url>
		<loc> https://geoconnex.us/cuahsi/his/YosemiteHydroclimateNetwork/T34 </loc>
		<lastmod> 2021-11-01 19:26:53.283027 </lastmod>
	</url><url>
		<loc> https://geoconnex.us/cuahsi/his/YosemiteHydroclimateNetwork/T36 </loc>
		<lastmod> 2021-11-01 19:26:53.283045 </lastmod>
	</url><url>
		<loc> https://geoconnex.us/cuahsi/his/YosemiteHydroclimateNetwork/T_E2950 </loc>
		<lastmod> 2021-11-01 19:26:53.283062 </lastmod>
	</url><url>
		<loc> https://geoconnex.us/cuahsi/his/YosemiteHydroclimateNetwork/T_E2902 </loc>
		<lastmod> 2021-11-01 19:26:53.283080 </lastmod>
	</url><url>
		<loc> https://geoconnex.us/cuahsi/his/YosemiteHydroclimateNetwork/T_E2772 </loc>
		<lastmod> 2021-11-01 19:26:53.283097 </lastmod>
	</url><url>
		<loc> https://geoconnex.us/cuahsi/his/YosemiteHydroclimateNetwork/TH_E2759 </loc>
		<lastmod> 2021-11-01 19:26:53.283115 </lastmod>
	</url><url>
		<loc> https://geoconnex.us/cuahsi/his/YosemiteHydroclimateNetwork/T_E2610 </loc>
		<lastmod> 2021-11-01 19:26:53.283133 </lastmod>
	</url><url>
		<loc> https://geoconnex.us/cuahsi/his/YosemiteHydroclimateNetwork/TH_E2478 </loc>
		<lastmod> 2021-11-01 19:26:53.283150 </lastmod>
	</url><url>
		<loc> https://geoconnex.us/cuahsi/his/YosemiteHydroclimateNetwork/T_E2374 </loc>
		<lastmod> 2021-11-01 19:26:53.283168 </lastmod>
	</url><url>
		<loc> https://geoconnex.us/cuahsi/his/YosemiteHydroclimateNetwork/T_E2317 </loc>
		<lastmod> 2021-11-01 19:26:53.283185 </lastmod>
	</url><url>
		<loc> https://geoconnex.us/cuahsi/his/YosemiteHydroclimateNetwork/TH_E2255 </loc>
		<lastmod> 2021-11-01 19:26:53.283203 </lastmod>
	</url><url>
		<loc> https://geoconnex.us/cuahsi/his/YosemiteHydroclimateNetwork/T_E2244 </loc>
		<lastmod> 2021-11-01 19:26:53.283220 </lastmod>
	</url><url>
		<loc> https://geoconnex.us/cuahsi/his/YosemiteHydroclimateNetwork/T_E2119 </loc>
		<lastmod> 2021-11-01 19:26:53.283238 </lastmod>
	</url><url>
		<loc> https://geoconnex.us/cuahsi/his/YosemiteHydroclimateNetwork/TH_W2495 </loc>
		<lastmod> 2021-11-01 19:26:53.283255 </lastmod>
	</url><url>
		<loc> https://geoconnex.us/cuahsi/his/YosemiteHydroclimateNetwork/TH_W2487 </loc>
		<lastmod> 2021-11-01 19:26:53.283273 </lastmod>
	</url><url>
		<loc> https://geoconnex.us/cuahsi/his/YosemiteHydroclimateNetwork/TH_W2438 </loc>
		<lastmod> 2021-11-01 19:26:53.283290 </lastmod>
	</url><url>
		<loc> https://geoconnex.us/cuahsi/his/YosemiteHydroclimateNetwork/TH_W2395 </loc>
		<lastmod> 2021-11-01 19:26:53.283307 </lastmod>
	</url><url>
		<loc> https://geoconnex.us/cuahsi/his/YosemiteHydroclimateNetwork/TH_W2210 </loc>
		<lastmod> 2021-11-01 19:26:53.283325 </lastmod>
	</url><url>
		<loc> https://geoconnex.us/cuahsi/his/YosemiteHydroclimateNetwork/TH_W1880 </loc>
		<lastmod> 2021-11-01 19:26:53.283343 </lastmod>
	</url><url>
		<loc> https://geoconnex.us/cuahsi/his/YosemiteHydroclimateNetwork/TH_W1714 </loc>
		<lastmod> 2021-11-01 19:26:53.283360 </lastmod>
	</url><url>
		<loc> https://geoconnex.us/cuahsi/his/YosemiteHydroclimateNetwork/TH_W1397 </loc>
		<lastmod> 2021-11-01 19:26:53.283378 </lastmod>
	</url><url>
		<loc> https://geoconnex.us/cuahsi/his/YosemiteHydroclimateNetwork/TES </loc>
		<lastmod> 2021-11-01 19:26:53.283395 </lastmod>
	</url><url>
		<loc> https://geoconnex.us/cuahsi/his/YosemiteHydroclimateNetwork/DAN </loc>
		<lastmod> 2021-11-01 19:26:53.283413 </lastmod>
	</url><url>
		<loc> https://geoconnex.us/cuahsi/his/YosemiteHydroclimateNetwork/SLI </loc>
		<lastmod> 2021-11-01 19:26:53.283431 </lastmod>
	</url><url>
		<loc> https://geoconnex.us/cuahsi/his/YosemiteHydroclimateNetwork/TUM </loc>
		<lastmod> 2021-11-01 19:26:53.283448 </lastmod>
	</url><url>
		<loc> https://geoconnex.us/cuahsi/his/YosemiteHydroclimateNetwork/HRS </loc>
		<lastmod> 2021-11-01 19:26:53.283466 </lastmod>
	</url><url>
		<loc> https://geoconnex.us/cuahsi/his/YosemiteHydroclimateNetwork/PDS </loc>
		<lastmod> 2021-11-01 19:26:53.283484 </lastmod>
	</url><url>
		<loc> https://geoconnex.us/cuahsi/his/YosemiteHydroclimateNetwork/KIB </loc>
		<lastmod> 2021-11-01 19:26:53.283501 </lastmod>
	</url><url>
		<loc> https://geoconnex.us/cuahsi/his/YosemiteHydroclimateNetwork/STR </loc>
		<lastmod> 2021-11-01 19:26:53.283519 </lastmod>
	</url><url>
		<loc> https://geoconnex.us/cuahsi/his/YosemiteHydroclimateNetwork/TNY </loc>
		<lastmod> 2021-11-01 19:26:53.283536 </lastmod>
	</url><url>
		<loc> https://geoconnex.us/cuahsi/his/YosemiteHydroclimateNetwork/GIN </loc>
		<lastmod> 2021-11-01 19:26:53.283554 </lastmod>
	</url><url>
		<loc> https://geoconnex.us/cuahsi/his/YosemiteHydroclimateNetwork/VRG </loc>
		<lastmod> 2021-11-01 19:26:53.283572 </lastmod>
	</url><url>
		<loc> https://geoconnex.us/cuahsi/his/YosemiteHydroclimateNetwork/40943 </loc>
		<lastmod> 2021-11-01 19:26:53.283589 </lastmod>
	</url><url>
		<loc> https://geoconnex.us/cuahsi/his/YosemiteHydroclimateNetwork/41072 </loc>
		<lastmod> 2021-11-01 19:26:53.283607 </lastmod>
	</url><url>
		<loc> https://geoconnex.us/cuahsi/his/YosemiteHydroclimateNetwork/41697 </loc>
		<lastmod> 2021-11-01 19:26:53.283625 </lastmod>
	</url><url>
		<loc> https://geoconnex.us/cuahsi/his/YosemiteHydroclimateNetwork/43939 </loc>
		<lastmod> 2021-11-01 19:26:53.283643 </lastmod>
	</url><url>
		<loc> https://geoconnex.us/cuahsi/his/YosemiteHydroclimateNetwork/44881 </loc>
		<lastmod> 2021-11-01 19:26:53.283661 </lastmod>
	</url><url>
		<loc> https://geoconnex.us/cuahsi/his/YosemiteHydroclimateNetwork/45280 </loc>
		<lastmod> 2021-11-01 19:26:53.283678 </lastmod>
	</url><url>
		<loc> https://geoconnex.us/cuahsi/his/YosemiteHydroclimateNetwork/45400 </loc>
		<lastmod> 2021-11-01 19:26:53.283695 </lastmod>
	</url><url>
		<loc> https://geoconnex.us/cuahsi/his/YosemiteHydroclimateNetwork/48380 </loc>
		<lastmod> 2021-11-01 19:26:53.283713 </lastmod>
	</url><url>
		<loc> https://geoconnex.us/cuahsi/his/YosemiteHydroclimateNetwork/49855 </loc>
		<lastmod> 2021-11-01 19:26:53.283730 </lastmod>
	</url><url>
		<loc> https://geoconnex.us/cuahsi/his/YosemiteHydroclimateNetwork/R58 </loc>
		<lastmod> 2021-11-01 19:26:53.283748 </lastmod>
	</url><url>
		<loc> https://geoconnex.us/cuahsi/his/YosemiteHydroclimateNetwork/R59 </loc>
		<lastmod> 2021-11-01 19:26:53.283765 </lastmod>
	</url><url>
		<loc> https://geoconnex.us/cuahsi/his/YosemiteHydroclimateNetwork/R60 </loc>
		<lastmod> 2021-11-01 19:26:53.283783 </lastmod>
	</url><url>
		<loc> https://geoconnex.us/cuahsi/his/YosemiteHydroclimateNetwork/R61 </loc>
		<lastmod> 2021-11-01 19:26:53.283800 </lastmod>
	</url><url>
		<loc> https://geoconnex.us/cuahsi/his/YosemiteHydroclimateNetwork/R62 </loc>
		<lastmod> 2021-11-01 19:26:53.283818 </lastmod>
	</url><url>
		<loc> https://geoconnex.us/cuahsi/his/YosemiteHydroclimateNetwork/B01 </loc>
		<lastmod> 2021-11-01 19:26:53.283835 </lastmod>
	</url><url>
		<loc> https://geoconnex.us/cuahsi/his/YosemiteHydroclimateNetwork/B02 </loc>
		<lastmod> 2021-11-01 19:26:53.283853 </lastmod>
	</url><url>
		<loc> https://geoconnex.us/cuahsi/his/YosemiteHydroclimateNetwork/B03 </loc>
		<lastmod> 2021-11-01 19:26:53.283872 </lastmod>
	</url><url>
		<loc> https://geoconnex.us/cuahsi/his/YosemiteHydroclimateNetwork/B04 </loc>
		<lastmod> 2021-11-01 19:26:53.283890 </lastmod>
	</url><url>
		<loc> https://geoconnex.us/cuahsi/his/YosemiteHydroclimateNetwork/B06 </loc>
		<lastmod> 2021-11-01 19:26:53.283907 </lastmod>
	</url><url>
		<loc> https://geoconnex.us/cuahsi/his/YosemiteHydroclimateNetwork/Bre </loc>
		<lastmod> 2021-11-01 19:26:53.283925 </lastmod>
	</url><url>
		<loc> https://geoconnex.us/cuahsi/his/YosemiteHydroclimateNetwork/TH_E2902 </loc>
		<lastmod> 2021-11-01 19:26:53.283942 </lastmod>
	</url><url>
		<loc> https://geoconnex.us/cuahsi/his/YosemiteHydroclimateNetwork/DF2 </loc>
		<lastmod> 2021-11-01 19:26:53.283960 </lastmod>
	</url><url>
		<loc> https://geoconnex.us/cuahsi/his/YosemiteHydroclimateNetwork/HH1 </loc>
		<lastmod> 2021-11-01 19:26:53.283977 </lastmod>
	</url><url>
		<loc> https://geoconnex.us/cuahsi/his/YosemiteHydroclimateNetwork/AF01 </loc>
		<lastmod> 2021-11-01 19:26:53.283995 </lastmod>
	</url></ns0:urlset>