<ns0:urlset xmlns:ns0="http://www.sitemaps.org/schemas/sitemap/0.9">
<url>
		<loc> https://geoconnex.us/cuahsi/his/Logan_River_GAMUT/LR_WaterLab_AA </loc>
		<lastmod> 2021-11-23 03:21:29.669718 </lastmod>
	</url><url>
		<loc> https://geoconnex.us/cuahsi/his/Logan_River_GAMUT/LR_Mendon_AA </loc>
		<lastmod> 2021-11-23 03:21:29.669756 </lastmod>
	</url><url>
		<loc> https://geoconnex.us/cuahsi/his/Logan_River_GAMUT/LR_MainStreet_BA </loc>
		<lastmod> 2021-11-23 03:21:29.669779 </lastmod>
	</url><url>
		<loc> https://geoconnex.us/cuahsi/his/Logan_River_GAMUT/LR_TWDEF_C </loc>
		<lastmod> 2021-11-23 03:21:29.669844 </lastmod>
	</url><url>
		<loc> https://geoconnex.us/cuahsi/his/Logan_River_GAMUT/LR_GC_C </loc>
		<lastmod> 2021-11-23 03:21:29.669865 </lastmod>
	</url><url>
		<loc> https://geoconnex.us/cuahsi/his/Logan_River_GAMUT/LR_Wilkins_R </loc>
		<lastmod> 2021-11-23 03:21:29.669884 </lastmod>
	</url><url>
		<loc> https://geoconnex.us/cuahsi/his/Logan_River_GAMUT/LR_TG_C </loc>
		<lastmod> 2021-11-23 03:21:29.669901 </lastmod>
	</url><url>
		<loc> https://geoconnex.us/cuahsi/his/Logan_River_GAMUT/LR_FB_C </loc>
		<lastmod> 2021-11-23 03:21:29.669917 </lastmod>
	</url><url>
		<loc> https://geoconnex.us/cuahsi/his/Logan_River_GAMUT/LR_TG_BA </loc>
		<lastmod> 2021-11-23 03:21:29.669934 </lastmod>
	</url><url>
		<loc> https://geoconnex.us/cuahsi/his/Logan_River_GAMUT/LR_FB_BA </loc>
		<lastmod> 2021-11-23 03:21:29.669951 </lastmod>
	</url><url>
		<loc> https://geoconnex.us/cuahsi/his/Logan_River_GAMUT/LR_RH_SD </loc>
		<lastmod> 2021-11-23 03:21:29.669967 </lastmod>
	</url><url>
		<loc> https://geoconnex.us/cuahsi/his/Logan_River_GAMUT/LR_SC_SD </loc>
		<lastmod> 2021-11-23 03:21:29.669983 </lastmod>
	</url><url>
		<loc> https://geoconnex.us/cuahsi/his/Logan_River_GAMUT/BSF_CONF_BA </loc>
		<lastmod> 2021-11-23 03:21:29.669999 </lastmod>
	</url><url>
		<loc> https://geoconnex.us/cuahsi/his/Logan_River_GAMUT/NWF_1600N_CNL </loc>
		<lastmod> 2021-11-23 03:21:29.670015 </lastmod>
	</url><url>
		<loc> https://geoconnex.us/cuahsi/his/Logan_River_GAMUT/SLB_Pump_CNL </loc>
		<lastmod> 2021-11-23 03:21:29.670031 </lastmod>
	</url><url>
		<loc> https://geoconnex.us/cuahsi/his/Logan_River_GAMUT/SC_CONF_A </loc>
		<lastmod> 2021-11-23 03:21:29.670047 </lastmod>
	</url><url>
		<loc> https://geoconnex.us/cuahsi/his/Logan_River_GAMUT/LR_WCB_A </loc>
		<lastmod> 2021-11-23 03:21:29.670062 </lastmod>
	</url><url>
		<loc> https://geoconnex.us/cuahsi/his/Logan_River_GAMUT/LR_GCB_A </loc>
		<lastmod> 2021-11-23 03:21:29.670078 </lastmod>
	</url></ns0:urlset>