<?xml version='1.0' encoding='utf-8'?>
<ns0:urlset xmlns:ns0="http://www.sitemaps.org/schemas/sitemap/0.9">
<url>
		<loc> https://geoconnex.us/cuahsi/his/YosemiteHydroclimateNetwork/MC1 </loc>
		<lastmod> 2023-06-07 17:42:37.154315 </lastmod>
	</url><url>
		<loc> https://geoconnex.us/cuahsi/his/YosemiteHydroclimateNetwork/BC1 </loc>
		<lastmod> 2023-06-07 17:42:37.154366 </lastmod>
	</url><url>
		<loc> https://geoconnex.us/cuahsi/his/YosemiteHydroclimateNetwork/BC2 </loc>
		<lastmod> 2023-06-07 17:42:37.154397 </lastmod>
	</url><url>
		<loc> https://geoconnex.us/cuahsi/his/YosemiteHydroclimateNetwork/DC1 </loc>
		<lastmod> 2023-06-07 17:42:37.154423 </lastmod>
	</url><url>
		<loc> https://geoconnex.us/cuahsi/his/YosemiteHydroclimateNetwork/LF1 </loc>
		<lastmod> 2023-06-07 17:42:37.154448 </lastmod>
	</url><url>
		<loc> https://geoconnex.us/cuahsi/his/YosemiteHydroclimateNetwork/LF2 </loc>
		<lastmod> 2023-06-07 17:42:37.154471 </lastmod>
	</url><url>
		<loc> https://geoconnex.us/cuahsi/his/YosemiteHydroclimateNetwork/LF3 </loc>
		<lastmod> 2023-06-07 17:42:37.154495 </lastmod>
	</url><url>
		<loc> https://geoconnex.us/cuahsi/his/YosemiteHydroclimateNetwork/DF1 </loc>
		<lastmod> 2023-06-07 17:42:37.154519 </lastmod>
	</url><url>
		<loc> https://geoconnex.us/cuahsi/his/YosemiteHydroclimateNetwork/TR1 </loc>
		<lastmod> 2023-06-07 17:42:37.154541 </lastmod>
	</url><url>
		<loc> https://geoconnex.us/cuahsi/his/YosemiteHydroclimateNetwork/T01 </loc>
		<lastmod> 2023-06-07 17:42:37.154564 </lastmod>
	</url><url>
		<loc> https://geoconnex.us/cuahsi/his/YosemiteHydroclimateNetwork/T02 </loc>
		<lastmod> 2023-06-07 17:42:37.154586 </lastmod>
	</url><url>
		<loc> https://geoconnex.us/cuahsi/his/YosemiteHydroclimateNetwork/TH03 </loc>
		<lastmod> 2023-06-07 17:42:37.154608 </lastmod>
	</url><url>
		<loc> https://geoconnex.us/cuahsi/his/YosemiteHydroclimateNetwork/TH04 </loc>
		<lastmod> 2023-06-07 17:42:37.154630 </lastmod>
	</url><url>
		<loc> https://geoconnex.us/cuahsi/his/YosemiteHydroclimateNetwork/TH08 </loc>
		<lastmod> 2023-06-07 17:42:37.154652 </lastmod>
	</url><url>
		<loc> https://geoconnex.us/cuahsi/his/YosemiteHydroclimateNetwork/TH09 </loc>
		<lastmod> 2023-06-07 17:42:37.154674 </lastmod>
	</url><url>
		<loc> https://geoconnex.us/cuahsi/his/YosemiteHydroclimateNetwork/TH10 </loc>
		<lastmod> 2023-06-07 17:42:37.154696 </lastmod>
	</url><url>
		<loc> https://geoconnex.us/cuahsi/his/YosemiteHydroclimateNetwork/TH11 </loc>
		<lastmod> 2023-06-07 17:42:37.154718 </lastmod>
	</url><url>
		<loc> https://geoconnex.us/cuahsi/his/YosemiteHydroclimateNetwork/TH12 </loc>
		<lastmod> 2023-06-07 17:42:37.154740 </lastmod>
	</url><url>
		<loc> https://geoconnex.us/cuahsi/his/YosemiteHydroclimateNetwork/TH13 </loc>
		<lastmod> 2023-06-07 17:42:37.154762 </lastmod>
	</url><url>
		<loc> https://geoconnex.us/cuahsi/his/YosemiteHydroclimateNetwork/TH14 </loc>
		<lastmod> 2023-06-07 17:42:37.154783 </lastmod>
	</url><url>
		<loc> https://geoconnex.us/cuahsi/his/YosemiteHydroclimateNetwork/TH15 </loc>
		<lastmod> 2023-06-07 17:42:37.154805 </lastmod>
	</url><url>
		<loc> https://geoconnex.us/cuahsi/his/YosemiteHydroclimateNetwork/TH18 </loc>
		<lastmod> 2023-06-07 17:42:37.154826 </lastmod>
	</url><url>
		<loc> https://geoconnex.us/cuahsi/his/YosemiteHydroclimateNetwork/TH19 </loc>
		<lastmod> 2023-06-07 17:42:37.154848 </lastmod>
	</url><url>
		<loc> https://geoconnex.us/cuahsi/his/YosemiteHydroclimateNetwork/TH31 </loc>
		<lastmod> 2023-06-07 17:42:37.154869 </lastmod>
	</url><url>
		<loc> https://geoconnex.us/cuahsi/his/YosemiteHydroclimateNetwork/TH32 </loc>
		<lastmod> 2023-06-07 17:42:37.154891 </lastmod>
	</url><url>
		<loc> https://geoconnex.us/cuahsi/his/YosemiteHydroclimateNetwork/T34 </loc>
		<lastmod> 2023-06-07 17:42:37.154913 </lastmod>
	</url><url>
		<loc> https://geoconnex.us/cuahsi/his/YosemiteHydroclimateNetwork/T36 </loc>
		<lastmod> 2023-06-07 17:42:37.154935 </lastmod>
	</url><url>
		<loc> https://geoconnex.us/cuahsi/his/YosemiteHydroclimateNetwork/T_E2950 </loc>
		<lastmod> 2023-06-07 17:42:37.154957 </lastmod>
	</url><url>
		<loc> https://geoconnex.us/cuahsi/his/YosemiteHydroclimateNetwork/T_E2902 </loc>
		<lastmod> 2023-06-07 17:42:37.154979 </lastmod>
	</url><url>
		<loc> https://geoconnex.us/cuahsi/his/YosemiteHydroclimateNetwork/T_E2772 </loc>
		<lastmod> 2023-06-07 17:42:37.155001 </lastmod>
	</url><url>
		<loc> https://geoconnex.us/cuahsi/his/YosemiteHydroclimateNetwork/TH_E2759 </loc>
		<lastmod> 2023-06-07 17:42:37.155023 </lastmod>
	</url><url>
		<loc> https://geoconnex.us/cuahsi/his/YosemiteHydroclimateNetwork/T_E2610 </loc>
		<lastmod> 2023-06-07 17:42:37.155045 </lastmod>
	</url><url>
		<loc> https://geoconnex.us/cuahsi/his/YosemiteHydroclimateNetwork/TH_E2478 </loc>
		<lastmod> 2023-06-07 17:42:37.155067 </lastmod>
	</url><url>
		<loc> https://geoconnex.us/cuahsi/his/YosemiteHydroclimateNetwork/T_E2374 </loc>
		<lastmod> 2023-06-07 17:42:37.155088 </lastmod>
	</url><url>
		<loc> https://geoconnex.us/cuahsi/his/YosemiteHydroclimateNetwork/T_E2317 </loc>
		<lastmod> 2023-06-07 17:42:37.155110 </lastmod>
	</url><url>
		<loc> https://geoconnex.us/cuahsi/his/YosemiteHydroclimateNetwork/TH_E2255 </loc>
		<lastmod> 2023-06-07 17:42:37.155132 </lastmod>
	</url><url>
		<loc> https://geoconnex.us/cuahsi/his/YosemiteHydroclimateNetwork/T_E2244 </loc>
		<lastmod> 2023-06-07 17:42:37.155154 </lastmod>
	</url><url>
		<loc> https://geoconnex.us/cuahsi/his/YosemiteHydroclimateNetwork/T_E2119 </loc>
		<lastmod> 2023-06-07 17:42:37.155176 </lastmod>
	</url><url>
		<loc> https://geoconnex.us/cuahsi/his/YosemiteHydroclimateNetwork/TH_W2495 </loc>
		<lastmod> 2023-06-07 17:42:37.155198 </lastmod>
	</url><url>
		<loc> https://geoconnex.us/cuahsi/his/YosemiteHydroclimateNetwork/TH_W2487 </loc>
		<lastmod> 2023-06-07 17:42:37.155219 </lastmod>
	</url><url>
		<loc> https://geoconnex.us/cuahsi/his/YosemiteHydroclimateNetwork/TH_W2438 </loc>
		<lastmod> 2023-06-07 17:42:37.155241 </lastmod>
	</url><url>
		<loc> https://geoconnex.us/cuahsi/his/YosemiteHydroclimateNetwork/TH_W2395 </loc>
		<lastmod> 2023-06-07 17:42:37.155297 </lastmod>
	</url><url>
		<loc> https://geoconnex.us/cuahsi/his/YosemiteHydroclimateNetwork/TH_W2210 </loc>
		<lastmod> 2023-06-07 17:42:37.155324 </lastmod>
	</url><url>
		<loc> https://geoconnex.us/cuahsi/his/YosemiteHydroclimateNetwork/TH_W1880 </loc>
		<lastmod> 2023-06-07 17:42:37.155347 </lastmod>
	</url><url>
		<loc> https://geoconnex.us/cuahsi/his/YosemiteHydroclimateNetwork/TH_W1714 </loc>
		<lastmod> 2023-06-07 17:42:37.155369 </lastmod>
	</url><url>
		<loc> https://geoconnex.us/cuahsi/his/YosemiteHydroclimateNetwork/TH_W1397 </loc>
		<lastmod> 2023-06-07 17:42:37.155390 </lastmod>
	</url><url>
		<loc> https://geoconnex.us/cuahsi/his/YosemiteHydroclimateNetwork/TES </loc>
		<lastmod> 2023-06-07 17:42:37.155412 </lastmod>
	</url><url>
		<loc> https://geoconnex.us/cuahsi/his/YosemiteHydroclimateNetwork/DAN </loc>
		<lastmod> 2023-06-07 17:42:37.155435 </lastmod>
	</url><url>
		<loc> https://geoconnex.us/cuahsi/his/YosemiteHydroclimateNetwork/SLI </loc>
		<lastmod> 2023-06-07 17:42:37.155457 </lastmod>
	</url><url>
		<loc> https://geoconnex.us/cuahsi/his/YosemiteHydroclimateNetwork/TUM </loc>
		<lastmod> 2023-06-07 17:42:37.155479 </lastmod>
	</url><url>
		<loc> https://geoconnex.us/cuahsi/his/YosemiteHydroclimateNetwork/HRS </loc>
		<lastmod> 2023-06-07 17:42:37.155501 </lastmod>
	</url><url>
		<loc> https://geoconnex.us/cuahsi/his/YosemiteHydroclimateNetwork/PDS </loc>
		<lastmod> 2023-06-07 17:42:37.155522 </lastmod>
	</url><url>
		<loc> https://geoconnex.us/cuahsi/his/YosemiteHydroclimateNetwork/KIB </loc>
		<lastmod> 2023-06-07 17:42:37.155544 </lastmod>
	</url><url>
		<loc> https://geoconnex.us/cuahsi/his/YosemiteHydroclimateNetwork/STR </loc>
		<lastmod> 2023-06-07 17:42:37.155566 </lastmod>
	</url><url>
		<loc> https://geoconnex.us/cuahsi/his/YosemiteHydroclimateNetwork/TNY </loc>
		<lastmod> 2023-06-07 17:42:37.155588 </lastmod>
	</url><url>
		<loc> https://geoconnex.us/cuahsi/his/YosemiteHydroclimateNetwork/GIN </loc>
		<lastmod> 2023-06-07 17:42:37.155610 </lastmod>
	</url><url>
		<loc> https://geoconnex.us/cuahsi/his/YosemiteHydroclimateNetwork/VRG </loc>
		<lastmod> 2023-06-07 17:42:37.155631 </lastmod>
	</url><url>
		<loc> https://geoconnex.us/cuahsi/his/YosemiteHydroclimateNetwork/40943 </loc>
		<lastmod> 2023-06-07 17:42:37.155653 </lastmod>
	</url><url>
		<loc> https://geoconnex.us/cuahsi/his/YosemiteHydroclimateNetwork/41072 </loc>
		<lastmod> 2023-06-07 17:42:37.155675 </lastmod>
	</url><url>
		<loc> https://geoconnex.us/cuahsi/his/YosemiteHydroclimateNetwork/41697 </loc>
		<lastmod> 2023-06-07 17:42:37.155697 </lastmod>
	</url><url>
		<loc> https://geoconnex.us/cuahsi/his/YosemiteHydroclimateNetwork/43939 </loc>
		<lastmod> 2023-06-07 17:42:37.155719 </lastmod>
	</url><url>
		<loc> https://geoconnex.us/cuahsi/his/YosemiteHydroclimateNetwork/44881 </loc>
		<lastmod> 2023-06-07 17:42:37.155740 </lastmod>
	</url><url>
		<loc> https://geoconnex.us/cuahsi/his/YosemiteHydroclimateNetwork/45280 </loc>
		<lastmod> 2023-06-07 17:42:37.155762 </lastmod>
	</url><url>
		<loc> https://geoconnex.us/cuahsi/his/YosemiteHydroclimateNetwork/45400 </loc>
		<lastmod> 2023-06-07 17:42:37.155784 </lastmod>
	</url><url>
		<loc> https://geoconnex.us/cuahsi/his/YosemiteHydroclimateNetwork/48380 </loc>
		<lastmod> 2023-06-07 17:42:37.155805 </lastmod>
	</url><url>
		<loc> https://geoconnex.us/cuahsi/his/YosemiteHydroclimateNetwork/49855 </loc>
		<lastmod> 2023-06-07 17:42:37.155827 </lastmod>
	</url><url>
		<loc> https://geoconnex.us/cuahsi/his/YosemiteHydroclimateNetwork/R58 </loc>
		<lastmod> 2023-06-07 17:42:37.155849 </lastmod>
	</url><url>
		<loc> https://geoconnex.us/cuahsi/his/YosemiteHydroclimateNetwork/R59 </loc>
		<lastmod> 2023-06-07 17:42:37.155870 </lastmod>
	</url><url>
		<loc> https://geoconnex.us/cuahsi/his/YosemiteHydroclimateNetwork/R60 </loc>
		<lastmod> 2023-06-07 17:42:37.155892 </lastmod>
	</url><url>
		<loc> https://geoconnex.us/cuahsi/his/YosemiteHydroclimateNetwork/R61 </loc>
		<lastmod> 2023-06-07 17:42:37.155914 </lastmod>
	</url><url>
		<loc> https://geoconnex.us/cuahsi/his/YosemiteHydroclimateNetwork/R62 </loc>
		<lastmod> 2023-06-07 17:42:37.155936 </lastmod>
	</url><url>
		<loc> https://geoconnex.us/cuahsi/his/YosemiteHydroclimateNetwork/B01 </loc>
		<lastmod> 2023-06-07 17:42:37.155958 </lastmod>
	</url><url>
		<loc> https://geoconnex.us/cuahsi/his/YosemiteHydroclimateNetwork/B02 </loc>
		<lastmod> 2023-06-07 17:42:37.155980 </lastmod>
	</url><url>
		<loc> https://geoconnex.us/cuahsi/his/YosemiteHydroclimateNetwork/B03 </loc>
		<lastmod> 2023-06-07 17:42:37.156008 </lastmod>
	</url><url>
		<loc> https://geoconnex.us/cuahsi/his/YosemiteHydroclimateNetwork/B04 </loc>
		<lastmod> 2023-06-07 17:42:37.156034 </lastmod>
	</url><url>
		<loc> https://geoconnex.us/cuahsi/his/YosemiteHydroclimateNetwork/B06 </loc>
		<lastmod> 2023-06-07 17:42:37.156056 </lastmod>
	</url><url>
		<loc> https://geoconnex.us/cuahsi/his/YosemiteHydroclimateNetwork/Bre </loc>
		<lastmod> 2023-06-07 17:42:37.156078 </lastmod>
	</url><url>
		<loc> https://geoconnex.us/cuahsi/his/YosemiteHydroclimateNetwork/TH_E2902 </loc>
		<lastmod> 2023-06-07 17:42:37.156099 </lastmod>
	</url><url>
		<loc> https://geoconnex.us/cuahsi/his/YosemiteHydroclimateNetwork/DF2 </loc>
		<lastmod> 2023-06-07 17:42:37.156121 </lastmod>
	</url><url>
		<loc> https://geoconnex.us/cuahsi/his/YosemiteHydroclimateNetwork/HH1 </loc>
		<lastmod> 2023-06-07 17:42:37.156142 </lastmod>
	</url><url>
		<loc> https://geoconnex.us/cuahsi/his/YosemiteHydroclimateNetwork/AF01 </loc>
		<lastmod> 2023-06-07 17:42:37.156164 </lastmod>
	</url></ns0:urlset>