<?xml version='1.0' encoding='utf-8'?>
<ns0:urlset xmlns:ns0="http://www.sitemaps.org/schemas/sitemap/0.9">
<url>
		<loc> https://geoconnex.us/cuahsi/his/ODM_KentState/Port_Airport </loc>
		<lastmod> 2022-12-05 03:53:30.846859 </lastmod>
	</url><url>
		<loc> https://geoconnex.us/cuahsi/his/ODM_KentState/Jennings </loc>
		<lastmod> 2022-12-05 03:53:30.846887 </lastmod>
	</url><url>
		<loc> https://geoconnex.us/cuahsi/his/ODM_KentState/KOH </loc>
		<lastmod> 2022-12-05 03:53:30.846905 </lastmod>
	</url></ns0:urlset>