<?xml version='1.0' encoding='utf-8'?>
<ns0:urlset xmlns:ns0="http://www.sitemaps.org/schemas/sitemap/0.9">
<url>
		<loc> https://geoconnex.us/cuahsi/his/MuddyRiver/MuddyRiver_1 </loc>
		<lastmod> 2023-06-24 02:47:27.881339 </lastmod>
	</url><url>
		<loc> https://geoconnex.us/cuahsi/his/MuddyRiver/MuddyRiver_2 </loc>
		<lastmod> 2023-06-24 02:47:27.881379 </lastmod>
	</url><url>
		<loc> https://geoconnex.us/cuahsi/his/MuddyRiver/MuddyRiver_3 </loc>
		<lastmod> 2023-06-24 02:47:27.881405 </lastmod>
	</url><url>
		<loc> https://geoconnex.us/cuahsi/his/MuddyRiver/MuddyRiver_4 </loc>
		<lastmod> 2023-06-24 02:47:27.881426 </lastmod>
	</url><url>
		<loc> https://geoconnex.us/cuahsi/his/MuddyRiver/MuddyRiver_5 </loc>
		<lastmod> 2023-06-24 02:47:27.881446 </lastmod>
	</url><url>
		<loc> https://geoconnex.us/cuahsi/his/MuddyRiver/MuddyRiver_6 </loc>
		<lastmod> 2023-06-24 02:47:27.881466 </lastmod>
	</url><url>
		<loc> https://geoconnex.us/cuahsi/his/MuddyRiver/MuddyRiver_7 </loc>
		<lastmod> 2023-06-24 02:47:27.881485 </lastmod>
	</url><url>
		<loc> https://geoconnex.us/cuahsi/his/MuddyRiver/MuddyRiver_8 </loc>
		<lastmod> 2023-06-24 02:47:27.881504 </lastmod>
	</url><url>
		<loc> https://geoconnex.us/cuahsi/his/MuddyRiver/MuddyRiver_9 </loc>
		<lastmod> 2023-06-24 02:47:27.881522 </lastmod>
	</url><url>
		<loc> https://geoconnex.us/cuahsi/his/MuddyRiver/MuddyRiver_10 </loc>
		<lastmod> 2023-06-24 02:47:27.881541 </lastmod>
	</url><url>
		<loc> https://geoconnex.us/cuahsi/his/MuddyRiver/MuddyRiver_11 </loc>
		<lastmod> 2023-06-24 02:47:27.881560 </lastmod>
	</url><url>
		<loc> https://geoconnex.us/cuahsi/his/MuddyRiver/MuddyRiver_13 </loc>
		<lastmod> 2023-06-24 02:47:27.881578 </lastmod>
	</url><url>
		<loc> https://geoconnex.us/cuahsi/his/MuddyRiver/MuddyRiver_14 </loc>
		<lastmod> 2023-06-24 02:47:27.881597 </lastmod>
	</url><url>
		<loc> https://geoconnex.us/cuahsi/his/MuddyRiver/MuddyRiver_12 </loc>
		<lastmod> 2023-06-24 02:47:27.881615 </lastmod>
	</url></ns0:urlset>