<?xml version='1.0' encoding='utf-8'?>
<ns0:urlset xmlns:ns0="http://www.sitemaps.org/schemas/sitemap/0.9">
<url>
		<loc> https://geoconnex.us/cuahsi/his/Nevados/2272886 </loc>
		<lastmod> 2022-04-07 15:39:36.748563 </lastmod>
	</url><url>
		<loc> https://geoconnex.us/cuahsi/his/Nevados/2272887 </loc>
		<lastmod> 2022-04-07 15:39:36.748593 </lastmod>
	</url><url>
		<loc> https://geoconnex.us/cuahsi/his/Nevados/2272888 </loc>
		<lastmod> 2022-04-07 15:39:36.748613 </lastmod>
	</url><url>
		<loc> https://geoconnex.us/cuahsi/his/Nevados/2272889 </loc>
		<lastmod> 2022-04-07 15:39:36.748630 </lastmod>
	</url><url>
		<loc> https://geoconnex.us/cuahsi/his/Nevados/9950000 </loc>
		<lastmod> 2022-04-07 15:39:36.748646 </lastmod>
	</url><url>
		<loc> https://geoconnex.us/cuahsi/his/Nevados/10047204 </loc>
		<lastmod> 2022-04-07 15:39:36.748661 </lastmod>
	</url><url>
		<loc> https://geoconnex.us/cuahsi/his/Nevados/10170473 </loc>
		<lastmod> 2022-04-07 15:39:36.748676 </lastmod>
	</url><url>
		<loc> https://geoconnex.us/cuahsi/his/Nevados/10409121 </loc>
		<lastmod> 2022-04-07 15:39:36.748690 </lastmod>
	</url><url>
		<loc> https://geoconnex.us/cuahsi/his/Nevados/10409122 </loc>
		<lastmod> 2022-04-07 15:39:36.748704 </lastmod>
	</url><url>
		<loc> https://geoconnex.us/cuahsi/his/Nevados/10409123 </loc>
		<lastmod> 2022-04-07 15:39:36.748719 </lastmod>
	</url><url>
		<loc> https://geoconnex.us/cuahsi/his/Nevados/10170474 </loc>
		<lastmod> 2022-04-07 15:39:36.748733 </lastmod>
	</url><url>
		<loc> https://geoconnex.us/cuahsi/his/Nevados/10667797 </loc>
		<lastmod> 2022-04-07 15:39:36.748747 </lastmod>
	</url><url>
		<loc> https://geoconnex.us/cuahsi/his/Nevados/10667798 </loc>
		<lastmod> 2022-04-07 15:39:36.748761 </lastmod>
	</url><url>
		<loc> https://geoconnex.us/cuahsi/his/Nevados/10667799 </loc>
		<lastmod> 2022-04-07 15:39:36.748775 </lastmod>
	</url><url>
		<loc> https://geoconnex.us/cuahsi/his/Nevados/10790471 </loc>
		<lastmod> 2022-04-07 15:39:36.748788 </lastmod>
	</url><url>
		<loc> https://geoconnex.us/cuahsi/his/Nevados/10790472 </loc>
		<lastmod> 2022-04-07 15:39:36.748803 </lastmod>
	</url><url>
		<loc> https://geoconnex.us/cuahsi/his/Nevados/10790475 </loc>
		<lastmod> 2022-04-07 15:39:36.748816 </lastmod>
	</url><url>
		<loc> https://geoconnex.us/cuahsi/his/Nevados/10790476 </loc>
		<lastmod> 2022-04-07 15:39:36.748831 </lastmod>
	</url><url>
		<loc> https://geoconnex.us/cuahsi/his/Nevados/0000Santa_Isabel </loc>
		<lastmod> 2022-04-07 15:39:36.748845 </lastmod>
	</url><url>
		<loc> https://geoconnex.us/cuahsi/his/Nevados/2886Salto_Cueva </loc>
		<lastmod> 2022-04-07 15:39:36.748858 </lastmod>
	</url><url>
		<loc> https://geoconnex.us/cuahsi/his/Nevados/2887Microcentral </loc>
		<lastmod> 2022-04-07 15:39:36.748873 </lastmod>
	</url><url>
		<loc> https://geoconnex.us/cuahsi/his/Nevados/2888El_Cisne </loc>
		<lastmod> 2022-04-07 15:39:36.748887 </lastmod>
	</url><url>
		<loc> https://geoconnex.us/cuahsi/his/Nevados/2889Nariz_Diablo </loc>
		<lastmod> 2022-04-07 15:39:36.748901 </lastmod>
	</url><url>
		<loc> https://geoconnex.us/cuahsi/his/Nevados/09121San_Antonio </loc>
		<lastmod> 2022-04-07 15:39:36.748915 </lastmod>
	</url><url>
		<loc> https://geoconnex.us/cuahsi/his/Nevados/09122La_Fonda </loc>
		<lastmod> 2022-04-07 15:39:36.748929 </lastmod>
	</url><url>
		<loc> https://geoconnex.us/cuahsi/his/Nevados/09123La_Quinta </loc>
		<lastmod> 2022-04-07 15:39:36.748944 </lastmod>
	</url><url>
		<loc> https://geoconnex.us/cuahsi/his/Nevados/67797FincaBuenavista </loc>
		<lastmod> 2022-04-07 15:39:36.748959 </lastmod>
	</url><url>
		<loc> https://geoconnex.us/cuahsi/his/Nevados/6779898ClaroMolinos </loc>
		<lastmod> 2022-04-07 15:39:36.748973 </lastmod>
	</url><url>
		<loc> https://geoconnex.us/cuahsi/his/Nevados/67799Molinos </loc>
		<lastmod> 2022-04-07 15:39:36.748988 </lastmod>
	</url><url>
		<loc> https://geoconnex.us/cuahsi/his/Nevados/70473Valle_Quemado_1 </loc>
		<lastmod> 2022-04-07 15:39:36.749002 </lastmod>
	</url><url>
		<loc> https://geoconnex.us/cuahsi/his/Nevados/70474Valle_Quemado_2 </loc>
		<lastmod> 2022-04-07 15:39:36.749016 </lastmod>
	</url><url>
		<loc> https://geoconnex.us/cuahsi/his/Nevados/90471LosAlpes </loc>
		<lastmod> 2022-04-07 15:39:36.749030 </lastmod>
	</url><url>
		<loc> https://geoconnex.us/cuahsi/his/Nevados/90472PozoNereidas </loc>
		<lastmod> 2022-04-07 15:39:36.749044 </lastmod>
	</url><url>
		<loc> https://geoconnex.us/cuahsi/his/Nevados/90475Alfombrales </loc>
		<lastmod> 2022-04-07 15:39:36.749058 </lastmod>
	</url><url>
		<loc> https://geoconnex.us/cuahsi/his/Nevados/90476ZigZag </loc>
		<lastmod> 2022-04-07 15:39:36.749072 </lastmod>
	</url><url>
		<loc> https://geoconnex.us/cuahsi/his/Nevados/39281Lupinus_ValleyII </loc>
		<lastmod> 2022-04-07 15:39:36.749086 </lastmod>
	</url><url>
		<loc> https://geoconnex.us/cuahsi/his/Nevados/09123LaQuinta </loc>
		<lastmod> 2022-04-07 15:39:36.749100 </lastmod>
	</url></ns0:urlset>