<?xml version='1.0' encoding='utf-8'?>
<ns0:urlset xmlns:ns0="http://www.sitemaps.org/schemas/sitemap/0.9">
<url>
		<loc> https://geoconnex.us/cuahsi/his/Red_Butte_Creek_GAMUT/RB_KF_C </loc>
		<lastmod> 2022-05-19 20:23:28.630044 </lastmod>
	</url><url>
		<loc> https://geoconnex.us/cuahsi/his/Red_Butte_Creek_GAMUT/RB_KF_R </loc>
		<lastmod> 2022-05-19 20:23:28.630075 </lastmod>
	</url><url>
		<loc> https://geoconnex.us/cuahsi/his/Red_Butte_Creek_GAMUT/RB_KF_BA </loc>
		<lastmod> 2022-05-19 20:23:28.630094 </lastmod>
	</url><url>
		<loc> https://geoconnex.us/cuahsi/his/Red_Butte_Creek_GAMUT/RB_KF_S </loc>
		<lastmod> 2022-05-19 20:23:28.630110 </lastmod>
	</url><url>
		<loc> https://geoconnex.us/cuahsi/his/Red_Butte_Creek_GAMUT/RB_ARBR_C </loc>
		<lastmod> 2022-05-19 20:23:28.630124 </lastmod>
	</url><url>
		<loc> https://geoconnex.us/cuahsi/his/Red_Butte_Creek_GAMUT/RB_ARBR_AA </loc>
		<lastmod> 2022-05-19 20:23:28.630139 </lastmod>
	</url><url>
		<loc> https://geoconnex.us/cuahsi/his/Red_Butte_Creek_GAMUT/RB_RBG_BA </loc>
		<lastmod> 2022-05-19 20:23:28.630154 </lastmod>
	</url><url>
		<loc> https://geoconnex.us/cuahsi/his/Red_Butte_Creek_GAMUT/RB_CG_BA </loc>
		<lastmod> 2022-05-19 20:23:28.630168 </lastmod>
	</url><url>
		<loc> https://geoconnex.us/cuahsi/his/Red_Butte_Creek_GAMUT/RB_GIRF_C </loc>
		<lastmod> 2022-05-19 20:23:28.630182 </lastmod>
	</url><url>
		<loc> https://geoconnex.us/cuahsi/his/Red_Butte_Creek_GAMUT/RB_FD_AA </loc>
		<lastmod> 2022-05-19 20:23:28.630196 </lastmod>
	</url><url>
		<loc> https://geoconnex.us/cuahsi/his/Red_Butte_Creek_GAMUT/RB_ARBR_USGS </loc>
		<lastmod> 2022-05-19 20:23:28.630209 </lastmod>
	</url><url>
		<loc> https://geoconnex.us/cuahsi/his/Red_Butte_Creek_GAMUT/RB_TM_C </loc>
		<lastmod> 2022-05-19 20:23:28.630223 </lastmod>
	</url><url>
		<loc> https://geoconnex.us/cuahsi/his/Red_Butte_Creek_GAMUT/RB_RBR_CUWCD </loc>
		<lastmod> 2022-05-19 20:23:28.630237 </lastmod>
	</url><url>
		<loc> https://geoconnex.us/cuahsi/his/Red_Butte_Creek_GAMUT/RB_CR_SD </loc>
		<lastmod> 2022-05-19 20:23:28.630251 </lastmod>
	</url><url>
		<loc> https://geoconnex.us/cuahsi/his/Red_Butte_Creek_GAMUT/RB_GIRF_SD </loc>
		<lastmod> 2022-05-19 20:23:28.630264 </lastmod>
	</url><url>
		<loc> https://geoconnex.us/cuahsi/his/Red_Butte_Creek_GAMUT/RB_FortD_SD </loc>
		<lastmod> 2022-05-19 20:23:28.630278 </lastmod>
	</url><url>
		<loc> https://geoconnex.us/cuahsi/his/Red_Butte_Creek_GAMUT/RB_Dent_SD </loc>
		<lastmod> 2022-05-19 20:23:28.630291 </lastmod>
	</url><url>
		<loc> https://geoconnex.us/cuahsi/his/Red_Butte_Creek_GAMUT/RB_900W_BA </loc>
		<lastmod> 2022-05-19 20:23:28.630305 </lastmod>
	</url><url>
		<loc> https://geoconnex.us/cuahsi/his/Red_Butte_Creek_GAMUT/RB_1300E_A </loc>
		<lastmod> 2022-05-19 20:23:28.630319 </lastmod>
	</url><url>
		<loc> https://geoconnex.us/cuahsi/his/Red_Butte_Creek_GAMUT/RB_LKF_A </loc>
		<lastmod> 2022-05-19 20:23:28.630332 </lastmod>
	</url></ns0:urlset>