<?xml version='1.0' encoding='utf-8'?>
<ns0:urlset xmlns:ns0="http://www.sitemaps.org/schemas/sitemap/0.9">
<url>
		<loc> https://geoconnex.us/cuahsi/his/Mazar_River_Project/Mazar1 </loc>
		<lastmod> 2022-04-13 12:59:23.829331 </lastmod>
	</url><url>
		<loc> https://geoconnex.us/cuahsi/his/Mazar_River_Project/La_Libertad </loc>
		<lastmod> 2022-04-13 12:59:23.829377 </lastmod>
	</url><url>
		<loc> https://geoconnex.us/cuahsi/his/Mazar_River_Project/Rio_Mazar </loc>
		<lastmod> 2022-04-13 12:59:23.829405 </lastmod>
	</url><url>
		<loc> https://geoconnex.us/cuahsi/his/Mazar_River_Project/Jennings </loc>
		<lastmod> 2022-04-13 12:59:23.829429 </lastmod>
	</url><url>
		<loc> https://geoconnex.us/cuahsi/his/Mazar_River_Project/KOH </loc>
		<lastmod> 2022-04-13 12:59:23.829450 </lastmod>
	</url><url>
		<loc> https://geoconnex.us/cuahsi/his/Mazar_River_Project/391423077150501 </loc>
		<lastmod> 2022-04-13 12:59:23.829471 </lastmod>
	</url><url>
		<loc> https://geoconnex.us/cuahsi/his/Mazar_River_Project/391426077151701 </loc>
		<lastmod> 2022-04-13 12:59:23.829493 </lastmod>
	</url><url>
		<loc> https://geoconnex.us/cuahsi/his/Mazar_River_Project/391421077153901 </loc>
		<lastmod> 2022-04-13 12:59:23.829514 </lastmod>
	</url><url>
		<loc> https://geoconnex.us/cuahsi/his/Mazar_River_Project/391433077154101 </loc>
		<lastmod> 2022-04-13 12:59:23.829535 </lastmod>
	</url><url>
		<loc> https://geoconnex.us/cuahsi/his/Mazar_River_Project/391425077160301 </loc>
		<lastmod> 2022-04-13 12:59:23.829555 </lastmod>
	</url><url>
		<loc> https://geoconnex.us/cuahsi/his/Mazar_River_Project/391420077153301 </loc>
		<lastmod> 2022-04-13 12:59:23.829575 </lastmod>
	</url><url>
		<loc> https://geoconnex.us/cuahsi/his/Mazar_River_Project/391359077152601 </loc>
		<lastmod> 2022-04-13 12:59:23.829595 </lastmod>
	</url><url>
		<loc> https://geoconnex.us/cuahsi/his/Mazar_River_Project/wq7 </loc>
		<lastmod> 2022-04-13 12:59:23.829615 </lastmod>
	</url><url>
		<loc> https://geoconnex.us/cuahsi/his/Mazar_River_Project/wq8 </loc>
		<lastmod> 2022-04-13 12:59:23.829635 </lastmod>
	</url><url>
		<loc> https://geoconnex.us/cuahsi/his/Mazar_River_Project/wq117 </loc>
		<lastmod> 2022-04-13 12:59:23.829654 </lastmod>
	</url><url>
		<loc> https://geoconnex.us/cuahsi/his/Mazar_River_Project/wq118 </loc>
		<lastmod> 2022-04-13 12:59:23.829674 </lastmod>
	</url><url>
		<loc> https://geoconnex.us/cuahsi/his/Mazar_River_Project/wq119 </loc>
		<lastmod> 2022-04-13 12:59:23.829694 </lastmod>
	</url><url>
		<loc> https://geoconnex.us/cuahsi/his/Mazar_River_Project/wq120 </loc>
		<lastmod> 2022-04-13 12:59:23.829714 </lastmod>
	</url><url>
		<loc> https://geoconnex.us/cuahsi/his/Mazar_River_Project/wq127 </loc>
		<lastmod> 2022-04-13 12:59:23.829733 </lastmod>
	</url><url>
		<loc> https://geoconnex.us/cuahsi/his/Mazar_River_Project/wq129 </loc>
		<lastmod> 2022-04-13 12:59:23.829753 </lastmod>
	</url><url>
		<loc> https://geoconnex.us/cuahsi/his/Mazar_River_Project/wq131 </loc>
		<lastmod> 2022-04-13 12:59:23.829773 </lastmod>
	</url><url>
		<loc> https://geoconnex.us/cuahsi/his/Mazar_River_Project/wq133 </loc>
		<lastmod> 2022-04-13 12:59:23.829792 </lastmod>
	</url><url>
		<loc> https://geoconnex.us/cuahsi/his/Mazar_River_Project/wq134 </loc>
		<lastmod> 2022-04-13 12:59:23.829811 </lastmod>
	</url><url>
		<loc> https://geoconnex.us/cuahsi/his/Mazar_River_Project/wq135 </loc>
		<lastmod> 2022-04-13 12:59:23.829831 </lastmod>
	</url><url>
		<loc> https://geoconnex.us/cuahsi/his/Mazar_River_Project/wq136 </loc>
		<lastmod> 2022-04-13 12:59:23.829850 </lastmod>
	</url><url>
		<loc> https://geoconnex.us/cuahsi/his/Mazar_River_Project/wq138 </loc>
		<lastmod> 2022-04-13 12:59:23.829869 </lastmod>
	</url><url>
		<loc> https://geoconnex.us/cuahsi/his/Mazar_River_Project/wq139 </loc>
		<lastmod> 2022-04-13 12:59:23.829889 </lastmod>
	</url><url>
		<loc> https://geoconnex.us/cuahsi/his/Mazar_River_Project/wq140 </loc>
		<lastmod> 2022-04-13 12:59:23.829909 </lastmod>
	</url><url>
		<loc> https://geoconnex.us/cuahsi/his/Mazar_River_Project/wq143 </loc>
		<lastmod> 2022-04-13 12:59:23.829928 </lastmod>
	</url><url>
		<loc> https://geoconnex.us/cuahsi/his/Mazar_River_Project/wq193 </loc>
		<lastmod> 2022-04-13 12:59:23.829948 </lastmod>
	</url><url>
		<loc> https://geoconnex.us/cuahsi/his/Mazar_River_Project/wq221 </loc>
		<lastmod> 2022-04-13 12:59:23.829967 </lastmod>
	</url><url>
		<loc> https://geoconnex.us/cuahsi/his/Mazar_River_Project/wq222 </loc>
		<lastmod> 2022-04-13 12:59:23.829987 </lastmod>
	</url><url>
		<loc> https://geoconnex.us/cuahsi/his/Mazar_River_Project/wq224 </loc>
		<lastmod> 2022-04-13 12:59:23.830006 </lastmod>
	</url><url>
		<loc> https://geoconnex.us/cuahsi/his/Mazar_River_Project/wq225 </loc>
		<lastmod> 2022-04-13 12:59:23.830025 </lastmod>
	</url><url>
		<loc> https://geoconnex.us/cuahsi/his/Mazar_River_Project/wq226 </loc>
		<lastmod> 2022-04-13 12:59:23.830044 </lastmod>
	</url><url>
		<loc> https://geoconnex.us/cuahsi/his/Mazar_River_Project/wq227 </loc>
		<lastmod> 2022-04-13 12:59:23.830064 </lastmod>
	</url><url>
		<loc> https://geoconnex.us/cuahsi/his/Mazar_River_Project/wq228 </loc>
		<lastmod> 2022-04-13 12:59:23.830084 </lastmod>
	</url><url>
		<loc> https://geoconnex.us/cuahsi/his/Mazar_River_Project/wq233 </loc>
		<lastmod> 2022-04-13 12:59:23.830103 </lastmod>
	</url><url>
		<loc> https://geoconnex.us/cuahsi/his/Mazar_River_Project/wq234 </loc>
		<lastmod> 2022-04-13 12:59:23.830122 </lastmod>
	</url><url>
		<loc> https://geoconnex.us/cuahsi/his/Mazar_River_Project/wq235 </loc>
		<lastmod> 2022-04-13 12:59:23.830141 </lastmod>
	</url><url>
		<loc> https://geoconnex.us/cuahsi/his/Mazar_River_Project/wq236 </loc>
		<lastmod> 2022-04-13 12:59:23.830160 </lastmod>
	</url><url>
		<loc> https://geoconnex.us/cuahsi/his/Mazar_River_Project/wq238 </loc>
		<lastmod> 2022-04-13 12:59:23.830179 </lastmod>
	</url><url>
		<loc> https://geoconnex.us/cuahsi/his/Mazar_River_Project/wq239 </loc>
		<lastmod> 2022-04-13 12:59:23.830198 </lastmod>
	</url><url>
		<loc> https://geoconnex.us/cuahsi/his/Mazar_River_Project/wq240 </loc>
		<lastmod> 2022-04-13 12:59:23.830218 </lastmod>
	</url><url>
		<loc> https://geoconnex.us/cuahsi/his/Mazar_River_Project/wq241 </loc>
		<lastmod> 2022-04-13 12:59:23.830237 </lastmod>
	</url><url>
		<loc> https://geoconnex.us/cuahsi/his/Mazar_River_Project/wq253 </loc>
		<lastmod> 2022-04-13 12:59:23.830256 </lastmod>
	</url><url>
		<loc> https://geoconnex.us/cuahsi/his/Mazar_River_Project/wq255 </loc>
		<lastmod> 2022-04-13 12:59:23.830276 </lastmod>
	</url><url>
		<loc> https://geoconnex.us/cuahsi/his/Mazar_River_Project/wq259 </loc>
		<lastmod> 2022-04-13 12:59:23.830296 </lastmod>
	</url><url>
		<loc> https://geoconnex.us/cuahsi/his/Mazar_River_Project/wq260 </loc>
		<lastmod> 2022-04-13 12:59:23.830315 </lastmod>
	</url><url>
		<loc> https://geoconnex.us/cuahsi/his/Mazar_River_Project/wq261 </loc>
		<lastmod> 2022-04-13 12:59:23.830334 </lastmod>
	</url><url>
		<loc> https://geoconnex.us/cuahsi/his/Mazar_River_Project/wq262 </loc>
		<lastmod> 2022-04-13 12:59:23.830354 </lastmod>
	</url><url>
		<loc> https://geoconnex.us/cuahsi/his/Mazar_River_Project/wq264 </loc>
		<lastmod> 2022-04-13 12:59:23.830373 </lastmod>
	</url><url>
		<loc> https://geoconnex.us/cuahsi/his/Mazar_River_Project/wq265 </loc>
		<lastmod> 2022-04-13 12:59:23.830398 </lastmod>
	</url><url>
		<loc> https://geoconnex.us/cuahsi/his/Mazar_River_Project/wq266 </loc>
		<lastmod> 2022-04-13 12:59:23.830464 </lastmod>
	</url><url>
		<loc> https://geoconnex.us/cuahsi/his/Mazar_River_Project/wq267 </loc>
		<lastmod> 2022-04-13 12:59:23.830491 </lastmod>
	</url><url>
		<loc> https://geoconnex.us/cuahsi/his/Mazar_River_Project/wq268 </loc>
		<lastmod> 2022-04-13 12:59:23.830512 </lastmod>
	</url><url>
		<loc> https://geoconnex.us/cuahsi/his/Mazar_River_Project/wq269 </loc>
		<lastmod> 2022-04-13 12:59:23.830532 </lastmod>
	</url><url>
		<loc> https://geoconnex.us/cuahsi/his/Mazar_River_Project/wq270 </loc>
		<lastmod> 2022-04-13 12:59:23.830552 </lastmod>
	</url><url>
		<loc> https://geoconnex.us/cuahsi/his/Mazar_River_Project/wq271 </loc>
		<lastmod> 2022-04-13 12:59:23.830572 </lastmod>
	</url><url>
		<loc> https://geoconnex.us/cuahsi/his/Mazar_River_Project/wq272 </loc>
		<lastmod> 2022-04-13 12:59:23.830591 </lastmod>
	</url><url>
		<loc> https://geoconnex.us/cuahsi/his/Mazar_River_Project/wq275 </loc>
		<lastmod> 2022-04-13 12:59:23.830611 </lastmod>
	</url><url>
		<loc> https://geoconnex.us/cuahsi/his/Mazar_River_Project/wq290 </loc>
		<lastmod> 2022-04-13 12:59:23.830631 </lastmod>
	</url><url>
		<loc> https://geoconnex.us/cuahsi/his/Mazar_River_Project/wq296 </loc>
		<lastmod> 2022-04-13 12:59:23.830650 </lastmod>
	</url><url>
		<loc> https://geoconnex.us/cuahsi/his/Mazar_River_Project/wq297 </loc>
		<lastmod> 2022-04-13 12:59:23.830670 </lastmod>
	</url><url>
		<loc> https://geoconnex.us/cuahsi/his/Mazar_River_Project/wq299 </loc>
		<lastmod> 2022-04-13 12:59:23.830689 </lastmod>
	</url><url>
		<loc> https://geoconnex.us/cuahsi/his/Mazar_River_Project/wq300 </loc>
		<lastmod> 2022-04-13 12:59:23.830709 </lastmod>
	</url><url>
		<loc> https://geoconnex.us/cuahsi/his/Mazar_River_Project/wq301 </loc>
		<lastmod> 2022-04-13 12:59:23.830728 </lastmod>
	</url><url>
		<loc> https://geoconnex.us/cuahsi/his/Mazar_River_Project/wq302 </loc>
		<lastmod> 2022-04-13 12:59:23.830748 </lastmod>
	</url><url>
		<loc> https://geoconnex.us/cuahsi/his/Mazar_River_Project/wq303 </loc>
		<lastmod> 2022-04-13 12:59:23.830767 </lastmod>
	</url><url>
		<loc> https://geoconnex.us/cuahsi/his/Mazar_River_Project/wq304 </loc>
		<lastmod> 2022-04-13 12:59:23.830786 </lastmod>
	</url><url>
		<loc> https://geoconnex.us/cuahsi/his/Mazar_River_Project/wq305 </loc>
		<lastmod> 2022-04-13 12:59:23.830806 </lastmod>
	</url><url>
		<loc> https://geoconnex.us/cuahsi/his/Mazar_River_Project/wq306 </loc>
		<lastmod> 2022-04-13 12:59:23.830825 </lastmod>
	</url><url>
		<loc> https://geoconnex.us/cuahsi/his/Mazar_River_Project/wq308 </loc>
		<lastmod> 2022-04-13 12:59:23.830844 </lastmod>
	</url><url>
		<loc> https://geoconnex.us/cuahsi/his/Mazar_River_Project/wq309 </loc>
		<lastmod> 2022-04-13 12:59:23.830865 </lastmod>
	</url><url>
		<loc> https://geoconnex.us/cuahsi/his/Mazar_River_Project/wq310 </loc>
		<lastmod> 2022-04-13 12:59:23.830885 </lastmod>
	</url><url>
		<loc> https://geoconnex.us/cuahsi/his/Mazar_River_Project/wq311 </loc>
		<lastmod> 2022-04-13 12:59:23.830905 </lastmod>
	</url><url>
		<loc> https://geoconnex.us/cuahsi/his/Mazar_River_Project/wq312 </loc>
		<lastmod> 2022-04-13 12:59:23.830925 </lastmod>
	</url><url>
		<loc> https://geoconnex.us/cuahsi/his/Mazar_River_Project/wq325 </loc>
		<lastmod> 2022-04-13 12:59:23.830945 </lastmod>
	</url><url>
		<loc> https://geoconnex.us/cuahsi/his/Mazar_River_Project/wq326 </loc>
		<lastmod> 2022-04-13 12:59:23.830964 </lastmod>
	</url><url>
		<loc> https://geoconnex.us/cuahsi/his/Mazar_River_Project/wq456 </loc>
		<lastmod> 2022-04-13 12:59:23.830983 </lastmod>
	</url><url>
		<loc> https://geoconnex.us/cuahsi/his/Mazar_River_Project/wq457 </loc>
		<lastmod> 2022-04-13 12:59:23.831003 </lastmod>
	</url><url>
		<loc> https://geoconnex.us/cuahsi/his/Mazar_River_Project/wq475 </loc>
		<lastmod> 2022-04-13 12:59:23.831023 </lastmod>
	</url><url>
		<loc> https://geoconnex.us/cuahsi/his/Mazar_River_Project/wq477 </loc>
		<lastmod> 2022-04-13 12:59:23.831042 </lastmod>
	</url><url>
		<loc> https://geoconnex.us/cuahsi/his/Mazar_River_Project/wq478 </loc>
		<lastmod> 2022-04-13 12:59:23.831061 </lastmod>
	</url><url>
		<loc> https://geoconnex.us/cuahsi/his/Mazar_River_Project/wq480 </loc>
		<lastmod> 2022-04-13 12:59:23.831081 </lastmod>
	</url><url>
		<loc> https://geoconnex.us/cuahsi/his/Mazar_River_Project/wq482 </loc>
		<lastmod> 2022-04-13 12:59:23.831100 </lastmod>
	</url><url>
		<loc> https://geoconnex.us/cuahsi/his/Mazar_River_Project/wq484 </loc>
		<lastmod> 2022-04-13 12:59:23.831119 </lastmod>
	</url><url>
		<loc> https://geoconnex.us/cuahsi/his/Mazar_River_Project/wq553 </loc>
		<lastmod> 2022-04-13 12:59:23.831138 </lastmod>
	</url><url>
		<loc> https://geoconnex.us/cuahsi/his/Mazar_River_Project/wq554 </loc>
		<lastmod> 2022-04-13 12:59:23.831158 </lastmod>
	</url><url>
		<loc> https://geoconnex.us/cuahsi/his/Mazar_River_Project/wq555 </loc>
		<lastmod> 2022-04-13 12:59:23.831178 </lastmod>
	</url><url>
		<loc> https://geoconnex.us/cuahsi/his/Mazar_River_Project/wq563 </loc>
		<lastmod> 2022-04-13 12:59:23.831197 </lastmod>
	</url><url>
		<loc> https://geoconnex.us/cuahsi/his/Mazar_River_Project/wq566 </loc>
		<lastmod> 2022-04-13 12:59:23.831217 </lastmod>
	</url><url>
		<loc> https://geoconnex.us/cuahsi/his/Mazar_River_Project/wq567 </loc>
		<lastmod> 2022-04-13 12:59:23.831236 </lastmod>
	</url><url>
		<loc> https://geoconnex.us/cuahsi/his/Mazar_River_Project/wq568 </loc>
		<lastmod> 2022-04-13 12:59:23.831256 </lastmod>
	</url><url>
		<loc> https://geoconnex.us/cuahsi/his/Mazar_River_Project/wq569 </loc>
		<lastmod> 2022-04-13 12:59:23.831275 </lastmod>
	</url><url>
		<loc> https://geoconnex.us/cuahsi/his/Mazar_River_Project/wq572 </loc>
		<lastmod> 2022-04-13 12:59:23.831294 </lastmod>
	</url><url>
		<loc> https://geoconnex.us/cuahsi/his/Mazar_River_Project/wq586 </loc>
		<lastmod> 2022-04-13 12:59:23.831314 </lastmod>
	</url><url>
		<loc> https://geoconnex.us/cuahsi/his/Mazar_River_Project/wq872 </loc>
		<lastmod> 2022-04-13 12:59:23.831333 </lastmod>
	</url><url>
		<loc> https://geoconnex.us/cuahsi/his/Mazar_River_Project/wq874 </loc>
		<lastmod> 2022-04-13 12:59:23.831352 </lastmod>
	</url><url>
		<loc> https://geoconnex.us/cuahsi/his/Mazar_River_Project/wq880 </loc>
		<lastmod> 2022-04-13 12:59:23.831371 </lastmod>
	</url><url>
		<loc> https://geoconnex.us/cuahsi/his/Mazar_River_Project/wq925 </loc>
		<lastmod> 2022-04-13 12:59:23.831391 </lastmod>
	</url><url>
		<loc> https://geoconnex.us/cuahsi/his/Mazar_River_Project/wq926 </loc>
		<lastmod> 2022-04-13 12:59:23.831410 </lastmod>
	</url><url>
		<loc> https://geoconnex.us/cuahsi/his/Mazar_River_Project/wq927 </loc>
		<lastmod> 2022-04-13 12:59:23.831430 </lastmod>
	</url><url>
		<loc> https://geoconnex.us/cuahsi/his/Mazar_River_Project/wq928 </loc>
		<lastmod> 2022-04-13 12:59:23.831450 </lastmod>
	</url><url>
		<loc> https://geoconnex.us/cuahsi/his/Mazar_River_Project/wq929 </loc>
		<lastmod> 2022-04-13 12:59:23.831469 </lastmod>
	</url><url>
		<loc> https://geoconnex.us/cuahsi/his/Mazar_River_Project/wq1155 </loc>
		<lastmod> 2022-04-13 12:59:23.831489 </lastmod>
	</url><url>
		<loc> https://geoconnex.us/cuahsi/his/Mazar_River_Project/wq1159 </loc>
		<lastmod> 2022-04-13 12:59:23.831509 </lastmod>
	</url><url>
		<loc> https://geoconnex.us/cuahsi/his/Mazar_River_Project/wq1167 </loc>
		<lastmod> 2022-04-13 12:59:23.831529 </lastmod>
	</url><url>
		<loc> https://geoconnex.us/cuahsi/his/Mazar_River_Project/wq1169 </loc>
		<lastmod> 2022-04-13 12:59:23.831549 </lastmod>
	</url><url>
		<loc> https://geoconnex.us/cuahsi/his/Mazar_River_Project/wq1170 </loc>
		<lastmod> 2022-04-13 12:59:23.831569 </lastmod>
	</url><url>
		<loc> https://geoconnex.us/cuahsi/his/Mazar_River_Project/wq1171 </loc>
		<lastmod> 2022-04-13 12:59:23.831588 </lastmod>
	</url><url>
		<loc> https://geoconnex.us/cuahsi/his/Mazar_River_Project/wq1174 </loc>
		<lastmod> 2022-04-13 12:59:23.831608 </lastmod>
	</url><url>
		<loc> https://geoconnex.us/cuahsi/his/Mazar_River_Project/wq1201 </loc>
		<lastmod> 2022-04-13 12:59:23.831627 </lastmod>
	</url><url>
		<loc> https://geoconnex.us/cuahsi/his/Mazar_River_Project/wq1202 </loc>
		<lastmod> 2022-04-13 12:59:23.831647 </lastmod>
	</url><url>
		<loc> https://geoconnex.us/cuahsi/his/Mazar_River_Project/wq1203 </loc>
		<lastmod> 2022-04-13 12:59:23.831666 </lastmod>
	</url><url>
		<loc> https://geoconnex.us/cuahsi/his/Mazar_River_Project/wq1204 </loc>
		<lastmod> 2022-04-13 12:59:23.831686 </lastmod>
	</url><url>
		<loc> https://geoconnex.us/cuahsi/his/Mazar_River_Project/wq1205 </loc>
		<lastmod> 2022-04-13 12:59:23.831705 </lastmod>
	</url><url>
		<loc> https://geoconnex.us/cuahsi/his/Mazar_River_Project/wq1206 </loc>
		<lastmod> 2022-04-13 12:59:23.831725 </lastmod>
	</url><url>
		<loc> https://geoconnex.us/cuahsi/his/Mazar_River_Project/wq1207 </loc>
		<lastmod> 2022-04-13 12:59:23.831744 </lastmod>
	</url><url>
		<loc> https://geoconnex.us/cuahsi/his/Mazar_River_Project/wq1208 </loc>
		<lastmod> 2022-04-13 12:59:23.831764 </lastmod>
	</url><url>
		<loc> https://geoconnex.us/cuahsi/his/Mazar_River_Project/wq1211 </loc>
		<lastmod> 2022-04-13 12:59:23.831783 </lastmod>
	</url><url>
		<loc> https://geoconnex.us/cuahsi/his/Mazar_River_Project/wq1220 </loc>
		<lastmod> 2022-04-13 12:59:23.831802 </lastmod>
	</url><url>
		<loc> https://geoconnex.us/cuahsi/his/Mazar_River_Project/wq1245 </loc>
		<lastmod> 2022-04-13 12:59:23.831821 </lastmod>
	</url><url>
		<loc> https://geoconnex.us/cuahsi/his/Mazar_River_Project/wq1256 </loc>
		<lastmod> 2022-04-13 12:59:23.831841 </lastmod>
	</url><url>
		<loc> https://geoconnex.us/cuahsi/his/Mazar_River_Project/wq1259 </loc>
		<lastmod> 2022-04-13 12:59:23.831860 </lastmod>
	</url><url>
		<loc> https://geoconnex.us/cuahsi/his/Mazar_River_Project/wq1260 </loc>
		<lastmod> 2022-04-13 12:59:23.831879 </lastmod>
	</url><url>
		<loc> https://geoconnex.us/cuahsi/his/Mazar_River_Project/wq1262 </loc>
		<lastmod> 2022-04-13 12:59:23.831899 </lastmod>
	</url><url>
		<loc> https://geoconnex.us/cuahsi/his/Mazar_River_Project/wq1263 </loc>
		<lastmod> 2022-04-13 12:59:23.831918 </lastmod>
	</url><url>
		<loc> https://geoconnex.us/cuahsi/his/Mazar_River_Project/wq1282 </loc>
		<lastmod> 2022-04-13 12:59:23.831987 </lastmod>
	</url><url>
		<loc> https://geoconnex.us/cuahsi/his/Mazar_River_Project/wq1296 </loc>
		<lastmod> 2022-04-13 12:59:23.832009 </lastmod>
	</url><url>
		<loc> https://geoconnex.us/cuahsi/his/Mazar_River_Project/wq1312 </loc>
		<lastmod> 2022-04-13 12:59:23.832029 </lastmod>
	</url><url>
		<loc> https://geoconnex.us/cuahsi/his/Mazar_River_Project/wq1328 </loc>
		<lastmod> 2022-04-13 12:59:23.832049 </lastmod>
	</url><url>
		<loc> https://geoconnex.us/cuahsi/his/Mazar_River_Project/wq1329 </loc>
		<lastmod> 2022-04-13 12:59:23.832068 </lastmod>
	</url><url>
		<loc> https://geoconnex.us/cuahsi/his/Mazar_River_Project/wq1331 </loc>
		<lastmod> 2022-04-13 12:59:23.832088 </lastmod>
	</url><url>
		<loc> https://geoconnex.us/cuahsi/his/Mazar_River_Project/wq1332 </loc>
		<lastmod> 2022-04-13 12:59:23.832108 </lastmod>
	</url><url>
		<loc> https://geoconnex.us/cuahsi/his/Mazar_River_Project/wq1333 </loc>
		<lastmod> 2022-04-13 12:59:23.832127 </lastmod>
	</url><url>
		<loc> https://geoconnex.us/cuahsi/his/Mazar_River_Project/wq1334 </loc>
		<lastmod> 2022-04-13 12:59:23.832147 </lastmod>
	</url><url>
		<loc> https://geoconnex.us/cuahsi/his/Mazar_River_Project/wq1335 </loc>
		<lastmod> 2022-04-13 12:59:23.832166 </lastmod>
	</url><url>
		<loc> https://geoconnex.us/cuahsi/his/Mazar_River_Project/wq1353 </loc>
		<lastmod> 2022-04-13 12:59:23.832187 </lastmod>
	</url><url>
		<loc> https://geoconnex.us/cuahsi/his/Mazar_River_Project/wq1354 </loc>
		<lastmod> 2022-04-13 12:59:23.832206 </lastmod>
	</url><url>
		<loc> https://geoconnex.us/cuahsi/his/Mazar_River_Project/wq1355 </loc>
		<lastmod> 2022-04-13 12:59:23.832226 </lastmod>
	</url><url>
		<loc> https://geoconnex.us/cuahsi/his/Mazar_River_Project/wq1356 </loc>
		<lastmod> 2022-04-13 12:59:23.832246 </lastmod>
	</url><url>
		<loc> https://geoconnex.us/cuahsi/his/Mazar_River_Project/wq1357 </loc>
		<lastmod> 2022-04-13 12:59:23.832265 </lastmod>
	</url><url>
		<loc> https://geoconnex.us/cuahsi/his/Mazar_River_Project/wq1358 </loc>
		<lastmod> 2022-04-13 12:59:23.832285 </lastmod>
	</url><url>
		<loc> https://geoconnex.us/cuahsi/his/Mazar_River_Project/wq1359 </loc>
		<lastmod> 2022-04-13 12:59:23.832304 </lastmod>
	</url><url>
		<loc> https://geoconnex.us/cuahsi/his/Mazar_River_Project/wq1361 </loc>
		<lastmod> 2022-04-13 12:59:23.832324 </lastmod>
	</url><url>
		<loc> https://geoconnex.us/cuahsi/his/Mazar_River_Project/wq1362 </loc>
		<lastmod> 2022-04-13 12:59:23.832343 </lastmod>
	</url><url>
		<loc> https://geoconnex.us/cuahsi/his/Mazar_River_Project/wq1363 </loc>
		<lastmod> 2022-04-13 12:59:23.832363 </lastmod>
	</url><url>
		<loc> https://geoconnex.us/cuahsi/his/Mazar_River_Project/wq1367 </loc>
		<lastmod> 2022-04-13 12:59:23.832382 </lastmod>
	</url><url>
		<loc> https://geoconnex.us/cuahsi/his/Mazar_River_Project/wq1375 </loc>
		<lastmod> 2022-04-13 12:59:23.832403 </lastmod>
	</url><url>
		<loc> https://geoconnex.us/cuahsi/his/Mazar_River_Project/wq1398 </loc>
		<lastmod> 2022-04-13 12:59:23.832428 </lastmod>
	</url><url>
		<loc> https://geoconnex.us/cuahsi/his/Mazar_River_Project/wq1400 </loc>
		<lastmod> 2022-04-13 12:59:23.832448 </lastmod>
	</url><url>
		<loc> https://geoconnex.us/cuahsi/his/Mazar_River_Project/wq1445 </loc>
		<lastmod> 2022-04-13 12:59:23.832467 </lastmod>
	</url><url>
		<loc> https://geoconnex.us/cuahsi/his/Mazar_River_Project/wq1447 </loc>
		<lastmod> 2022-04-13 12:59:23.832487 </lastmod>
	</url><url>
		<loc> https://geoconnex.us/cuahsi/his/Mazar_River_Project/wq1456 </loc>
		<lastmod> 2022-04-13 12:59:23.832506 </lastmod>
	</url><url>
		<loc> https://geoconnex.us/cuahsi/his/Mazar_River_Project/wq1460 </loc>
		<lastmod> 2022-04-13 12:59:23.832526 </lastmod>
	</url><url>
		<loc> https://geoconnex.us/cuahsi/his/Mazar_River_Project/wq1462 </loc>
		<lastmod> 2022-04-13 12:59:23.832545 </lastmod>
	</url><url>
		<loc> https://geoconnex.us/cuahsi/his/Mazar_River_Project/wq1472 </loc>
		<lastmod> 2022-04-13 12:59:23.832564 </lastmod>
	</url><url>
		<loc> https://geoconnex.us/cuahsi/his/Mazar_River_Project/wq1473 </loc>
		<lastmod> 2022-04-13 12:59:23.832583 </lastmod>
	</url><url>
		<loc> https://geoconnex.us/cuahsi/his/Mazar_River_Project/wq1490 </loc>
		<lastmod> 2022-04-13 12:59:23.832603 </lastmod>
	</url><url>
		<loc> https://geoconnex.us/cuahsi/his/Mazar_River_Project/wq1492 </loc>
		<lastmod> 2022-04-13 12:59:23.832623 </lastmod>
	</url><url>
		<loc> https://geoconnex.us/cuahsi/his/Mazar_River_Project/wq1494 </loc>
		<lastmod> 2022-04-13 12:59:23.832643 </lastmod>
	</url><url>
		<loc> https://geoconnex.us/cuahsi/his/Mazar_River_Project/wq1495 </loc>
		<lastmod> 2022-04-13 12:59:23.832663 </lastmod>
	</url><url>
		<loc> https://geoconnex.us/cuahsi/his/Mazar_River_Project/wq1531 </loc>
		<lastmod> 2022-04-13 12:59:23.832683 </lastmod>
	</url><url>
		<loc> https://geoconnex.us/cuahsi/his/Mazar_River_Project/wq1532 </loc>
		<lastmod> 2022-04-13 12:59:23.832702 </lastmod>
	</url><url>
		<loc> https://geoconnex.us/cuahsi/his/Mazar_River_Project/wq1533 </loc>
		<lastmod> 2022-04-13 12:59:23.832722 </lastmod>
	</url><url>
		<loc> https://geoconnex.us/cuahsi/his/Mazar_River_Project/wq1534 </loc>
		<lastmod> 2022-04-13 12:59:23.832742 </lastmod>
	</url><url>
		<loc> https://geoconnex.us/cuahsi/his/Mazar_River_Project/wq1535 </loc>
		<lastmod> 2022-04-13 12:59:23.832762 </lastmod>
	</url><url>
		<loc> https://geoconnex.us/cuahsi/his/Mazar_River_Project/wq1536 </loc>
		<lastmod> 2022-04-13 12:59:23.832781 </lastmod>
	</url><url>
		<loc> https://geoconnex.us/cuahsi/his/Mazar_River_Project/wq1537 </loc>
		<lastmod> 2022-04-13 12:59:23.832801 </lastmod>
	</url><url>
		<loc> https://geoconnex.us/cuahsi/his/Mazar_River_Project/wq1538 </loc>
		<lastmod> 2022-04-13 12:59:23.832820 </lastmod>
	</url><url>
		<loc> https://geoconnex.us/cuahsi/his/Mazar_River_Project/wq1539 </loc>
		<lastmod> 2022-04-13 12:59:23.832840 </lastmod>
	</url><url>
		<loc> https://geoconnex.us/cuahsi/his/Mazar_River_Project/wq1540 </loc>
		<lastmod> 2022-04-13 12:59:23.832860 </lastmod>
	</url><url>
		<loc> https://geoconnex.us/cuahsi/his/Mazar_River_Project/wq1541 </loc>
		<lastmod> 2022-04-13 12:59:23.832879 </lastmod>
	</url><url>
		<loc> https://geoconnex.us/cuahsi/his/Mazar_River_Project/wq1542 </loc>
		<lastmod> 2022-04-13 12:59:23.832899 </lastmod>
	</url><url>
		<loc> https://geoconnex.us/cuahsi/his/Mazar_River_Project/wq1543 </loc>
		<lastmod> 2022-04-13 12:59:23.832919 </lastmod>
	</url><url>
		<loc> https://geoconnex.us/cuahsi/his/Mazar_River_Project/wq1544 </loc>
		<lastmod> 2022-04-13 12:59:23.832939 </lastmod>
	</url><url>
		<loc> https://geoconnex.us/cuahsi/his/Mazar_River_Project/wq1588 </loc>
		<lastmod> 2022-04-13 12:59:23.832958 </lastmod>
	</url><url>
		<loc> https://geoconnex.us/cuahsi/his/Mazar_River_Project/wq1591 </loc>
		<lastmod> 2022-04-13 12:59:23.832977 </lastmod>
	</url><url>
		<loc> https://geoconnex.us/cuahsi/his/Mazar_River_Project/wq1595 </loc>
		<lastmod> 2022-04-13 12:59:23.832997 </lastmod>
	</url><url>
		<loc> https://geoconnex.us/cuahsi/his/Mazar_River_Project/wq1596 </loc>
		<lastmod> 2022-04-13 12:59:23.833016 </lastmod>
	</url><url>
		<loc> https://geoconnex.us/cuahsi/his/Mazar_River_Project/wq1629 </loc>
		<lastmod> 2022-04-13 12:59:23.833035 </lastmod>
	</url><url>
		<loc> https://geoconnex.us/cuahsi/his/Mazar_River_Project/wq1657 </loc>
		<lastmod> 2022-04-13 12:59:23.833055 </lastmod>
	</url><url>
		<loc> https://geoconnex.us/cuahsi/his/Mazar_River_Project/wq1671 </loc>
		<lastmod> 2022-04-13 12:59:23.833074 </lastmod>
	</url><url>
		<loc> https://geoconnex.us/cuahsi/his/Mazar_River_Project/wq1681 </loc>
		<lastmod> 2022-04-13 12:59:23.833094 </lastmod>
	</url><url>
		<loc> https://geoconnex.us/cuahsi/his/Mazar_River_Project/wq1749 </loc>
		<lastmod> 2022-04-13 12:59:23.833113 </lastmod>
	</url><url>
		<loc> https://geoconnex.us/cuahsi/his/Mazar_River_Project/wq1750 </loc>
		<lastmod> 2022-04-13 12:59:23.833132 </lastmod>
	</url><url>
		<loc> https://geoconnex.us/cuahsi/his/Mazar_River_Project/wq1751 </loc>
		<lastmod> 2022-04-13 12:59:23.833153 </lastmod>
	</url><url>
		<loc> https://geoconnex.us/cuahsi/his/Mazar_River_Project/wq1752 </loc>
		<lastmod> 2022-04-13 12:59:23.833172 </lastmod>
	</url><url>
		<loc> https://geoconnex.us/cuahsi/his/Mazar_River_Project/wq1753 </loc>
		<lastmod> 2022-04-13 12:59:23.833192 </lastmod>
	</url><url>
		<loc> https://geoconnex.us/cuahsi/his/Mazar_River_Project/wq1759 </loc>
		<lastmod> 2022-04-13 12:59:23.833212 </lastmod>
	</url><url>
		<loc> https://geoconnex.us/cuahsi/his/Mazar_River_Project/wq1761 </loc>
		<lastmod> 2022-04-13 12:59:23.833232 </lastmod>
	</url><url>
		<loc> https://geoconnex.us/cuahsi/his/Mazar_River_Project/wq1763 </loc>
		<lastmod> 2022-04-13 12:59:23.833251 </lastmod>
	</url><url>
		<loc> https://geoconnex.us/cuahsi/his/Mazar_River_Project/wq1850 </loc>
		<lastmod> 2022-04-13 12:59:23.833272 </lastmod>
	</url><url>
		<loc> https://geoconnex.us/cuahsi/his/Mazar_River_Project/wq1852 </loc>
		<lastmod> 2022-04-13 12:59:23.833291 </lastmod>
	</url><url>
		<loc> https://geoconnex.us/cuahsi/his/Mazar_River_Project/wq1853 </loc>
		<lastmod> 2022-04-13 12:59:23.833311 </lastmod>
	</url><url>
		<loc> https://geoconnex.us/cuahsi/his/Mazar_River_Project/wq1858 </loc>
		<lastmod> 2022-04-13 12:59:23.833331 </lastmod>
	</url><url>
		<loc> https://geoconnex.us/cuahsi/his/Mazar_River_Project/wq1864 </loc>
		<lastmod> 2022-04-13 12:59:23.833350 </lastmod>
	</url><url>
		<loc> https://geoconnex.us/cuahsi/his/Mazar_River_Project/wq1873 </loc>
		<lastmod> 2022-04-13 12:59:23.833370 </lastmod>
	</url><url>
		<loc> https://geoconnex.us/cuahsi/his/Mazar_River_Project/wq1875 </loc>
		<lastmod> 2022-04-13 12:59:23.833389 </lastmod>
	</url><url>
		<loc> https://geoconnex.us/cuahsi/his/Mazar_River_Project/wq1877 </loc>
		<lastmod> 2022-04-13 12:59:23.833409 </lastmod>
	</url><url>
		<loc> https://geoconnex.us/cuahsi/his/Mazar_River_Project/wq1878 </loc>
		<lastmod> 2022-04-13 12:59:23.833428 </lastmod>
	</url><url>
		<loc> https://geoconnex.us/cuahsi/his/Mazar_River_Project/wq1879 </loc>
		<lastmod> 2022-04-13 12:59:23.833448 </lastmod>
	</url><url>
		<loc> https://geoconnex.us/cuahsi/his/Mazar_River_Project/wq2029 </loc>
		<lastmod> 2022-04-13 12:59:23.833468 </lastmod>
	</url><url>
		<loc> https://geoconnex.us/cuahsi/his/Mazar_River_Project/wq2032 </loc>
		<lastmod> 2022-04-13 12:59:23.833487 </lastmod>
	</url><url>
		<loc> https://geoconnex.us/cuahsi/his/Mazar_River_Project/wq2033 </loc>
		<lastmod> 2022-04-13 12:59:23.833506 </lastmod>
	</url><url>
		<loc> https://geoconnex.us/cuahsi/his/Mazar_River_Project/wq2101 </loc>
		<lastmod> 2022-04-13 12:59:23.833526 </lastmod>
	</url><url>
		<loc> https://geoconnex.us/cuahsi/his/Mazar_River_Project/wq2121 </loc>
		<lastmod> 2022-04-13 12:59:23.833545 </lastmod>
	</url><url>
		<loc> https://geoconnex.us/cuahsi/his/Mazar_River_Project/wq2123 </loc>
		<lastmod> 2022-04-13 12:59:23.833565 </lastmod>
	</url><url>
		<loc> https://geoconnex.us/cuahsi/his/Mazar_River_Project/wq2124 </loc>
		<lastmod> 2022-04-13 12:59:23.833584 </lastmod>
	</url><url>
		<loc> https://geoconnex.us/cuahsi/his/Mazar_River_Project/wq2125 </loc>
		<lastmod> 2022-04-13 12:59:23.833603 </lastmod>
	</url><url>
		<loc> https://geoconnex.us/cuahsi/his/Mazar_River_Project/wq2126 </loc>
		<lastmod> 2022-04-13 12:59:23.833623 </lastmod>
	</url><url>
		<loc> https://geoconnex.us/cuahsi/his/Mazar_River_Project/wq2129 </loc>
		<lastmod> 2022-04-13 12:59:23.833642 </lastmod>
	</url><url>
		<loc> https://geoconnex.us/cuahsi/his/Mazar_River_Project/wq2132 </loc>
		<lastmod> 2022-04-13 12:59:23.833661 </lastmod>
	</url><url>
		<loc> https://geoconnex.us/cuahsi/his/Mazar_River_Project/wq2133 </loc>
		<lastmod> 2022-04-13 12:59:23.833680 </lastmod>
	</url><url>
		<loc> https://geoconnex.us/cuahsi/his/Mazar_River_Project/wq2135 </loc>
		<lastmod> 2022-04-13 12:59:23.833700 </lastmod>
	</url><url>
		<loc> https://geoconnex.us/cuahsi/his/Mazar_River_Project/wq2136 </loc>
		<lastmod> 2022-04-13 12:59:23.833719 </lastmod>
	</url><url>
		<loc> https://geoconnex.us/cuahsi/his/Mazar_River_Project/wq2256 </loc>
		<lastmod> 2022-04-13 12:59:23.833738 </lastmod>
	</url><url>
		<loc> https://geoconnex.us/cuahsi/his/Mazar_River_Project/wq2257 </loc>
		<lastmod> 2022-04-13 12:59:23.833758 </lastmod>
	</url><url>
		<loc> https://geoconnex.us/cuahsi/his/Mazar_River_Project/wq2371 </loc>
		<lastmod> 2022-04-13 12:59:23.833777 </lastmod>
	</url><url>
		<loc> https://geoconnex.us/cuahsi/his/Mazar_River_Project/wq2775 </loc>
		<lastmod> 2022-04-13 12:59:23.833797 </lastmod>
	</url><url>
		<loc> https://geoconnex.us/cuahsi/his/Mazar_River_Project/wq2780 </loc>
		<lastmod> 2022-04-13 12:59:23.833817 </lastmod>
	</url><url>
		<loc> https://geoconnex.us/cuahsi/his/Mazar_River_Project/wq2781 </loc>
		<lastmod> 2022-04-13 12:59:23.833837 </lastmod>
	</url><url>
		<loc> https://geoconnex.us/cuahsi/his/Mazar_River_Project/wq2782 </loc>
		<lastmod> 2022-04-13 12:59:23.833857 </lastmod>
	</url></ns0:urlset>