<?xml version='1.0' encoding='utf-8'?>
<ns0:urlset xmlns:ns0="http://www.sitemaps.org/schemas/sitemap/0.9">
<url>
		<loc> https://geoconnex.us/cuahsi/his/MOPEX/USGS_07177500 </loc>
		<lastmod> 2022-02-25 15:46:59.732636 </lastmod>
	</url><url>
		<loc> https://geoconnex.us/cuahsi/his/MOPEX/basin_07177500 </loc>
		<lastmod> 2022-02-25 15:46:59.732686 </lastmod>
	</url><url>
		<loc> https://geoconnex.us/cuahsi/his/MOPEX/USGS_01076500 </loc>
		<lastmod> 2022-02-25 15:46:59.732711 </lastmod>
	</url><url>
		<loc> https://geoconnex.us/cuahsi/his/MOPEX/basin_01076500 </loc>
		<lastmod> 2022-02-25 15:46:59.732731 </lastmod>
	</url><url>
		<loc> https://geoconnex.us/cuahsi/his/MOPEX/USGS_01064500 </loc>
		<lastmod> 2022-02-25 15:46:59.732750 </lastmod>
	</url><url>
		<loc> https://geoconnex.us/cuahsi/his/MOPEX/basin_01064500 </loc>
		<lastmod> 2022-02-25 15:46:59.732767 </lastmod>
	</url><url>
		<loc> https://geoconnex.us/cuahsi/his/MOPEX/USGS_01055500 </loc>
		<lastmod> 2022-02-25 15:46:59.732785 </lastmod>
	</url><url>
		<loc> https://geoconnex.us/cuahsi/his/MOPEX/basin_01055500 </loc>
		<lastmod> 2022-02-25 15:46:59.732801 </lastmod>
	</url><url>
		<loc> https://geoconnex.us/cuahsi/his/MOPEX/USGS_01060000 </loc>
		<lastmod> 2022-02-25 15:46:59.732817 </lastmod>
	</url><url>
		<loc> https://geoconnex.us/cuahsi/his/MOPEX/basin_01060000 </loc>
		<lastmod> 2022-02-25 15:46:59.732833 </lastmod>
	</url><url>
		<loc> https://geoconnex.us/cuahsi/his/MOPEX/02414500 </loc>
		<lastmod> 2022-02-25 15:46:59.732850 </lastmod>
	</url><url>
		<loc> https://geoconnex.us/cuahsi/his/MOPEX/02456500 </loc>
		<lastmod> 2022-02-25 15:46:59.732866 </lastmod>
	</url><url>
		<loc> https://geoconnex.us/cuahsi/his/MOPEX/03574500 </loc>
		<lastmod> 2022-02-25 15:46:59.732882 </lastmod>
	</url><url>
		<loc> https://geoconnex.us/cuahsi/his/MOPEX/09444500 </loc>
		<lastmod> 2022-02-25 15:46:59.732898 </lastmod>
	</url><url>
		<loc> https://geoconnex.us/cuahsi/his/MOPEX/09497500 </loc>
		<lastmod> 2022-02-25 15:46:59.732914 </lastmod>
	</url><url>
		<loc> https://geoconnex.us/cuahsi/his/MOPEX/07049000 </loc>
		<lastmod> 2022-02-25 15:46:59.732949 </lastmod>
	</url><url>
		<loc> https://geoconnex.us/cuahsi/his/MOPEX/07056000 </loc>
		<lastmod> 2022-02-25 15:46:59.732966 </lastmod>
	</url><url>
		<loc> https://geoconnex.us/cuahsi/his/MOPEX/07069500 </loc>
		<lastmod> 2022-02-25 15:46:59.732983 </lastmod>
	</url><url>
		<loc> https://geoconnex.us/cuahsi/his/MOPEX/07072000 </loc>
		<lastmod> 2022-02-25 15:46:59.733000 </lastmod>
	</url><url>
		<loc> https://geoconnex.us/cuahsi/his/MOPEX/07074000 </loc>
		<lastmod> 2022-02-25 15:46:59.733017 </lastmod>
	</url><url>
		<loc> https://geoconnex.us/cuahsi/his/MOPEX/07252000 </loc>
		<lastmod> 2022-02-25 15:46:59.733034 </lastmod>
	</url><url>
		<loc> https://geoconnex.us/cuahsi/his/MOPEX/07261000 </loc>
		<lastmod> 2022-02-25 15:46:59.733050 </lastmod>
	</url><url>
		<loc> https://geoconnex.us/cuahsi/his/MOPEX/07340000 </loc>
		<lastmod> 2022-02-25 15:46:59.733067 </lastmod>
	</url><url>
		<loc> https://geoconnex.us/cuahsi/his/MOPEX/07363500 </loc>
		<lastmod> 2022-02-25 15:46:59.733084 </lastmod>
	</url><url>
		<loc> https://geoconnex.us/cuahsi/his/MOPEX/10296000 </loc>
		<lastmod> 2022-02-25 15:46:59.733100 </lastmod>
	</url><url>
		<loc> https://geoconnex.us/cuahsi/his/MOPEX/10296500 </loc>
		<lastmod> 2022-02-25 15:46:59.733117 </lastmod>
	</url><url>
		<loc> https://geoconnex.us/cuahsi/his/MOPEX/11025500 </loc>
		<lastmod> 2022-02-25 15:46:59.733152 </lastmod>
	</url><url>
		<loc> https://geoconnex.us/cuahsi/his/MOPEX/11080500 </loc>
		<lastmod> 2022-02-25 15:46:59.733169 </lastmod>
	</url><url>
		<loc> https://geoconnex.us/cuahsi/his/MOPEX/11138500 </loc>
		<lastmod> 2022-02-25 15:46:59.733187 </lastmod>
	</url><url>
		<loc> https://geoconnex.us/cuahsi/his/MOPEX/11160000 </loc>
		<lastmod> 2022-02-25 15:46:59.733205 </lastmod>
	</url><url>
		<loc> https://geoconnex.us/cuahsi/his/MOPEX/11210500 </loc>
		<lastmod> 2022-02-25 15:46:59.733222 </lastmod>
	</url><url>
		<loc> https://geoconnex.us/cuahsi/his/MOPEX/11213500 </loc>
		<lastmod> 2022-02-25 15:46:59.733256 </lastmod>
	</url><url>
		<loc> https://geoconnex.us/cuahsi/his/MOPEX/11222000 </loc>
		<lastmod> 2022-02-25 15:46:59.733289 </lastmod>
	</url><url>
		<loc> https://geoconnex.us/cuahsi/his/MOPEX/11224500 </loc>
		<lastmod> 2022-02-25 15:46:59.733305 </lastmod>
	</url><url>
		<loc> https://geoconnex.us/cuahsi/his/MOPEX/11281000 </loc>
		<lastmod> 2022-02-25 15:46:59.733322 </lastmod>
	</url><url>
		<loc> https://geoconnex.us/cuahsi/his/MOPEX/11342000 </loc>
		<lastmod> 2022-02-25 15:46:59.733338 </lastmod>
	</url><url>
		<loc> https://geoconnex.us/cuahsi/his/MOPEX/11355500 </loc>
		<lastmod> 2022-02-25 15:46:59.733354 </lastmod>
	</url><url>
		<loc> https://geoconnex.us/cuahsi/his/MOPEX/11401500 </loc>
		<lastmod> 2022-02-25 15:46:59.733371 </lastmod>
	</url><url>
		<loc> https://geoconnex.us/cuahsi/his/MOPEX/11403000 </loc>
		<lastmod> 2022-02-25 15:46:59.733387 </lastmod>
	</url><url>
		<loc> https://geoconnex.us/cuahsi/his/MOPEX/11413000 </loc>
		<lastmod> 2022-02-25 15:46:59.733403 </lastmod>
	</url><url>
		<loc> https://geoconnex.us/cuahsi/his/MOPEX/11427000 </loc>
		<lastmod> 2022-02-25 15:46:59.733420 </lastmod>
	</url><url>
		<loc> https://geoconnex.us/cuahsi/his/MOPEX/11530000 </loc>
		<lastmod> 2022-02-25 15:46:59.733436 </lastmod>
	</url><url>
		<loc> https://geoconnex.us/cuahsi/his/MOPEX/11532500 </loc>
		<lastmod> 2022-02-25 15:46:59.733452 </lastmod>
	</url><url>
		<loc> https://geoconnex.us/cuahsi/his/MOPEX/09132500 </loc>
		<lastmod> 2022-02-25 15:46:59.733485 </lastmod>
	</url><url>
		<loc> https://geoconnex.us/cuahsi/his/MOPEX/09251000 </loc>
		<lastmod> 2022-02-25 15:46:59.733501 </lastmod>
	</url><url>
		<loc> https://geoconnex.us/cuahsi/his/MOPEX/01127000 </loc>
		<lastmod> 2022-02-25 15:46:59.733517 </lastmod>
	</url><url>
		<loc> https://geoconnex.us/cuahsi/his/MOPEX/02236000 </loc>
		<lastmod> 2022-02-25 15:46:59.733533 </lastmod>
	</url><url>
		<loc> https://geoconnex.us/cuahsi/his/MOPEX/02273000 </loc>
		<lastmod> 2022-02-25 15:46:59.733549 </lastmod>
	</url><url>
		<loc> https://geoconnex.us/cuahsi/his/MOPEX/02296750 </loc>
		<lastmod> 2022-02-25 15:46:59.733565 </lastmod>
	</url><url>
		<loc> https://geoconnex.us/cuahsi/his/MOPEX/02329000 </loc>
		<lastmod> 2022-02-25 15:46:59.733581 </lastmod>
	</url><url>
		<loc> https://geoconnex.us/cuahsi/his/MOPEX/02365500 </loc>
		<lastmod> 2022-02-25 15:46:59.733597 </lastmod>
	</url><url>
		<loc> https://geoconnex.us/cuahsi/his/MOPEX/02375500 </loc>
		<lastmod> 2022-02-25 15:46:59.733612 </lastmod>
	</url><url>
		<loc> https://geoconnex.us/cuahsi/his/MOPEX/02192000 </loc>
		<lastmod> 2022-02-25 15:46:59.733628 </lastmod>
	</url><url>
		<loc> https://geoconnex.us/cuahsi/his/MOPEX/02202000 </loc>
		<lastmod> 2022-02-25 15:46:59.733644 </lastmod>
	</url><url>
		<loc> https://geoconnex.us/cuahsi/his/MOPEX/02202500 </loc>
		<lastmod> 2022-02-25 15:46:59.733660 </lastmod>
	</url><url>
		<loc> https://geoconnex.us/cuahsi/his/MOPEX/02217500 </loc>
		<lastmod> 2022-02-25 15:46:59.733676 </lastmod>
	</url><url>
		<loc> https://geoconnex.us/cuahsi/his/MOPEX/02218500 </loc>
		<lastmod> 2022-02-25 15:46:59.733691 </lastmod>
	</url><url>
		<loc> https://geoconnex.us/cuahsi/his/MOPEX/02219500 </loc>
		<lastmod> 2022-02-25 15:46:59.733707 </lastmod>
	</url><url>
		<loc> https://geoconnex.us/cuahsi/his/MOPEX/02228000 </loc>
		<lastmod> 2022-02-25 15:46:59.733723 </lastmod>
	</url><url>
		<loc> https://geoconnex.us/cuahsi/his/MOPEX/02339500 </loc>
		<lastmod> 2022-02-25 15:46:59.733738 </lastmod>
	</url><url>
		<loc> https://geoconnex.us/cuahsi/his/MOPEX/02347500 </loc>
		<lastmod> 2022-02-25 15:46:59.733754 </lastmod>
	</url><url>
		<loc> https://geoconnex.us/cuahsi/his/MOPEX/02349500 </loc>
		<lastmod> 2022-02-25 15:46:59.733769 </lastmod>
	</url><url>
		<loc> https://geoconnex.us/cuahsi/his/MOPEX/02383500 </loc>
		<lastmod> 2022-02-25 15:46:59.733785 </lastmod>
	</url><url>
		<loc> https://geoconnex.us/cuahsi/his/MOPEX/02387000 </loc>
		<lastmod> 2022-02-25 15:46:59.733800 </lastmod>
	</url><url>
		<loc> https://geoconnex.us/cuahsi/his/MOPEX/02387500 </loc>
		<lastmod> 2022-02-25 15:46:59.733816 </lastmod>
	</url><url>
		<loc> https://geoconnex.us/cuahsi/his/MOPEX/12413000 </loc>
		<lastmod> 2022-02-25 15:46:59.733832 </lastmod>
	</url><url>
		<loc> https://geoconnex.us/cuahsi/his/MOPEX/12413500 </loc>
		<lastmod> 2022-02-25 15:46:59.733847 </lastmod>
	</url><url>
		<loc> https://geoconnex.us/cuahsi/his/MOPEX/13186000 </loc>
		<lastmod> 2022-02-25 15:46:59.733863 </lastmod>
	</url><url>
		<loc> https://geoconnex.us/cuahsi/his/MOPEX/13200000 </loc>
		<lastmod> 2022-02-25 15:46:59.733879 </lastmod>
	</url><url>
		<loc> https://geoconnex.us/cuahsi/his/MOPEX/13298500 </loc>
		<lastmod> 2022-02-25 15:46:59.733894 </lastmod>
	</url><url>
		<loc> https://geoconnex.us/cuahsi/his/MOPEX/13302500 </loc>
		<lastmod> 2022-02-25 15:46:59.733910 </lastmod>
	</url><url>
		<loc> https://geoconnex.us/cuahsi/his/MOPEX/13336500 </loc>
		<lastmod> 2022-02-25 15:46:59.733925 </lastmod>
	</url><url>
		<loc> https://geoconnex.us/cuahsi/his/MOPEX/13337000 </loc>
		<lastmod> 2022-02-25 15:46:59.733941 </lastmod>
	</url><url>
		<loc> https://geoconnex.us/cuahsi/his/MOPEX/13340500 </loc>
		<lastmod> 2022-02-25 15:46:59.733957 </lastmod>
	</url><url>
		<loc> https://geoconnex.us/cuahsi/his/MOPEX/13340600 </loc>
		<lastmod> 2022-02-25 15:46:59.733973 </lastmod>
	</url><url>
		<loc> https://geoconnex.us/cuahsi/his/MOPEX/03345500 </loc>
		<lastmod> 2022-02-25 15:46:59.733988 </lastmod>
	</url><url>
		<loc> https://geoconnex.us/cuahsi/his/MOPEX/03346000 </loc>
		<lastmod> 2022-02-25 15:46:59.734004 </lastmod>
	</url><url>
		<loc> https://geoconnex.us/cuahsi/his/MOPEX/03381500 </loc>
		<lastmod> 2022-02-25 15:46:59.734019 </lastmod>
	</url><url>
		<loc> https://geoconnex.us/cuahsi/his/MOPEX/05435500 </loc>
		<lastmod> 2022-02-25 15:46:59.734035 </lastmod>
	</url><url>
		<loc> https://geoconnex.us/cuahsi/his/MOPEX/05440000 </loc>
		<lastmod> 2022-02-25 15:46:59.734068 </lastmod>
	</url><url>
		<loc> https://geoconnex.us/cuahsi/his/MOPEX/05447500 </loc>
		<lastmod> 2022-02-25 15:46:59.734085 </lastmod>
	</url><url>
		<loc> https://geoconnex.us/cuahsi/his/MOPEX/05502040 </loc>
		<lastmod> 2022-02-25 15:46:59.734101 </lastmod>
	</url><url>
		<loc> https://geoconnex.us/cuahsi/his/MOPEX/05520500 </loc>
		<lastmod> 2022-02-25 15:46:59.734134 </lastmod>
	</url><url>
		<loc> https://geoconnex.us/cuahsi/his/MOPEX/05526000 </loc>
		<lastmod> 2022-02-25 15:46:59.734150 </lastmod>
	</url><url>
		<loc> https://geoconnex.us/cuahsi/his/MOPEX/05542000 </loc>
		<lastmod> 2022-02-25 15:46:59.734167 </lastmod>
	</url><url>
		<loc> https://geoconnex.us/cuahsi/his/MOPEX/05552500 </loc>
		<lastmod> 2022-02-25 15:46:59.734184 </lastmod>
	</url><url>
		<loc> https://geoconnex.us/cuahsi/his/MOPEX/05554500 </loc>
		<lastmod> 2022-02-25 15:46:59.734200 </lastmod>
	</url><url>
		<loc> https://geoconnex.us/cuahsi/his/MOPEX/05555300 </loc>
		<lastmod> 2022-02-25 15:46:59.734217 </lastmod>
	</url><url>
		<loc> https://geoconnex.us/cuahsi/his/MOPEX/05555500 </loc>
		<lastmod> 2022-02-25 15:46:59.734233 </lastmod>
	</url><url>
		<loc> https://geoconnex.us/cuahsi/his/MOPEX/05569500 </loc>
		<lastmod> 2022-02-25 15:46:59.734268 </lastmod>
	</url><url>
		<loc> https://geoconnex.us/cuahsi/his/MOPEX/05570000 </loc>
		<lastmod> 2022-02-25 15:46:59.734286 </lastmod>
	</url><url>
		<loc> https://geoconnex.us/cuahsi/his/MOPEX/05582000 </loc>
		<lastmod> 2022-02-25 15:46:59.734303 </lastmod>
	</url><url>
		<loc> https://geoconnex.us/cuahsi/his/MOPEX/05584500 </loc>
		<lastmod> 2022-02-25 15:46:59.734320 </lastmod>
	</url><url>
		<loc> https://geoconnex.us/cuahsi/his/MOPEX/05585000 </loc>
		<lastmod> 2022-02-25 15:46:59.734337 </lastmod>
	</url><url>
		<loc> https://geoconnex.us/cuahsi/his/MOPEX/05592500 </loc>
		<lastmod> 2022-02-25 15:46:59.734354 </lastmod>
	</url><url>
		<loc> https://geoconnex.us/cuahsi/his/MOPEX/05593000 </loc>
		<lastmod> 2022-02-25 15:46:59.734539 </lastmod>
	</url><url>
		<loc> https://geoconnex.us/cuahsi/his/MOPEX/05594000 </loc>
		<lastmod> 2022-02-25 15:46:59.734572 </lastmod>
	</url><url>
		<loc> https://geoconnex.us/cuahsi/his/MOPEX/03303000 </loc>
		<lastmod> 2022-02-25 15:46:59.734593 </lastmod>
	</url><url>
		<loc> https://geoconnex.us/cuahsi/his/MOPEX/03324300 </loc>
		<lastmod> 2022-02-25 15:46:59.734613 </lastmod>
	</url><url>
		<loc> https://geoconnex.us/cuahsi/his/MOPEX/03326500 </loc>
		<lastmod> 2022-02-25 15:46:59.734633 </lastmod>
	</url><url>
		<loc> https://geoconnex.us/cuahsi/his/MOPEX/03328500 </loc>
		<lastmod> 2022-02-25 15:46:59.734652 </lastmod>
	</url><url>
		<loc> https://geoconnex.us/cuahsi/his/MOPEX/03331500 </loc>
		<lastmod> 2022-02-25 15:46:59.734693 </lastmod>
	</url><url>
		<loc> https://geoconnex.us/cuahsi/his/MOPEX/03339500 </loc>
		<lastmod> 2022-02-25 15:46:59.734715 </lastmod>
	</url><url>
		<loc> https://geoconnex.us/cuahsi/his/MOPEX/03348000 </loc>
		<lastmod> 2022-02-25 15:46:59.734735 </lastmod>
	</url><url>
		<loc> https://geoconnex.us/cuahsi/his/MOPEX/03349000 </loc>
		<lastmod> 2022-02-25 15:46:59.734754 </lastmod>
	</url><url>
		<loc> https://geoconnex.us/cuahsi/his/MOPEX/03361500 </loc>
		<lastmod> 2022-02-25 15:46:59.734773 </lastmod>
	</url><url>
		<loc> https://geoconnex.us/cuahsi/his/MOPEX/03361650 </loc>
		<lastmod> 2022-02-25 15:46:59.734792 </lastmod>
	</url><url>
		<loc> https://geoconnex.us/cuahsi/his/MOPEX/03362500 </loc>
		<lastmod> 2022-02-25 15:46:59.734850 </lastmod>
	</url><url>
		<loc> https://geoconnex.us/cuahsi/his/MOPEX/03363000 </loc>
		<lastmod> 2022-02-25 15:46:59.734883 </lastmod>
	</url><url>
		<loc> https://geoconnex.us/cuahsi/his/MOPEX/03364000 </loc>
		<lastmod> 2022-02-25 15:46:59.734901 </lastmod>
	</url><url>
		<loc> https://geoconnex.us/cuahsi/his/MOPEX/03365500 </loc>
		<lastmod> 2022-02-25 15:46:59.734918 </lastmod>
	</url><url>
		<loc> https://geoconnex.us/cuahsi/his/MOPEX/04100500 </loc>
		<lastmod> 2022-02-25 15:46:59.734934 </lastmod>
	</url><url>
		<loc> https://geoconnex.us/cuahsi/his/MOPEX/05515500 </loc>
		<lastmod> 2022-02-25 15:46:59.734968 </lastmod>
	</url><url>
		<loc> https://geoconnex.us/cuahsi/his/MOPEX/05517000 </loc>
		<lastmod> 2022-02-25 15:46:59.734985 </lastmod>
	</url><url>
		<loc> https://geoconnex.us/cuahsi/his/MOPEX/05517500 </loc>
		<lastmod> 2022-02-25 15:46:59.735003 </lastmod>
	</url><url>
		<loc> https://geoconnex.us/cuahsi/his/MOPEX/05518000 </loc>
		<lastmod> 2022-02-25 15:46:59.735020 </lastmod>
	</url><url>
		<loc> https://geoconnex.us/cuahsi/his/MOPEX/05412500 </loc>
		<lastmod> 2022-02-25 15:46:59.735036 </lastmod>
	</url><url>
		<loc> https://geoconnex.us/cuahsi/his/MOPEX/05418500 </loc>
		<lastmod> 2022-02-25 15:46:59.735053 </lastmod>
	</url><url>
		<loc> https://geoconnex.us/cuahsi/his/MOPEX/05422000 </loc>
		<lastmod> 2022-02-25 15:46:59.735070 </lastmod>
	</url><url>
		<loc> https://geoconnex.us/cuahsi/his/MOPEX/05451500 </loc>
		<lastmod> 2022-02-25 15:46:59.735087 </lastmod>
	</url><url>
		<loc> https://geoconnex.us/cuahsi/his/MOPEX/05452000 </loc>
		<lastmod> 2022-02-25 15:46:59.735104 </lastmod>
	</url><url>
		<loc> https://geoconnex.us/cuahsi/his/MOPEX/05454500 </loc>
		<lastmod> 2022-02-25 15:46:59.735121 </lastmod>
	</url><url>
		<loc> https://geoconnex.us/cuahsi/his/MOPEX/05455500 </loc>
		<lastmod> 2022-02-25 15:46:59.735139 </lastmod>
	</url><url>
		<loc> https://geoconnex.us/cuahsi/his/MOPEX/05457700 </loc>
		<lastmod> 2022-02-25 15:46:59.735174 </lastmod>
	</url><url>
		<loc> https://geoconnex.us/cuahsi/his/MOPEX/05458500 </loc>
		<lastmod> 2022-02-25 15:46:59.735191 </lastmod>
	</url><url>
		<loc> https://geoconnex.us/cuahsi/his/MOPEX/05462000 </loc>
		<lastmod> 2022-02-25 15:46:59.735209 </lastmod>
	</url><url>
		<loc> https://geoconnex.us/cuahsi/his/MOPEX/05471500 </loc>
		<lastmod> 2022-02-25 15:46:59.735226 </lastmod>
	</url><url>
		<loc> https://geoconnex.us/cuahsi/his/MOPEX/05472500 </loc>
		<lastmod> 2022-02-25 15:46:59.735244 </lastmod>
	</url><url>
		<loc> https://geoconnex.us/cuahsi/his/MOPEX/05476500 </loc>
		<lastmod> 2022-02-25 15:46:59.735322 </lastmod>
	</url><url>
		<loc> https://geoconnex.us/cuahsi/his/MOPEX/05479000 </loc>
		<lastmod> 2022-02-25 15:46:59.735341 </lastmod>
	</url><url>
		<loc> https://geoconnex.us/cuahsi/his/MOPEX/05481000 </loc>
		<lastmod> 2022-02-25 15:46:59.735358 </lastmod>
	</url><url>
		<loc> https://geoconnex.us/cuahsi/his/MOPEX/05482500 </loc>
		<lastmod> 2022-02-25 15:46:59.735393 </lastmod>
	</url><url>
		<loc> https://geoconnex.us/cuahsi/his/MOPEX/05484500 </loc>
		<lastmod> 2022-02-25 15:46:59.735471 </lastmod>
	</url><url>
		<loc> https://geoconnex.us/cuahsi/his/MOPEX/06600500 </loc>
		<lastmod> 2022-02-25 15:46:59.735514 </lastmod>
	</url><url>
		<loc> https://geoconnex.us/cuahsi/his/MOPEX/06606600 </loc>
		<lastmod> 2022-02-25 15:46:59.735532 </lastmod>
	</url><url>
		<loc> https://geoconnex.us/cuahsi/his/MOPEX/06607200 </loc>
		<lastmod> 2022-02-25 15:46:59.735566 </lastmod>
	</url><url>
		<loc> https://geoconnex.us/cuahsi/his/MOPEX/06609500 </loc>
		<lastmod> 2022-02-25 15:46:59.735583 </lastmod>
	</url><url>
		<loc> https://geoconnex.us/cuahsi/his/MOPEX/06808500 </loc>
		<lastmod> 2022-02-25 15:46:59.735600 </lastmod>
	</url><url>
		<loc> https://geoconnex.us/cuahsi/his/MOPEX/06810000 </loc>
		<lastmod> 2022-02-25 15:46:59.735616 </lastmod>
	</url><url>
		<loc> https://geoconnex.us/cuahsi/his/MOPEX/06817000 </loc>
		<lastmod> 2022-02-25 15:46:59.735649 </lastmod>
	</url><url>
		<loc> https://geoconnex.us/cuahsi/his/MOPEX/06898000 </loc>
		<lastmod> 2022-02-25 15:46:59.735666 </lastmod>
	</url><url>
		<loc> https://geoconnex.us/cuahsi/his/MOPEX/06860000 </loc>
		<lastmod> 2022-02-25 15:46:59.735683 </lastmod>
	</url><url>
		<loc> https://geoconnex.us/cuahsi/his/MOPEX/06868000 </loc>
		<lastmod> 2022-02-25 15:46:59.736154 </lastmod>
	</url><url>
		<loc> https://geoconnex.us/cuahsi/his/MOPEX/06869500 </loc>
		<lastmod> 2022-02-25 15:46:59.736401 </lastmod>
	</url><url>
		<loc> https://geoconnex.us/cuahsi/his/MOPEX/06884400 </loc>
		<lastmod> 2022-02-25 15:46:59.736440 </lastmod>
	</url><url>
		<loc> https://geoconnex.us/cuahsi/his/MOPEX/06884500 </loc>
		<lastmod> 2022-02-25 15:46:59.736461 </lastmod>
	</url><url>
		<loc> https://geoconnex.us/cuahsi/his/MOPEX/06885500 </loc>
		<lastmod> 2022-02-25 15:46:59.736480 </lastmod>
	</url><url>
		<loc> https://geoconnex.us/cuahsi/his/MOPEX/06888500 </loc>
		<lastmod> 2022-02-25 15:46:59.736497 </lastmod>
	</url><url>
		<loc> https://geoconnex.us/cuahsi/his/MOPEX/06890500 </loc>
		<lastmod> 2022-02-25 15:46:59.736533 </lastmod>
	</url><url>
		<loc> https://geoconnex.us/cuahsi/his/MOPEX/06892000 </loc>
		<lastmod> 2022-02-25 15:46:59.736552 </lastmod>
	</url><url>
		<loc> https://geoconnex.us/cuahsi/his/MOPEX/06913500 </loc>
		<lastmod> 2022-02-25 15:46:59.736570 </lastmod>
	</url><url>
		<loc> https://geoconnex.us/cuahsi/his/MOPEX/06914000 </loc>
		<lastmod> 2022-02-25 15:46:59.736587 </lastmod>
	</url><url>
		<loc> https://geoconnex.us/cuahsi/his/MOPEX/07144200 </loc>
		<lastmod> 2022-02-25 15:46:59.736605 </lastmod>
	</url><url>
		<loc> https://geoconnex.us/cuahsi/his/MOPEX/07144780 </loc>
		<lastmod> 2022-02-25 15:46:59.736622 </lastmod>
	</url><url>
		<loc> https://geoconnex.us/cuahsi/his/MOPEX/07147070 </loc>
		<lastmod> 2022-02-25 15:46:59.736656 </lastmod>
	</url><url>
		<loc> https://geoconnex.us/cuahsi/his/MOPEX/07147800 </loc>
		<lastmod> 2022-02-25 15:46:59.736673 </lastmod>
	</url><url>
		<loc> https://geoconnex.us/cuahsi/his/MOPEX/07172000 </loc>
		<lastmod> 2022-02-25 15:46:59.736689 </lastmod>
	</url><url>
		<loc> https://geoconnex.us/cuahsi/his/MOPEX/07183000 </loc>
		<lastmod> 2022-02-25 15:46:59.736706 </lastmod>
	</url><url>
		<loc> https://geoconnex.us/cuahsi/his/MOPEX/03251500 </loc>
		<lastmod> 2022-02-25 15:46:59.736723 </lastmod>
	</url><url>
		<loc> https://geoconnex.us/cuahsi/his/MOPEX/03252500 </loc>
		<lastmod> 2022-02-25 15:46:59.736740 </lastmod>
	</url><url>
		<loc> https://geoconnex.us/cuahsi/his/MOPEX/03253500 </loc>
		<lastmod> 2022-02-25 15:46:59.736774 </lastmod>
	</url><url>
		<loc> https://geoconnex.us/cuahsi/his/MOPEX/03281500 </loc>
		<lastmod> 2022-02-25 15:46:59.736791 </lastmod>
	</url><url>
		<loc> https://geoconnex.us/cuahsi/his/MOPEX/03289500 </loc>
		<lastmod> 2022-02-25 15:46:59.736814 </lastmod>
	</url><url>
		<loc> https://geoconnex.us/cuahsi/his/MOPEX/03301500 </loc>
		<lastmod> 2022-02-25 15:46:59.736831 </lastmod>
	</url><url>
		<loc> https://geoconnex.us/cuahsi/his/MOPEX/03308500 </loc>
		<lastmod> 2022-02-25 15:46:59.736891 </lastmod>
	</url><url>
		<loc> https://geoconnex.us/cuahsi/his/MOPEX/03410500 </loc>
		<lastmod> 2022-02-25 15:46:59.736908 </lastmod>
	</url><url>
		<loc> https://geoconnex.us/cuahsi/his/MOPEX/03438000 </loc>
		<lastmod> 2022-02-25 15:46:59.736925 </lastmod>
	</url><url>
		<loc> https://geoconnex.us/cuahsi/his/MOPEX/02492000 </loc>
		<lastmod> 2022-02-25 15:46:59.736943 </lastmod>
	</url><url>
		<loc> https://geoconnex.us/cuahsi/his/MOPEX/07348000 </loc>
		<lastmod> 2022-02-25 15:46:59.736960 </lastmod>
	</url><url>
		<loc> https://geoconnex.us/cuahsi/his/MOPEX/07375500 </loc>
		<lastmod> 2022-02-25 15:46:59.736978 </lastmod>
	</url><url>
		<loc> https://geoconnex.us/cuahsi/his/MOPEX/07378000 </loc>
		<lastmod> 2022-02-25 15:46:59.736996 </lastmod>
	</url><url>
		<loc> https://geoconnex.us/cuahsi/his/MOPEX/07378500 </loc>
		<lastmod> 2022-02-25 15:46:59.737013 </lastmod>
	</url><url>
		<loc> https://geoconnex.us/cuahsi/his/MOPEX/08013500 </loc>
		<lastmod> 2022-02-25 15:46:59.737031 </lastmod>
	</url><url>
		<loc> https://geoconnex.us/cuahsi/his/MOPEX/08015500 </loc>
		<lastmod> 2022-02-25 15:46:59.737048 </lastmod>
	</url><url>
		<loc> https://geoconnex.us/cuahsi/his/MOPEX/01048000 </loc>
		<lastmod> 2022-02-25 15:46:59.737066 </lastmod>
	</url><url>
		<loc> https://geoconnex.us/cuahsi/his/MOPEX/01055500 </loc>
		<lastmod> 2022-02-25 15:46:59.737100 </lastmod>
	</url><url>
		<loc> https://geoconnex.us/cuahsi/his/MOPEX/01060000 </loc>
		<lastmod> 2022-02-25 15:46:59.737117 </lastmod>
	</url><url>
		<loc> https://geoconnex.us/cuahsi/his/MOPEX/01595000 </loc>
		<lastmod> 2022-02-25 15:46:59.737134 </lastmod>
	</url><url>
		<loc> https://geoconnex.us/cuahsi/his/MOPEX/01610000 </loc>
		<lastmod> 2022-02-25 15:46:59.737168 </lastmod>
	</url><url>
		<loc> https://geoconnex.us/cuahsi/his/MOPEX/01643000 </loc>
		<lastmod> 2022-02-25 15:46:59.737185 </lastmod>
	</url><url>
		<loc> https://geoconnex.us/cuahsi/his/MOPEX/01649500 </loc>
		<lastmod> 2022-02-25 15:46:59.737203 </lastmod>
	</url><url>
		<loc> https://geoconnex.us/cuahsi/his/MOPEX/03075500 </loc>
		<lastmod> 2022-02-25 15:46:59.737220 </lastmod>
	</url><url>
		<loc> https://geoconnex.us/cuahsi/his/MOPEX/01197500 </loc>
		<lastmod> 2022-02-25 15:46:59.737238 </lastmod>
	</url><url>
		<loc> https://geoconnex.us/cuahsi/his/MOPEX/04113000 </loc>
		<lastmod> 2022-02-25 15:46:59.737255 </lastmod>
	</url><url>
		<loc> https://geoconnex.us/cuahsi/his/MOPEX/04115000 </loc>
		<lastmod> 2022-02-25 15:46:59.737272 </lastmod>
	</url><url>
		<loc> https://geoconnex.us/cuahsi/his/MOPEX/04144000 </loc>
		<lastmod> 2022-02-25 15:46:59.737289 </lastmod>
	</url><url>
		<loc> https://geoconnex.us/cuahsi/his/MOPEX/04164000 </loc>
		<lastmod> 2022-02-25 15:46:59.737306 </lastmod>
	</url><url>
		<loc> https://geoconnex.us/cuahsi/his/MOPEX/04165500 </loc>
		<lastmod> 2022-02-25 15:46:59.737323 </lastmod>
	</url><url>
		<loc> https://geoconnex.us/cuahsi/his/MOPEX/04176500 </loc>
		<lastmod> 2022-02-25 15:46:59.737340 </lastmod>
	</url><url>
		<loc> https://geoconnex.us/cuahsi/his/MOPEX/05244000 </loc>
		<lastmod> 2022-02-25 15:46:59.737358 </lastmod>
	</url><url>
		<loc> https://geoconnex.us/cuahsi/his/MOPEX/05280000 </loc>
		<lastmod> 2022-02-25 15:46:59.737375 </lastmod>
	</url><url>
		<loc> https://geoconnex.us/cuahsi/his/MOPEX/05320500 </loc>
		<lastmod> 2022-02-25 15:46:59.737393 </lastmod>
	</url><url>
		<loc> https://geoconnex.us/cuahsi/his/MOPEX/02437000 </loc>
		<lastmod> 2022-02-25 15:46:59.737411 </lastmod>
	</url><url>
		<loc> https://geoconnex.us/cuahsi/his/MOPEX/02448000 </loc>
		<lastmod> 2022-02-25 15:46:59.737429 </lastmod>
	</url><url>
		<loc> https://geoconnex.us/cuahsi/his/MOPEX/02472000 </loc>
		<lastmod> 2022-02-25 15:46:59.737446 </lastmod>
	</url><url>
		<loc> https://geoconnex.us/cuahsi/his/MOPEX/02475000 </loc>
		<lastmod> 2022-02-25 15:46:59.737464 </lastmod>
	</url><url>
		<loc> https://geoconnex.us/cuahsi/his/MOPEX/02475500 </loc>
		<lastmod> 2022-02-25 15:46:59.737481 </lastmod>
	</url><url>
		<loc> https://geoconnex.us/cuahsi/his/MOPEX/02478500 </loc>
		<lastmod> 2022-02-25 15:46:59.737498 </lastmod>
	</url><url>
		<loc> https://geoconnex.us/cuahsi/his/MOPEX/02479300 </loc>
		<lastmod> 2022-02-25 15:46:59.737515 </lastmod>
	</url><url>
		<loc> https://geoconnex.us/cuahsi/his/MOPEX/02482000 </loc>
		<lastmod> 2022-02-25 15:46:59.737533 </lastmod>
	</url><url>
		<loc> https://geoconnex.us/cuahsi/his/MOPEX/02486000 </loc>
		<lastmod> 2022-02-25 15:46:59.737551 </lastmod>
	</url><url>
		<loc> https://geoconnex.us/cuahsi/his/MOPEX/07288500 </loc>
		<lastmod> 2022-02-25 15:46:59.737568 </lastmod>
	</url><url>
		<loc> https://geoconnex.us/cuahsi/his/MOPEX/07289500 </loc>
		<lastmod> 2022-02-25 15:46:59.737585 </lastmod>
	</url><url>
		<loc> https://geoconnex.us/cuahsi/his/MOPEX/07290000 </loc>
		<lastmod> 2022-02-25 15:46:59.737603 </lastmod>
	</url><url>
		<loc> https://geoconnex.us/cuahsi/his/MOPEX/05507500 </loc>
		<lastmod> 2022-02-25 15:46:59.737620 </lastmod>
	</url><url>
		<loc> https://geoconnex.us/cuahsi/his/MOPEX/05508000 </loc>
		<lastmod> 2022-02-25 15:46:59.737638 </lastmod>
	</url><url>
		<loc> https://geoconnex.us/cuahsi/his/MOPEX/05514500 </loc>
		<lastmod> 2022-02-25 15:46:59.737655 </lastmod>
	</url><url>
		<loc> https://geoconnex.us/cuahsi/his/MOPEX/06813000 </loc>
		<lastmod> 2022-02-25 15:46:59.737672 </lastmod>
	</url><url>
		<loc> https://geoconnex.us/cuahsi/his/MOPEX/06817500 </loc>
		<lastmod> 2022-02-25 15:46:59.737689 </lastmod>
	</url><url>
		<loc> https://geoconnex.us/cuahsi/his/MOPEX/06820500 </loc>
		<lastmod> 2022-02-25 15:46:59.737707 </lastmod>
	</url><url>
		<loc> https://geoconnex.us/cuahsi/his/MOPEX/06894000 </loc>
		<lastmod> 2022-02-25 15:46:59.737724 </lastmod>
	</url><url>
		<loc> https://geoconnex.us/cuahsi/his/MOPEX/06897500 </loc>
		<lastmod> 2022-02-25 15:46:59.737741 </lastmod>
	</url><url>
		<loc> https://geoconnex.us/cuahsi/his/MOPEX/06899500 </loc>
		<lastmod> 2022-02-25 15:46:59.737758 </lastmod>
	</url><url>
		<loc> https://geoconnex.us/cuahsi/his/MOPEX/06908000 </loc>
		<lastmod> 2022-02-25 15:46:59.737775 </lastmod>
	</url><url>
		<loc> https://geoconnex.us/cuahsi/his/MOPEX/06928000 </loc>
		<lastmod> 2022-02-25 15:46:59.737792 </lastmod>
	</url><url>
		<loc> https://geoconnex.us/cuahsi/his/MOPEX/06933500 </loc>
		<lastmod> 2022-02-25 15:46:59.737809 </lastmod>
	</url><url>
		<loc> https://geoconnex.us/cuahsi/his/MOPEX/07019000 </loc>
		<lastmod> 2022-02-25 15:46:59.737825 </lastmod>
	</url><url>
		<loc> https://geoconnex.us/cuahsi/his/MOPEX/07052500 </loc>
		<lastmod> 2022-02-25 15:46:59.737843 </lastmod>
	</url><url>
		<loc> https://geoconnex.us/cuahsi/his/MOPEX/07057500 </loc>
		<lastmod> 2022-02-25 15:46:59.737861 </lastmod>
	</url><url>
		<loc> https://geoconnex.us/cuahsi/his/MOPEX/07058000 </loc>
		<lastmod> 2022-02-25 15:46:59.737878 </lastmod>
	</url><url>
		<loc> https://geoconnex.us/cuahsi/his/MOPEX/07067000 </loc>
		<lastmod> 2022-02-25 15:46:59.737896 </lastmod>
	</url><url>
		<loc> https://geoconnex.us/cuahsi/his/MOPEX/07068000 </loc>
		<lastmod> 2022-02-25 15:46:59.737913 </lastmod>
	</url><url>
		<loc> https://geoconnex.us/cuahsi/his/MOPEX/07186000 </loc>
		<lastmod> 2022-02-25 15:46:59.737930 </lastmod>
	</url><url>
		<loc> https://geoconnex.us/cuahsi/his/MOPEX/06191500 </loc>
		<lastmod> 2022-02-25 15:46:59.737948 </lastmod>
	</url><url>
		<loc> https://geoconnex.us/cuahsi/his/MOPEX/06192500 </loc>
		<lastmod> 2022-02-25 15:46:59.737966 </lastmod>
	</url><url>
		<loc> https://geoconnex.us/cuahsi/his/MOPEX/12340000 </loc>
		<lastmod> 2022-02-25 15:46:59.737983 </lastmod>
	</url><url>
		<loc> https://geoconnex.us/cuahsi/his/MOPEX/12358500 </loc>
		<lastmod> 2022-02-25 15:46:59.738306 </lastmod>
	</url><url>
		<loc> https://geoconnex.us/cuahsi/his/MOPEX/06454500 </loc>
		<lastmod> 2022-02-25 15:46:59.738808 </lastmod>
	</url><url>
		<loc> https://geoconnex.us/cuahsi/his/MOPEX/06799500 </loc>
		<lastmod> 2022-02-25 15:46:59.738847 </lastmod>
	</url><url>
		<loc> https://geoconnex.us/cuahsi/his/MOPEX/06811500 </loc>
		<lastmod> 2022-02-25 15:46:59.738870 </lastmod>
	</url><url>
		<loc> https://geoconnex.us/cuahsi/his/MOPEX/06815000 </loc>
		<lastmod> 2022-02-25 15:46:59.738888 </lastmod>
	</url><url>
		<loc> https://geoconnex.us/cuahsi/his/MOPEX/06847000 </loc>
		<lastmod> 2022-02-25 15:46:59.738906 </lastmod>
	</url><url>
		<loc> https://geoconnex.us/cuahsi/his/MOPEX/06883000 </loc>
		<lastmod> 2022-02-25 15:46:59.738923 </lastmod>
	</url><url>
		<loc> https://geoconnex.us/cuahsi/his/MOPEX/10301500 </loc>
		<lastmod> 2022-02-25 15:46:59.738940 </lastmod>
	</url><url>
		<loc> https://geoconnex.us/cuahsi/his/MOPEX/10309000 </loc>
		<lastmod> 2022-02-25 15:46:59.738958 </lastmod>
	</url><url>
		<loc> https://geoconnex.us/cuahsi/his/MOPEX/10312000 </loc>
		<lastmod> 2022-02-25 15:46:59.738975 </lastmod>
	</url><url>
		<loc> https://geoconnex.us/cuahsi/his/MOPEX/01064500 </loc>
		<lastmod> 2022-02-25 15:46:59.739010 </lastmod>
	</url><url>
		<loc> https://geoconnex.us/cuahsi/his/MOPEX/01076500 </loc>
		<lastmod> 2022-02-25 15:46:59.739027 </lastmod>
	</url><url>
		<loc> https://geoconnex.us/cuahsi/his/MOPEX/01138000 </loc>
		<lastmod> 2022-02-25 15:46:59.739045 </lastmod>
	</url><url>
		<loc> https://geoconnex.us/cuahsi/his/MOPEX/01445000 </loc>
		<lastmod> 2022-02-25 15:46:59.739085 </lastmod>
	</url><url>
		<loc> https://geoconnex.us/cuahsi/his/MOPEX/01445500 </loc>
		<lastmod> 2022-02-25 15:46:59.739102 </lastmod>
	</url><url>
		<loc> https://geoconnex.us/cuahsi/his/MOPEX/07211500 </loc>
		<lastmod> 2022-02-25 15:46:59.739138 </lastmod>
	</url><url>
		<loc> https://geoconnex.us/cuahsi/his/MOPEX/07221000 </loc>
		<lastmod> 2022-02-25 15:46:59.739156 </lastmod>
	</url><url>
		<loc> https://geoconnex.us/cuahsi/his/MOPEX/07222500 </loc>
		<lastmod> 2022-02-25 15:46:59.739173 </lastmod>
	</url><url>
		<loc> https://geoconnex.us/cuahsi/his/MOPEX/08340500 </loc>
		<lastmod> 2022-02-25 15:46:59.739224 </lastmod>
	</url><url>
		<loc> https://geoconnex.us/cuahsi/his/MOPEX/09430500 </loc>
		<lastmod> 2022-02-25 15:46:59.739244 </lastmod>
	</url><url>
		<loc> https://geoconnex.us/cuahsi/his/MOPEX/09431500 </loc>
		<lastmod> 2022-02-25 15:46:59.739262 </lastmod>
	</url><url>
		<loc> https://geoconnex.us/cuahsi/his/MOPEX/09442692 </loc>
		<lastmod> 2022-02-25 15:46:59.739280 </lastmod>
	</url><url>
		<loc> https://geoconnex.us/cuahsi/his/MOPEX/01200000 </loc>
		<lastmod> 2022-02-25 15:46:59.739297 </lastmod>
	</url><url>
		<loc> https://geoconnex.us/cuahsi/his/MOPEX/01321000 </loc>
		<lastmod> 2022-02-25 15:46:59.739314 </lastmod>
	</url><url>
		<loc> https://geoconnex.us/cuahsi/his/MOPEX/01329500 </loc>
		<lastmod> 2022-02-25 15:46:59.739332 </lastmod>
	</url><url>
		<loc> https://geoconnex.us/cuahsi/his/MOPEX/01334500 </loc>
		<lastmod> 2022-02-25 15:46:59.739365 </lastmod>
	</url><url>
		<loc> https://geoconnex.us/cuahsi/his/MOPEX/01348000 </loc>
		<lastmod> 2022-02-25 15:46:59.739382 </lastmod>
	</url><url>
		<loc> https://geoconnex.us/cuahsi/his/MOPEX/01361000 </loc>
		<lastmod> 2022-02-25 15:46:59.739399 </lastmod>
	</url><url>
		<loc> https://geoconnex.us/cuahsi/his/MOPEX/01371500 </loc>
		<lastmod> 2022-02-25 15:46:59.739416 </lastmod>
	</url><url>
		<loc> https://geoconnex.us/cuahsi/his/MOPEX/01372500 </loc>
		<lastmod> 2022-02-25 15:46:59.739433 </lastmod>
	</url><url>
		<loc> https://geoconnex.us/cuahsi/his/MOPEX/01421000 </loc>
		<lastmod> 2022-02-25 15:46:59.739450 </lastmod>
	</url><url>
		<loc> https://geoconnex.us/cuahsi/his/MOPEX/01423000 </loc>
		<lastmod> 2022-02-25 15:46:59.739467 </lastmod>
	</url><url>
		<loc> https://geoconnex.us/cuahsi/his/MOPEX/01426500 </loc>
		<lastmod> 2022-02-25 15:46:59.739484 </lastmod>
	</url><url>
		<loc> https://geoconnex.us/cuahsi/his/MOPEX/01503000 </loc>
		<lastmod> 2022-02-25 15:46:59.739500 </lastmod>
	</url><url>
		<loc> https://geoconnex.us/cuahsi/his/MOPEX/01512500 </loc>
		<lastmod> 2022-02-25 15:46:59.739517 </lastmod>
	</url><url>
		<loc> https://geoconnex.us/cuahsi/his/MOPEX/01514000 </loc>
		<lastmod> 2022-02-25 15:46:59.739534 </lastmod>
	</url><url>
		<loc> https://geoconnex.us/cuahsi/his/MOPEX/01520500 </loc>
		<lastmod> 2022-02-25 15:46:59.739551 </lastmod>
	</url><url>
		<loc> https://geoconnex.us/cuahsi/his/MOPEX/01531000 </loc>
		<lastmod> 2022-02-25 15:46:59.739568 </lastmod>
	</url><url>
		<loc> https://geoconnex.us/cuahsi/his/MOPEX/03011020 </loc>
		<lastmod> 2022-02-25 15:46:59.739584 </lastmod>
	</url><url>
		<loc> https://geoconnex.us/cuahsi/his/MOPEX/04221000 </loc>
		<lastmod> 2022-02-25 15:46:59.739601 </lastmod>
	</url><url>
		<loc> https://geoconnex.us/cuahsi/his/MOPEX/04221500 </loc>
		<lastmod> 2022-02-25 15:46:59.739617 </lastmod>
	</url><url>
		<loc> https://geoconnex.us/cuahsi/his/MOPEX/04223000 </loc>
		<lastmod> 2022-02-25 15:46:59.739633 </lastmod>
	</url><url>
		<loc> https://geoconnex.us/cuahsi/his/MOPEX/02083500 </loc>
		<lastmod> 2022-02-25 15:46:59.739650 </lastmod>
	</url><url>
		<loc> https://geoconnex.us/cuahsi/his/MOPEX/02102000 </loc>
		<lastmod> 2022-02-25 15:46:59.739666 </lastmod>
	</url><url>
		<loc> https://geoconnex.us/cuahsi/his/MOPEX/02116500 </loc>
		<lastmod> 2022-02-25 15:46:59.739683 </lastmod>
	</url><url>
		<loc> https://geoconnex.us/cuahsi/his/MOPEX/02118000 </loc>
		<lastmod> 2022-02-25 15:46:59.739701 </lastmod>
	</url><url>
		<loc> https://geoconnex.us/cuahsi/his/MOPEX/02121000 </loc>
		<lastmod> 2022-02-25 15:46:59.739718 </lastmod>
	</url><url>
		<loc> https://geoconnex.us/cuahsi/his/MOPEX/02126000 </loc>
		<lastmod> 2022-02-25 15:46:59.739735 </lastmod>
	</url><url>
		<loc> https://geoconnex.us/cuahsi/his/MOPEX/02138500 </loc>
		<lastmod> 2022-02-25 15:46:59.739752 </lastmod>
	</url><url>
		<loc> https://geoconnex.us/cuahsi/his/MOPEX/02143000 </loc>
		<lastmod> 2022-02-25 15:46:59.739768 </lastmod>
	</url><url>
		<loc> https://geoconnex.us/cuahsi/his/MOPEX/02143040 </loc>
		<lastmod> 2022-02-25 15:46:59.739785 </lastmod>
	</url><url>
		<loc> https://geoconnex.us/cuahsi/his/MOPEX/02143500 </loc>
		<lastmod> 2022-02-25 15:46:59.739802 </lastmod>
	</url><url>
		<loc> https://geoconnex.us/cuahsi/his/MOPEX/03161000 </loc>
		<lastmod> 2022-02-25 15:46:59.739819 </lastmod>
	</url><url>
		<loc> https://geoconnex.us/cuahsi/his/MOPEX/03443000 </loc>
		<lastmod> 2022-02-25 15:46:59.739836 </lastmod>
	</url><url>
		<loc> https://geoconnex.us/cuahsi/his/MOPEX/03448000 </loc>
		<lastmod> 2022-02-25 15:46:59.739852 </lastmod>
	</url><url>
		<loc> https://geoconnex.us/cuahsi/his/MOPEX/03451500 </loc>
		<lastmod> 2022-02-25 15:46:59.739869 </lastmod>
	</url><url>
		<loc> https://geoconnex.us/cuahsi/his/MOPEX/03504000 </loc>
		<lastmod> 2022-02-25 15:46:59.739886 </lastmod>
	</url><url>
		<loc> https://geoconnex.us/cuahsi/his/MOPEX/03512000 </loc>
		<lastmod> 2022-02-25 15:46:59.739904 </lastmod>
	</url><url>
		<loc> https://geoconnex.us/cuahsi/his/MOPEX/03550000 </loc>
		<lastmod> 2022-02-25 15:46:59.739922 </lastmod>
	</url><url>
		<loc> https://geoconnex.us/cuahsi/his/MOPEX/05053000 </loc>
		<lastmod> 2022-02-25 15:46:59.739939 </lastmod>
	</url><url>
		<loc> https://geoconnex.us/cuahsi/his/MOPEX/06340500 </loc>
		<lastmod> 2022-02-25 15:46:59.739957 </lastmod>
	</url><url>
		<loc> https://geoconnex.us/cuahsi/his/MOPEX/03109500 </loc>
		<lastmod> 2022-02-25 15:46:59.739974 </lastmod>
	</url><url>
		<loc> https://geoconnex.us/cuahsi/his/MOPEX/03111500 </loc>
		<lastmod> 2022-02-25 15:46:59.739992 </lastmod>
	</url><url>
		<loc> https://geoconnex.us/cuahsi/his/MOPEX/03136000 </loc>
		<lastmod> 2022-02-25 15:46:59.740009 </lastmod>
	</url><url>
		<loc> https://geoconnex.us/cuahsi/his/MOPEX/03159500 </loc>
		<lastmod> 2022-02-25 15:46:59.740045 </lastmod>
	</url><url>
		<loc> https://geoconnex.us/cuahsi/his/MOPEX/03237500 </loc>
		<lastmod> 2022-02-25 15:46:59.740063 </lastmod>
	</url><url>
		<loc> https://geoconnex.us/cuahsi/his/MOPEX/03238500 </loc>
		<lastmod> 2022-02-25 15:46:59.740080 </lastmod>
	</url><url>
		<loc> https://geoconnex.us/cuahsi/his/MOPEX/03265000 </loc>
		<lastmod> 2022-02-25 15:46:59.740098 </lastmod>
	</url><url>
		<loc> https://geoconnex.us/cuahsi/his/MOPEX/03266000 </loc>
		<lastmod> 2022-02-25 15:46:59.740133 </lastmod>
	</url><url>
		<loc> https://geoconnex.us/cuahsi/his/MOPEX/03269500 </loc>
		<lastmod> 2022-02-25 15:46:59.740151 </lastmod>
	</url><url>
		<loc> https://geoconnex.us/cuahsi/his/MOPEX/03274000 </loc>
		<lastmod> 2022-02-25 15:46:59.740185 </lastmod>
	</url><url>
		<loc> https://geoconnex.us/cuahsi/his/MOPEX/04178000 </loc>
		<lastmod> 2022-02-25 15:46:59.740203 </lastmod>
	</url><url>
		<loc> https://geoconnex.us/cuahsi/his/MOPEX/04183500 </loc>
		<lastmod> 2022-02-25 15:46:59.740220 </lastmod>
	</url><url>
		<loc> https://geoconnex.us/cuahsi/his/MOPEX/04185000 </loc>
		<lastmod> 2022-02-25 15:46:59.740237 </lastmod>
	</url><url>
		<loc> https://geoconnex.us/cuahsi/his/MOPEX/04191500 </loc>
		<lastmod> 2022-02-25 15:46:59.740254 </lastmod>
	</url><url>
		<loc> https://geoconnex.us/cuahsi/his/MOPEX/04198000 </loc>
		<lastmod> 2022-02-25 15:46:59.740272 </lastmod>
	</url><url>
		<loc> https://geoconnex.us/cuahsi/his/MOPEX/04201500 </loc>
		<lastmod> 2022-02-25 15:46:59.740289 </lastmod>
	</url><url>
		<loc> https://geoconnex.us/cuahsi/his/MOPEX/04212000 </loc>
		<lastmod> 2022-02-25 15:46:59.740306 </lastmod>
	</url><url>
		<loc> https://geoconnex.us/cuahsi/his/MOPEX/07152000 </loc>
		<lastmod> 2022-02-25 15:46:59.740340 </lastmod>
	</url><url>
		<loc> https://geoconnex.us/cuahsi/his/MOPEX/07163000 </loc>
		<lastmod> 2022-02-25 15:46:59.740357 </lastmod>
	</url><url>
		<loc> https://geoconnex.us/cuahsi/his/MOPEX/07177500 </loc>
		<lastmod> 2022-02-25 15:46:59.740391 </lastmod>
	</url><url>
		<loc> https://geoconnex.us/cuahsi/his/MOPEX/07196500 </loc>
		<lastmod> 2022-02-25 15:46:59.740408 </lastmod>
	</url><url>
		<loc> https://geoconnex.us/cuahsi/his/MOPEX/07197000 </loc>
		<lastmod> 2022-02-25 15:46:59.740425 </lastmod>
	</url><url>
		<loc> https://geoconnex.us/cuahsi/his/MOPEX/07243500 </loc>
		<lastmod> 2022-02-25 15:46:59.740442 </lastmod>
	</url><url>
		<loc> https://geoconnex.us/cuahsi/his/MOPEX/11497500 </loc>
		<lastmod> 2022-02-25 15:46:59.740461 </lastmod>
	</url><url>
		<loc> https://geoconnex.us/cuahsi/his/MOPEX/11501000 </loc>
		<lastmod> 2022-02-25 15:46:59.740495 </lastmod>
	</url><url>
		<loc> https://geoconnex.us/cuahsi/his/MOPEX/14080500 </loc>
		<lastmod> 2022-02-25 15:46:59.740511 </lastmod>
	</url><url>
		<loc> https://geoconnex.us/cuahsi/his/MOPEX/14101500 </loc>
		<lastmod> 2022-02-25 15:46:59.740528 </lastmod>
	</url><url>
		<loc> https://geoconnex.us/cuahsi/his/MOPEX/14308000 </loc>
		<lastmod> 2022-02-25 15:46:59.740546 </lastmod>
	</url><url>
		<loc> https://geoconnex.us/cuahsi/his/MOPEX/14321000 </loc>
		<lastmod> 2022-02-25 15:46:59.740563 </lastmod>
	</url><url>
		<loc> https://geoconnex.us/cuahsi/his/MOPEX/14359000 </loc>
		<lastmod> 2022-02-25 15:46:59.740580 </lastmod>
	</url><url>
		<loc> https://geoconnex.us/cuahsi/his/MOPEX/01518000 </loc>
		<lastmod> 2022-02-25 15:46:59.740598 </lastmod>
	</url><url>
		<loc> https://geoconnex.us/cuahsi/his/MOPEX/01520000 </loc>
		<lastmod> 2022-02-25 15:46:59.740615 </lastmod>
	</url><url>
		<loc> https://geoconnex.us/cuahsi/his/MOPEX/01534000 </loc>
		<lastmod> 2022-02-25 15:46:59.740632 </lastmod>
	</url><url>
		<loc> https://geoconnex.us/cuahsi/his/MOPEX/01541000 </loc>
		<lastmod> 2022-02-25 15:46:59.740649 </lastmod>
	</url><url>
		<loc> https://geoconnex.us/cuahsi/his/MOPEX/01541500 </loc>
		<lastmod> 2022-02-25 15:46:59.740683 </lastmod>
	</url><url>
		<loc> https://geoconnex.us/cuahsi/his/MOPEX/01543500 </loc>
		<lastmod> 2022-02-25 15:46:59.740700 </lastmod>
	</url><url>
		<loc> https://geoconnex.us/cuahsi/his/MOPEX/01548500 </loc>
		<lastmod> 2022-02-25 15:46:59.740716 </lastmod>
	</url><url>
		<loc> https://geoconnex.us/cuahsi/his/MOPEX/01556000 </loc>
		<lastmod> 2022-02-25 15:46:59.740733 </lastmod>
	</url><url>
		<loc> https://geoconnex.us/cuahsi/his/MOPEX/01558000 </loc>
		<lastmod> 2022-02-25 15:46:59.740749 </lastmod>
	</url><url>
		<loc> https://geoconnex.us/cuahsi/his/MOPEX/01559000 </loc>
		<lastmod> 2022-02-25 15:46:59.740784 </lastmod>
	</url><url>
		<loc> https://geoconnex.us/cuahsi/his/MOPEX/01560000 </loc>
		<lastmod> 2022-02-25 15:46:59.740801 </lastmod>
	</url><url>
		<loc> https://geoconnex.us/cuahsi/his/MOPEX/01562000 </loc>
		<lastmod> 2022-02-25 15:46:59.740819 </lastmod>
	</url><url>
		<loc> https://geoconnex.us/cuahsi/his/MOPEX/01567000 </loc>
		<lastmod> 2022-02-25 15:46:59.740835 </lastmod>
	</url><url>
		<loc> https://geoconnex.us/cuahsi/his/MOPEX/01574000 </loc>
		<lastmod> 2022-02-25 15:46:59.740852 </lastmod>
	</url><url>
		<loc> https://geoconnex.us/cuahsi/his/MOPEX/03010500 </loc>
		<lastmod> 2022-02-25 15:46:59.740869 </lastmod>
	</url><url>
		<loc> https://geoconnex.us/cuahsi/his/MOPEX/03020500 </loc>
		<lastmod> 2022-02-25 15:46:59.740886 </lastmod>
	</url><url>
		<loc> https://geoconnex.us/cuahsi/his/MOPEX/03024000 </loc>
		<lastmod> 2022-02-25 15:46:59.740903 </lastmod>
	</url><url>
		<loc> https://geoconnex.us/cuahsi/his/MOPEX/03032500 </loc>
		<lastmod> 2022-02-25 15:46:59.740919 </lastmod>
	</url><url>
		<loc> https://geoconnex.us/cuahsi/his/MOPEX/03079000 </loc>
		<lastmod> 2022-02-25 15:46:59.740954 </lastmod>
	</url><url>
		<loc> https://geoconnex.us/cuahsi/his/MOPEX/02135000 </loc>
		<lastmod> 2022-02-25 15:46:59.740995 </lastmod>
	</url><url>
		<loc> https://geoconnex.us/cuahsi/his/MOPEX/02156500 </loc>
		<lastmod> 2022-02-25 15:46:59.741012 </lastmod>
	</url><url>
		<loc> https://geoconnex.us/cuahsi/his/MOPEX/02165000 </loc>
		<lastmod> 2022-02-25 15:46:59.741031 </lastmod>
	</url><url>
		<loc> https://geoconnex.us/cuahsi/his/MOPEX/02174000 </loc>
		<lastmod> 2022-02-25 15:46:59.741049 </lastmod>
	</url><url>
		<loc> https://geoconnex.us/cuahsi/his/MOPEX/06334500 </loc>
		<lastmod> 2022-02-25 15:46:59.741088 </lastmod>
	</url><url>
		<loc> https://geoconnex.us/cuahsi/his/MOPEX/06359500 </loc>
		<lastmod> 2022-02-25 15:46:59.741105 </lastmod>
	</url><url>
		<loc> https://geoconnex.us/cuahsi/his/MOPEX/06441500 </loc>
		<lastmod> 2022-02-25 15:46:59.741124 </lastmod>
	</url><url>
		<loc> https://geoconnex.us/cuahsi/his/MOPEX/06446000 </loc>
		<lastmod> 2022-02-25 15:46:59.741142 </lastmod>
	</url><url>
		<loc> https://geoconnex.us/cuahsi/his/MOPEX/06480000 </loc>
		<lastmod> 2022-02-25 15:46:59.741178 </lastmod>
	</url><url>
		<loc> https://geoconnex.us/cuahsi/his/MOPEX/03455000 </loc>
		<lastmod> 2022-02-25 15:46:59.741197 </lastmod>
	</url><url>
		<loc> https://geoconnex.us/cuahsi/his/MOPEX/03465500 </loc>
		<lastmod> 2022-02-25 15:46:59.741261 </lastmod>
	</url><url>
		<loc> https://geoconnex.us/cuahsi/his/MOPEX/03470000 </loc>
		<lastmod> 2022-02-25 15:46:59.741281 </lastmod>
	</url><url>
		<loc> https://geoconnex.us/cuahsi/his/MOPEX/03528000 </loc>
		<lastmod> 2022-02-25 15:46:59.741335 </lastmod>
	</url><url>
		<loc> https://geoconnex.us/cuahsi/his/MOPEX/03532000 </loc>
		<lastmod> 2022-02-25 15:46:59.741373 </lastmod>
	</url><url>
		<loc> https://geoconnex.us/cuahsi/his/MOPEX/03540500 </loc>
		<lastmod> 2022-02-25 15:46:59.741410 </lastmod>
	</url><url>
		<loc> https://geoconnex.us/cuahsi/his/MOPEX/03567500 </loc>
		<lastmod> 2022-02-25 15:46:59.741429 </lastmod>
	</url><url>
		<loc> https://geoconnex.us/cuahsi/his/MOPEX/03603000 </loc>
		<lastmod> 2022-02-25 15:46:59.741447 </lastmod>
	</url><url>
		<loc> https://geoconnex.us/cuahsi/his/MOPEX/07029500 </loc>
		<lastmod> 2022-02-25 15:46:59.741465 </lastmod>
	</url><url>
		<loc> https://geoconnex.us/cuahsi/his/MOPEX/07307800 </loc>
		<lastmod> 2022-02-25 15:46:59.741500 </lastmod>
	</url><url>
		<loc> https://geoconnex.us/cuahsi/his/MOPEX/07346000 </loc>
		<lastmod> 2022-02-25 15:46:59.741519 </lastmod>
	</url><url>
		<loc> https://geoconnex.us/cuahsi/his/MOPEX/07346050 </loc>
		<lastmod> 2022-02-25 15:46:59.741538 </lastmod>
	</url><url>
		<loc> https://geoconnex.us/cuahsi/his/MOPEX/07346070 </loc>
		<lastmod> 2022-02-25 15:46:59.741555 </lastmod>
	</url><url>
		<loc> https://geoconnex.us/cuahsi/his/MOPEX/08032000 </loc>
		<lastmod> 2022-02-25 15:46:59.741573 </lastmod>
	</url><url>
		<loc> https://geoconnex.us/cuahsi/his/MOPEX/08033500 </loc>
		<lastmod> 2022-02-25 15:46:59.741590 </lastmod>
	</url><url>
		<loc> https://geoconnex.us/cuahsi/his/MOPEX/08055500 </loc>
		<lastmod> 2022-02-25 15:46:59.741655 </lastmod>
	</url><url>
		<loc> https://geoconnex.us/cuahsi/his/MOPEX/08085500 </loc>
		<lastmod> 2022-02-25 15:46:59.741674 </lastmod>
	</url><url>
		<loc> https://geoconnex.us/cuahsi/his/MOPEX/08095000 </loc>
		<lastmod> 2022-02-25 15:46:59.741690 </lastmod>
	</url><url>
		<loc> https://geoconnex.us/cuahsi/his/MOPEX/08103800 </loc>
		<lastmod> 2022-02-25 15:46:59.741728 </lastmod>
	</url><url>
		<loc> https://geoconnex.us/cuahsi/his/MOPEX/08146000 </loc>
		<lastmod> 2022-02-25 15:46:59.741744 </lastmod>
	</url><url>
		<loc> https://geoconnex.us/cuahsi/his/MOPEX/08150000 </loc>
		<lastmod> 2022-02-25 15:46:59.741760 </lastmod>
	</url><url>
		<loc> https://geoconnex.us/cuahsi/his/MOPEX/08150700 </loc>
		<lastmod> 2022-02-25 15:46:59.741777 </lastmod>
	</url><url>
		<loc> https://geoconnex.us/cuahsi/his/MOPEX/08167500 </loc>
		<lastmod> 2022-02-25 15:46:59.741793 </lastmod>
	</url><url>
		<loc> https://geoconnex.us/cuahsi/his/MOPEX/08171000 </loc>
		<lastmod> 2022-02-25 15:46:59.741809 </lastmod>
	</url><url>
		<loc> https://geoconnex.us/cuahsi/his/MOPEX/08171300 </loc>
		<lastmod> 2022-02-25 15:46:59.741826 </lastmod>
	</url><url>
		<loc> https://geoconnex.us/cuahsi/his/MOPEX/08172000 </loc>
		<lastmod> 2022-02-25 15:46:59.741843 </lastmod>
	</url><url>
		<loc> https://geoconnex.us/cuahsi/his/MOPEX/08189500 </loc>
		<lastmod> 2022-02-25 15:46:59.741860 </lastmod>
	</url><url>
		<loc> https://geoconnex.us/cuahsi/his/MOPEX/08205500 </loc>
		<lastmod> 2022-02-25 15:46:59.741877 </lastmod>
	</url><url>
		<loc> https://geoconnex.us/cuahsi/his/MOPEX/09292500 </loc>
		<lastmod> 2022-02-25 15:46:59.741894 </lastmod>
	</url><url>
		<loc> https://geoconnex.us/cuahsi/his/MOPEX/09299500 </loc>
		<lastmod> 2022-02-25 15:46:59.741911 </lastmod>
	</url><url>
		<loc> https://geoconnex.us/cuahsi/his/MOPEX/01329000 </loc>
		<lastmod> 2022-02-25 15:46:59.741928 </lastmod>
	</url><url>
		<loc> https://geoconnex.us/cuahsi/his/MOPEX/01628500 </loc>
		<lastmod> 2022-02-25 15:46:59.741945 </lastmod>
	</url><url>
		<loc> https://geoconnex.us/cuahsi/his/MOPEX/01631000 </loc>
		<lastmod> 2022-02-25 15:46:59.741962 </lastmod>
	</url><url>
		<loc> https://geoconnex.us/cuahsi/his/MOPEX/01634000 </loc>
		<lastmod> 2022-02-25 15:46:59.741979 </lastmod>
	</url><url>
		<loc> https://geoconnex.us/cuahsi/his/MOPEX/01663500 </loc>
		<lastmod> 2022-02-25 15:46:59.741996 </lastmod>
	</url><url>
		<loc> https://geoconnex.us/cuahsi/his/MOPEX/01664000 </loc>
		<lastmod> 2022-02-25 15:46:59.742013 </lastmod>
	</url><url>
		<loc> https://geoconnex.us/cuahsi/his/MOPEX/01667500 </loc>
		<lastmod> 2022-02-25 15:46:59.742030 </lastmod>
	</url><url>
		<loc> https://geoconnex.us/cuahsi/his/MOPEX/01668000 </loc>
		<lastmod> 2022-02-25 15:46:59.742047 </lastmod>
	</url><url>
		<loc> https://geoconnex.us/cuahsi/his/MOPEX/01672500 </loc>
		<lastmod> 2022-02-25 15:46:59.742064 </lastmod>
	</url><url>
		<loc> https://geoconnex.us/cuahsi/his/MOPEX/01674500 </loc>
		<lastmod> 2022-02-25 15:46:59.742081 </lastmod>
	</url><url>
		<loc> https://geoconnex.us/cuahsi/his/MOPEX/02016000 </loc>
		<lastmod> 2022-02-25 15:46:59.742098 </lastmod>
	</url><url>
		<loc> https://geoconnex.us/cuahsi/his/MOPEX/02018000 </loc>
		<lastmod> 2022-02-25 15:46:59.742114 </lastmod>
	</url><url>
		<loc> https://geoconnex.us/cuahsi/his/MOPEX/02030500 </loc>
		<lastmod> 2022-02-25 15:46:59.742131 </lastmod>
	</url><url>
		<loc> https://geoconnex.us/cuahsi/his/MOPEX/02055000 </loc>
		<lastmod> 2022-02-25 15:46:59.742148 </lastmod>
	</url><url>
		<loc> https://geoconnex.us/cuahsi/his/MOPEX/02058400 </loc>
		<lastmod> 2022-02-25 15:46:59.742165 </lastmod>
	</url><url>
		<loc> https://geoconnex.us/cuahsi/his/MOPEX/03164000 </loc>
		<lastmod> 2022-02-25 15:46:59.742182 </lastmod>
	</url><url>
		<loc> https://geoconnex.us/cuahsi/his/MOPEX/03165500 </loc>
		<lastmod> 2022-02-25 15:46:59.742198 </lastmod>
	</url><url>
		<loc> https://geoconnex.us/cuahsi/his/MOPEX/03167000 </loc>
		<lastmod> 2022-02-25 15:46:59.742214 </lastmod>
	</url><url>
		<loc> https://geoconnex.us/cuahsi/his/MOPEX/03168000 </loc>
		<lastmod> 2022-02-25 15:46:59.742231 </lastmod>
	</url><url>
		<loc> https://geoconnex.us/cuahsi/his/MOPEX/03173000 </loc>
		<lastmod> 2022-02-25 15:46:59.742247 </lastmod>
	</url><url>
		<loc> https://geoconnex.us/cuahsi/his/MOPEX/03175500 </loc>
		<lastmod> 2022-02-25 15:46:59.742264 </lastmod>
	</url><url>
		<loc> https://geoconnex.us/cuahsi/his/MOPEX/03473000 </loc>
		<lastmod> 2022-02-25 15:46:59.742280 </lastmod>
	</url><url>
		<loc> https://geoconnex.us/cuahsi/his/MOPEX/03490000 </loc>
		<lastmod> 2022-02-25 15:46:59.742298 </lastmod>
	</url><url>
		<loc> https://geoconnex.us/cuahsi/his/MOPEX/03521500 </loc>
		<lastmod> 2022-02-25 15:46:59.742315 </lastmod>
	</url><url>
		<loc> https://geoconnex.us/cuahsi/his/MOPEX/03524000 </loc>
		<lastmod> 2022-02-25 15:46:59.742332 </lastmod>
	</url><url>
		<loc> https://geoconnex.us/cuahsi/his/MOPEX/03531500 </loc>
		<lastmod> 2022-02-25 15:46:59.742368 </lastmod>
	</url><url>
		<loc> https://geoconnex.us/cuahsi/his/MOPEX/12027500 </loc>
		<lastmod> 2022-02-25 15:46:59.742386 </lastmod>
	</url><url>
		<loc> https://geoconnex.us/cuahsi/his/MOPEX/12098500 </loc>
		<lastmod> 2022-02-25 15:46:59.742439 </lastmod>
	</url><url>
		<loc> https://geoconnex.us/cuahsi/his/MOPEX/12134500 </loc>
		<lastmod> 2022-02-25 15:46:59.742456 </lastmod>
	</url><url>
		<loc> https://geoconnex.us/cuahsi/his/MOPEX/12144500 </loc>
		<lastmod> 2022-02-25 15:46:59.742501 </lastmod>
	</url><url>
		<loc> https://geoconnex.us/cuahsi/his/MOPEX/12149000 </loc>
		<lastmod> 2022-02-25 15:46:59.742519 </lastmod>
	</url><url>
		<loc> https://geoconnex.us/cuahsi/his/MOPEX/12449500 </loc>
		<lastmod> 2022-02-25 15:46:59.742539 </lastmod>
	</url><url>
		<loc> https://geoconnex.us/cuahsi/his/MOPEX/12449950 </loc>
		<lastmod> 2022-02-25 15:46:59.742556 </lastmod>
	</url><url>
		<loc> https://geoconnex.us/cuahsi/his/MOPEX/12459000 </loc>
		<lastmod> 2022-02-25 15:46:59.742574 </lastmod>
	</url><url>
		<loc> https://geoconnex.us/cuahsi/his/MOPEX/12462500 </loc>
		<lastmod> 2022-02-25 15:46:59.742592 </lastmod>
	</url><url>
		<loc> https://geoconnex.us/cuahsi/his/MOPEX/13351000 </loc>
		<lastmod> 2022-02-25 15:46:59.742610 </lastmod>
	</url><url>
		<loc> https://geoconnex.us/cuahsi/his/MOPEX/14113000 </loc>
		<lastmod> 2022-02-25 15:46:59.742627 </lastmod>
	</url><url>
		<loc> https://geoconnex.us/cuahsi/his/MOPEX/14232500 </loc>
		<lastmod> 2022-02-25 15:46:59.742645 </lastmod>
	</url><url>
		<loc> https://geoconnex.us/cuahsi/his/MOPEX/14233400 </loc>
		<lastmod> 2022-02-25 15:46:59.742679 </lastmod>
	</url><url>
		<loc> https://geoconnex.us/cuahsi/his/MOPEX/01606500 </loc>
		<lastmod> 2022-02-25 15:46:59.742703 </lastmod>
	</url><url>
		<loc> https://geoconnex.us/cuahsi/his/MOPEX/01608500 </loc>
		<lastmod> 2022-02-25 15:46:59.742721 </lastmod>
	</url><url>
		<loc> https://geoconnex.us/cuahsi/his/MOPEX/01611500 </loc>
		<lastmod> 2022-02-25 15:46:59.742739 </lastmod>
	</url><url>
		<loc> https://geoconnex.us/cuahsi/his/MOPEX/03050500 </loc>
		<lastmod> 2022-02-25 15:46:59.742757 </lastmod>
	</url><url>
		<loc> https://geoconnex.us/cuahsi/his/MOPEX/03051000 </loc>
		<lastmod> 2022-02-25 15:46:59.742775 </lastmod>
	</url><url>
		<loc> https://geoconnex.us/cuahsi/his/MOPEX/03054500 </loc>
		<lastmod> 2022-02-25 15:46:59.742808 </lastmod>
	</url><url>
		<loc> https://geoconnex.us/cuahsi/his/MOPEX/03065000 </loc>
		<lastmod> 2022-02-25 15:46:59.742826 </lastmod>
	</url><url>
		<loc> https://geoconnex.us/cuahsi/his/MOPEX/03069000 </loc>
		<lastmod> 2022-02-25 15:46:59.742860 </lastmod>
	</url><url>
		<loc> https://geoconnex.us/cuahsi/his/MOPEX/03069500 </loc>
		<lastmod> 2022-02-25 15:46:59.742876 </lastmod>
	</url><url>
		<loc> https://geoconnex.us/cuahsi/his/MOPEX/03070000 </loc>
		<lastmod> 2022-02-25 15:46:59.742893 </lastmod>
	</url><url>
		<loc> https://geoconnex.us/cuahsi/his/MOPEX/03114500 </loc>
		<lastmod> 2022-02-25 15:46:59.742909 </lastmod>
	</url><url>
		<loc> https://geoconnex.us/cuahsi/his/MOPEX/03155500 </loc>
		<lastmod> 2022-02-25 15:46:59.742927 </lastmod>
	</url><url>
		<loc> https://geoconnex.us/cuahsi/his/MOPEX/03179000 </loc>
		<lastmod> 2022-02-25 15:46:59.742945 </lastmod>
	</url><url>
		<loc> https://geoconnex.us/cuahsi/his/MOPEX/03180500 </loc>
		<lastmod> 2022-02-25 15:46:59.742962 </lastmod>
	</url><url>
		<loc> https://geoconnex.us/cuahsi/his/MOPEX/03182500 </loc>
		<lastmod> 2022-02-25 15:46:59.742979 </lastmod>
	</url><url>
		<loc> https://geoconnex.us/cuahsi/his/MOPEX/03183500 </loc>
		<lastmod> 2022-02-25 15:46:59.742997 </lastmod>
	</url><url>
		<loc> https://geoconnex.us/cuahsi/his/MOPEX/03184000 </loc>
		<lastmod> 2022-02-25 15:46:59.743015 </lastmod>
	</url><url>
		<loc> https://geoconnex.us/cuahsi/his/MOPEX/03186500 </loc>
		<lastmod> 2022-02-25 15:46:59.743032 </lastmod>
	</url><url>
		<loc> https://geoconnex.us/cuahsi/his/MOPEX/03198500 </loc>
		<lastmod> 2022-02-25 15:46:59.743049 </lastmod>
	</url><url>
		<loc> https://geoconnex.us/cuahsi/his/MOPEX/03199000 </loc>
		<lastmod> 2022-02-25 15:46:59.743066 </lastmod>
	</url><url>
		<loc> https://geoconnex.us/cuahsi/his/MOPEX/03213000 </loc>
		<lastmod> 2022-02-25 15:46:59.743083 </lastmod>
	</url><url>
		<loc> https://geoconnex.us/cuahsi/his/MOPEX/03214000 </loc>
		<lastmod> 2022-02-25 15:46:59.743101 </lastmod>
	</url><url>
		<loc> https://geoconnex.us/cuahsi/his/MOPEX/04073500 </loc>
		<lastmod> 2022-02-25 15:46:59.743118 </lastmod>
	</url><url>
		<loc> https://geoconnex.us/cuahsi/his/MOPEX/04079000 </loc>
		<lastmod> 2022-02-25 15:46:59.743135 </lastmod>
	</url><url>
		<loc> https://geoconnex.us/cuahsi/his/MOPEX/05383000 </loc>
		<lastmod> 2022-02-25 15:46:59.743152 </lastmod>
	</url><url>
		<loc> https://geoconnex.us/cuahsi/his/MOPEX/05408000 </loc>
		<lastmod> 2022-02-25 15:46:59.743169 </lastmod>
	</url><url>
		<loc> https://geoconnex.us/cuahsi/his/MOPEX/05410490 </loc>
		<lastmod> 2022-02-25 15:46:59.743186 </lastmod>
	</url><url>
		<loc> https://geoconnex.us/cuahsi/his/MOPEX/05410500 </loc>
		<lastmod> 2022-02-25 15:46:59.743221 </lastmod>
	</url><url>
		<loc> https://geoconnex.us/cuahsi/his/MOPEX/05430500 </loc>
		<lastmod> 2022-02-25 15:46:59.743238 </lastmod>
	</url><url>
		<loc> https://geoconnex.us/cuahsi/his/MOPEX/05546500 </loc>
		<lastmod> 2022-02-25 15:46:59.743255 </lastmod>
	</url><url>
		<loc> https://geoconnex.us/cuahsi/his/MOPEX/06225500 </loc>
		<lastmod> 2022-02-25 15:46:59.743272 </lastmod>
	</url><url>
		<loc> https://geoconnex.us/cuahsi/his/MOPEX/06426500 </loc>
		<lastmod> 2022-02-25 15:46:59.743290 </lastmod>
	</url><url>
		<loc> https://geoconnex.us/cuahsi/his/MOPEX/01500500 </loc>
		<lastmod> 2022-02-25 15:46:59.743307 </lastmod>
	</url></ns0:urlset>