<?xml version='1.0' encoding='utf-8'?>
<ns0:urlset xmlns:ns0="http://www.sitemaps.org/schemas/sitemap/0.9">
<url>
		<loc> https://geoconnex.us/cuahsi/his/SCAN/2057_AL_SCAN </loc>
		<lastmod> 2022-05-19 03:12:46.160238 </lastmod>
	</url><url>
		<loc> https://geoconnex.us/cuahsi/his/SCAN/2092_KS_SCAN </loc>
		<lastmod> 2022-05-19 03:12:46.160268 </lastmod>
	</url><url>
		<loc> https://geoconnex.us/cuahsi/his/SCAN/2015_NM_SCAN </loc>
		<lastmod> 2022-05-19 03:12:46.160287 </lastmod>
	</url><url>
		<loc> https://geoconnex.us/cuahsi/his/SCAN/2172_NM_SCAN </loc>
		<lastmod> 2022-05-19 03:12:46.160302 </lastmod>
	</url><url>
		<loc> https://geoconnex.us/cuahsi/his/SCAN/2138_UT_SCAN </loc>
		<lastmod> 2022-05-19 03:12:46.160317 </lastmod>
	</url><url>
		<loc> https://geoconnex.us/cuahsi/his/SCAN/2076_TN_SCAN </loc>
		<lastmod> 2022-05-19 03:12:46.160331 </lastmod>
	</url><url>
		<loc> https://geoconnex.us/cuahsi/his/SCAN/2031_IA_SCAN </loc>
		<lastmod> 2022-05-19 03:12:46.160345 </lastmod>
	</url><url>
		<loc> https://geoconnex.us/cuahsi/his/SCAN/2065_AK_SCAN </loc>
		<lastmod> 2022-05-19 03:12:46.160360 </lastmod>
	</url><url>
		<loc> https://geoconnex.us/cuahsi/his/SCAN/2214_CA_SCAN </loc>
		<lastmod> 2022-05-19 03:12:46.160374 </lastmod>
	</url><url>
		<loc> https://geoconnex.us/cuahsi/his/SCAN/2032_MS_SCAN </loc>
		<lastmod> 2022-05-19 03:12:46.160388 </lastmod>
	</url><url>
		<loc> https://geoconnex.us/cuahsi/his/SCAN/2207_TX_SCAN </loc>
		<lastmod> 2022-05-19 03:12:46.160402 </lastmod>
	</url><url>
		<loc> https://geoconnex.us/cuahsi/his/SCAN/2135_UT_SCAN </loc>
		<lastmod> 2022-05-19 03:12:46.160416 </lastmod>
	</url><url>
		<loc> https://geoconnex.us/cuahsi/his/SCAN/2215_CA_SCAN </loc>
		<lastmod> 2022-05-19 03:12:46.160430 </lastmod>
	</url><url>
		<loc> https://geoconnex.us/cuahsi/his/SCAN/2067_PR_SCAN </loc>
		<lastmod> 2022-05-19 03:12:46.160444 </lastmod>
	</url><url>
		<loc> https://geoconnex.us/cuahsi/his/SCAN/2078_AL_SCAN </loc>
		<lastmod> 2022-05-19 03:12:46.160458 </lastmod>
	</url><url>
		<loc> https://geoconnex.us/cuahsi/his/SCAN/2177_AL_SCAN </loc>
		<lastmod> 2022-05-19 03:12:46.160472 </lastmod>
	</url><url>
		<loc> https://geoconnex.us/cuahsi/his/SCAN/2216_NV_SCAN </loc>
		<lastmod> 2022-05-19 03:12:46.160486 </lastmod>
	</url><url>
		<loc> https://geoconnex.us/cuahsi/his/SCAN/2151_UT_SCAN </loc>
		<lastmod> 2022-05-19 03:12:46.160499 </lastmod>
	</url><url>
		<loc> https://geoconnex.us/cuahsi/his/SCAN/2224_MO_SCAN </loc>
		<lastmod> 2022-05-19 03:12:46.160513 </lastmod>
	</url><url>
		<loc> https://geoconnex.us/cuahsi/his/SCAN/2006_TX_SCAN </loc>
		<lastmod> 2022-05-19 03:12:46.160526 </lastmod>
	</url><url>
		<loc> https://geoconnex.us/cuahsi/his/SCAN/2136_UT_SCAN </loc>
		<lastmod> 2022-05-19 03:12:46.160540 </lastmod>
	</url><url>
		<loc> https://geoconnex.us/cuahsi/his/SCAN/1232_AK_SCAN </loc>
		<lastmod> 2022-05-19 03:12:46.160553 </lastmod>
	</url><url>
		<loc> https://geoconnex.us/cuahsi/his/SCAN/2223_MO_SCAN </loc>
		<lastmod> 2022-05-19 03:12:46.160567 </lastmod>
	</url><url>
		<loc> https://geoconnex.us/cuahsi/his/SCAN/2161_UT_SCAN </loc>
		<lastmod> 2022-05-19 03:12:46.160580 </lastmod>
	</url><url>
		<loc> https://geoconnex.us/cuahsi/his/SCAN/2094_KS_SCAN </loc>
		<lastmod> 2022-05-19 03:12:46.160594 </lastmod>
	</url><url>
		<loc> https://geoconnex.us/cuahsi/his/SCAN/2145_NV_SCAN </loc>
		<lastmod> 2022-05-19 03:12:46.160607 </lastmod>
	</url><url>
		<loc> https://geoconnex.us/cuahsi/his/SCAN/2213_AK_SCAN </loc>
		<lastmod> 2022-05-19 03:12:46.160621 </lastmod>
	</url><url>
		<loc> https://geoconnex.us/cuahsi/his/SCAN/2150_UT_SCAN </loc>
		<lastmod> 2022-05-19 03:12:46.160635 </lastmod>
	</url><url>
		<loc> https://geoconnex.us/cuahsi/his/SCAN/2124_VI_SCAN </loc>
		<lastmod> 2022-05-19 03:12:46.160648 </lastmod>
	</url><url>
		<loc> https://geoconnex.us/cuahsi/his/SCAN/2125_UT_SCAN </loc>
		<lastmod> 2022-05-19 03:12:46.160661 </lastmod>
	</url><url>
		<loc> https://geoconnex.us/cuahsi/his/SCAN/2195_MO_SCAN </loc>
		<lastmod> 2022-05-19 03:12:46.160675 </lastmod>
	</url><url>
		<loc> https://geoconnex.us/cuahsi/his/SCAN/2189_CA_SCAN </loc>
		<lastmod> 2022-05-19 03:12:46.160689 </lastmod>
	</url><url>
		<loc> https://geoconnex.us/cuahsi/his/SCAN/2066_PR_SCAN </loc>
		<lastmod> 2022-05-19 03:12:46.160702 </lastmod>
	</url><url>
		<loc> https://geoconnex.us/cuahsi/his/SCAN/2117_MT_SCAN </loc>
		<lastmod> 2022-05-19 03:12:46.160716 </lastmod>
	</url><url>
		<loc> https://geoconnex.us/cuahsi/his/SCAN/2198_WA_SCAN </loc>
		<lastmod> 2022-05-19 03:12:46.160730 </lastmod>
	</url><url>
		<loc> https://geoconnex.us/cuahsi/his/SCAN/2188_PR_SCAN </loc>
		<lastmod> 2022-05-19 03:12:46.160743 </lastmod>
	</url><url>
		<loc> https://geoconnex.us/cuahsi/his/SCAN/2197_CO_SCAN </loc>
		<lastmod> 2022-05-19 03:12:46.160757 </lastmod>
	</url><url>
		<loc> https://geoconnex.us/cuahsi/his/SCAN/2002_MN_SCAN </loc>
		<lastmod> 2022-05-19 03:12:46.160770 </lastmod>
	</url><url>
		<loc> https://geoconnex.us/cuahsi/his/SCAN/2107_NM_SCAN </loc>
		<lastmod> 2022-05-19 03:12:46.160784 </lastmod>
	</url><url>
		<loc> https://geoconnex.us/cuahsi/his/SCAN/2113_AL_SCAN </loc>
		<lastmod> 2022-05-19 03:12:46.160812 </lastmod>
	</url><url>
		<loc> https://geoconnex.us/cuahsi/his/SCAN/2190_CA_SCAN </loc>
		<lastmod> 2022-05-19 03:12:46.160827 </lastmod>
	</url><url>
		<loc> https://geoconnex.us/cuahsi/his/SCAN/2174_AL_SCAN </loc>
		<lastmod> 2022-05-19 03:12:46.160840 </lastmod>
	</url><url>
		<loc> https://geoconnex.us/cuahsi/his/SCAN/2187_CA_SCAN </loc>
		<lastmod> 2022-05-19 03:12:46.160854 </lastmod>
	</url><url>
		<loc> https://geoconnex.us/cuahsi/his/SCAN/2183_CA_SCAN </loc>
		<lastmod> 2022-05-19 03:12:46.160867 </lastmod>
	</url><url>
		<loc> https://geoconnex.us/cuahsi/his/SCAN/2048_MO_SCAN </loc>
		<lastmod> 2022-05-19 03:12:46.160881 </lastmod>
	</url><url>
		<loc> https://geoconnex.us/cuahsi/his/SCAN/2191_CA_SCAN </loc>
		<lastmod> 2022-05-19 03:12:46.160894 </lastmod>
	</url><url>
		<loc> https://geoconnex.us/cuahsi/his/SCAN/2167_UT_SCAN </loc>
		<lastmod> 2022-05-19 03:12:46.160908 </lastmod>
	</url><url>
		<loc> https://geoconnex.us/cuahsi/his/SCAN/2192_CA_SCAN </loc>
		<lastmod> 2022-05-19 03:12:46.160921 </lastmod>
	</url><url>
		<loc> https://geoconnex.us/cuahsi/his/SCAN/2130_UT_SCAN </loc>
		<lastmod> 2022-05-19 03:12:46.160934 </lastmod>
	</url><url>
		<loc> https://geoconnex.us/cuahsi/his/SCAN/2077_TN_SCAN </loc>
		<lastmod> 2022-05-19 03:12:46.160948 </lastmod>
	</url><url>
		<loc> https://geoconnex.us/cuahsi/his/SCAN/2220_MO_SCAN </loc>
		<lastmod> 2022-05-19 03:12:46.160961 </lastmod>
	</url><url>
		<loc> https://geoconnex.us/cuahsi/his/SCAN/2128_UT_SCAN </loc>
		<lastmod> 2022-05-19 03:12:46.160975 </lastmod>
	</url><url>
		<loc> https://geoconnex.us/cuahsi/his/SCAN/2126_UT_SCAN </loc>
		<lastmod> 2022-05-19 03:12:46.160989 </lastmod>
	</url><url>
		<loc> https://geoconnex.us/cuahsi/his/SCAN/2072_SD_SCAN </loc>
		<lastmod> 2022-05-19 03:12:46.161003 </lastmod>
	</url><url>
		<loc> https://geoconnex.us/cuahsi/his/SCAN/2185_CA_SCAN </loc>
		<lastmod> 2022-05-19 03:12:46.161016 </lastmod>
	</url><url>
		<loc> https://geoconnex.us/cuahsi/his/SCAN/2051_FL_SCAN </loc>
		<lastmod> 2022-05-19 03:12:46.161029 </lastmod>
	</url><url>
		<loc> https://geoconnex.us/cuahsi/his/SCAN/2184_CA_SCAN </loc>
		<lastmod> 2022-05-19 03:12:46.161043 </lastmod>
	</url><url>
		<loc> https://geoconnex.us/cuahsi/his/SCAN/2019_MT_SCAN </loc>
		<lastmod> 2022-05-19 03:12:46.161056 </lastmod>
	</url><url>
		<loc> https://geoconnex.us/cuahsi/his/SCAN/2022_OK_SCAN </loc>
		<lastmod> 2022-05-19 03:12:46.161070 </lastmod>
	</url><url>
		<loc> https://geoconnex.us/cuahsi/his/SCAN/2122_PR_SCAN </loc>
		<lastmod> 2022-05-19 03:12:46.161084 </lastmod>
	</url><url>
		<loc> https://geoconnex.us/cuahsi/his/SCAN/2218_CA_SCAN </loc>
		<lastmod> 2022-05-19 03:12:46.161098 </lastmod>
	</url><url>
		<loc> https://geoconnex.us/cuahsi/his/SCAN/2011_NY_SCAN </loc>
		<lastmod> 2022-05-19 03:12:46.161111 </lastmod>
	</url><url>
		<loc> https://geoconnex.us/cuahsi/his/SCAN/2050_MN_SCAN </loc>
		<lastmod> 2022-05-19 03:12:46.161125 </lastmod>
	</url><url>
		<loc> https://geoconnex.us/cuahsi/his/SCAN/2024_MS_SCAN </loc>
		<lastmod> 2022-05-19 03:12:46.161138 </lastmod>
	</url><url>
		<loc> https://geoconnex.us/cuahsi/his/SCAN/2025_MS_SCAN </loc>
		<lastmod> 2022-05-19 03:12:46.161151 </lastmod>
	</url><url>
		<loc> https://geoconnex.us/cuahsi/his/SCAN/2165_UT_SCAN </loc>
		<lastmod> 2022-05-19 03:12:46.161165 </lastmod>
	</url><url>
		<loc> https://geoconnex.us/cuahsi/his/SCAN/2152_UT_SCAN </loc>
		<lastmod> 2022-05-19 03:12:46.161179 </lastmod>
	</url><url>
		<loc> https://geoconnex.us/cuahsi/his/SCAN/2131_UT_SCAN </loc>
		<lastmod> 2022-05-19 03:12:46.161193 </lastmod>
	</url><url>
		<loc> https://geoconnex.us/cuahsi/his/SCAN/2160_UT_SCAN </loc>
		<lastmod> 2022-05-19 03:12:46.161206 </lastmod>
	</url><url>
		<loc> https://geoconnex.us/cuahsi/his/SCAN/2045_PR_SCAN </loc>
		<lastmod> 2022-05-19 03:12:46.161220 </lastmod>
	</url><url>
		<loc> https://geoconnex.us/cuahsi/his/SCAN/2222_AK_SCAN </loc>
		<lastmod> 2022-05-19 03:12:46.161233 </lastmod>
	</url><url>
		<loc> https://geoconnex.us/cuahsi/his/SCAN/2164_UT_SCAN </loc>
		<lastmod> 2022-05-19 03:12:46.161247 </lastmod>
	</url><url>
		<loc> https://geoconnex.us/cuahsi/his/SCAN/2166_UT_SCAN </loc>
		<lastmod> 2022-05-19 03:12:46.161263 </lastmod>
	</url><url>
		<loc> https://geoconnex.us/cuahsi/his/SCAN/2143_NV_SCAN </loc>
		<lastmod> 2022-05-19 03:12:46.161278 </lastmod>
	</url><url>
		<loc> https://geoconnex.us/cuahsi/his/SCAN/2055_AL_SCAN </loc>
		<lastmod> 2022-05-19 03:12:46.161291 </lastmod>
	</url><url>
		<loc> https://geoconnex.us/cuahsi/his/SCAN/2127_UT_SCAN </loc>
		<lastmod> 2022-05-19 03:12:46.161305 </lastmod>
	</url><url>
		<loc> https://geoconnex.us/cuahsi/his/SCAN/2210_AK_SCAN </loc>
		<lastmod> 2022-05-19 03:12:46.161318 </lastmod>
	</url><url>
		<loc> https://geoconnex.us/cuahsi/his/SCAN/2069_NH_SCAN </loc>
		<lastmod> 2022-05-19 03:12:46.161332 </lastmod>
	</url><url>
		<loc> https://geoconnex.us/cuahsi/his/SCAN/2211_AK_SCAN </loc>
		<lastmod> 2022-05-19 03:12:46.161345 </lastmod>
	</url><url>
		<loc> https://geoconnex.us/cuahsi/his/SCAN/2052_PR_SCAN </loc>
		<lastmod> 2022-05-19 03:12:46.161359 </lastmod>
	</url><url>
		<loc> https://geoconnex.us/cuahsi/his/SCAN/2173_AL_SCAN </loc>
		<lastmod> 2022-05-19 03:12:46.161372 </lastmod>
	</url><url>
		<loc> https://geoconnex.us/cuahsi/his/SCAN/2100_HI_SCAN </loc>
		<lastmod> 2022-05-19 03:12:46.161386 </lastmod>
	</url><url>
		<loc> https://geoconnex.us/cuahsi/his/SCAN/2111_NE_SCAN </loc>
		<lastmod> 2022-05-19 03:12:46.161399 </lastmod>
	</url><url>
		<loc> https://geoconnex.us/cuahsi/his/SCAN/2121_MT_SCAN </loc>
		<lastmod> 2022-05-19 03:12:46.161413 </lastmod>
	</url><url>
		<loc> https://geoconnex.us/cuahsi/his/SCAN/2148_ID_SCAN </loc>
		<lastmod> 2022-05-19 03:12:46.161426 </lastmod>
	</url><url>
		<loc> https://geoconnex.us/cuahsi/his/SCAN/2168_NM_SCAN </loc>
		<lastmod> 2022-05-19 03:12:46.161439 </lastmod>
	</url><url>
		<loc> https://geoconnex.us/cuahsi/his/SCAN/2194_MO_SCAN </loc>
		<lastmod> 2022-05-19 03:12:46.161453 </lastmod>
	</url><url>
		<loc> https://geoconnex.us/cuahsi/his/SCAN/2096_HI_SCAN </loc>
		<lastmod> 2022-05-19 03:12:46.161466 </lastmod>
	</url><url>
		<loc> https://geoconnex.us/cuahsi/his/SCAN/2208_AK_SCAN </loc>
		<lastmod> 2022-05-19 03:12:46.161479 </lastmod>
	</url><url>
		<loc> https://geoconnex.us/cuahsi/his/SCAN/2212_AK_SCAN </loc>
		<lastmod> 2022-05-19 03:12:46.161493 </lastmod>
	</url><url>
		<loc> https://geoconnex.us/cuahsi/his/SCAN/2103_HI_SCAN </loc>
		<lastmod> 2022-05-19 03:12:46.161506 </lastmod>
	</url><url>
		<loc> https://geoconnex.us/cuahsi/his/SCAN/2206_TX_SCAN </loc>
		<lastmod> 2022-05-19 03:12:46.161520 </lastmod>
	</url><url>
		<loc> https://geoconnex.us/cuahsi/his/SCAN/2201_TX_SCAN </loc>
		<lastmod> 2022-05-19 03:12:46.161533 </lastmod>
	</url><url>
		<loc> https://geoconnex.us/cuahsi/his/SCAN/2180_AL_SCAN </loc>
		<lastmod> 2022-05-19 03:12:46.161546 </lastmod>
	</url><url>
		<loc> https://geoconnex.us/cuahsi/his/SCAN/2147_KS_SCAN </loc>
		<lastmod> 2022-05-19 03:12:46.161559 </lastmod>
	</url><url>
		<loc> https://geoconnex.us/cuahsi/his/SCAN/2097_HI_SCAN </loc>
		<lastmod> 2022-05-19 03:12:46.161573 </lastmod>
	</url><url>
		<loc> https://geoconnex.us/cuahsi/his/SCAN/2141_NV_SCAN </loc>
		<lastmod> 2022-05-19 03:12:46.161586 </lastmod>
	</url><url>
		<loc> https://geoconnex.us/cuahsi/his/SCAN/2106_TX_SCAN </loc>
		<lastmod> 2022-05-19 03:12:46.161600 </lastmod>
	</url><url>
		<loc> https://geoconnex.us/cuahsi/his/SCAN/2105_TX_SCAN </loc>
		<lastmod> 2022-05-19 03:12:46.161613 </lastmod>
	</url><url>
		<loc> https://geoconnex.us/cuahsi/his/SCAN/2021_WA_SCAN </loc>
		<lastmod> 2022-05-19 03:12:46.161626 </lastmod>
	</url><url>
		<loc> https://geoconnex.us/cuahsi/his/SCAN/581_MT_SCAN </loc>
		<lastmod> 2022-05-19 03:12:46.161640 </lastmod>
	</url><url>
		<loc> https://geoconnex.us/cuahsi/his/SCAN/2155_UT_SCAN </loc>
		<lastmod> 2022-05-19 03:12:46.161654 </lastmod>
	</url><url>
		<loc> https://geoconnex.us/cuahsi/his/SCAN/2027_GA_SCAN </loc>
		<lastmod> 2022-05-19 03:12:46.161667 </lastmod>
	</url><url>
		<loc> https://geoconnex.us/cuahsi/his/SCAN/2114_AL_SCAN </loc>
		<lastmod> 2022-05-19 03:12:46.161681 </lastmod>
	</url><url>
		<loc> https://geoconnex.us/cuahsi/his/SCAN/2169_NM_SCAN </loc>
		<lastmod> 2022-05-19 03:12:46.161694 </lastmod>
	</url><url>
		<loc> https://geoconnex.us/cuahsi/his/SCAN/2146_NV_SCAN </loc>
		<lastmod> 2022-05-19 03:12:46.161708 </lastmod>
	</url><url>
		<loc> https://geoconnex.us/cuahsi/his/SCAN/2116_NV_SCAN </loc>
		<lastmod> 2022-05-19 03:12:46.161721 </lastmod>
	</url><url>
		<loc> https://geoconnex.us/cuahsi/his/SCAN/1233_AK_SCAN </loc>
		<lastmod> 2022-05-19 03:12:46.161735 </lastmod>
	</url><url>
		<loc> https://geoconnex.us/cuahsi/his/SCAN/2042_VT_SCAN </loc>
		<lastmod> 2022-05-19 03:12:46.161748 </lastmod>
	</url><url>
		<loc> https://geoconnex.us/cuahsi/his/SCAN/2074_OR_SCAN </loc>
		<lastmod> 2022-05-19 03:12:46.161762 </lastmod>
	</url><url>
		<loc> https://geoconnex.us/cuahsi/his/SCAN/2028_PA_SCAN </loc>
		<lastmod> 2022-05-19 03:12:46.161775 </lastmod>
	</url><url>
		<loc> https://geoconnex.us/cuahsi/his/SCAN/2079_KY_SCAN </loc>
		<lastmod> 2022-05-19 03:12:46.161789 </lastmod>
	</url><url>
		<loc> https://geoconnex.us/cuahsi/his/SCAN/2102_HI_SCAN </loc>
		<lastmod> 2022-05-19 03:12:46.161802 </lastmod>
	</url><url>
		<loc> https://geoconnex.us/cuahsi/his/SCAN/2020_ND_SCAN </loc>
		<lastmod> 2022-05-19 03:12:46.161816 </lastmod>
	</url><url>
		<loc> https://geoconnex.us/cuahsi/his/SCAN/2156_UT_SCAN </loc>
		<lastmod> 2022-05-19 03:12:46.161829 </lastmod>
	</url><url>
		<loc> https://geoconnex.us/cuahsi/his/SCAN/2149_CA_SCAN </loc>
		<lastmod> 2022-05-19 03:12:46.161843 </lastmod>
	</url><url>
		<loc> https://geoconnex.us/cuahsi/his/SCAN/15_PR_SCAN </loc>
		<lastmod> 2022-05-19 03:12:46.161856 </lastmod>
	</url><url>
		<loc> https://geoconnex.us/cuahsi/his/SCAN/2225_MO_SCAN </loc>
		<lastmod> 2022-05-19 03:12:46.161870 </lastmod>
	</url><url>
		<loc> https://geoconnex.us/cuahsi/his/SCAN/2043_NH_SCAN </loc>
		<lastmod> 2022-05-19 03:12:46.161884 </lastmod>
	</url><url>
		<loc> https://geoconnex.us/cuahsi/his/SCAN/2004_IL_SCAN </loc>
		<lastmod> 2022-05-19 03:12:46.161897 </lastmod>
	</url><url>
		<loc> https://geoconnex.us/cuahsi/his/SCAN/2112_PR_SCAN </loc>
		<lastmod> 2022-05-19 03:12:46.161911 </lastmod>
	</url><url>
		<loc> https://geoconnex.us/cuahsi/his/SCAN/2110_MS_SCAN </loc>
		<lastmod> 2022-05-19 03:12:46.161925 </lastmod>
	</url><url>
		<loc> https://geoconnex.us/cuahsi/his/SCAN/2075_TN_SCAN </loc>
		<lastmod> 2022-05-19 03:12:46.161938 </lastmod>
	</url><url>
		<loc> https://geoconnex.us/cuahsi/his/SCAN/2140_UT_SCAN </loc>
		<lastmod> 2022-05-19 03:12:46.161951 </lastmod>
	</url><url>
		<loc> https://geoconnex.us/cuahsi/his/SCAN/2129_UT_SCAN </loc>
		<lastmod> 2022-05-19 03:12:46.161965 </lastmod>
	</url><url>
		<loc> https://geoconnex.us/cuahsi/his/SCAN/2119_MT_SCAN </loc>
		<lastmod> 2022-05-19 03:12:46.161978 </lastmod>
	</url><url>
		<loc> https://geoconnex.us/cuahsi/his/SCAN/2014_OH_SCAN </loc>
		<lastmod> 2022-05-19 03:12:46.161992 </lastmod>
	</url><url>
		<loc> https://geoconnex.us/cuahsi/his/SCAN/2217_CA_SCAN </loc>
		<lastmod> 2022-05-19 03:12:46.162006 </lastmod>
	</url><url>
		<loc> https://geoconnex.us/cuahsi/his/SCAN/2062_AK_SCAN </loc>
		<lastmod> 2022-05-19 03:12:46.162050 </lastmod>
	</url><url>
		<loc> https://geoconnex.us/cuahsi/his/SCAN/2133_UT_SCAN </loc>
		<lastmod> 2022-05-19 03:12:46.162064 </lastmod>
	</url><url>
		<loc> https://geoconnex.us/cuahsi/his/SCAN/2178_AL_SCAN </loc>
		<lastmod> 2022-05-19 03:12:46.162078 </lastmod>
	</url><url>
		<loc> https://geoconnex.us/cuahsi/his/SCAN/2041_VT_SCAN </loc>
		<lastmod> 2022-05-19 03:12:46.162091 </lastmod>
	</url><url>
		<loc> https://geoconnex.us/cuahsi/his/SCAN/2134_UT_SCAN </loc>
		<lastmod> 2022-05-19 03:12:46.162105 </lastmod>
	</url><url>
		<loc> https://geoconnex.us/cuahsi/his/SCAN/2060_MO_SCAN </loc>
		<lastmod> 2022-05-19 03:12:46.162118 </lastmod>
	</url><url>
		<loc> https://geoconnex.us/cuahsi/his/SCAN/2039_VA_SCAN </loc>
		<lastmod> 2022-05-19 03:12:46.162132 </lastmod>
	</url><url>
		<loc> https://geoconnex.us/cuahsi/his/SCAN/2228_TX_SCAN </loc>
		<lastmod> 2022-05-19 03:12:46.162145 </lastmod>
	</url><url>
		<loc> https://geoconnex.us/cuahsi/his/SCAN/2209_AK_SCAN </loc>
		<lastmod> 2022-05-19 03:12:46.162158 </lastmod>
	</url><url>
		<loc> https://geoconnex.us/cuahsi/his/SCAN/2081_AK_SCAN </loc>
		<lastmod> 2022-05-19 03:12:46.162172 </lastmod>
	</url><url>
		<loc> https://geoconnex.us/cuahsi/his/SCAN/2137_UT_SCAN </loc>
		<lastmod> 2022-05-19 03:12:46.162185 </lastmod>
	</url><url>
		<loc> https://geoconnex.us/cuahsi/his/SCAN/2087_MS_SCAN </loc>
		<lastmod> 2022-05-19 03:12:46.162198 </lastmod>
	</url><url>
		<loc> https://geoconnex.us/cuahsi/his/SCAN/2017_CO_SCAN </loc>
		<lastmod> 2022-05-19 03:12:46.162212 </lastmod>
	</url><url>
		<loc> https://geoconnex.us/cuahsi/his/SCAN/2033_MS_SCAN </loc>
		<lastmod> 2022-05-19 03:12:46.162225 </lastmod>
	</url><url>
		<loc> https://geoconnex.us/cuahsi/his/SCAN/674_ID_SCAN </loc>
		<lastmod> 2022-05-19 03:12:46.162238 </lastmod>
	</url><url>
		<loc> https://geoconnex.us/cuahsi/his/SCAN/2157_UT_SCAN </loc>
		<lastmod> 2022-05-19 03:12:46.162252 </lastmod>
	</url><url>
		<loc> https://geoconnex.us/cuahsi/his/SCAN/2153_UT_SCAN </loc>
		<lastmod> 2022-05-19 03:12:46.162265 </lastmod>
	</url><url>
		<loc> https://geoconnex.us/cuahsi/his/SCAN/2037_SC_SCAN </loc>
		<lastmod> 2022-05-19 03:12:46.162279 </lastmod>
	</url><url>
		<loc> https://geoconnex.us/cuahsi/his/SCAN/2181_AL_SCAN </loc>
		<lastmod> 2022-05-19 03:12:46.162292 </lastmod>
	</url><url>
		<loc> https://geoconnex.us/cuahsi/his/SCAN/2046_MS_SCAN </loc>
		<lastmod> 2022-05-19 03:12:46.162306 </lastmod>
	</url><url>
		<loc> https://geoconnex.us/cuahsi/his/SCAN/2093_KS_SCAN </loc>
		<lastmod> 2022-05-19 03:12:46.162320 </lastmod>
	</url><url>
		<loc> https://geoconnex.us/cuahsi/his/SCAN/2144_NV_SCAN </loc>
		<lastmod> 2022-05-19 03:12:46.162333 </lastmod>
	</url><url>
		<loc> https://geoconnex.us/cuahsi/his/SCAN/2049_MD_SCAN </loc>
		<lastmod> 2022-05-19 03:12:46.162347 </lastmod>
	</url><url>
		<loc> https://geoconnex.us/cuahsi/his/SCAN/2061_MO_SCAN </loc>
		<lastmod> 2022-05-19 03:12:46.162360 </lastmod>
	</url><url>
		<loc> https://geoconnex.us/cuahsi/his/SCAN/2016_TX_SCAN </loc>
		<lastmod> 2022-05-19 03:12:46.162374 </lastmod>
	</url><url>
		<loc> https://geoconnex.us/cuahsi/his/SCAN/2132_UT_SCAN </loc>
		<lastmod> 2022-05-19 03:12:46.162387 </lastmod>
	</url><url>
		<loc> https://geoconnex.us/cuahsi/his/SCAN/2005_KY_SCAN </loc>
		<lastmod> 2022-05-19 03:12:46.162400 </lastmod>
	</url><url>
		<loc> https://geoconnex.us/cuahsi/his/SCAN/2098_HI_SCAN </loc>
		<lastmod> 2022-05-19 03:12:46.162414 </lastmod>
	</url><url>
		<loc> https://geoconnex.us/cuahsi/his/SCAN/2104_TX_SCAN </loc>
		<lastmod> 2022-05-19 03:12:46.162427 </lastmod>
	</url><url>
		<loc> https://geoconnex.us/cuahsi/his/SCAN/2089_VA_SCAN </loc>
		<lastmod> 2022-05-19 03:12:46.162441 </lastmod>
	</url><url>
		<loc> https://geoconnex.us/cuahsi/his/SCAN/2199_TX_SCAN </loc>
		<lastmod> 2022-05-19 03:12:46.162454 </lastmod>
	</url><url>
		<loc> https://geoconnex.us/cuahsi/his/SCAN/2182_AL_SCAN </loc>
		<lastmod> 2022-05-19 03:12:46.162468 </lastmod>
	</url><url>
		<loc> https://geoconnex.us/cuahsi/his/SCAN/2036_PA_SCAN </loc>
		<lastmod> 2022-05-19 03:12:46.162481 </lastmod>
	</url><url>
		<loc> https://geoconnex.us/cuahsi/his/SCAN/2001_NE_SCAN </loc>
		<lastmod> 2022-05-19 03:12:46.162494 </lastmod>
	</url><url>
		<loc> https://geoconnex.us/cuahsi/his/SCAN/2229_NV_SCAN </loc>
		<lastmod> 2022-05-19 03:12:46.162507 </lastmod>
	</url><url>
		<loc> https://geoconnex.us/cuahsi/his/SCAN/2200_TX_SCAN </loc>
		<lastmod> 2022-05-19 03:12:46.162521 </lastmod>
	</url><url>
		<loc> https://geoconnex.us/cuahsi/his/SCAN/2159_UT_SCAN </loc>
		<lastmod> 2022-05-19 03:12:46.162534 </lastmod>
	</url><url>
		<loc> https://geoconnex.us/cuahsi/his/SCAN/2109_MS_SCAN </loc>
		<lastmod> 2022-05-19 03:12:46.162548 </lastmod>
	</url><url>
		<loc> https://geoconnex.us/cuahsi/his/SCAN/2193_MO_SCAN </loc>
		<lastmod> 2022-05-19 03:12:46.162561 </lastmod>
	</url><url>
		<loc> https://geoconnex.us/cuahsi/his/SCAN/2063_AK_SCAN </loc>
		<lastmod> 2022-05-19 03:12:46.162574 </lastmod>
	</url><url>
		<loc> https://geoconnex.us/cuahsi/his/SCAN/2070_MS_SCAN </loc>
		<lastmod> 2022-05-19 03:12:46.162588 </lastmod>
	</url><url>
		<loc> https://geoconnex.us/cuahsi/his/SCAN/2012_FL_SCAN </loc>
		<lastmod> 2022-05-19 03:12:46.162601 </lastmod>
	</url><url>
		<loc> https://geoconnex.us/cuahsi/his/SCAN/2176_AL_SCAN </loc>
		<lastmod> 2022-05-19 03:12:46.162614 </lastmod>
	</url><url>
		<loc> https://geoconnex.us/cuahsi/his/SCAN/2171_NM_SCAN </loc>
		<lastmod> 2022-05-19 03:12:46.162627 </lastmod>
	</url><url>
		<loc> https://geoconnex.us/cuahsi/his/SCAN/2186_CA_SCAN </loc>
		<lastmod> 2022-05-19 03:12:46.162640 </lastmod>
	</url><url>
		<loc> https://geoconnex.us/cuahsi/his/SCAN/2068_IA_SCAN </loc>
		<lastmod> 2022-05-19 03:12:46.162654 </lastmod>
	</url><url>
		<loc> https://geoconnex.us/cuahsi/his/SCAN/2227_MO_SCAN </loc>
		<lastmod> 2022-05-19 03:12:46.162667 </lastmod>
	</url><url>
		<loc> https://geoconnex.us/cuahsi/his/SCAN/2088_VA_SCAN </loc>
		<lastmod> 2022-05-19 03:12:46.162680 </lastmod>
	</url><url>
		<loc> https://geoconnex.us/cuahsi/his/SCAN/2120_MT_SCAN </loc>
		<lastmod> 2022-05-19 03:12:46.162694 </lastmod>
	</url><url>
		<loc> https://geoconnex.us/cuahsi/his/SCAN/2086_MS_SCAN </loc>
		<lastmod> 2022-05-19 03:12:46.162707 </lastmod>
	</url><url>
		<loc> https://geoconnex.us/cuahsi/his/SCAN/2101_HI_SCAN </loc>
		<lastmod> 2022-05-19 03:12:46.162720 </lastmod>
	</url><url>
		<loc> https://geoconnex.us/cuahsi/his/SCAN/2047_MO_SCAN </loc>
		<lastmod> 2022-05-19 03:12:46.162734 </lastmod>
	</url><url>
		<loc> https://geoconnex.us/cuahsi/his/SCAN/2154_UT_SCAN </loc>
		<lastmod> 2022-05-19 03:12:46.162747 </lastmod>
	</url><url>
		<loc> https://geoconnex.us/cuahsi/his/SCAN/2158_UT_SCAN </loc>
		<lastmod> 2022-05-19 03:12:46.162760 </lastmod>
	</url><url>
		<loc> https://geoconnex.us/cuahsi/his/SCAN/2044_AK_SCAN </loc>
		<lastmod> 2022-05-19 03:12:46.162773 </lastmod>
	</url><url>
		<loc> https://geoconnex.us/cuahsi/his/SCAN/2056_AL_SCAN </loc>
		<lastmod> 2022-05-19 03:12:46.162787 </lastmod>
	</url><url>
		<loc> https://geoconnex.us/cuahsi/his/SCAN/2064_MS_SCAN </loc>
		<lastmod> 2022-05-19 03:12:46.162800 </lastmod>
	</url><url>
		<loc> https://geoconnex.us/cuahsi/his/SCAN/2203_TX_SCAN </loc>
		<lastmod> 2022-05-19 03:12:46.162813 </lastmod>
	</url><url>
		<loc> https://geoconnex.us/cuahsi/his/SCAN/2219_CA_SCAN </loc>
		<lastmod> 2022-05-19 03:12:46.162826 </lastmod>
	</url><url>
		<loc> https://geoconnex.us/cuahsi/his/SCAN/2179_AL_SCAN </loc>
		<lastmod> 2022-05-19 03:12:46.162839 </lastmod>
	</url><url>
		<loc> https://geoconnex.us/cuahsi/his/SCAN/2073_OH_SCAN </loc>
		<lastmod> 2022-05-19 03:12:46.162853 </lastmod>
	</url><url>
		<loc> https://geoconnex.us/cuahsi/his/SCAN/808_MT_SCAN </loc>
		<lastmod> 2022-05-19 03:12:46.162866 </lastmod>
	</url><url>
		<loc> https://geoconnex.us/cuahsi/his/SCAN/2008_NC_SCAN </loc>
		<lastmod> 2022-05-19 03:12:46.162879 </lastmod>
	</url><url>
		<loc> https://geoconnex.us/cuahsi/his/SCAN/2040_VA_SCAN </loc>
		<lastmod> 2022-05-19 03:12:46.162893 </lastmod>
	</url><url>
		<loc> https://geoconnex.us/cuahsi/his/SCAN/2082_MS_SCAN </loc>
		<lastmod> 2022-05-19 03:12:46.162906 </lastmod>
	</url><url>
		<loc> https://geoconnex.us/cuahsi/his/SCAN/2080_AK_SCAN </loc>
		<lastmod> 2022-05-19 03:12:46.162919 </lastmod>
	</url><url>
		<loc> https://geoconnex.us/cuahsi/his/SCAN/2018_WY_SCAN </loc>
		<lastmod> 2022-05-19 03:12:46.162932 </lastmod>
	</url><url>
		<loc> https://geoconnex.us/cuahsi/his/SCAN/2142_NV_SCAN </loc>
		<lastmod> 2022-05-19 03:12:46.162946 </lastmod>
	</url><url>
		<loc> https://geoconnex.us/cuahsi/his/SCAN/2163_UT_SCAN </loc>
		<lastmod> 2022-05-19 03:12:46.162959 </lastmod>
	</url><url>
		<loc> https://geoconnex.us/cuahsi/his/SCAN/2034_MS_SCAN </loc>
		<lastmod> 2022-05-19 03:12:46.162972 </lastmod>
	</url><url>
		<loc> https://geoconnex.us/cuahsi/his/SCAN/2115_AL_SCAN </loc>
		<lastmod> 2022-05-19 03:12:46.162986 </lastmod>
	</url><url>
		<loc> https://geoconnex.us/cuahsi/his/SCAN/2226_MO_SCAN </loc>
		<lastmod> 2022-05-19 03:12:46.162999 </lastmod>
	</url><url>
		<loc> https://geoconnex.us/cuahsi/his/SCAN/2083_AR_SCAN </loc>
		<lastmod> 2022-05-19 03:12:46.163013 </lastmod>
	</url><url>
		<loc> https://geoconnex.us/cuahsi/his/SCAN/2091_AR_SCAN </loc>
		<lastmod> 2022-05-19 03:12:46.163026 </lastmod>
	</url><url>
		<loc> https://geoconnex.us/cuahsi/his/SCAN/2090_AR_SCAN </loc>
		<lastmod> 2022-05-19 03:12:46.163040 </lastmod>
	</url><url>
		<loc> https://geoconnex.us/cuahsi/his/SCAN/2085_AR_SCAN </loc>
		<lastmod> 2022-05-19 03:12:46.163053 </lastmod>
	</url><url>
		<loc> https://geoconnex.us/cuahsi/his/SCAN/2030_AR_SCAN </loc>
		<lastmod> 2022-05-19 03:12:46.163067 </lastmod>
	</url><url>
		<loc> https://geoconnex.us/cuahsi/his/SCAN/2084_AR_SCAN </loc>
		<lastmod> 2022-05-19 03:12:46.163080 </lastmod>
	</url><url>
		<loc> https://geoconnex.us/cuahsi/his/SCAN/2221_AK_SCAN </loc>
		<lastmod> 2022-05-19 03:12:46.163093 </lastmod>
	</url><url>
		<loc> https://geoconnex.us/cuahsi/his/SCAN/2123_VI_SCAN </loc>
		<lastmod> 2022-05-19 03:12:46.163107 </lastmod>
	</url><url>
		<loc> https://geoconnex.us/cuahsi/his/SCAN/2204_TX_SCAN </loc>
		<lastmod> 2022-05-19 03:12:46.163120 </lastmod>
	</url><url>
		<loc> https://geoconnex.us/cuahsi/his/SCAN/2196_WI_SCAN </loc>
		<lastmod> 2022-05-19 03:12:46.163133 </lastmod>
	</url><url>
		<loc> https://geoconnex.us/cuahsi/his/SCAN/2035_MS_SCAN </loc>
		<lastmod> 2022-05-19 03:12:46.163147 </lastmod>
	</url><url>
		<loc> https://geoconnex.us/cuahsi/his/SCAN/2162_UT_SCAN </loc>
		<lastmod> 2022-05-19 03:12:46.163160 </lastmod>
	</url><url>
		<loc> https://geoconnex.us/cuahsi/his/SCAN/2202_TX_SCAN </loc>
		<lastmod> 2022-05-19 03:12:46.163174 </lastmod>
	</url><url>
		<loc> https://geoconnex.us/cuahsi/his/SCAN/2118_MT_SCAN </loc>
		<lastmod> 2022-05-19 03:12:46.163187 </lastmod>
	</url><url>
		<loc> https://geoconnex.us/cuahsi/his/SCAN/2003_WI_SCAN </loc>
		<lastmod> 2022-05-19 03:12:46.163200 </lastmod>
	</url><url>
		<loc> https://geoconnex.us/cuahsi/his/SCAN/2099_HI_SCAN </loc>
		<lastmod> 2022-05-19 03:12:46.163213 </lastmod>
	</url><url>
		<loc> https://geoconnex.us/cuahsi/his/SCAN/2009_FL_SCAN </loc>
		<lastmod> 2022-05-19 03:12:46.163226 </lastmod>
	</url><url>
		<loc> https://geoconnex.us/cuahsi/his/SCAN/2026_AZ_SCAN </loc>
		<lastmod> 2022-05-19 03:12:46.163240 </lastmod>
	</url><url>
		<loc> https://geoconnex.us/cuahsi/his/SCAN/2013_GA_SCAN </loc>
		<lastmod> 2022-05-19 03:12:46.163253 </lastmod>
	</url><url>
		<loc> https://geoconnex.us/cuahsi/his/SCAN/1234_AK_SCAN </loc>
		<lastmod> 2022-05-19 03:12:46.163266 </lastmod>
	</url><url>
		<loc> https://geoconnex.us/cuahsi/his/SCAN/2175_AL_SCAN </loc>
		<lastmod> 2022-05-19 03:12:46.163280 </lastmod>
	</url><url>
		<loc> https://geoconnex.us/cuahsi/his/SCAN/2205_TX_SCAN </loc>
		<lastmod> 2022-05-19 03:12:46.163293 </lastmod>
	</url><url>
		<loc> https://geoconnex.us/cuahsi/his/SCAN/2139_UT_SCAN </loc>
		<lastmod> 2022-05-19 03:12:46.163307 </lastmod>
	</url><url>
		<loc> https://geoconnex.us/cuahsi/his/SCAN/2108_NM_SCAN </loc>
		<lastmod> 2022-05-19 03:12:46.163320 </lastmod>
	</url><url>
		<loc> https://geoconnex.us/cuahsi/his/SCAN/2053_AL_SCAN </loc>
		<lastmod> 2022-05-19 03:12:46.163333 </lastmod>
	</url><url>
		<loc> https://geoconnex.us/cuahsi/his/SCAN/2038_SC_SCAN </loc>
		<lastmod> 2022-05-19 03:12:46.163346 </lastmod>
	</url></ns0:urlset>