<?xml version='1.0' encoding='utf-8'?>
<ns0:urlset xmlns:ns0="http://www.sitemaps.org/schemas/sitemap/0.9">
<url>
		<loc> https://geoconnex.us/cuahsi/his/LoganRiver/USU-LR-Chokecherry </loc>
		<lastmod> 2022-02-25 17:17:25.730542 </lastmod>
	</url><url>
		<loc> https://geoconnex.us/cuahsi/his/LoganRiver/USU-LR-Forestry </loc>
		<lastmod> 2022-02-25 17:17:25.730585 </lastmod>
	</url><url>
		<loc> https://geoconnex.us/cuahsi/his/LoganRiver/USU-LR-Franklin </loc>
		<lastmod> 2022-02-25 17:17:25.730610 </lastmod>
	</url><url>
		<loc> https://geoconnex.us/cuahsi/his/LoganRiver/USU-LR-Wally </loc>
		<lastmod> 2022-02-25 17:17:25.730629 </lastmod>
	</url></ns0:urlset>