<?xml version='1.0' encoding='utf-8'?>
<ns0:urlset xmlns:ns0="http://www.sitemaps.org/schemas/sitemap/0.9">
<url>
		<loc> https://geoconnex.us/cuahsi/his/MWRA/36 </loc>
		<lastmod> 2022-04-12 00:40:43.247475 </lastmod>
	</url><url>
		<loc> https://geoconnex.us/cuahsi/his/MWRA/48 </loc>
		<lastmod> 2022-04-12 00:40:43.247505 </lastmod>
	</url><url>
		<loc> https://geoconnex.us/cuahsi/his/MWRA/38 </loc>
		<lastmod> 2022-04-12 00:40:43.247525 </lastmod>
	</url><url>
		<loc> https://geoconnex.us/cuahsi/his/MWRA/54 </loc>
		<lastmod> 2022-04-12 00:40:43.247541 </lastmod>
	</url><url>
		<loc> https://geoconnex.us/cuahsi/his/MWRA/42 </loc>
		<lastmod> 2022-04-12 00:40:43.247556 </lastmod>
	</url><url>
		<loc> https://geoconnex.us/cuahsi/his/MWRA/41 </loc>
		<lastmod> 2022-04-12 00:40:43.247571 </lastmod>
	</url><url>
		<loc> https://geoconnex.us/cuahsi/his/MWRA/40 </loc>
		<lastmod> 2022-04-12 00:40:43.247586 </lastmod>
	</url><url>
		<loc> https://geoconnex.us/cuahsi/his/MWRA/39 </loc>
		<lastmod> 2022-04-12 00:40:43.247600 </lastmod>
	</url><url>
		<loc> https://geoconnex.us/cuahsi/his/MWRA/33 </loc>
		<lastmod> 2022-04-12 00:40:43.247614 </lastmod>
	</url><url>
		<loc> https://geoconnex.us/cuahsi/his/MWRA/14 </loc>
		<lastmod> 2022-04-12 00:40:43.247628 </lastmod>
	</url><url>
		<loc> https://geoconnex.us/cuahsi/his/MWRA/15 </loc>
		<lastmod> 2022-04-12 00:40:43.247642 </lastmod>
	</url><url>
		<loc> https://geoconnex.us/cuahsi/his/MWRA/19 </loc>
		<lastmod> 2022-04-12 00:40:43.247656 </lastmod>
	</url><url>
		<loc> https://geoconnex.us/cuahsi/his/MWRA/22 </loc>
		<lastmod> 2022-04-12 00:40:43.247670 </lastmod>
	</url><url>
		<loc> https://geoconnex.us/cuahsi/his/MWRA/24 </loc>
		<lastmod> 2022-04-12 00:40:43.247683 </lastmod>
	</url><url>
		<loc> https://geoconnex.us/cuahsi/his/MWRA/44 </loc>
		<lastmod> 2022-04-12 00:40:43.247697 </lastmod>
	</url><url>
		<loc> https://geoconnex.us/cuahsi/his/MWRA/47 </loc>
		<lastmod> 2022-04-12 00:40:43.247711 </lastmod>
	</url><url>
		<loc> https://geoconnex.us/cuahsi/his/MWRA/50 </loc>
		<lastmod> 2022-04-12 00:40:43.247725 </lastmod>
	</url><url>
		<loc> https://geoconnex.us/cuahsi/his/MWRA/18 </loc>
		<lastmod> 2022-04-12 00:40:43.247739 </lastmod>
	</url><url>
		<loc> https://geoconnex.us/cuahsi/his/MWRA/65 </loc>
		<lastmod> 2022-04-12 00:40:43.247753 </lastmod>
	</url><url>
		<loc> https://geoconnex.us/cuahsi/his/MWRA/27 </loc>
		<lastmod> 2022-04-12 00:40:43.247767 </lastmod>
	</url><url>
		<loc> https://geoconnex.us/cuahsi/his/MWRA/52 </loc>
		<lastmod> 2022-04-12 00:40:43.247780 </lastmod>
	</url><url>
		<loc> https://geoconnex.us/cuahsi/his/MWRA/69 </loc>
		<lastmod> 2022-04-12 00:40:43.247794 </lastmod>
	</url><url>
		<loc> https://geoconnex.us/cuahsi/his/MWRA/75 </loc>
		<lastmod> 2022-04-12 00:40:43.247807 </lastmod>
	</url><url>
		<loc> https://geoconnex.us/cuahsi/his/MWRA/77 </loc>
		<lastmod> 2022-04-12 00:40:43.247821 </lastmod>
	</url><url>
		<loc> https://geoconnex.us/cuahsi/his/MWRA/79 </loc>
		<lastmod> 2022-04-12 00:40:43.247835 </lastmod>
	</url><url>
		<loc> https://geoconnex.us/cuahsi/his/MWRA/80 </loc>
		<lastmod> 2022-04-12 00:40:43.247849 </lastmod>
	</url><url>
		<loc> https://geoconnex.us/cuahsi/his/MWRA/81 </loc>
		<lastmod> 2022-04-12 00:40:43.247862 </lastmod>
	</url><url>
		<loc> https://geoconnex.us/cuahsi/his/MWRA/82 </loc>
		<lastmod> 2022-04-12 00:40:43.247876 </lastmod>
	</url><url>
		<loc> https://geoconnex.us/cuahsi/his/MWRA/84 </loc>
		<lastmod> 2022-04-12 00:40:43.247890 </lastmod>
	</url><url>
		<loc> https://geoconnex.us/cuahsi/his/MWRA/89 </loc>
		<lastmod> 2022-04-12 00:40:43.247904 </lastmod>
	</url><url>
		<loc> https://geoconnex.us/cuahsi/his/MWRA/105 </loc>
		<lastmod> 2022-04-12 00:40:43.247918 </lastmod>
	</url><url>
		<loc> https://geoconnex.us/cuahsi/his/MWRA/106 </loc>
		<lastmod> 2022-04-12 00:40:43.247932 </lastmod>
	</url><url>
		<loc> https://geoconnex.us/cuahsi/his/MWRA/117 </loc>
		<lastmod> 2022-04-12 00:40:43.247946 </lastmod>
	</url><url>
		<loc> https://geoconnex.us/cuahsi/his/MWRA/118 </loc>
		<lastmod> 2022-04-12 00:40:43.247960 </lastmod>
	</url><url>
		<loc> https://geoconnex.us/cuahsi/his/MWRA/124 </loc>
		<lastmod> 2022-04-12 00:40:43.247973 </lastmod>
	</url><url>
		<loc> https://geoconnex.us/cuahsi/his/MWRA/138 </loc>
		<lastmod> 2022-04-12 00:40:43.247987 </lastmod>
	</url><url>
		<loc> https://geoconnex.us/cuahsi/his/MWRA/140 </loc>
		<lastmod> 2022-04-12 00:40:43.248001 </lastmod>
	</url><url>
		<loc> https://geoconnex.us/cuahsi/his/MWRA/139 </loc>
		<lastmod> 2022-04-12 00:40:43.248015 </lastmod>
	</url><url>
		<loc> https://geoconnex.us/cuahsi/his/MWRA/141 </loc>
		<lastmod> 2022-04-12 00:40:43.248028 </lastmod>
	</url><url>
		<loc> https://geoconnex.us/cuahsi/his/MWRA/142 </loc>
		<lastmod> 2022-04-12 00:40:43.248068 </lastmod>
	</url><url>
		<loc> https://geoconnex.us/cuahsi/his/MWRA/137 </loc>
		<lastmod> 2022-04-12 00:40:43.248082 </lastmod>
	</url><url>
		<loc> https://geoconnex.us/cuahsi/his/MWRA/129 </loc>
		<lastmod> 2022-04-12 00:40:43.248097 </lastmod>
	</url><url>
		<loc> https://geoconnex.us/cuahsi/his/MWRA/130 </loc>
		<lastmod> 2022-04-12 00:40:43.248111 </lastmod>
	</url><url>
		<loc> https://geoconnex.us/cuahsi/his/MWRA/154 </loc>
		<lastmod> 2022-04-12 00:40:43.248125 </lastmod>
	</url><url>
		<loc> https://geoconnex.us/cuahsi/his/MWRA/178 </loc>
		<lastmod> 2022-04-12 00:40:43.248139 </lastmod>
	</url><url>
		<loc> https://geoconnex.us/cuahsi/his/MWRA/55 </loc>
		<lastmod> 2022-04-12 00:40:43.248153 </lastmod>
	</url><url>
		<loc> https://geoconnex.us/cuahsi/his/MWRA/1 </loc>
		<lastmod> 2022-04-12 00:40:43.248167 </lastmod>
	</url><url>
		<loc> https://geoconnex.us/cuahsi/his/MWRA/11 </loc>
		<lastmod> 2022-04-12 00:40:43.248181 </lastmod>
	</url><url>
		<loc> https://geoconnex.us/cuahsi/his/MWRA/10 </loc>
		<lastmod> 2022-04-12 00:40:43.248196 </lastmod>
	</url><url>
		<loc> https://geoconnex.us/cuahsi/his/MWRA/9 </loc>
		<lastmod> 2022-04-12 00:40:43.248210 </lastmod>
	</url><url>
		<loc> https://geoconnex.us/cuahsi/his/MWRA/8 </loc>
		<lastmod> 2022-04-12 00:40:43.248223 </lastmod>
	</url><url>
		<loc> https://geoconnex.us/cuahsi/his/MWRA/2 </loc>
		<lastmod> 2022-04-12 00:40:43.248237 </lastmod>
	</url><url>
		<loc> https://geoconnex.us/cuahsi/his/MWRA/7 </loc>
		<lastmod> 2022-04-12 00:40:43.248251 </lastmod>
	</url><url>
		<loc> https://geoconnex.us/cuahsi/his/MWRA/6 </loc>
		<lastmod> 2022-04-12 00:40:43.248265 </lastmod>
	</url><url>
		<loc> https://geoconnex.us/cuahsi/his/MWRA/5 </loc>
		<lastmod> 2022-04-12 00:40:43.248279 </lastmod>
	</url><url>
		<loc> https://geoconnex.us/cuahsi/his/MWRA/4 </loc>
		<lastmod> 2022-04-12 00:40:43.248292 </lastmod>
	</url><url>
		<loc> https://geoconnex.us/cuahsi/his/MWRA/3 </loc>
		<lastmod> 2022-04-12 00:40:43.248306 </lastmod>
	</url><url>
		<loc> https://geoconnex.us/cuahsi/his/MWRA/12 </loc>
		<lastmod> 2022-04-12 00:40:43.248320 </lastmod>
	</url><url>
		<loc> https://geoconnex.us/cuahsi/his/MWRA/144 </loc>
		<lastmod> 2022-04-12 00:40:43.248333 </lastmod>
	</url><url>
		<loc> https://geoconnex.us/cuahsi/his/MWRA/166 </loc>
		<lastmod> 2022-04-12 00:40:43.248347 </lastmod>
	</url><url>
		<loc> https://geoconnex.us/cuahsi/his/MWRA/70 </loc>
		<lastmod> 2022-04-12 00:40:43.248361 </lastmod>
	</url><url>
		<loc> https://geoconnex.us/cuahsi/his/MWRA/57 </loc>
		<lastmod> 2022-04-12 00:40:43.248374 </lastmod>
	</url><url>
		<loc> https://geoconnex.us/cuahsi/his/MWRA/56 </loc>
		<lastmod> 2022-04-12 00:40:43.248388 </lastmod>
	</url><url>
		<loc> https://geoconnex.us/cuahsi/his/MWRA/66 </loc>
		<lastmod> 2022-04-12 00:40:43.248402 </lastmod>
	</url><url>
		<loc> https://geoconnex.us/cuahsi/his/MWRA/67 </loc>
		<lastmod> 2022-04-12 00:40:43.248415 </lastmod>
	</url><url>
		<loc> https://geoconnex.us/cuahsi/his/MWRA/74 </loc>
		<lastmod> 2022-04-12 00:40:43.248429 </lastmod>
	</url><url>
		<loc> https://geoconnex.us/cuahsi/his/MWRA/83 </loc>
		<lastmod> 2022-04-12 00:40:43.248442 </lastmod>
	</url><url>
		<loc> https://geoconnex.us/cuahsi/his/MWRA/167 </loc>
		<lastmod> 2022-04-12 00:40:43.248456 </lastmod>
	</url><url>
		<loc> https://geoconnex.us/cuahsi/his/MWRA/172 </loc>
		<lastmod> 2022-04-12 00:40:43.248470 </lastmod>
	</url><url>
		<loc> https://geoconnex.us/cuahsi/his/MWRA/174 </loc>
		<lastmod> 2022-04-12 00:40:43.248484 </lastmod>
	</url><url>
		<loc> https://geoconnex.us/cuahsi/his/MWRA/176 </loc>
		<lastmod> 2022-04-12 00:40:43.248497 </lastmod>
	</url><url>
		<loc> https://geoconnex.us/cuahsi/his/MWRA/59 </loc>
		<lastmod> 2022-04-12 00:40:43.248511 </lastmod>
	</url><url>
		<loc> https://geoconnex.us/cuahsi/his/MWRA/145 </loc>
		<lastmod> 2022-04-12 00:40:43.248525 </lastmod>
	</url><url>
		<loc> https://geoconnex.us/cuahsi/his/MWRA/177 </loc>
		<lastmod> 2022-04-12 00:40:43.248539 </lastmod>
	</url><url>
		<loc> https://geoconnex.us/cuahsi/his/MWRA/180 </loc>
		<lastmod> 2022-04-12 00:40:43.248553 </lastmod>
	</url><url>
		<loc> https://geoconnex.us/cuahsi/his/MWRA/181 </loc>
		<lastmod> 2022-04-12 00:40:43.248566 </lastmod>
	</url><url>
		<loc> https://geoconnex.us/cuahsi/his/MWRA/182 </loc>
		<lastmod> 2022-04-12 00:40:43.248580 </lastmod>
	</url><url>
		<loc> https://geoconnex.us/cuahsi/his/MWRA/183 </loc>
		<lastmod> 2022-04-12 00:40:43.248594 </lastmod>
	</url></ns0:urlset>