<ns0:urlset xmlns:ns0="http://www.sitemaps.org/schemas/sitemap/0.9">
<url>
		<loc> https://geoconnex.us/cuahsi/his/MWDIS/MWDIS-SITE1 </loc>
		<lastmod> 2021-11-03 00:35:13.968550 </lastmod>
	</url><url>
		<loc> https://geoconnex.us/cuahsi/his/MWDIS/MWDIS-SITE2 </loc>
		<lastmod> 2021-11-03 00:35:13.968588 </lastmod>
	</url><url>
		<loc> https://geoconnex.us/cuahsi/his/MWDIS/NFWF-MGB-1 </loc>
		<lastmod> 2021-11-03 00:35:13.968629 </lastmod>
	</url><url>
		<loc> https://geoconnex.us/cuahsi/his/MWDIS/FHRL-ES-1 </loc>
		<lastmod> 2021-11-03 00:35:13.968649 </lastmod>
	</url><url>
		<loc> https://geoconnex.us/cuahsi/his/MWDIS/FHRL-ES-2 </loc>
		<lastmod> 2021-11-03 00:35:13.968666 </lastmod>
	</url><url>
		<loc> https://geoconnex.us/cuahsi/his/MWDIS/FHRL-ES-3 </loc>
		<lastmod> 2021-11-03 00:35:13.968718 </lastmod>
	</url><url>
		<loc> https://geoconnex.us/cuahsi/his/MWDIS/FHRL-ES-4 </loc>
		<lastmod> 2021-11-03 00:35:13.968770 </lastmod>
	</url><url>
		<loc> https://geoconnex.us/cuahsi/his/MWDIS/FHRL-ES-5 </loc>
		<lastmod> 2021-11-03 00:35:13.968785 </lastmod>
	</url><url>
		<loc> https://geoconnex.us/cuahsi/his/MWDIS/FHRL-MGB-1 </loc>
		<lastmod> 2021-11-03 00:35:13.968800 </lastmod>
	</url><url>
		<loc> https://geoconnex.us/cuahsi/his/MWDIS/FHRL-MGB-2 </loc>
		<lastmod> 2021-11-03 00:35:13.968816 </lastmod>
	</url><url>
		<loc> https://geoconnex.us/cuahsi/his/MWDIS/FHRL-MGB-3 </loc>
		<lastmod> 2021-11-03 00:35:13.968850 </lastmod>
	</url><url>
		<loc> https://geoconnex.us/cuahsi/his/MWDIS/FHRL-MGB-4 </loc>
		<lastmod> 2021-11-03 00:35:13.968891 </lastmod>
	</url><url>
		<loc> https://geoconnex.us/cuahsi/his/MWDIS/FHRL-MGB-5 </loc>
		<lastmod> 2021-11-03 00:35:13.968906 </lastmod>
	</url><url>
		<loc> https://geoconnex.us/cuahsi/his/MWDIS/FHRL-MNB-1 </loc>
		<lastmod> 2021-11-03 00:35:13.968922 </lastmod>
	</url><url>
		<loc> https://geoconnex.us/cuahsi/his/MWDIS/FHRL-MNB-2 </loc>
		<lastmod> 2021-11-03 00:35:13.968957 </lastmod>
	</url><url>
		<loc> https://geoconnex.us/cuahsi/his/MWDIS/FHRL-MNB-3 </loc>
		<lastmod> 2021-11-03 00:35:13.968991 </lastmod>
	</url><url>
		<loc> https://geoconnex.us/cuahsi/his/MWDIS/FHRL-MNB-4 </loc>
		<lastmod> 2021-11-03 00:35:13.969007 </lastmod>
	</url><url>
		<loc> https://geoconnex.us/cuahsi/his/MWDIS/FHRL-MNB-5 </loc>
		<lastmod> 2021-11-03 00:35:13.969046 </lastmod>
	</url><url>
		<loc> https://geoconnex.us/cuahsi/his/MWDIS/FHRL-MNB-6 </loc>
		<lastmod> 2021-11-03 00:35:13.969063 </lastmod>
	</url><url>
		<loc> https://geoconnex.us/cuahsi/his/MWDIS/FHRL-DM-1 </loc>
		<lastmod> 2021-11-03 00:35:13.969098 </lastmod>
	</url><url>
		<loc> https://geoconnex.us/cuahsi/his/MWDIS/FHRL-DM-2 </loc>
		<lastmod> 2021-11-03 00:35:13.969131 </lastmod>
	</url><url>
		<loc> https://geoconnex.us/cuahsi/his/MWDIS/FHRL-DM-3 </loc>
		<lastmod> 2021-11-03 00:35:13.969148 </lastmod>
	</url><url>
		<loc> https://geoconnex.us/cuahsi/his/MWDIS/FHRL-ES-atmP </loc>
		<lastmod> 2021-11-03 00:35:13.969165 </lastmod>
	</url><url>
		<loc> https://geoconnex.us/cuahsi/his/MWDIS/FHRL-MGB-atmP </loc>
		<lastmod> 2021-11-03 00:35:13.969215 </lastmod>
	</url><url>
		<loc> https://geoconnex.us/cuahsi/his/MWDIS/FHRL-MNB-atmP </loc>
		<lastmod> 2021-11-03 00:35:13.969231 </lastmod>
	</url><url>
		<loc> https://geoconnex.us/cuahsi/his/MWDIS/FHRL-DM-atmP </loc>
		<lastmod> 2021-11-03 00:35:13.969247 </lastmod>
	</url><url>
		<loc> https://geoconnex.us/cuahsi/his/MWDIS/FHRL-DI-1 </loc>
		<lastmod> 2021-11-03 00:35:13.969264 </lastmod>
	</url><url>
		<loc> https://geoconnex.us/cuahsi/his/MWDIS/FHRL-DI-2 </loc>
		<lastmod> 2021-11-03 00:35:13.969280 </lastmod>
	</url><url>
		<loc> https://geoconnex.us/cuahsi/his/MWDIS/FHRL-DI-3 </loc>
		<lastmod> 2021-11-03 00:35:13.969313 </lastmod>
	</url><url>
		<loc> https://geoconnex.us/cuahsi/his/MWDIS/FHRL-DI-4 </loc>
		<lastmod> 2021-11-03 00:35:13.969329 </lastmod>
	</url><url>
		<loc> https://geoconnex.us/cuahsi/his/MWDIS/FHRL-DI-5 </loc>
		<lastmod> 2021-11-03 00:35:13.969363 </lastmod>
	</url><url>
		<loc> https://geoconnex.us/cuahsi/his/MWDIS/FHRL-DI-6 </loc>
		<lastmod> 2021-11-03 00:35:13.969379 </lastmod>
	</url><url>
		<loc> https://geoconnex.us/cuahsi/his/MWDIS/FHRL-DI-7 </loc>
		<lastmod> 2021-11-03 00:35:13.969395 </lastmod>
	</url><url>
		<loc> https://geoconnex.us/cuahsi/his/MWDIS/FHRL-DI-8 </loc>
		<lastmod> 2021-11-03 00:35:13.969410 </lastmod>
	</url></ns0:urlset>