<?xml version='1.0' encoding='utf-8'?>
<ns0:urlset xmlns:ns0="http://www.sitemaps.org/schemas/sitemap/0.9">
<url>
		<loc> https://geoconnex.us/cuahsi/his/NE_WN/1 </loc>
		<lastmod> 2022-04-13 13:45:16.474190 </lastmod>
	</url><url>
		<loc> https://geoconnex.us/cuahsi/his/NE_WN/2 </loc>
		<lastmod> 2022-04-13 13:45:16.474233 </lastmod>
	</url><url>
		<loc> https://geoconnex.us/cuahsi/his/NE_WN/3 </loc>
		<lastmod> 2022-04-13 13:45:16.474261 </lastmod>
	</url><url>
		<loc> https://geoconnex.us/cuahsi/his/NE_WN/4 </loc>
		<lastmod> 2022-04-13 13:45:16.474285 </lastmod>
	</url><url>
		<loc> https://geoconnex.us/cuahsi/his/NE_WN/5 </loc>
		<lastmod> 2022-04-13 13:45:16.474305 </lastmod>
	</url><url>
		<loc> https://geoconnex.us/cuahsi/his/NE_WN/6 </loc>
		<lastmod> 2022-04-13 13:45:16.474354 </lastmod>
	</url><url>
		<loc> https://geoconnex.us/cuahsi/his/NE_WN/7 </loc>
		<lastmod> 2022-04-13 13:45:16.474373 </lastmod>
	</url><url>
		<loc> https://geoconnex.us/cuahsi/his/NE_WN/8 </loc>
		<lastmod> 2022-04-13 13:45:16.474392 </lastmod>
	</url><url>
		<loc> https://geoconnex.us/cuahsi/his/NE_WN/9 </loc>
		<lastmod> 2022-04-13 13:45:16.474410 </lastmod>
	</url><url>
		<loc> https://geoconnex.us/cuahsi/his/NE_WN/10 </loc>
		<lastmod> 2022-04-13 13:45:16.474428 </lastmod>
	</url><url>
		<loc> https://geoconnex.us/cuahsi/his/NE_WN/11 </loc>
		<lastmod> 2022-04-13 13:45:16.474446 </lastmod>
	</url><url>
		<loc> https://geoconnex.us/cuahsi/his/NE_WN/12 </loc>
		<lastmod> 2022-04-13 13:45:16.474464 </lastmod>
	</url><url>
		<loc> https://geoconnex.us/cuahsi/his/NE_WN/13 </loc>
		<lastmod> 2022-04-13 13:45:16.474481 </lastmod>
	</url><url>
		<loc> https://geoconnex.us/cuahsi/his/NE_WN/14 </loc>
		<lastmod> 2022-04-13 13:45:16.474499 </lastmod>
	</url><url>
		<loc> https://geoconnex.us/cuahsi/his/NE_WN/15 </loc>
		<lastmod> 2022-04-13 13:45:16.474527 </lastmod>
	</url><url>
		<loc> https://geoconnex.us/cuahsi/his/NE_WN/16 </loc>
		<lastmod> 2022-04-13 13:45:16.474545 </lastmod>
	</url><url>
		<loc> https://geoconnex.us/cuahsi/his/NE_WN/17 </loc>
		<lastmod> 2022-04-13 13:45:16.474563 </lastmod>
	</url><url>
		<loc> https://geoconnex.us/cuahsi/his/NE_WN/18 </loc>
		<lastmod> 2022-04-13 13:45:16.474582 </lastmod>
	</url></ns0:urlset>