<?xml version='1.0' encoding='utf-8'?>
<ns0:urlset xmlns:ns0="http://www.sitemaps.org/schemas/sitemap/0.9">
<url>
		<loc> https://geoconnex.us/cuahsi/his/Provo_River_GAMUT/PR_BD_C </loc>
		<lastmod> 2023-06-08 18:46:30.516717 </lastmod>
	</url><url>
		<loc> https://geoconnex.us/cuahsi/his/Provo_River_GAMUT/PR_BJ_AA </loc>
		<lastmod> 2023-06-08 18:46:30.516763 </lastmod>
	</url><url>
		<loc> https://geoconnex.us/cuahsi/his/Provo_River_GAMUT/PR_TL_C </loc>
		<lastmod> 2023-06-08 18:46:30.516793 </lastmod>
	</url><url>
		<loc> https://geoconnex.us/cuahsi/his/Provo_River_GAMUT/PR_CH_CUWCD </loc>
		<lastmod> 2023-06-08 18:46:30.516817 </lastmod>
	</url><url>
		<loc> https://geoconnex.us/cuahsi/his/Provo_River_GAMUT/PR_UM_CUWCD </loc>
		<lastmod> 2023-06-08 18:46:30.516839 </lastmod>
	</url><url>
		<loc> https://geoconnex.us/cuahsi/his/Provo_River_GAMUT/PR_BJ_CUWCD </loc>
		<lastmod> 2023-06-08 18:46:30.516859 </lastmod>
	</url><url>
		<loc> https://geoconnex.us/cuahsi/his/Provo_River_GAMUT/PR_CH_AA </loc>
		<lastmod> 2023-06-08 18:46:30.516880 </lastmod>
	</url><url>
		<loc> https://geoconnex.us/cuahsi/his/Provo_River_GAMUT/PR_LM_BA </loc>
		<lastmod> 2023-06-08 18:46:30.516900 </lastmod>
	</url><url>
		<loc> https://geoconnex.us/cuahsi/his/Provo_River_GAMUT/PR_TC_CUWCD </loc>
		<lastmod> 2023-06-08 18:46:30.516919 </lastmod>
	</url><url>
		<loc> https://geoconnex.us/cuahsi/his/Provo_River_GAMUT/PR_CH_C </loc>
		<lastmod> 2023-06-08 18:46:30.516940 </lastmod>
	</url><url>
		<loc> https://geoconnex.us/cuahsi/his/Provo_River_GAMUT/PR_ST_C </loc>
		<lastmod> 2023-06-08 18:46:30.516977 </lastmod>
	</url><url>
		<loc> https://geoconnex.us/cuahsi/his/Provo_River_GAMUT/PR_ST_BA </loc>
		<lastmod> 2023-06-08 18:46:30.517012 </lastmod>
	</url><url>
		<loc> https://geoconnex.us/cuahsi/his/Provo_River_GAMUT/PR_KM_B </loc>
		<lastmod> 2023-06-08 18:46:30.517030 </lastmod>
	</url><url>
		<loc> https://geoconnex.us/cuahsi/his/Provo_River_GAMUT/PR_YL_R </loc>
		<lastmod> 2023-06-08 18:46:30.517049 </lastmod>
	</url><url>
		<loc> https://geoconnex.us/cuahsi/his/Provo_River_GAMUT/PR_SageCreek_canal </loc>
		<lastmod> 2023-06-08 18:46:30.517067 </lastmod>
	</url><url>
		<loc> https://geoconnex.us/cuahsi/his/Provo_River_GAMUT/PR_Flood_canal </loc>
		<lastmod> 2023-06-08 18:46:30.517086 </lastmod>
	</url><url>
		<loc> https://geoconnex.us/cuahsi/his/Provo_River_GAMUT/PR_WD_BA </loc>
		<lastmod> 2023-06-08 18:46:30.517105 </lastmod>
	</url><url>
		<loc> https://geoconnex.us/cuahsi/his/Provo_River_GAMUT/PR_WD_USGS </loc>
		<lastmod> 2023-06-08 18:46:30.517124 </lastmod>
	</url><url>
		<loc> https://geoconnex.us/cuahsi/his/Provo_River_GAMUT/PR_RW_A </loc>
		<lastmod> 2023-06-08 18:46:30.517142 </lastmod>
	</url><url>
		<loc> https://geoconnex.us/cuahsi/his/Provo_River_GAMUT/PR_HD_AA </loc>
		<lastmod> 2023-06-08 18:46:30.517161 </lastmod>
	</url><url>
		<loc> https://geoconnex.us/cuahsi/his/Provo_River_GAMUT/PR_HD_USGS </loc>
		<lastmod> 2023-06-08 18:46:30.517180 </lastmod>
	</url></ns0:urlset>