<?xml version='1.0' encoding='utf-8'?>
<ns0:urlset xmlns:ns0="http://www.sitemaps.org/schemas/sitemap/0.9">
<url>
		<loc> https://geoconnex.us/cuahsi/his/NE_WN/1 </loc>
		<lastmod> 2023-06-24 02:47:27.741026 </lastmod>
	</url><url>
		<loc> https://geoconnex.us/cuahsi/his/NE_WN/2 </loc>
		<lastmod> 2023-06-24 02:47:27.741087 </lastmod>
	</url><url>
		<loc> https://geoconnex.us/cuahsi/his/NE_WN/3 </loc>
		<lastmod> 2023-06-24 02:47:27.741115 </lastmod>
	</url><url>
		<loc> https://geoconnex.us/cuahsi/his/NE_WN/4 </loc>
		<lastmod> 2023-06-24 02:47:27.741170 </lastmod>
	</url><url>
		<loc> https://geoconnex.us/cuahsi/his/NE_WN/5 </loc>
		<lastmod> 2023-06-24 02:47:27.741192 </lastmod>
	</url><url>
		<loc> https://geoconnex.us/cuahsi/his/NE_WN/6 </loc>
		<lastmod> 2023-06-24 02:47:27.741214 </lastmod>
	</url><url>
		<loc> https://geoconnex.us/cuahsi/his/NE_WN/7 </loc>
		<lastmod> 2023-06-24 02:47:27.741235 </lastmod>
	</url><url>
		<loc> https://geoconnex.us/cuahsi/his/NE_WN/8 </loc>
		<lastmod> 2023-06-24 02:47:27.741271 </lastmod>
	</url><url>
		<loc> https://geoconnex.us/cuahsi/his/NE_WN/9 </loc>
		<lastmod> 2023-06-24 02:47:27.741306 </lastmod>
	</url><url>
		<loc> https://geoconnex.us/cuahsi/his/NE_WN/10 </loc>
		<lastmod> 2023-06-24 02:47:27.741340 </lastmod>
	</url><url>
		<loc> https://geoconnex.us/cuahsi/his/NE_WN/11 </loc>
		<lastmod> 2023-06-24 02:47:27.741359 </lastmod>
	</url><url>
		<loc> https://geoconnex.us/cuahsi/his/NE_WN/12 </loc>
		<lastmod> 2023-06-24 02:47:27.741378 </lastmod>
	</url><url>
		<loc> https://geoconnex.us/cuahsi/his/NE_WN/13 </loc>
		<lastmod> 2023-06-24 02:47:27.741396 </lastmod>
	</url><url>
		<loc> https://geoconnex.us/cuahsi/his/NE_WN/14 </loc>
		<lastmod> 2023-06-24 02:47:27.741415 </lastmod>
	</url><url>
		<loc> https://geoconnex.us/cuahsi/his/NE_WN/15 </loc>
		<lastmod> 2023-06-24 02:47:27.741433 </lastmod>
	</url><url>
		<loc> https://geoconnex.us/cuahsi/his/NE_WN/16 </loc>
		<lastmod> 2023-06-24 02:47:27.741452 </lastmod>
	</url><url>
		<loc> https://geoconnex.us/cuahsi/his/NE_WN/17 </loc>
		<lastmod> 2023-06-24 02:47:27.741470 </lastmod>
	</url><url>
		<loc> https://geoconnex.us/cuahsi/his/NE_WN/18 </loc>
		<lastmod> 2023-06-24 02:47:27.741489 </lastmod>
	</url></ns0:urlset>