<?xml version='1.0' encoding='utf-8'?>
<ns0:urlset xmlns:ns0="http://www.sitemaps.org/schemas/sitemap/0.9">
<url>
		<loc> https://geoconnex.us/cuahsi/his/TarlandWaterQuality/010201JHI </loc>
		<lastmod> 2022-04-13 13:07:28.031504 </lastmod>
	</url><url>
		<loc> https://geoconnex.us/cuahsi/his/TarlandWaterQuality/010210JHI </loc>
		<lastmod> 2022-04-13 13:07:28.031536 </lastmod>
	</url><url>
		<loc> https://geoconnex.us/cuahsi/his/TarlandWaterQuality/010213JHI </loc>
		<lastmod> 2022-04-13 13:07:28.031554 </lastmod>
	</url><url>
		<loc> https://geoconnex.us/cuahsi/his/TarlandWaterQuality/010214JHI </loc>
		<lastmod> 2022-04-13 13:07:28.031570 </lastmod>
	</url><url>
		<loc> https://geoconnex.us/cuahsi/his/TarlandWaterQuality/010215JHI </loc>
		<lastmod> 2022-04-13 13:07:28.031585 </lastmod>
	</url><url>
		<loc> https://geoconnex.us/cuahsi/his/TarlandWaterQuality/010216JHI </loc>
		<lastmod> 2022-04-13 13:07:28.031600 </lastmod>
	</url><url>
		<loc> https://geoconnex.us/cuahsi/his/TarlandWaterQuality/010202JHI </loc>
		<lastmod> 2022-04-13 13:07:28.031615 </lastmod>
	</url><url>
		<loc> https://geoconnex.us/cuahsi/his/TarlandWaterQuality/010220JHI </loc>
		<lastmod> 2022-04-13 13:07:28.031629 </lastmod>
	</url><url>
		<loc> https://geoconnex.us/cuahsi/his/TarlandWaterQuality/010227JHI </loc>
		<lastmod> 2022-04-13 13:07:28.031643 </lastmod>
	</url><url>
		<loc> https://geoconnex.us/cuahsi/his/TarlandWaterQuality/010230JHI </loc>
		<lastmod> 2022-04-13 13:07:28.031658 </lastmod>
	</url><url>
		<loc> https://geoconnex.us/cuahsi/his/TarlandWaterQuality/010231JHI </loc>
		<lastmod> 2022-04-13 13:07:28.031672 </lastmod>
	</url><url>
		<loc> https://geoconnex.us/cuahsi/his/TarlandWaterQuality/010232JHI </loc>
		<lastmod> 2022-04-13 13:07:28.031686 </lastmod>
	</url><url>
		<loc> https://geoconnex.us/cuahsi/his/TarlandWaterQuality/010205JHI </loc>
		<lastmod> 2022-04-13 13:07:28.031700 </lastmod>
	</url><url>
		<loc> https://geoconnex.us/cuahsi/his/TarlandWaterQuality/010206JHI </loc>
		<lastmod> 2022-04-13 13:07:28.031714 </lastmod>
	</url><url>
		<loc> https://geoconnex.us/cuahsi/his/TarlandWaterQuality/010207JHI </loc>
		<lastmod> 2022-04-13 13:07:28.031727 </lastmod>
	</url><url>
		<loc> https://geoconnex.us/cuahsi/his/TarlandWaterQuality/010208JHI </loc>
		<lastmod> 2022-04-13 13:07:28.031741 </lastmod>
	</url><url>
		<loc> https://geoconnex.us/cuahsi/his/TarlandWaterQuality/010233JHI </loc>
		<lastmod> 2022-04-13 13:07:28.031755 </lastmod>
	</url><url>
		<loc> https://geoconnex.us/cuahsi/his/TarlandWaterQuality/010234JHI </loc>
		<lastmod> 2022-04-13 13:07:28.031770 </lastmod>
	</url><url>
		<loc> https://geoconnex.us/cuahsi/his/TarlandWaterQuality/010235JHI </loc>
		<lastmod> 2022-04-13 13:07:28.031784 </lastmod>
	</url><url>
		<loc> https://geoconnex.us/cuahsi/his/TarlandWaterQuality/010236JHI </loc>
		<lastmod> 2022-04-13 13:07:28.031798 </lastmod>
	</url><url>
		<loc> https://geoconnex.us/cuahsi/his/TarlandWaterQuality/010237JHI </loc>
		<lastmod> 2022-04-13 13:07:28.031812 </lastmod>
	</url><url>
		<loc> https://geoconnex.us/cuahsi/his/TarlandWaterQuality/010238JHI </loc>
		<lastmod> 2022-04-13 13:07:28.031826 </lastmod>
	</url><url>
		<loc> https://geoconnex.us/cuahsi/his/TarlandWaterQuality/010240JHI </loc>
		<lastmod> 2022-04-13 13:07:28.031840 </lastmod>
	</url><url>
		<loc> https://geoconnex.us/cuahsi/his/TarlandWaterQuality/010241JHI </loc>
		<lastmod> 2022-04-13 13:07:28.031854 </lastmod>
	</url></ns0:urlset>