<?xml version='1.0' encoding='utf-8'?>
<ns0:urlset xmlns:ns0="http://www.sitemaps.org/schemas/sitemap/0.9">
<url>
		<loc> https://geoconnex.us/cuahsi/his/CALVIN_HHS/SR-1 </loc>
		<lastmod> 2022-04-13 04:34:23.010937 </lastmod>
	</url><url>
		<loc> https://geoconnex.us/cuahsi/his/CALVIN_HHS/SR-10 </loc>
		<lastmod> 2022-04-13 04:34:23.010985 </lastmod>
	</url><url>
		<loc> https://geoconnex.us/cuahsi/his/CALVIN_HHS/SR-12 </loc>
		<lastmod> 2022-04-13 04:34:23.011007 </lastmod>
	</url><url>
		<loc> https://geoconnex.us/cuahsi/his/CALVIN_HHS/SR-15 </loc>
		<lastmod> 2022-04-13 04:34:23.011026 </lastmod>
	</url><url>
		<loc> https://geoconnex.us/cuahsi/his/CALVIN_HHS/SR-18 </loc>
		<lastmod> 2022-04-13 04:34:23.011042 </lastmod>
	</url><url>
		<loc> https://geoconnex.us/cuahsi/his/CALVIN_HHS/SR-20 </loc>
		<lastmod> 2022-04-13 04:34:23.011057 </lastmod>
	</url><url>
		<loc> https://geoconnex.us/cuahsi/his/CALVIN_HHS/SR-22 </loc>
		<lastmod> 2022-04-13 04:34:23.011074 </lastmod>
	</url><url>
		<loc> https://geoconnex.us/cuahsi/his/CALVIN_HHS/SR-3 </loc>
		<lastmod> 2022-04-13 04:34:23.011088 </lastmod>
	</url><url>
		<loc> https://geoconnex.us/cuahsi/his/CALVIN_HHS/SR-4 </loc>
		<lastmod> 2022-04-13 04:34:23.011103 </lastmod>
	</url><url>
		<loc> https://geoconnex.us/cuahsi/his/CALVIN_HHS/SR-52 </loc>
		<lastmod> 2022-04-13 04:34:23.011118 </lastmod>
	</url><url>
		<loc> https://geoconnex.us/cuahsi/his/CALVIN_HHS/SR-53 </loc>
		<lastmod> 2022-04-13 04:34:23.011133 </lastmod>
	</url><url>
		<loc> https://geoconnex.us/cuahsi/his/CALVIN_HHS/SR-6 </loc>
		<lastmod> 2022-04-13 04:34:23.011148 </lastmod>
	</url><url>
		<loc> https://geoconnex.us/cuahsi/his/CALVIN_HHS/SR-7 </loc>
		<lastmod> 2022-04-13 04:34:23.011162 </lastmod>
	</url><url>
		<loc> https://geoconnex.us/cuahsi/his/CALVIN_HHS/SR-8 </loc>
		<lastmod> 2022-04-13 04:34:23.011177 </lastmod>
	</url><url>
		<loc> https://geoconnex.us/cuahsi/his/CALVIN_HHS/SR-81 </loc>
		<lastmod> 2022-04-13 04:34:23.011192 </lastmod>
	</url><url>
		<loc> https://geoconnex.us/cuahsi/his/CALVIN_HHS/SR-ASF </loc>
		<lastmod> 2022-04-13 04:34:23.011206 </lastmod>
	</url><url>
		<loc> https://geoconnex.us/cuahsi/his/CALVIN_HHS/SR-BBL </loc>
		<lastmod> 2022-04-13 04:34:23.011222 </lastmod>
	</url><url>
		<loc> https://geoconnex.us/cuahsi/his/CALVIN_HHS/SR-CFW </loc>
		<lastmod> 2022-04-13 04:34:23.011237 </lastmod>
	</url><url>
		<loc> https://geoconnex.us/cuahsi/his/CALVIN_HHS/SR-CL-IVR </loc>
		<lastmod> 2022-04-13 04:34:23.011252 </lastmod>
	</url><url>
		<loc> https://geoconnex.us/cuahsi/his/CALVIN_HHS/SR-CR </loc>
		<lastmod> 2022-04-13 04:34:23.011267 </lastmod>
	</url><url>
		<loc> https://geoconnex.us/cuahsi/his/CALVIN_HHS/SR-EBMUD </loc>
		<lastmod> 2022-04-13 04:34:23.011281 </lastmod>
	</url><url>
		<loc> https://geoconnex.us/cuahsi/his/CALVIN_HHS/SR-EL </loc>
		<lastmod> 2022-04-13 04:34:23.011296 </lastmod>
	</url><url>
		<loc> https://geoconnex.us/cuahsi/his/CALVIN_HHS/SR-HHR </loc>
		<lastmod> 2022-04-13 04:34:23.011311 </lastmod>
	</url><url>
		<loc> https://geoconnex.us/cuahsi/his/CALVIN_HHS/SR-LB </loc>
		<lastmod> 2022-04-13 04:34:23.011327 </lastmod>
	</url><url>
		<loc> https://geoconnex.us/cuahsi/his/CALVIN_HHS/SR-LI </loc>
		<lastmod> 2022-04-13 04:34:23.011342 </lastmod>
	</url><url>
		<loc> https://geoconnex.us/cuahsi/his/CALVIN_HHS/SR-LK </loc>
		<lastmod> 2022-04-13 04:34:23.011356 </lastmod>
	</url><url>
		<loc> https://geoconnex.us/cuahsi/his/CALVIN_HHS/SR-LL-LE </loc>
		<lastmod> 2022-04-13 04:34:23.011372 </lastmod>
	</url><url>
		<loc> https://geoconnex.us/cuahsi/his/CALVIN_HHS/SR-LS </loc>
		<lastmod> 2022-04-13 04:34:23.011386 </lastmod>
	</url><url>
		<loc> https://geoconnex.us/cuahsi/his/CALVIN_HHS/SR-LV </loc>
		<lastmod> 2022-04-13 04:34:23.011401 </lastmod>
	</url><url>
		<loc> https://geoconnex.us/cuahsi/his/CALVIN_HHS/SR-NBB </loc>
		<lastmod> 2022-04-13 04:34:23.011416 </lastmod>
	</url><url>
		<loc> https://geoconnex.us/cuahsi/his/CALVIN_HHS/SR-NHL </loc>
		<lastmod> 2022-04-13 04:34:23.011431 </lastmod>
	</url><url>
		<loc> https://geoconnex.us/cuahsi/his/CALVIN_HHS/SR-PF </loc>
		<lastmod> 2022-04-13 04:34:23.011446 </lastmod>
	</url><url>
		<loc> https://geoconnex.us/cuahsi/his/CALVIN_HHS/SR-PR </loc>
		<lastmod> 2022-04-13 04:34:23.011460 </lastmod>
	</url><url>
		<loc> https://geoconnex.us/cuahsi/his/CALVIN_HHS/SR-SCV </loc>
		<lastmod> 2022-04-13 04:34:23.011475 </lastmod>
	</url><url>
		<loc> https://geoconnex.us/cuahsi/his/CALVIN_HHS/SR-TR </loc>
		<lastmod> 2022-04-13 04:34:23.011490 </lastmod>
	</url></ns0:urlset>