<ns0:urlset xmlns:ns0="http://www.sitemaps.org/schemas/sitemap/0.9">
<url>
		<loc> https://geoconnex.us/cuahsi/his/UMBCWQ/DR5 </loc>
		<lastmod> 2021-11-01 19:42:07.417674 </lastmod>
	</url><url>
		<loc> https://geoconnex.us/cuahsi/his/UMBCWQ/DR5.015m </loc>
		<lastmod> 2021-11-01 19:42:07.417712 </lastmod>
	</url><url>
		<loc> https://geoconnex.us/cuahsi/his/UMBCWQ/DR5.108m </loc>
		<lastmod> 2021-11-01 19:42:07.417735 </lastmod>
	</url><url>
		<loc> https://geoconnex.us/cuahsi/his/UMBCWQ/DR5.190m </loc>
		<lastmod> 2021-11-01 19:42:07.417753 </lastmod>
	</url><url>
		<loc> https://geoconnex.us/cuahsi/his/UMBCWQ/DR5.231m </loc>
		<lastmod> 2021-11-01 19:42:07.417770 </lastmod>
	</url><url>
		<loc> https://geoconnex.us/cuahsi/his/UMBCWQ/DR5.382m </loc>
		<lastmod> 2021-11-01 19:42:07.417788 </lastmod>
	</url><url>
		<loc> https://geoconnex.us/cuahsi/his/UMBCWQ/DR5.514m </loc>
		<lastmod> 2021-11-01 19:42:07.417804 </lastmod>
	</url><url>
		<loc> https://geoconnex.us/cuahsi/his/UMBCWQ/DR5.582m </loc>
		<lastmod> 2021-11-01 19:42:07.417821 </lastmod>
	</url><url>
		<loc> https://geoconnex.us/cuahsi/his/UMBCWQ/DR5.786m </loc>
		<lastmod> 2021-11-01 19:42:07.417837 </lastmod>
	</url><url>
		<loc> https://geoconnex.us/cuahsi/his/UMBCWQ/DR5.893m </loc>
		<lastmod> 2021-11-01 19:42:07.417853 </lastmod>
	</url><url>
		<loc> https://geoconnex.us/cuahsi/his/UMBCWQ/DR5.902m </loc>
		<lastmod> 2021-11-01 19:42:07.417869 </lastmod>
	</url><url>
		<loc> https://geoconnex.us/cuahsi/his/UMBCWQ/DR2 </loc>
		<lastmod> 2021-11-01 19:42:07.417885 </lastmod>
	</url><url>
		<loc> https://geoconnex.us/cuahsi/his/UMBCWQ/DR3 </loc>
		<lastmod> 2021-11-01 19:42:07.417901 </lastmod>
	</url><url>
		<loc> https://geoconnex.us/cuahsi/his/UMBCWQ/DR4 </loc>
		<lastmod> 2021-11-01 19:42:07.417917 </lastmod>
	</url><url>
		<loc> https://geoconnex.us/cuahsi/his/UMBCWQ/DRKR </loc>
		<lastmod> 2021-11-01 19:42:07.417933 </lastmod>
	</url><url>
		<loc> https://geoconnex.us/cuahsi/his/UMBCWQ/DR1 </loc>
		<lastmod> 2021-11-01 19:42:07.417950 </lastmod>
	</url></ns0:urlset>