<?xml version='1.0' encoding='utf-8'?>
<ns0:urlset xmlns:ns0="http://www.sitemaps.org/schemas/sitemap/0.9">
<url>
		<loc> https://geoconnex.us/cuahsi/his/FarmRWA/BB-B1 </loc>
		<lastmod> 2022-04-13 13:07:30.931343 </lastmod>
	</url><url>
		<loc> https://geoconnex.us/cuahsi/his/FarmRWA/CB-C1 </loc>
		<lastmod> 2022-04-13 13:07:30.931375 </lastmod>
	</url><url>
		<loc> https://geoconnex.us/cuahsi/his/FarmRWA/FR-EG1 </loc>
		<lastmod> 2022-04-13 13:07:30.931393 </lastmod>
	</url><url>
		<loc> https://geoconnex.us/cuahsi/his/FarmRWA/FR-F1 </loc>
		<lastmod> 2022-04-13 13:07:30.931410 </lastmod>
	</url><url>
		<loc> https://geoconnex.us/cuahsi/his/FarmRWA/FR-F2 </loc>
		<lastmod> 2022-04-13 13:07:30.931425 </lastmod>
	</url><url>
		<loc> https://geoconnex.us/cuahsi/his/FarmRWA/FR-F3 </loc>
		<lastmod> 2022-04-13 13:07:30.931439 </lastmod>
	</url><url>
		<loc> https://geoconnex.us/cuahsi/his/FarmRWA/FR-S1 </loc>
		<lastmod> 2022-04-13 13:07:30.931453 </lastmod>
	</url><url>
		<loc> https://geoconnex.us/cuahsi/his/FarmRWA/FR-S2 </loc>
		<lastmod> 2022-04-13 13:07:30.931467 </lastmod>
	</url><url>
		<loc> https://geoconnex.us/cuahsi/his/FarmRWA/FR-S3 </loc>
		<lastmod> 2022-04-13 13:07:30.931482 </lastmod>
	</url><url>
		<loc> https://geoconnex.us/cuahsi/his/FarmRWA/FR-W1 </loc>
		<lastmod> 2022-04-13 13:07:30.931497 </lastmod>
	</url><url>
		<loc> https://geoconnex.us/cuahsi/his/FarmRWA/FR-W2 </loc>
		<lastmod> 2022-04-13 13:07:30.931511 </lastmod>
	</url><url>
		<loc> https://geoconnex.us/cuahsi/his/FarmRWA/HB-S1 </loc>
		<lastmod> 2022-04-13 13:07:30.931526 </lastmod>
	</url><url>
		<loc> https://geoconnex.us/cuahsi/his/FarmRWA/MB-S1 </loc>
		<lastmod> 2022-04-13 13:07:30.931540 </lastmod>
	</url><url>
		<loc> https://geoconnex.us/cuahsi/his/FarmRWA/ML-W1 </loc>
		<lastmod> 2022-04-13 13:07:30.931553 </lastmod>
	</url><url>
		<loc> https://geoconnex.us/cuahsi/his/FarmRWA/MS-S1 </loc>
		<lastmod> 2022-04-13 13:07:30.931567 </lastmod>
	</url><url>
		<loc> https://geoconnex.us/cuahsi/his/FarmRWA/NB-A1 </loc>
		<lastmod> 2022-04-13 13:07:30.931580 </lastmod>
	</url><url>
		<loc> https://geoconnex.us/cuahsi/his/FarmRWA/PB-W1 </loc>
		<lastmod> 2022-04-13 13:07:30.931594 </lastmod>
	</url><url>
		<loc> https://geoconnex.us/cuahsi/his/FarmRWA/PR-F1 </loc>
		<lastmod> 2022-04-13 13:07:30.931608 </lastmod>
	</url><url>
		<loc> https://geoconnex.us/cuahsi/his/FarmRWA/RB-S1 </loc>
		<lastmod> 2022-04-13 13:07:30.931621 </lastmod>
	</url><url>
		<loc> https://geoconnex.us/cuahsi/his/FarmRWA/RO-F1 </loc>
		<lastmod> 2022-04-13 13:07:30.931635 </lastmod>
	</url><url>
		<loc> https://geoconnex.us/cuahsi/his/FarmRWA/SB-2 </loc>
		<lastmod> 2022-04-13 13:07:30.931648 </lastmod>
	</url><url>
		<loc> https://geoconnex.us/cuahsi/his/FarmRWA/SB-EB1 </loc>
		<lastmod> 2022-04-13 13:07:30.931662 </lastmod>
	</url><url>
		<loc> https://geoconnex.us/cuahsi/his/FarmRWA/SB-WB3 </loc>
		<lastmod> 2022-04-13 13:07:30.931677 </lastmod>
	</url><url>
		<loc> https://geoconnex.us/cuahsi/his/FarmRWA/TB-A1 </loc>
		<lastmod> 2022-04-13 13:07:30.931690 </lastmod>
	</url><url>
		<loc> https://geoconnex.us/cuahsi/his/FarmRWA/FRWA_FR-1 </loc>
		<lastmod> 2022-04-13 13:07:30.931704 </lastmod>
	</url><url>
		<loc> https://geoconnex.us/cuahsi/his/FarmRWA/FRWA_FR-2 </loc>
		<lastmod> 2022-04-13 13:07:30.931719 </lastmod>
	</url><url>
		<loc> https://geoconnex.us/cuahsi/his/FarmRWA/FRWA_FR-3 </loc>
		<lastmod> 2022-04-13 13:07:30.931733 </lastmod>
	</url><url>
		<loc> https://geoconnex.us/cuahsi/his/FarmRWA/FRWA_FR-4 </loc>
		<lastmod> 2022-04-13 13:07:30.931747 </lastmod>
	</url><url>
		<loc> https://geoconnex.us/cuahsi/his/FarmRWA/FRWA_MB-1 </loc>
		<lastmod> 2022-04-13 13:07:30.931761 </lastmod>
	</url><url>
		<loc> https://geoconnex.us/cuahsi/his/FarmRWA/FRWA_MB-2 </loc>
		<lastmod> 2022-04-13 13:07:30.931775 </lastmod>
	</url><url>
		<loc> https://geoconnex.us/cuahsi/his/FarmRWA/FRWA_MB-3 </loc>
		<lastmod> 2022-04-13 13:07:30.931789 </lastmod>
	</url><url>
		<loc> https://geoconnex.us/cuahsi/his/FarmRWA/FRWA_MR-1 </loc>
		<lastmod> 2022-04-13 13:07:30.931803 </lastmod>
	</url><url>
		<loc> https://geoconnex.us/cuahsi/his/FarmRWA/FRWA_MR-2 </loc>
		<lastmod> 2022-04-13 13:07:30.931816 </lastmod>
	</url><url>
		<loc> https://geoconnex.us/cuahsi/his/FarmRWA/FRWA_MR-3 </loc>
		<lastmod> 2022-04-13 13:07:30.931830 </lastmod>
	</url><url>
		<loc> https://geoconnex.us/cuahsi/his/FarmRWA/FRWA_MR-4 </loc>
		<lastmod> 2022-04-13 13:07:30.931843 </lastmod>
	</url><url>
		<loc> https://geoconnex.us/cuahsi/his/FarmRWA/FRWA_SR-1 </loc>
		<lastmod> 2022-04-13 13:07:30.931857 </lastmod>
	</url><url>
		<loc> https://geoconnex.us/cuahsi/his/FarmRWA/FRWA_SR-2 </loc>
		<lastmod> 2022-04-13 13:07:30.931871 </lastmod>
	</url><url>
		<loc> https://geoconnex.us/cuahsi/his/FarmRWA/FRWA_SR-3 </loc>
		<lastmod> 2022-04-13 13:07:30.931885 </lastmod>
	</url><url>
		<loc> https://geoconnex.us/cuahsi/his/FarmRWA/FRWA_SR-4 </loc>
		<lastmod> 2022-04-13 13:07:30.931899 </lastmod>
	</url></ns0:urlset>