<?xml version='1.0' encoding='utf-8'?>
<ns0:urlset xmlns:ns0="http://www.sitemaps.org/schemas/sitemap/0.9">
<url>
		<loc> https://geoconnex.us/cuahsi/his/Provo_River_GAMUT/PR_BD_C </loc>
		<lastmod> 2023-06-07 14:29:06.221127 </lastmod>
	</url><url>
		<loc> https://geoconnex.us/cuahsi/his/Provo_River_GAMUT/PR_BJ_AA </loc>
		<lastmod> 2023-06-07 14:29:06.221157 </lastmod>
	</url><url>
		<loc> https://geoconnex.us/cuahsi/his/Provo_River_GAMUT/PR_TL_C </loc>
		<lastmod> 2023-06-07 14:29:06.221176 </lastmod>
	</url><url>
		<loc> https://geoconnex.us/cuahsi/his/Provo_River_GAMUT/PR_CH_CUWCD </loc>
		<lastmod> 2023-06-07 14:29:06.221192 </lastmod>
	</url><url>
		<loc> https://geoconnex.us/cuahsi/his/Provo_River_GAMUT/PR_UM_CUWCD </loc>
		<lastmod> 2023-06-07 14:29:06.221208 </lastmod>
	</url><url>
		<loc> https://geoconnex.us/cuahsi/his/Provo_River_GAMUT/PR_BJ_CUWCD </loc>
		<lastmod> 2023-06-07 14:29:06.221223 </lastmod>
	</url><url>
		<loc> https://geoconnex.us/cuahsi/his/Provo_River_GAMUT/PR_CH_AA </loc>
		<lastmod> 2023-06-07 14:29:06.221239 </lastmod>
	</url><url>
		<loc> https://geoconnex.us/cuahsi/his/Provo_River_GAMUT/PR_LM_BA </loc>
		<lastmod> 2023-06-07 14:29:06.221254 </lastmod>
	</url><url>
		<loc> https://geoconnex.us/cuahsi/his/Provo_River_GAMUT/PR_TC_CUWCD </loc>
		<lastmod> 2023-06-07 14:29:06.221269 </lastmod>
	</url><url>
		<loc> https://geoconnex.us/cuahsi/his/Provo_River_GAMUT/PR_CH_C </loc>
		<lastmod> 2023-06-07 14:29:06.221284 </lastmod>
	</url><url>
		<loc> https://geoconnex.us/cuahsi/his/Provo_River_GAMUT/PR_ST_C </loc>
		<lastmod> 2023-06-07 14:29:06.221299 </lastmod>
	</url><url>
		<loc> https://geoconnex.us/cuahsi/his/Provo_River_GAMUT/PR_ST_BA </loc>
		<lastmod> 2023-06-07 14:29:06.221314 </lastmod>
	</url><url>
		<loc> https://geoconnex.us/cuahsi/his/Provo_River_GAMUT/PR_KM_B </loc>
		<lastmod> 2023-06-07 14:29:06.221329 </lastmod>
	</url><url>
		<loc> https://geoconnex.us/cuahsi/his/Provo_River_GAMUT/PR_YL_R </loc>
		<lastmod> 2023-06-07 14:29:06.221344 </lastmod>
	</url><url>
		<loc> https://geoconnex.us/cuahsi/his/Provo_River_GAMUT/PR_SageCreek_canal </loc>
		<lastmod> 2023-06-07 14:29:06.221359 </lastmod>
	</url><url>
		<loc> https://geoconnex.us/cuahsi/his/Provo_River_GAMUT/PR_Flood_canal </loc>
		<lastmod> 2023-06-07 14:29:06.221375 </lastmod>
	</url><url>
		<loc> https://geoconnex.us/cuahsi/his/Provo_River_GAMUT/PR_WD_BA </loc>
		<lastmod> 2023-06-07 14:29:06.221390 </lastmod>
	</url><url>
		<loc> https://geoconnex.us/cuahsi/his/Provo_River_GAMUT/PR_WD_USGS </loc>
		<lastmod> 2023-06-07 14:29:06.221405 </lastmod>
	</url><url>
		<loc> https://geoconnex.us/cuahsi/his/Provo_River_GAMUT/PR_RW_A </loc>
		<lastmod> 2023-06-07 14:29:06.221420 </lastmod>
	</url><url>
		<loc> https://geoconnex.us/cuahsi/his/Provo_River_GAMUT/PR_HD_AA </loc>
		<lastmod> 2023-06-07 14:29:06.221436 </lastmod>
	</url><url>
		<loc> https://geoconnex.us/cuahsi/his/Provo_River_GAMUT/PR_HD_USGS </loc>
		<lastmod> 2023-06-07 14:29:06.221451 </lastmod>
	</url></ns0:urlset>