<?xml version='1.0' encoding='utf-8'?>
<ns0:urlset xmlns:ns0="http://www.sitemaps.org/schemas/sitemap/0.9">
<url>
		<loc> https://geoconnex.us/cuahsi/his/MudLake/USU-ML-Causeway </loc>
		<lastmod> 2022-08-03 16:15:25.201607 </lastmod>
	</url><url>
		<loc> https://geoconnex.us/cuahsi/his/MudLake/USU-ML-Lifton </loc>
		<lastmod> 2022-08-03 16:15:25.201634 </lastmod>
	</url><url>
		<loc> https://geoconnex.us/cuahsi/his/MudLake/USU-ML-Weather </loc>
		<lastmod> 2022-08-03 16:15:25.201651 </lastmod>
	</url><url>
		<loc> https://geoconnex.us/cuahsi/his/MudLake/USU-ML-Inlet </loc>
		<lastmod> 2022-08-03 16:15:25.201665 </lastmod>
	</url><url>
		<loc> https://geoconnex.us/cuahsi/his/MudLake/USU-ML-Outlet </loc>
		<lastmod> 2022-08-03 16:15:25.201678 </lastmod>
	</url><url>
		<loc> https://geoconnex.us/cuahsi/his/MudLake/PAC-ML-Level </loc>
		<lastmod> 2022-08-03 16:15:25.201692 </lastmod>
	</url><url>
		<loc> https://geoconnex.us/cuahsi/his/MudLake/PAC-ML-Rainbow </loc>
		<lastmod> 2022-08-03 16:15:25.201706 </lastmod>
	</url><url>
		<loc> https://geoconnex.us/cuahsi/his/MudLake/PAC-ML-Outlet </loc>
		<lastmod> 2022-08-03 16:15:25.201719 </lastmod>
	</url><url>
		<loc> https://geoconnex.us/cuahsi/his/MudLake/PAC-ML-Lifton </loc>
		<lastmod> 2022-08-03 16:15:25.201732 </lastmod>
	</url><url>
		<loc> https://geoconnex.us/cuahsi/his/MudLake/PAC-ML-Causeway </loc>
		<lastmod> 2022-08-03 16:15:25.201772 </lastmod>
	</url><url>
		<loc> https://geoconnex.us/cuahsi/his/MudLake/PAC-ML-BlackOtter </loc>
		<lastmod> 2022-08-03 16:15:25.201787 </lastmod>
	</url><url>
		<loc> https://geoconnex.us/cuahsi/his/MudLake/PAC-ML-ReamCrockett </loc>
		<lastmod> 2022-08-03 16:15:25.201801 </lastmod>
	</url></ns0:urlset>