<?xml version='1.0' encoding='utf-8'?>
<ns0:urlset xmlns:ns0="http://www.sitemaps.org/schemas/sitemap/0.9">
<url>
		<loc> https://geoconnex.us/cuahsi/his/IEER_at_Wilkes_University/Apal </loc>
		<lastmod> 2022-04-13 04:34:12.784045 </lastmod>
	</url><url>
		<loc> https://geoconnex.us/cuahsi/his/IEER_at_Wilkes_University/BAKR0.1 </loc>
		<lastmod> 2022-04-13 04:34:12.784087 </lastmod>
	</url><url>
		<loc> https://geoconnex.us/cuahsi/his/IEER_at_Wilkes_University/Baldwin </loc>
		<lastmod> 2022-04-13 04:34:12.784112 </lastmod>
	</url><url>
		<loc> https://geoconnex.us/cuahsi/his/IEER_at_Wilkes_University/BLOC </loc>
		<lastmod> 2022-04-13 04:34:12.784132 </lastmod>
	</url><url>
		<loc> https://geoconnex.us/cuahsi/his/IEER_at_Wilkes_University/BOBS </loc>
		<lastmod> 2022-04-13 04:34:12.784150 </lastmod>
	</url><url>
		<loc> https://geoconnex.us/cuahsi/his/IEER_at_Wilkes_University/BOWN </loc>
		<lastmod> 2022-04-13 04:34:12.784167 </lastmod>
	</url><url>
		<loc> https://geoconnex.us/cuahsi/his/IEER_at_Wilkes_University/CANA </loc>
		<lastmod> 2022-04-13 04:34:12.784186 </lastmod>
	</url><url>
		<loc> https://geoconnex.us/cuahsi/his/IEER_at_Wilkes_University/Catatonk </loc>
		<lastmod> 2022-04-13 04:34:12.784202 </lastmod>
	</url><url>
		<loc> https://geoconnex.us/cuahsi/his/IEER_at_Wilkes_University/Cherry </loc>
		<lastmod> 2022-04-13 04:34:12.784219 </lastmod>
	</url><url>
		<loc> https://geoconnex.us/cuahsi/his/IEER_at_Wilkes_University/CHEST </loc>
		<lastmod> 2022-04-13 04:34:12.784236 </lastmod>
	</url><url>
		<loc> https://geoconnex.us/cuahsi/his/IEER_at_Wilkes_University/CHOC </loc>
		<lastmod> 2022-04-13 04:34:12.784253 </lastmod>
	</url><url>
		<loc> https://geoconnex.us/cuahsi/his/IEER_at_Wilkes_University/CROK </loc>
		<lastmod> 2022-04-13 04:34:12.784270 </lastmod>
	</url><url>
		<loc> https://geoconnex.us/cuahsi/his/IEER_at_Wilkes_University/Driftwood </loc>
		<lastmod> 2022-04-13 04:34:12.784286 </lastmod>
	</url><url>
		<loc> https://geoconnex.us/cuahsi/his/IEER_at_Wilkes_University/East_Fork </loc>
		<lastmod> 2022-04-13 04:34:12.784303 </lastmod>
	</url><url>
		<loc> https://geoconnex.us/cuahsi/his/IEER_at_Wilkes_University/EBFC </loc>
		<lastmod> 2022-04-13 04:34:12.784319 </lastmod>
	</url><url>
		<loc> https://geoconnex.us/cuahsi/his/IEER_at_Wilkes_University/ELKR </loc>
		<lastmod> 2022-04-13 04:34:12.784335 </lastmod>
	</url><url>
		<loc> https://geoconnex.us/cuahsi/his/IEER_at_Wilkes_University/Grays </loc>
		<lastmod> 2022-04-13 04:34:12.784351 </lastmod>
	</url><url>
		<loc> https://geoconnex.us/cuahsi/his/IEER_at_Wilkes_University/HAMM </loc>
		<lastmod> 2022-04-13 04:34:12.784368 </lastmod>
	</url><url>
		<loc> https://geoconnex.us/cuahsi/his/IEER_at_Wilkes_University/Hicks </loc>
		<lastmod> 2022-04-13 04:34:12.784384 </lastmod>
	</url><url>
		<loc> https://geoconnex.us/cuahsi/his/IEER_at_Wilkes_University/Hunts </loc>
		<lastmod> 2022-04-13 04:34:12.784400 </lastmod>
	</url><url>
		<loc> https://geoconnex.us/cuahsi/his/IEER_at_Wilkes_University/Kettle </loc>
		<lastmod> 2022-04-13 04:34:12.784416 </lastmod>
	</url><url>
		<loc> https://geoconnex.us/cuahsi/his/IEER_at_Wilkes_University/Kitchen </loc>
		<lastmod> 2022-04-13 04:34:12.784432 </lastmod>
	</url><url>
		<loc> https://geoconnex.us/cuahsi/his/IEER_at_Wilkes_University/LACK </loc>
		<lastmod> 2022-04-13 04:34:12.784448 </lastmod>
	</url><url>
		<loc> https://geoconnex.us/cuahsi/his/IEER_at_Wilkes_University/LARR </loc>
		<lastmod> 2022-04-13 04:34:12.784464 </lastmod>
	</url><url>
		<loc> https://geoconnex.us/cuahsi/his/IEER_at_Wilkes_University/LCLF0.1 </loc>
		<lastmod> 2022-04-13 04:34:12.784479 </lastmod>
	</url><url>
		<loc> https://geoconnex.us/cuahsi/his/IEER_at_Wilkes_University/LMEHOOP </loc>
		<lastmod> 2022-04-13 04:34:12.784495 </lastmod>
	</url><url>
		<loc> https://geoconnex.us/cuahsi/his/IEER_at_Wilkes_University/LMUN </loc>
		<lastmod> 2022-04-13 04:34:12.784512 </lastmod>
	</url><url>
		<loc> https://geoconnex.us/cuahsi/his/IEER_at_Wilkes_University/Long </loc>
		<lastmod> 2022-04-13 04:34:12.784528 </lastmod>
	</url><url>
		<loc> https://geoconnex.us/cuahsi/his/IEER_at_Wilkes_University/LPIN0.2 </loc>
		<lastmod> 2022-04-13 04:34:12.784544 </lastmod>
	</url><url>
		<loc> https://geoconnex.us/cuahsi/his/IEER_at_Wilkes_University/LYSK5.0 </loc>
		<lastmod> 2022-04-13 04:34:12.784561 </lastmod>
	</url><url>
		<loc> https://geoconnex.us/cuahsi/his/IEER_at_Wilkes_University/MARS </loc>
		<lastmod> 2022-04-13 04:34:12.784577 </lastmod>
	</url><url>
		<loc> https://geoconnex.us/cuahsi/his/IEER_at_Wilkes_University/Marsh_Tioga </loc>
		<lastmod> 2022-04-13 04:34:12.784593 </lastmod>
	</url><url>
		<loc> https://geoconnex.us/cuahsi/his/IEER_at_Wilkes_University/MESH </loc>
		<lastmod> 2022-04-13 04:34:12.784609 </lastmod>
	</url><url>
		<loc> https://geoconnex.us/cuahsi/his/IEER_at_Wilkes_University/Moose </loc>
		<lastmod> 2022-04-13 04:34:12.784625 </lastmod>
	</url><url>
		<loc> https://geoconnex.us/cuahsi/his/IEER_at_Wilkes_University/Nanticoke </loc>
		<lastmod> 2022-04-13 04:34:12.784641 </lastmod>
	</url><url>
		<loc> https://geoconnex.us/cuahsi/his/IEER_at_Wilkes_University/Ninemile </loc>
		<lastmod> 2022-04-13 04:34:12.784657 </lastmod>
	</url><url>
		<loc> https://geoconnex.us/cuahsi/his/IEER_at_Wilkes_University/Pine_Blackwell </loc>
		<lastmod> 2022-04-13 04:34:12.784673 </lastmod>
	</url><url>
		<loc> https://geoconnex.us/cuahsi/his/IEER_at_Wilkes_University/Portage </loc>
		<lastmod> 2022-04-13 04:34:12.784690 </lastmod>
	</url><url>
		<loc> https://geoconnex.us/cuahsi/his/IEER_at_Wilkes_University/Sangerfield </loc>
		<lastmod> 2022-04-13 04:34:12.784706 </lastmod>
	</url><url>
		<loc> https://geoconnex.us/cuahsi/his/IEER_at_Wilkes_University/SBTK </loc>
		<lastmod> 2022-04-13 04:34:12.784722 </lastmod>
	</url><url>
		<loc> https://geoconnex.us/cuahsi/his/IEER_at_Wilkes_University/SING_0.9 </loc>
		<lastmod> 2022-04-13 04:34:12.784738 </lastmod>
	</url><url>
		<loc> https://geoconnex.us/cuahsi/his/IEER_at_Wilkes_University/SNAK </loc>
		<lastmod> 2022-04-13 04:34:12.784754 </lastmod>
	</url><url>
		<loc> https://geoconnex.us/cuahsi/his/IEER_at_Wilkes_University/STAR </loc>
		<lastmod> 2022-04-13 04:34:12.784771 </lastmod>
	</url><url>
		<loc> https://geoconnex.us/cuahsi/his/IEER_at_Wilkes_University/Sugar_Run </loc>
		<lastmod> 2022-04-13 04:34:12.784787 </lastmod>
	</url><url>
		<loc> https://geoconnex.us/cuahsi/his/IEER_at_Wilkes_University/SUGR </loc>
		<lastmod> 2022-04-13 04:34:12.784803 </lastmod>
	</url><url>
		<loc> https://geoconnex.us/cuahsi/his/IEER_at_Wilkes_University/TIOG </loc>
		<lastmod> 2022-04-13 04:34:12.784818 </lastmod>
	</url><url>
		<loc> https://geoconnex.us/cuahsi/his/IEER_at_Wilkes_University/TOMJ </loc>
		<lastmod> 2022-04-13 04:34:12.784835 </lastmod>
	</url><url>
		<loc> https://geoconnex.us/cuahsi/his/IEER_at_Wilkes_University/TROT </loc>
		<lastmod> 2022-04-13 04:34:12.784851 </lastmod>
	</url><url>
		<loc> https://geoconnex.us/cuahsi/his/IEER_at_Wilkes_University/Trout_Brook </loc>
		<lastmod> 2022-04-13 04:34:12.784867 </lastmod>
	</url><url>
		<loc> https://geoconnex.us/cuahsi/his/IEER_at_Wilkes_University/Tuscarora </loc>
		<lastmod> 2022-04-13 04:34:12.784883 </lastmod>
	</url><url>
		<loc> https://geoconnex.us/cuahsi/his/IEER_at_Wilkes_University/Upper_Pine </loc>
		<lastmod> 2022-04-13 04:34:12.784899 </lastmod>
	</url><url>
		<loc> https://geoconnex.us/cuahsi/his/IEER_at_Wilkes_University/WAPP </loc>
		<lastmod> 2022-04-13 04:34:12.784915 </lastmod>
	</url><url>
		<loc> https://geoconnex.us/cuahsi/his/IEER_at_Wilkes_University/WB_SUS </loc>
		<lastmod> 2022-04-13 04:34:12.784931 </lastmod>
	</url><url>
		<loc> https://geoconnex.us/cuahsi/his/IEER_at_Wilkes_University/WEST2.0 </loc>
		<lastmod> 2022-04-13 04:34:12.784947 </lastmod>
	</url><url>
		<loc> https://geoconnex.us/cuahsi/his/IEER_at_Wilkes_University/WPIN </loc>
		<lastmod> 2022-04-13 04:34:12.784963 </lastmod>
	</url><url>
		<loc> https://geoconnex.us/cuahsi/his/IEER_at_Wilkes_University/YGWO4.5 </loc>
		<lastmod> 2022-04-13 04:34:12.784979 </lastmod>
	</url></ns0:urlset>