<ns0:urlset xmlns:ns0="http://www.sitemaps.org/schemas/sitemap/0.9">
<url>
		<loc> https://geoconnex.us/cuahsi/his/NE_WN/1 </loc>
		<lastmod> 2021-11-02 23:37:04.831900 </lastmod>
	</url><url>
		<loc> https://geoconnex.us/cuahsi/his/NE_WN/2 </loc>
		<lastmod> 2021-11-02 23:37:04.831931 </lastmod>
	</url><url>
		<loc> https://geoconnex.us/cuahsi/his/NE_WN/3 </loc>
		<lastmod> 2021-11-02 23:37:04.831951 </lastmod>
	</url><url>
		<loc> https://geoconnex.us/cuahsi/his/NE_WN/4 </loc>
		<lastmod> 2021-11-02 23:37:04.831967 </lastmod>
	</url><url>
		<loc> https://geoconnex.us/cuahsi/his/NE_WN/5 </loc>
		<lastmod> 2021-11-02 23:37:04.831982 </lastmod>
	</url><url>
		<loc> https://geoconnex.us/cuahsi/his/NE_WN/6 </loc>
		<lastmod> 2021-11-02 23:37:04.831996 </lastmod>
	</url><url>
		<loc> https://geoconnex.us/cuahsi/his/NE_WN/7 </loc>
		<lastmod> 2021-11-02 23:37:04.832010 </lastmod>
	</url><url>
		<loc> https://geoconnex.us/cuahsi/his/NE_WN/8 </loc>
		<lastmod> 2021-11-02 23:37:04.832024 </lastmod>
	</url><url>
		<loc> https://geoconnex.us/cuahsi/his/NE_WN/9 </loc>
		<lastmod> 2021-11-02 23:37:04.832038 </lastmod>
	</url><url>
		<loc> https://geoconnex.us/cuahsi/his/NE_WN/10 </loc>
		<lastmod> 2021-11-02 23:37:04.832052 </lastmod>
	</url><url>
		<loc> https://geoconnex.us/cuahsi/his/NE_WN/11 </loc>
		<lastmod> 2021-11-02 23:37:04.832066 </lastmod>
	</url><url>
		<loc> https://geoconnex.us/cuahsi/his/NE_WN/12 </loc>
		<lastmod> 2021-11-02 23:37:04.832080 </lastmod>
	</url><url>
		<loc> https://geoconnex.us/cuahsi/his/NE_WN/13 </loc>
		<lastmod> 2021-11-02 23:37:04.832093 </lastmod>
	</url><url>
		<loc> https://geoconnex.us/cuahsi/his/NE_WN/14 </loc>
		<lastmod> 2021-11-02 23:37:04.832106 </lastmod>
	</url><url>
		<loc> https://geoconnex.us/cuahsi/his/NE_WN/15 </loc>
		<lastmod> 2021-11-02 23:37:04.832120 </lastmod>
	</url><url>
		<loc> https://geoconnex.us/cuahsi/his/NE_WN/16 </loc>
		<lastmod> 2021-11-02 23:37:04.832133 </lastmod>
	</url><url>
		<loc> https://geoconnex.us/cuahsi/his/NE_WN/17 </loc>
		<lastmod> 2021-11-02 23:37:04.832147 </lastmod>
	</url><url>
		<loc> https://geoconnex.us/cuahsi/his/NE_WN/18 </loc>
		<lastmod> 2021-11-02 23:37:04.832161 </lastmod>
	</url></ns0:urlset>