<?xml version='1.0' encoding='utf-8'?>
<ns0:urlset xmlns:ns0="http://www.sitemaps.org/schemas/sitemap/0.9">
<url>
		<loc> https://geoconnex.us/cuahsi/his/CUISO/1 </loc>
		<lastmod> 2023-06-07 18:21:16.601126 </lastmod>
	</url><url>
		<loc> https://geoconnex.us/cuahsi/his/CUISO/2 </loc>
		<lastmod> 2023-06-07 18:21:16.601163 </lastmod>
	</url><url>
		<loc> https://geoconnex.us/cuahsi/his/CUISO/3 </loc>
		<lastmod> 2023-06-07 18:21:16.601189 </lastmod>
	</url><url>
		<loc> https://geoconnex.us/cuahsi/his/CUISO/4 </loc>
		<lastmod> 2023-06-07 18:21:16.601209 </lastmod>
	</url><url>
		<loc> https://geoconnex.us/cuahsi/his/CUISO/5 </loc>
		<lastmod> 2023-06-07 18:21:16.601228 </lastmod>
	</url><url>
		<loc> https://geoconnex.us/cuahsi/his/CUISO/6 </loc>
		<lastmod> 2023-06-07 18:21:16.601247 </lastmod>
	</url><url>
		<loc> https://geoconnex.us/cuahsi/his/CUISO/7 </loc>
		<lastmod> 2023-06-07 18:21:16.601266 </lastmod>
	</url><url>
		<loc> https://geoconnex.us/cuahsi/his/CUISO/8 </loc>
		<lastmod> 2023-06-07 18:21:16.601285 </lastmod>
	</url><url>
		<loc> https://geoconnex.us/cuahsi/his/CUISO/9 </loc>
		<lastmod> 2023-06-07 18:21:16.601303 </lastmod>
	</url></ns0:urlset>