<?xml version='1.0' encoding='utf-8'?>
<ns0:urlset xmlns:ns0="http://www.sitemaps.org/schemas/sitemap/0.9">
<url>
		<loc> https://geoconnex.us/cuahsi/his/YosemiteHydroclimateNetwork/MC1 </loc>
		<lastmod> 2023-05-11 14:48:15.557518 </lastmod>
	</url><url>
		<loc> https://geoconnex.us/cuahsi/his/YosemiteHydroclimateNetwork/BC1 </loc>
		<lastmod> 2023-05-11 14:48:15.557553 </lastmod>
	</url><url>
		<loc> https://geoconnex.us/cuahsi/his/YosemiteHydroclimateNetwork/BC2 </loc>
		<lastmod> 2023-05-11 14:48:15.557574 </lastmod>
	</url><url>
		<loc> https://geoconnex.us/cuahsi/his/YosemiteHydroclimateNetwork/DC1 </loc>
		<lastmod> 2023-05-11 14:48:15.557591 </lastmod>
	</url><url>
		<loc> https://geoconnex.us/cuahsi/his/YosemiteHydroclimateNetwork/LF1 </loc>
		<lastmod> 2023-05-11 14:48:15.557608 </lastmod>
	</url><url>
		<loc> https://geoconnex.us/cuahsi/his/YosemiteHydroclimateNetwork/LF2 </loc>
		<lastmod> 2023-05-11 14:48:15.557624 </lastmod>
	</url><url>
		<loc> https://geoconnex.us/cuahsi/his/YosemiteHydroclimateNetwork/LF3 </loc>
		<lastmod> 2023-05-11 14:48:15.557641 </lastmod>
	</url><url>
		<loc> https://geoconnex.us/cuahsi/his/YosemiteHydroclimateNetwork/DF1 </loc>
		<lastmod> 2023-05-11 14:48:15.557658 </lastmod>
	</url><url>
		<loc> https://geoconnex.us/cuahsi/his/YosemiteHydroclimateNetwork/TR1 </loc>
		<lastmod> 2023-05-11 14:48:15.557674 </lastmod>
	</url><url>
		<loc> https://geoconnex.us/cuahsi/his/YosemiteHydroclimateNetwork/T01 </loc>
		<lastmod> 2023-05-11 14:48:15.557690 </lastmod>
	</url><url>
		<loc> https://geoconnex.us/cuahsi/his/YosemiteHydroclimateNetwork/T02 </loc>
		<lastmod> 2023-05-11 14:48:15.557705 </lastmod>
	</url><url>
		<loc> https://geoconnex.us/cuahsi/his/YosemiteHydroclimateNetwork/TH03 </loc>
		<lastmod> 2023-05-11 14:48:15.557721 </lastmod>
	</url><url>
		<loc> https://geoconnex.us/cuahsi/his/YosemiteHydroclimateNetwork/TH04 </loc>
		<lastmod> 2023-05-11 14:48:15.557737 </lastmod>
	</url><url>
		<loc> https://geoconnex.us/cuahsi/his/YosemiteHydroclimateNetwork/TH08 </loc>
		<lastmod> 2023-05-11 14:48:15.557752 </lastmod>
	</url><url>
		<loc> https://geoconnex.us/cuahsi/his/YosemiteHydroclimateNetwork/TH09 </loc>
		<lastmod> 2023-05-11 14:48:15.557767 </lastmod>
	</url><url>
		<loc> https://geoconnex.us/cuahsi/his/YosemiteHydroclimateNetwork/TH10 </loc>
		<lastmod> 2023-05-11 14:48:15.557783 </lastmod>
	</url><url>
		<loc> https://geoconnex.us/cuahsi/his/YosemiteHydroclimateNetwork/TH11 </loc>
		<lastmod> 2023-05-11 14:48:15.557798 </lastmod>
	</url><url>
		<loc> https://geoconnex.us/cuahsi/his/YosemiteHydroclimateNetwork/TH12 </loc>
		<lastmod> 2023-05-11 14:48:15.557814 </lastmod>
	</url><url>
		<loc> https://geoconnex.us/cuahsi/his/YosemiteHydroclimateNetwork/TH13 </loc>
		<lastmod> 2023-05-11 14:48:15.557829 </lastmod>
	</url><url>
		<loc> https://geoconnex.us/cuahsi/his/YosemiteHydroclimateNetwork/TH14 </loc>
		<lastmod> 2023-05-11 14:48:15.557844 </lastmod>
	</url><url>
		<loc> https://geoconnex.us/cuahsi/his/YosemiteHydroclimateNetwork/TH15 </loc>
		<lastmod> 2023-05-11 14:48:15.557860 </lastmod>
	</url><url>
		<loc> https://geoconnex.us/cuahsi/his/YosemiteHydroclimateNetwork/TH18 </loc>
		<lastmod> 2023-05-11 14:48:15.557875 </lastmod>
	</url><url>
		<loc> https://geoconnex.us/cuahsi/his/YosemiteHydroclimateNetwork/TH19 </loc>
		<lastmod> 2023-05-11 14:48:15.557890 </lastmod>
	</url><url>
		<loc> https://geoconnex.us/cuahsi/his/YosemiteHydroclimateNetwork/TH31 </loc>
		<lastmod> 2023-05-11 14:48:15.557905 </lastmod>
	</url><url>
		<loc> https://geoconnex.us/cuahsi/his/YosemiteHydroclimateNetwork/TH32 </loc>
		<lastmod> 2023-05-11 14:48:15.557920 </lastmod>
	</url><url>
		<loc> https://geoconnex.us/cuahsi/his/YosemiteHydroclimateNetwork/T34 </loc>
		<lastmod> 2023-05-11 14:48:15.557935 </lastmod>
	</url><url>
		<loc> https://geoconnex.us/cuahsi/his/YosemiteHydroclimateNetwork/T36 </loc>
		<lastmod> 2023-05-11 14:48:15.557950 </lastmod>
	</url><url>
		<loc> https://geoconnex.us/cuahsi/his/YosemiteHydroclimateNetwork/T_E2950 </loc>
		<lastmod> 2023-05-11 14:48:15.557965 </lastmod>
	</url><url>
		<loc> https://geoconnex.us/cuahsi/his/YosemiteHydroclimateNetwork/T_E2902 </loc>
		<lastmod> 2023-05-11 14:48:15.557981 </lastmod>
	</url><url>
		<loc> https://geoconnex.us/cuahsi/his/YosemiteHydroclimateNetwork/T_E2772 </loc>
		<lastmod> 2023-05-11 14:48:15.557996 </lastmod>
	</url><url>
		<loc> https://geoconnex.us/cuahsi/his/YosemiteHydroclimateNetwork/TH_E2759 </loc>
		<lastmod> 2023-05-11 14:48:15.558011 </lastmod>
	</url><url>
		<loc> https://geoconnex.us/cuahsi/his/YosemiteHydroclimateNetwork/T_E2610 </loc>
		<lastmod> 2023-05-11 14:48:15.558027 </lastmod>
	</url><url>
		<loc> https://geoconnex.us/cuahsi/his/YosemiteHydroclimateNetwork/TH_E2478 </loc>
		<lastmod> 2023-05-11 14:48:15.558043 </lastmod>
	</url><url>
		<loc> https://geoconnex.us/cuahsi/his/YosemiteHydroclimateNetwork/T_E2374 </loc>
		<lastmod> 2023-05-11 14:48:15.558058 </lastmod>
	</url><url>
		<loc> https://geoconnex.us/cuahsi/his/YosemiteHydroclimateNetwork/T_E2317 </loc>
		<lastmod> 2023-05-11 14:48:15.558073 </lastmod>
	</url><url>
		<loc> https://geoconnex.us/cuahsi/his/YosemiteHydroclimateNetwork/TH_E2255 </loc>
		<lastmod> 2023-05-11 14:48:15.558089 </lastmod>
	</url><url>
		<loc> https://geoconnex.us/cuahsi/his/YosemiteHydroclimateNetwork/T_E2244 </loc>
		<lastmod> 2023-05-11 14:48:15.558104 </lastmod>
	</url><url>
		<loc> https://geoconnex.us/cuahsi/his/YosemiteHydroclimateNetwork/T_E2119 </loc>
		<lastmod> 2023-05-11 14:48:15.558120 </lastmod>
	</url><url>
		<loc> https://geoconnex.us/cuahsi/his/YosemiteHydroclimateNetwork/TH_W2495 </loc>
		<lastmod> 2023-05-11 14:48:15.558136 </lastmod>
	</url><url>
		<loc> https://geoconnex.us/cuahsi/his/YosemiteHydroclimateNetwork/TH_W2487 </loc>
		<lastmod> 2023-05-11 14:48:15.558151 </lastmod>
	</url><url>
		<loc> https://geoconnex.us/cuahsi/his/YosemiteHydroclimateNetwork/TH_W2438 </loc>
		<lastmod> 2023-05-11 14:48:15.558166 </lastmod>
	</url><url>
		<loc> https://geoconnex.us/cuahsi/his/YosemiteHydroclimateNetwork/TH_W2395 </loc>
		<lastmod> 2023-05-11 14:48:15.558181 </lastmod>
	</url><url>
		<loc> https://geoconnex.us/cuahsi/his/YosemiteHydroclimateNetwork/TH_W2210 </loc>
		<lastmod> 2023-05-11 14:48:15.558196 </lastmod>
	</url><url>
		<loc> https://geoconnex.us/cuahsi/his/YosemiteHydroclimateNetwork/TH_W1880 </loc>
		<lastmod> 2023-05-11 14:48:15.558212 </lastmod>
	</url><url>
		<loc> https://geoconnex.us/cuahsi/his/YosemiteHydroclimateNetwork/TH_W1714 </loc>
		<lastmod> 2023-05-11 14:48:15.558227 </lastmod>
	</url><url>
		<loc> https://geoconnex.us/cuahsi/his/YosemiteHydroclimateNetwork/TH_W1397 </loc>
		<lastmod> 2023-05-11 14:48:15.558243 </lastmod>
	</url><url>
		<loc> https://geoconnex.us/cuahsi/his/YosemiteHydroclimateNetwork/TES </loc>
		<lastmod> 2023-05-11 14:48:15.558258 </lastmod>
	</url><url>
		<loc> https://geoconnex.us/cuahsi/his/YosemiteHydroclimateNetwork/DAN </loc>
		<lastmod> 2023-05-11 14:48:15.558274 </lastmod>
	</url><url>
		<loc> https://geoconnex.us/cuahsi/his/YosemiteHydroclimateNetwork/SLI </loc>
		<lastmod> 2023-05-11 14:48:15.558290 </lastmod>
	</url><url>
		<loc> https://geoconnex.us/cuahsi/his/YosemiteHydroclimateNetwork/TUM </loc>
		<lastmod> 2023-05-11 14:48:15.558306 </lastmod>
	</url><url>
		<loc> https://geoconnex.us/cuahsi/his/YosemiteHydroclimateNetwork/HRS </loc>
		<lastmod> 2023-05-11 14:48:15.558321 </lastmod>
	</url><url>
		<loc> https://geoconnex.us/cuahsi/his/YosemiteHydroclimateNetwork/PDS </loc>
		<lastmod> 2023-05-11 14:48:15.558336 </lastmod>
	</url><url>
		<loc> https://geoconnex.us/cuahsi/his/YosemiteHydroclimateNetwork/KIB </loc>
		<lastmod> 2023-05-11 14:48:15.558351 </lastmod>
	</url><url>
		<loc> https://geoconnex.us/cuahsi/his/YosemiteHydroclimateNetwork/STR </loc>
		<lastmod> 2023-05-11 14:48:15.558366 </lastmod>
	</url><url>
		<loc> https://geoconnex.us/cuahsi/his/YosemiteHydroclimateNetwork/TNY </loc>
		<lastmod> 2023-05-11 14:48:15.558381 </lastmod>
	</url><url>
		<loc> https://geoconnex.us/cuahsi/his/YosemiteHydroclimateNetwork/GIN </loc>
		<lastmod> 2023-05-11 14:48:15.558397 </lastmod>
	</url><url>
		<loc> https://geoconnex.us/cuahsi/his/YosemiteHydroclimateNetwork/VRG </loc>
		<lastmod> 2023-05-11 14:48:15.558413 </lastmod>
	</url><url>
		<loc> https://geoconnex.us/cuahsi/his/YosemiteHydroclimateNetwork/40943 </loc>
		<lastmod> 2023-05-11 14:48:15.558428 </lastmod>
	</url><url>
		<loc> https://geoconnex.us/cuahsi/his/YosemiteHydroclimateNetwork/41072 </loc>
		<lastmod> 2023-05-11 14:48:15.558444 </lastmod>
	</url><url>
		<loc> https://geoconnex.us/cuahsi/his/YosemiteHydroclimateNetwork/41697 </loc>
		<lastmod> 2023-05-11 14:48:15.558459 </lastmod>
	</url><url>
		<loc> https://geoconnex.us/cuahsi/his/YosemiteHydroclimateNetwork/43939 </loc>
		<lastmod> 2023-05-11 14:48:15.558474 </lastmod>
	</url><url>
		<loc> https://geoconnex.us/cuahsi/his/YosemiteHydroclimateNetwork/44881 </loc>
		<lastmod> 2023-05-11 14:48:15.558489 </lastmod>
	</url><url>
		<loc> https://geoconnex.us/cuahsi/his/YosemiteHydroclimateNetwork/45280 </loc>
		<lastmod> 2023-05-11 14:48:15.558505 </lastmod>
	</url><url>
		<loc> https://geoconnex.us/cuahsi/his/YosemiteHydroclimateNetwork/45400 </loc>
		<lastmod> 2023-05-11 14:48:15.558520 </lastmod>
	</url><url>
		<loc> https://geoconnex.us/cuahsi/his/YosemiteHydroclimateNetwork/48380 </loc>
		<lastmod> 2023-05-11 14:48:15.558535 </lastmod>
	</url><url>
		<loc> https://geoconnex.us/cuahsi/his/YosemiteHydroclimateNetwork/49855 </loc>
		<lastmod> 2023-05-11 14:48:15.558550 </lastmod>
	</url><url>
		<loc> https://geoconnex.us/cuahsi/his/YosemiteHydroclimateNetwork/R58 </loc>
		<lastmod> 2023-05-11 14:48:15.558565 </lastmod>
	</url><url>
		<loc> https://geoconnex.us/cuahsi/his/YosemiteHydroclimateNetwork/R59 </loc>
		<lastmod> 2023-05-11 14:48:15.558581 </lastmod>
	</url><url>
		<loc> https://geoconnex.us/cuahsi/his/YosemiteHydroclimateNetwork/R60 </loc>
		<lastmod> 2023-05-11 14:48:15.558596 </lastmod>
	</url><url>
		<loc> https://geoconnex.us/cuahsi/his/YosemiteHydroclimateNetwork/R61 </loc>
		<lastmod> 2023-05-11 14:48:15.558611 </lastmod>
	</url><url>
		<loc> https://geoconnex.us/cuahsi/his/YosemiteHydroclimateNetwork/R62 </loc>
		<lastmod> 2023-05-11 14:48:15.558626 </lastmod>
	</url><url>
		<loc> https://geoconnex.us/cuahsi/his/YosemiteHydroclimateNetwork/B01 </loc>
		<lastmod> 2023-05-11 14:48:15.558641 </lastmod>
	</url><url>
		<loc> https://geoconnex.us/cuahsi/his/YosemiteHydroclimateNetwork/B02 </loc>
		<lastmod> 2023-05-11 14:48:15.558656 </lastmod>
	</url><url>
		<loc> https://geoconnex.us/cuahsi/his/YosemiteHydroclimateNetwork/B03 </loc>
		<lastmod> 2023-05-11 14:48:15.558672 </lastmod>
	</url><url>
		<loc> https://geoconnex.us/cuahsi/his/YosemiteHydroclimateNetwork/B04 </loc>
		<lastmod> 2023-05-11 14:48:15.558687 </lastmod>
	</url><url>
		<loc> https://geoconnex.us/cuahsi/his/YosemiteHydroclimateNetwork/B06 </loc>
		<lastmod> 2023-05-11 14:48:15.558703 </lastmod>
	</url><url>
		<loc> https://geoconnex.us/cuahsi/his/YosemiteHydroclimateNetwork/Bre </loc>
		<lastmod> 2023-05-11 14:48:15.558718 </lastmod>
	</url><url>
		<loc> https://geoconnex.us/cuahsi/his/YosemiteHydroclimateNetwork/TH_E2902 </loc>
		<lastmod> 2023-05-11 14:48:15.558733 </lastmod>
	</url><url>
		<loc> https://geoconnex.us/cuahsi/his/YosemiteHydroclimateNetwork/DF2 </loc>
		<lastmod> 2023-05-11 14:48:15.558749 </lastmod>
	</url><url>
		<loc> https://geoconnex.us/cuahsi/his/YosemiteHydroclimateNetwork/HH1 </loc>
		<lastmod> 2023-05-11 14:48:15.558765 </lastmod>
	</url><url>
		<loc> https://geoconnex.us/cuahsi/his/YosemiteHydroclimateNetwork/AF01 </loc>
		<lastmod> 2023-05-11 14:48:15.558781 </lastmod>
	</url></ns0:urlset>