<ns0:urlset xmlns:ns0="http://www.sitemaps.org/schemas/sitemap/0.9">
<url>
		<loc> https://geoconnex.us/cuahsi/his/TRWA/AMES </loc>
		<lastmod> 2021-11-03 19:36:51.754737 </lastmod>
	</url><url>
		<loc> https://geoconnex.us/cuahsi/his/TRWA/ASO-02 </loc>
		<lastmod> 2021-11-03 19:36:51.754779 </lastmod>
	</url><url>
		<loc> https://geoconnex.us/cuahsi/his/TRWA/ASO-03 </loc>
		<lastmod> 2021-11-03 19:36:51.754808 </lastmod>
	</url><url>
		<loc> https://geoconnex.us/cuahsi/his/TRWA/BED-01-TNT-03 </loc>
		<lastmod> 2021-11-03 19:36:51.754831 </lastmod>
	</url><url>
		<loc> https://geoconnex.us/cuahsi/his/TRWA/BER-T </loc>
		<lastmod> 2021-11-03 19:36:51.754854 </lastmod>
	</url><url>
		<loc> https://geoconnex.us/cuahsi/his/TRWA/CASTLE </loc>
		<lastmod> 2021-11-03 19:36:51.754876 </lastmod>
	</url><url>
		<loc> https://geoconnex.us/cuahsi/his/TRWA/CHE-01-TNT-04 </loc>
		<lastmod> 2021-11-03 19:36:51.754897 </lastmod>
	</url><url>
		<loc> https://geoconnex.us/cuahsi/his/TRWA/COB-000 </loc>
		<lastmod> 2021-11-03 19:36:51.754917 </lastmod>
	</url><url>
		<loc> https://geoconnex.us/cuahsi/his/TRWA/COB-013 </loc>
		<lastmod> 2021-11-03 19:36:51.754937 </lastmod>
	</url><url>
		<loc> https://geoconnex.us/cuahsi/his/TRWA/COT-01 </loc>
		<lastmod> 2021-11-03 19:36:51.755002 </lastmod>
	</url><url>
		<loc> https://geoconnex.us/cuahsi/his/TRWA/COT-004 </loc>
		<lastmod> 2021-11-03 19:36:51.755031 </lastmod>
	</url><url>
		<loc> https://geoconnex.us/cuahsi/his/TRWA/FBR-01 </loc>
		<lastmod> 2021-11-03 19:36:51.755066 </lastmod>
	</url><url>
		<loc> https://geoconnex.us/cuahsi/his/TRWA/FORGE </loc>
		<lastmod> 2021-11-03 19:36:51.755086 </lastmod>
	</url><url>
		<loc> https://geoconnex.us/cuahsi/his/TRWA/LZ </loc>
		<lastmod> 2021-11-03 19:36:51.755106 </lastmod>
	</url><url>
		<loc> https://geoconnex.us/cuahsi/his/TRWA/MAT-01 </loc>
		<lastmod> 2021-11-03 19:36:51.755126 </lastmod>
	</url><url>
		<loc> https://geoconnex.us/cuahsi/his/TRWA/MIL-000 </loc>
		<lastmod> 2021-11-03 19:36:51.755146 </lastmod>
	</url><url>
		<loc> https://geoconnex.us/cuahsi/his/TRWA/MIL-014 </loc>
		<lastmod> 2021-11-03 19:36:51.755166 </lastmod>
	</url><url>
		<loc> https://geoconnex.us/cuahsi/his/TRWA/MIL-03 </loc>
		<lastmod> 2021-11-03 19:36:51.755185 </lastmod>
	</url><url>
		<loc> https://geoconnex.us/cuahsi/his/TRWA/NMK-023 </loc>
		<lastmod> 2021-11-03 19:36:51.755221 </lastmod>
	</url><url>
		<loc> https://geoconnex.us/cuahsi/his/TRWA/NMK-041 </loc>
		<lastmod> 2021-11-03 19:36:51.755239 </lastmod>
	</url><url>
		<loc> https://geoconnex.us/cuahsi/his/TRWA/PCO </loc>
		<lastmod> 2021-11-03 19:36:51.755256 </lastmod>
	</url><url>
		<loc> https://geoconnex.us/cuahsi/his/TRWA/QBR </loc>
		<lastmod> 2021-11-03 19:36:51.755274 </lastmod>
	</url><url>
		<loc> https://geoconnex.us/cuahsi/his/TRWA/SEG </loc>
		<lastmod> 2021-11-03 19:36:51.755292 </lastmod>
	</url><url>
		<loc> https://geoconnex.us/cuahsi/his/TRWA/SNK-005 </loc>
		<lastmod> 2021-11-03 19:36:51.755322 </lastmod>
	</url><url>
		<loc> https://geoconnex.us/cuahsi/his/TRWA/TBR-01 </loc>
		<lastmod> 2021-11-03 19:36:51.755352 </lastmod>
	</url><url>
		<loc> https://geoconnex.us/cuahsi/his/TRWA/TMR-004 </loc>
		<lastmod> 2021-11-03 19:36:51.755372 </lastmod>
	</url><url>
		<loc> https://geoconnex.us/cuahsi/his/TRWA/TMR-03 </loc>
		<lastmod> 2021-11-03 19:36:51.755391 </lastmod>
	</url><url>
		<loc> https://geoconnex.us/cuahsi/his/TRWA/TMR-034 </loc>
		<lastmod> 2021-11-03 19:36:51.755410 </lastmod>
	</url><url>
		<loc> https://geoconnex.us/cuahsi/his/TRWA/TNT-000 </loc>
		<lastmod> 2021-11-03 19:36:51.755441 </lastmod>
	</url><url>
		<loc> https://geoconnex.us/cuahsi/his/TRWA/TNT-043 </loc>
		<lastmod> 2021-11-03 19:36:51.755461 </lastmod>
	</url><url>
		<loc> https://geoconnex.us/cuahsi/his/TRWA/TNT-050 </loc>
		<lastmod> 2021-11-03 19:36:51.755481 </lastmod>
	</url><url>
		<loc> https://geoconnex.us/cuahsi/his/TRWA/TNT-113 </loc>
		<lastmod> 2021-11-03 19:36:51.755501 </lastmod>
	</url><url>
		<loc> https://geoconnex.us/cuahsi/his/TRWA/TNT-158 </loc>
		<lastmod> 2021-11-03 19:36:51.755521 </lastmod>
	</url><url>
		<loc> https://geoconnex.us/cuahsi/his/TRWA/TWH-01 </loc>
		<lastmod> 2021-11-03 19:36:51.755541 </lastmod>
	</url><url>
		<loc> https://geoconnex.us/cuahsi/his/TRWA/TWN-01 </loc>
		<lastmod> 2021-11-03 19:36:51.755561 </lastmod>
	</url><url>
		<loc> https://geoconnex.us/cuahsi/his/TRWA/WAD-01 </loc>
		<lastmod> 2021-11-03 19:36:51.755581 </lastmod>
	</url><url>
		<loc> https://geoconnex.us/cuahsi/his/TRWA/WAD-02 </loc>
		<lastmod> 2021-11-03 19:36:51.755601 </lastmod>
	</url></ns0:urlset>