<?xml version='1.0' encoding='utf-8'?>
<ns0:urlset xmlns:ns0="http://www.sitemaps.org/schemas/sitemap/0.9">
<url>
		<loc> https://geoconnex.us/cuahsi/his/MWRA/36 </loc>
		<lastmod> 2023-05-03 15:38:22.798634 </lastmod>
	</url><url>
		<loc> https://geoconnex.us/cuahsi/his/MWRA/48 </loc>
		<lastmod> 2023-05-03 15:38:22.798675 </lastmod>
	</url><url>
		<loc> https://geoconnex.us/cuahsi/his/MWRA/38 </loc>
		<lastmod> 2023-05-03 15:38:22.798701 </lastmod>
	</url><url>
		<loc> https://geoconnex.us/cuahsi/his/MWRA/54 </loc>
		<lastmod> 2023-05-03 15:38:22.798720 </lastmod>
	</url><url>
		<loc> https://geoconnex.us/cuahsi/his/MWRA/42 </loc>
		<lastmod> 2023-05-03 15:38:22.798739 </lastmod>
	</url><url>
		<loc> https://geoconnex.us/cuahsi/his/MWRA/41 </loc>
		<lastmod> 2023-05-03 15:38:22.798756 </lastmod>
	</url><url>
		<loc> https://geoconnex.us/cuahsi/his/MWRA/40 </loc>
		<lastmod> 2023-05-03 15:38:22.798776 </lastmod>
	</url><url>
		<loc> https://geoconnex.us/cuahsi/his/MWRA/39 </loc>
		<lastmod> 2023-05-03 15:38:22.798794 </lastmod>
	</url><url>
		<loc> https://geoconnex.us/cuahsi/his/MWRA/33 </loc>
		<lastmod> 2023-05-03 15:38:22.798812 </lastmod>
	</url><url>
		<loc> https://geoconnex.us/cuahsi/his/MWRA/14 </loc>
		<lastmod> 2023-05-03 15:38:22.798829 </lastmod>
	</url><url>
		<loc> https://geoconnex.us/cuahsi/his/MWRA/15 </loc>
		<lastmod> 2023-05-03 15:38:22.798847 </lastmod>
	</url><url>
		<loc> https://geoconnex.us/cuahsi/his/MWRA/19 </loc>
		<lastmod> 2023-05-03 15:38:22.798864 </lastmod>
	</url><url>
		<loc> https://geoconnex.us/cuahsi/his/MWRA/22 </loc>
		<lastmod> 2023-05-03 15:38:22.798881 </lastmod>
	</url><url>
		<loc> https://geoconnex.us/cuahsi/his/MWRA/24 </loc>
		<lastmod> 2023-05-03 15:38:22.798898 </lastmod>
	</url><url>
		<loc> https://geoconnex.us/cuahsi/his/MWRA/44 </loc>
		<lastmod> 2023-05-03 15:38:22.798915 </lastmod>
	</url><url>
		<loc> https://geoconnex.us/cuahsi/his/MWRA/47 </loc>
		<lastmod> 2023-05-03 15:38:22.798932 </lastmod>
	</url><url>
		<loc> https://geoconnex.us/cuahsi/his/MWRA/50 </loc>
		<lastmod> 2023-05-03 15:38:22.798949 </lastmod>
	</url><url>
		<loc> https://geoconnex.us/cuahsi/his/MWRA/18 </loc>
		<lastmod> 2023-05-03 15:38:22.798967 </lastmod>
	</url><url>
		<loc> https://geoconnex.us/cuahsi/his/MWRA/65 </loc>
		<lastmod> 2023-05-03 15:38:22.798984 </lastmod>
	</url><url>
		<loc> https://geoconnex.us/cuahsi/his/MWRA/27 </loc>
		<lastmod> 2023-05-03 15:38:22.799001 </lastmod>
	</url><url>
		<loc> https://geoconnex.us/cuahsi/his/MWRA/52 </loc>
		<lastmod> 2023-05-03 15:38:22.799018 </lastmod>
	</url><url>
		<loc> https://geoconnex.us/cuahsi/his/MWRA/69 </loc>
		<lastmod> 2023-05-03 15:38:22.799035 </lastmod>
	</url><url>
		<loc> https://geoconnex.us/cuahsi/his/MWRA/75 </loc>
		<lastmod> 2023-05-03 15:38:22.799051 </lastmod>
	</url><url>
		<loc> https://geoconnex.us/cuahsi/his/MWRA/77 </loc>
		<lastmod> 2023-05-03 15:38:22.799068 </lastmod>
	</url><url>
		<loc> https://geoconnex.us/cuahsi/his/MWRA/79 </loc>
		<lastmod> 2023-05-03 15:38:22.799085 </lastmod>
	</url><url>
		<loc> https://geoconnex.us/cuahsi/his/MWRA/80 </loc>
		<lastmod> 2023-05-03 15:38:22.799102 </lastmod>
	</url><url>
		<loc> https://geoconnex.us/cuahsi/his/MWRA/81 </loc>
		<lastmod> 2023-05-03 15:38:22.799119 </lastmod>
	</url><url>
		<loc> https://geoconnex.us/cuahsi/his/MWRA/82 </loc>
		<lastmod> 2023-05-03 15:38:22.799136 </lastmod>
	</url><url>
		<loc> https://geoconnex.us/cuahsi/his/MWRA/84 </loc>
		<lastmod> 2023-05-03 15:38:22.799153 </lastmod>
	</url><url>
		<loc> https://geoconnex.us/cuahsi/his/MWRA/89 </loc>
		<lastmod> 2023-05-03 15:38:22.799170 </lastmod>
	</url><url>
		<loc> https://geoconnex.us/cuahsi/his/MWRA/105 </loc>
		<lastmod> 2023-05-03 15:38:22.799188 </lastmod>
	</url><url>
		<loc> https://geoconnex.us/cuahsi/his/MWRA/106 </loc>
		<lastmod> 2023-05-03 15:38:22.799205 </lastmod>
	</url><url>
		<loc> https://geoconnex.us/cuahsi/his/MWRA/117 </loc>
		<lastmod> 2023-05-03 15:38:22.799223 </lastmod>
	</url><url>
		<loc> https://geoconnex.us/cuahsi/his/MWRA/118 </loc>
		<lastmod> 2023-05-03 15:38:22.799239 </lastmod>
	</url><url>
		<loc> https://geoconnex.us/cuahsi/his/MWRA/124 </loc>
		<lastmod> 2023-05-03 15:38:22.799256 </lastmod>
	</url><url>
		<loc> https://geoconnex.us/cuahsi/his/MWRA/138 </loc>
		<lastmod> 2023-05-03 15:38:22.799274 </lastmod>
	</url><url>
		<loc> https://geoconnex.us/cuahsi/his/MWRA/140 </loc>
		<lastmod> 2023-05-03 15:38:22.799291 </lastmod>
	</url><url>
		<loc> https://geoconnex.us/cuahsi/his/MWRA/139 </loc>
		<lastmod> 2023-05-03 15:38:22.799308 </lastmod>
	</url><url>
		<loc> https://geoconnex.us/cuahsi/his/MWRA/141 </loc>
		<lastmod> 2023-05-03 15:38:22.799325 </lastmod>
	</url><url>
		<loc> https://geoconnex.us/cuahsi/his/MWRA/142 </loc>
		<lastmod> 2023-05-03 15:38:22.799342 </lastmod>
	</url><url>
		<loc> https://geoconnex.us/cuahsi/his/MWRA/137 </loc>
		<lastmod> 2023-05-03 15:38:22.799359 </lastmod>
	</url><url>
		<loc> https://geoconnex.us/cuahsi/his/MWRA/129 </loc>
		<lastmod> 2023-05-03 15:38:22.799376 </lastmod>
	</url><url>
		<loc> https://geoconnex.us/cuahsi/his/MWRA/130 </loc>
		<lastmod> 2023-05-03 15:38:22.799393 </lastmod>
	</url><url>
		<loc> https://geoconnex.us/cuahsi/his/MWRA/154 </loc>
		<lastmod> 2023-05-03 15:38:22.799410 </lastmod>
	</url><url>
		<loc> https://geoconnex.us/cuahsi/his/MWRA/178 </loc>
		<lastmod> 2023-05-03 15:38:22.799427 </lastmod>
	</url><url>
		<loc> https://geoconnex.us/cuahsi/his/MWRA/55 </loc>
		<lastmod> 2023-05-03 15:38:22.799444 </lastmod>
	</url><url>
		<loc> https://geoconnex.us/cuahsi/his/MWRA/1 </loc>
		<lastmod> 2023-05-03 15:38:22.799461 </lastmod>
	</url><url>
		<loc> https://geoconnex.us/cuahsi/his/MWRA/11 </loc>
		<lastmod> 2023-05-03 15:38:22.799478 </lastmod>
	</url><url>
		<loc> https://geoconnex.us/cuahsi/his/MWRA/10 </loc>
		<lastmod> 2023-05-03 15:38:22.799496 </lastmod>
	</url><url>
		<loc> https://geoconnex.us/cuahsi/his/MWRA/9 </loc>
		<lastmod> 2023-05-03 15:38:22.799513 </lastmod>
	</url><url>
		<loc> https://geoconnex.us/cuahsi/his/MWRA/8 </loc>
		<lastmod> 2023-05-03 15:38:22.799530 </lastmod>
	</url><url>
		<loc> https://geoconnex.us/cuahsi/his/MWRA/2 </loc>
		<lastmod> 2023-05-03 15:38:22.799547 </lastmod>
	</url><url>
		<loc> https://geoconnex.us/cuahsi/his/MWRA/7 </loc>
		<lastmod> 2023-05-03 15:38:22.799563 </lastmod>
	</url><url>
		<loc> https://geoconnex.us/cuahsi/his/MWRA/6 </loc>
		<lastmod> 2023-05-03 15:38:22.799580 </lastmod>
	</url><url>
		<loc> https://geoconnex.us/cuahsi/his/MWRA/5 </loc>
		<lastmod> 2023-05-03 15:38:22.799597 </lastmod>
	</url><url>
		<loc> https://geoconnex.us/cuahsi/his/MWRA/4 </loc>
		<lastmod> 2023-05-03 15:38:22.799614 </lastmod>
	</url><url>
		<loc> https://geoconnex.us/cuahsi/his/MWRA/3 </loc>
		<lastmod> 2023-05-03 15:38:22.799631 </lastmod>
	</url><url>
		<loc> https://geoconnex.us/cuahsi/his/MWRA/12 </loc>
		<lastmod> 2023-05-03 15:38:22.799648 </lastmod>
	</url><url>
		<loc> https://geoconnex.us/cuahsi/his/MWRA/144 </loc>
		<lastmod> 2023-05-03 15:38:22.799665 </lastmod>
	</url><url>
		<loc> https://geoconnex.us/cuahsi/his/MWRA/166 </loc>
		<lastmod> 2023-05-03 15:38:22.799682 </lastmod>
	</url><url>
		<loc> https://geoconnex.us/cuahsi/his/MWRA/70 </loc>
		<lastmod> 2023-05-03 15:38:22.799699 </lastmod>
	</url><url>
		<loc> https://geoconnex.us/cuahsi/his/MWRA/57 </loc>
		<lastmod> 2023-05-03 15:38:22.799716 </lastmod>
	</url><url>
		<loc> https://geoconnex.us/cuahsi/his/MWRA/56 </loc>
		<lastmod> 2023-05-03 15:38:22.799733 </lastmod>
	</url><url>
		<loc> https://geoconnex.us/cuahsi/his/MWRA/66 </loc>
		<lastmod> 2023-05-03 15:38:22.799750 </lastmod>
	</url><url>
		<loc> https://geoconnex.us/cuahsi/his/MWRA/67 </loc>
		<lastmod> 2023-05-03 15:38:22.799767 </lastmod>
	</url><url>
		<loc> https://geoconnex.us/cuahsi/his/MWRA/74 </loc>
		<lastmod> 2023-05-03 15:38:22.799784 </lastmod>
	</url><url>
		<loc> https://geoconnex.us/cuahsi/his/MWRA/83 </loc>
		<lastmod> 2023-05-03 15:38:22.799801 </lastmod>
	</url><url>
		<loc> https://geoconnex.us/cuahsi/his/MWRA/167 </loc>
		<lastmod> 2023-05-03 15:38:22.799818 </lastmod>
	</url><url>
		<loc> https://geoconnex.us/cuahsi/his/MWRA/172 </loc>
		<lastmod> 2023-05-03 15:38:22.799835 </lastmod>
	</url><url>
		<loc> https://geoconnex.us/cuahsi/his/MWRA/174 </loc>
		<lastmod> 2023-05-03 15:38:22.799852 </lastmod>
	</url><url>
		<loc> https://geoconnex.us/cuahsi/his/MWRA/176 </loc>
		<lastmod> 2023-05-03 15:38:22.799868 </lastmod>
	</url><url>
		<loc> https://geoconnex.us/cuahsi/his/MWRA/59 </loc>
		<lastmod> 2023-05-03 15:38:22.799885 </lastmod>
	</url><url>
		<loc> https://geoconnex.us/cuahsi/his/MWRA/145 </loc>
		<lastmod> 2023-05-03 15:38:22.799902 </lastmod>
	</url><url>
		<loc> https://geoconnex.us/cuahsi/his/MWRA/177 </loc>
		<lastmod> 2023-05-03 15:38:22.799920 </lastmod>
	</url><url>
		<loc> https://geoconnex.us/cuahsi/his/MWRA/180 </loc>
		<lastmod> 2023-05-03 15:38:22.799938 </lastmod>
	</url><url>
		<loc> https://geoconnex.us/cuahsi/his/MWRA/181 </loc>
		<lastmod> 2023-05-03 15:38:22.799955 </lastmod>
	</url><url>
		<loc> https://geoconnex.us/cuahsi/his/MWRA/182 </loc>
		<lastmod> 2023-05-03 15:38:22.799972 </lastmod>
	</url><url>
		<loc> https://geoconnex.us/cuahsi/his/MWRA/183 </loc>
		<lastmod> 2023-05-03 15:38:22.799989 </lastmod>
	</url></ns0:urlset>