<?xml version='1.0' encoding='utf-8'?>
<ns0:urlset xmlns:ns0="http://www.sitemaps.org/schemas/sitemap/0.9">
<url>
		<loc> https://geoconnex.us/cuahsi/his/SCAN/2057_AL_SCAN </loc>
		<lastmod> 2022-05-19 19:55:30.636601 </lastmod>
	</url><url>
		<loc> https://geoconnex.us/cuahsi/his/SCAN/2092_KS_SCAN </loc>
		<lastmod> 2022-05-19 19:55:30.636645 </lastmod>
	</url><url>
		<loc> https://geoconnex.us/cuahsi/his/SCAN/2015_NM_SCAN </loc>
		<lastmod> 2022-05-19 19:55:30.636668 </lastmod>
	</url><url>
		<loc> https://geoconnex.us/cuahsi/his/SCAN/2172_NM_SCAN </loc>
		<lastmod> 2022-05-19 19:55:30.636687 </lastmod>
	</url><url>
		<loc> https://geoconnex.us/cuahsi/his/SCAN/2138_UT_SCAN </loc>
		<lastmod> 2022-05-19 19:55:30.636705 </lastmod>
	</url><url>
		<loc> https://geoconnex.us/cuahsi/his/SCAN/2076_TN_SCAN </loc>
		<lastmod> 2022-05-19 19:55:30.636722 </lastmod>
	</url><url>
		<loc> https://geoconnex.us/cuahsi/his/SCAN/2031_IA_SCAN </loc>
		<lastmod> 2022-05-19 19:55:30.636741 </lastmod>
	</url><url>
		<loc> https://geoconnex.us/cuahsi/his/SCAN/2065_AK_SCAN </loc>
		<lastmod> 2022-05-19 19:55:30.636759 </lastmod>
	</url><url>
		<loc> https://geoconnex.us/cuahsi/his/SCAN/2214_CA_SCAN </loc>
		<lastmod> 2022-05-19 19:55:30.636776 </lastmod>
	</url><url>
		<loc> https://geoconnex.us/cuahsi/his/SCAN/2032_MS_SCAN </loc>
		<lastmod> 2022-05-19 19:55:30.636793 </lastmod>
	</url><url>
		<loc> https://geoconnex.us/cuahsi/his/SCAN/2207_TX_SCAN </loc>
		<lastmod> 2022-05-19 19:55:30.636810 </lastmod>
	</url><url>
		<loc> https://geoconnex.us/cuahsi/his/SCAN/2135_UT_SCAN </loc>
		<lastmod> 2022-05-19 19:55:30.636826 </lastmod>
	</url><url>
		<loc> https://geoconnex.us/cuahsi/his/SCAN/2215_CA_SCAN </loc>
		<lastmod> 2022-05-19 19:55:30.636843 </lastmod>
	</url><url>
		<loc> https://geoconnex.us/cuahsi/his/SCAN/2067_PR_SCAN </loc>
		<lastmod> 2022-05-19 19:55:30.636859 </lastmod>
	</url><url>
		<loc> https://geoconnex.us/cuahsi/his/SCAN/2078_AL_SCAN </loc>
		<lastmod> 2022-05-19 19:55:30.636875 </lastmod>
	</url><url>
		<loc> https://geoconnex.us/cuahsi/his/SCAN/2177_AL_SCAN </loc>
		<lastmod> 2022-05-19 19:55:30.636891 </lastmod>
	</url><url>
		<loc> https://geoconnex.us/cuahsi/his/SCAN/2216_NV_SCAN </loc>
		<lastmod> 2022-05-19 19:55:30.636907 </lastmod>
	</url><url>
		<loc> https://geoconnex.us/cuahsi/his/SCAN/2151_UT_SCAN </loc>
		<lastmod> 2022-05-19 19:55:30.636923 </lastmod>
	</url><url>
		<loc> https://geoconnex.us/cuahsi/his/SCAN/2224_MO_SCAN </loc>
		<lastmod> 2022-05-19 19:55:30.636939 </lastmod>
	</url><url>
		<loc> https://geoconnex.us/cuahsi/his/SCAN/2006_TX_SCAN </loc>
		<lastmod> 2022-05-19 19:55:30.636955 </lastmod>
	</url><url>
		<loc> https://geoconnex.us/cuahsi/his/SCAN/2136_UT_SCAN </loc>
		<lastmod> 2022-05-19 19:55:30.636971 </lastmod>
	</url><url>
		<loc> https://geoconnex.us/cuahsi/his/SCAN/1232_AK_SCAN </loc>
		<lastmod> 2022-05-19 19:55:30.636987 </lastmod>
	</url><url>
		<loc> https://geoconnex.us/cuahsi/his/SCAN/2223_MO_SCAN </loc>
		<lastmod> 2022-05-19 19:55:30.637003 </lastmod>
	</url><url>
		<loc> https://geoconnex.us/cuahsi/his/SCAN/2161_UT_SCAN </loc>
		<lastmod> 2022-05-19 19:55:30.637020 </lastmod>
	</url><url>
		<loc> https://geoconnex.us/cuahsi/his/SCAN/2094_KS_SCAN </loc>
		<lastmod> 2022-05-19 19:55:30.637036 </lastmod>
	</url><url>
		<loc> https://geoconnex.us/cuahsi/his/SCAN/2145_NV_SCAN </loc>
		<lastmod> 2022-05-19 19:55:30.637052 </lastmod>
	</url><url>
		<loc> https://geoconnex.us/cuahsi/his/SCAN/2213_AK_SCAN </loc>
		<lastmod> 2022-05-19 19:55:30.637068 </lastmod>
	</url><url>
		<loc> https://geoconnex.us/cuahsi/his/SCAN/2150_UT_SCAN </loc>
		<lastmod> 2022-05-19 19:55:30.637085 </lastmod>
	</url><url>
		<loc> https://geoconnex.us/cuahsi/his/SCAN/2124_VI_SCAN </loc>
		<lastmod> 2022-05-19 19:55:30.637101 </lastmod>
	</url><url>
		<loc> https://geoconnex.us/cuahsi/his/SCAN/2125_UT_SCAN </loc>
		<lastmod> 2022-05-19 19:55:30.637180 </lastmod>
	</url><url>
		<loc> https://geoconnex.us/cuahsi/his/SCAN/2195_MO_SCAN </loc>
		<lastmod> 2022-05-19 19:55:30.637202 </lastmod>
	</url><url>
		<loc> https://geoconnex.us/cuahsi/his/SCAN/2189_CA_SCAN </loc>
		<lastmod> 2022-05-19 19:55:30.637220 </lastmod>
	</url><url>
		<loc> https://geoconnex.us/cuahsi/his/SCAN/2066_PR_SCAN </loc>
		<lastmod> 2022-05-19 19:55:30.637237 </lastmod>
	</url><url>
		<loc> https://geoconnex.us/cuahsi/his/SCAN/2117_MT_SCAN </loc>
		<lastmod> 2022-05-19 19:55:30.637254 </lastmod>
	</url><url>
		<loc> https://geoconnex.us/cuahsi/his/SCAN/2198_WA_SCAN </loc>
		<lastmod> 2022-05-19 19:55:30.637270 </lastmod>
	</url><url>
		<loc> https://geoconnex.us/cuahsi/his/SCAN/2188_PR_SCAN </loc>
		<lastmod> 2022-05-19 19:55:30.637286 </lastmod>
	</url><url>
		<loc> https://geoconnex.us/cuahsi/his/SCAN/2197_CO_SCAN </loc>
		<lastmod> 2022-05-19 19:55:30.637303 </lastmod>
	</url><url>
		<loc> https://geoconnex.us/cuahsi/his/SCAN/2002_MN_SCAN </loc>
		<lastmod> 2022-05-19 19:55:30.637319 </lastmod>
	</url><url>
		<loc> https://geoconnex.us/cuahsi/his/SCAN/2107_NM_SCAN </loc>
		<lastmod> 2022-05-19 19:55:30.637335 </lastmod>
	</url><url>
		<loc> https://geoconnex.us/cuahsi/his/SCAN/2113_AL_SCAN </loc>
		<lastmod> 2022-05-19 19:55:30.637351 </lastmod>
	</url><url>
		<loc> https://geoconnex.us/cuahsi/his/SCAN/2190_CA_SCAN </loc>
		<lastmod> 2022-05-19 19:55:30.637367 </lastmod>
	</url><url>
		<loc> https://geoconnex.us/cuahsi/his/SCAN/2174_AL_SCAN </loc>
		<lastmod> 2022-05-19 19:55:30.637382 </lastmod>
	</url><url>
		<loc> https://geoconnex.us/cuahsi/his/SCAN/2187_CA_SCAN </loc>
		<lastmod> 2022-05-19 19:55:30.637398 </lastmod>
	</url><url>
		<loc> https://geoconnex.us/cuahsi/his/SCAN/2183_CA_SCAN </loc>
		<lastmod> 2022-05-19 19:55:30.637414 </lastmod>
	</url><url>
		<loc> https://geoconnex.us/cuahsi/his/SCAN/2048_MO_SCAN </loc>
		<lastmod> 2022-05-19 19:55:30.637430 </lastmod>
	</url><url>
		<loc> https://geoconnex.us/cuahsi/his/SCAN/2191_CA_SCAN </loc>
		<lastmod> 2022-05-19 19:55:30.637446 </lastmod>
	</url><url>
		<loc> https://geoconnex.us/cuahsi/his/SCAN/2167_UT_SCAN </loc>
		<lastmod> 2022-05-19 19:55:30.637462 </lastmod>
	</url><url>
		<loc> https://geoconnex.us/cuahsi/his/SCAN/2192_CA_SCAN </loc>
		<lastmod> 2022-05-19 19:55:30.637477 </lastmod>
	</url><url>
		<loc> https://geoconnex.us/cuahsi/his/SCAN/2130_UT_SCAN </loc>
		<lastmod> 2022-05-19 19:55:30.637493 </lastmod>
	</url><url>
		<loc> https://geoconnex.us/cuahsi/his/SCAN/2077_TN_SCAN </loc>
		<lastmod> 2022-05-19 19:55:30.637509 </lastmod>
	</url><url>
		<loc> https://geoconnex.us/cuahsi/his/SCAN/2220_MO_SCAN </loc>
		<lastmod> 2022-05-19 19:55:30.637525 </lastmod>
	</url><url>
		<loc> https://geoconnex.us/cuahsi/his/SCAN/2128_UT_SCAN </loc>
		<lastmod> 2022-05-19 19:55:30.637541 </lastmod>
	</url><url>
		<loc> https://geoconnex.us/cuahsi/his/SCAN/2126_UT_SCAN </loc>
		<lastmod> 2022-05-19 19:55:30.637557 </lastmod>
	</url><url>
		<loc> https://geoconnex.us/cuahsi/his/SCAN/2072_SD_SCAN </loc>
		<lastmod> 2022-05-19 19:55:30.637572 </lastmod>
	</url><url>
		<loc> https://geoconnex.us/cuahsi/his/SCAN/2185_CA_SCAN </loc>
		<lastmod> 2022-05-19 19:55:30.637588 </lastmod>
	</url><url>
		<loc> https://geoconnex.us/cuahsi/his/SCAN/2051_FL_SCAN </loc>
		<lastmod> 2022-05-19 19:55:30.637604 </lastmod>
	</url><url>
		<loc> https://geoconnex.us/cuahsi/his/SCAN/2184_CA_SCAN </loc>
		<lastmod> 2022-05-19 19:55:30.637620 </lastmod>
	</url><url>
		<loc> https://geoconnex.us/cuahsi/his/SCAN/2019_MT_SCAN </loc>
		<lastmod> 2022-05-19 19:55:30.637635 </lastmod>
	</url><url>
		<loc> https://geoconnex.us/cuahsi/his/SCAN/2022_OK_SCAN </loc>
		<lastmod> 2022-05-19 19:55:30.637651 </lastmod>
	</url><url>
		<loc> https://geoconnex.us/cuahsi/his/SCAN/2122_PR_SCAN </loc>
		<lastmod> 2022-05-19 19:55:30.637667 </lastmod>
	</url><url>
		<loc> https://geoconnex.us/cuahsi/his/SCAN/2218_CA_SCAN </loc>
		<lastmod> 2022-05-19 19:55:30.637683 </lastmod>
	</url><url>
		<loc> https://geoconnex.us/cuahsi/his/SCAN/2011_NY_SCAN </loc>
		<lastmod> 2022-05-19 19:55:30.637699 </lastmod>
	</url><url>
		<loc> https://geoconnex.us/cuahsi/his/SCAN/2050_MN_SCAN </loc>
		<lastmod> 2022-05-19 19:55:30.637715 </lastmod>
	</url><url>
		<loc> https://geoconnex.us/cuahsi/his/SCAN/2024_MS_SCAN </loc>
		<lastmod> 2022-05-19 19:55:30.637731 </lastmod>
	</url><url>
		<loc> https://geoconnex.us/cuahsi/his/SCAN/2025_MS_SCAN </loc>
		<lastmod> 2022-05-19 19:55:30.637769 </lastmod>
	</url><url>
		<loc> https://geoconnex.us/cuahsi/his/SCAN/2165_UT_SCAN </loc>
		<lastmod> 2022-05-19 19:55:30.637788 </lastmod>
	</url><url>
		<loc> https://geoconnex.us/cuahsi/his/SCAN/2152_UT_SCAN </loc>
		<lastmod> 2022-05-19 19:55:30.637804 </lastmod>
	</url><url>
		<loc> https://geoconnex.us/cuahsi/his/SCAN/2131_UT_SCAN </loc>
		<lastmod> 2022-05-19 19:55:30.637820 </lastmod>
	</url><url>
		<loc> https://geoconnex.us/cuahsi/his/SCAN/2160_UT_SCAN </loc>
		<lastmod> 2022-05-19 19:55:30.637836 </lastmod>
	</url><url>
		<loc> https://geoconnex.us/cuahsi/his/SCAN/2045_PR_SCAN </loc>
		<lastmod> 2022-05-19 19:55:30.637852 </lastmod>
	</url><url>
		<loc> https://geoconnex.us/cuahsi/his/SCAN/2222_AK_SCAN </loc>
		<lastmod> 2022-05-19 19:55:30.637868 </lastmod>
	</url><url>
		<loc> https://geoconnex.us/cuahsi/his/SCAN/2164_UT_SCAN </loc>
		<lastmod> 2022-05-19 19:55:30.637884 </lastmod>
	</url><url>
		<loc> https://geoconnex.us/cuahsi/his/SCAN/2166_UT_SCAN </loc>
		<lastmod> 2022-05-19 19:55:30.637900 </lastmod>
	</url><url>
		<loc> https://geoconnex.us/cuahsi/his/SCAN/2143_NV_SCAN </loc>
		<lastmod> 2022-05-19 19:55:30.637917 </lastmod>
	</url><url>
		<loc> https://geoconnex.us/cuahsi/his/SCAN/2055_AL_SCAN </loc>
		<lastmod> 2022-05-19 19:55:30.637934 </lastmod>
	</url><url>
		<loc> https://geoconnex.us/cuahsi/his/SCAN/2127_UT_SCAN </loc>
		<lastmod> 2022-05-19 19:55:30.637949 </lastmod>
	</url><url>
		<loc> https://geoconnex.us/cuahsi/his/SCAN/2210_AK_SCAN </loc>
		<lastmod> 2022-05-19 19:55:30.637966 </lastmod>
	</url><url>
		<loc> https://geoconnex.us/cuahsi/his/SCAN/2069_NH_SCAN </loc>
		<lastmod> 2022-05-19 19:55:30.637981 </lastmod>
	</url><url>
		<loc> https://geoconnex.us/cuahsi/his/SCAN/2211_AK_SCAN </loc>
		<lastmod> 2022-05-19 19:55:30.637997 </lastmod>
	</url><url>
		<loc> https://geoconnex.us/cuahsi/his/SCAN/2052_PR_SCAN </loc>
		<lastmod> 2022-05-19 19:55:30.638013 </lastmod>
	</url><url>
		<loc> https://geoconnex.us/cuahsi/his/SCAN/2173_AL_SCAN </loc>
		<lastmod> 2022-05-19 19:55:30.638029 </lastmod>
	</url><url>
		<loc> https://geoconnex.us/cuahsi/his/SCAN/2100_HI_SCAN </loc>
		<lastmod> 2022-05-19 19:55:30.638045 </lastmod>
	</url><url>
		<loc> https://geoconnex.us/cuahsi/his/SCAN/2111_NE_SCAN </loc>
		<lastmod> 2022-05-19 19:55:30.638061 </lastmod>
	</url><url>
		<loc> https://geoconnex.us/cuahsi/his/SCAN/2121_MT_SCAN </loc>
		<lastmod> 2022-05-19 19:55:30.638077 </lastmod>
	</url><url>
		<loc> https://geoconnex.us/cuahsi/his/SCAN/2148_ID_SCAN </loc>
		<lastmod> 2022-05-19 19:55:30.638093 </lastmod>
	</url><url>
		<loc> https://geoconnex.us/cuahsi/his/SCAN/2168_NM_SCAN </loc>
		<lastmod> 2022-05-19 19:55:30.638109 </lastmod>
	</url><url>
		<loc> https://geoconnex.us/cuahsi/his/SCAN/2194_MO_SCAN </loc>
		<lastmod> 2022-05-19 19:55:30.638125 </lastmod>
	</url><url>
		<loc> https://geoconnex.us/cuahsi/his/SCAN/2096_HI_SCAN </loc>
		<lastmod> 2022-05-19 19:55:30.638140 </lastmod>
	</url><url>
		<loc> https://geoconnex.us/cuahsi/his/SCAN/2208_AK_SCAN </loc>
		<lastmod> 2022-05-19 19:55:30.638156 </lastmod>
	</url><url>
		<loc> https://geoconnex.us/cuahsi/his/SCAN/2212_AK_SCAN </loc>
		<lastmod> 2022-05-19 19:55:30.638172 </lastmod>
	</url><url>
		<loc> https://geoconnex.us/cuahsi/his/SCAN/2103_HI_SCAN </loc>
		<lastmod> 2022-05-19 19:55:30.638189 </lastmod>
	</url><url>
		<loc> https://geoconnex.us/cuahsi/his/SCAN/2206_TX_SCAN </loc>
		<lastmod> 2022-05-19 19:55:30.638205 </lastmod>
	</url><url>
		<loc> https://geoconnex.us/cuahsi/his/SCAN/2201_TX_SCAN </loc>
		<lastmod> 2022-05-19 19:55:30.638220 </lastmod>
	</url><url>
		<loc> https://geoconnex.us/cuahsi/his/SCAN/2180_AL_SCAN </loc>
		<lastmod> 2022-05-19 19:55:30.638236 </lastmod>
	</url><url>
		<loc> https://geoconnex.us/cuahsi/his/SCAN/2147_KS_SCAN </loc>
		<lastmod> 2022-05-19 19:55:30.638252 </lastmod>
	</url><url>
		<loc> https://geoconnex.us/cuahsi/his/SCAN/2097_HI_SCAN </loc>
		<lastmod> 2022-05-19 19:55:30.638267 </lastmod>
	</url><url>
		<loc> https://geoconnex.us/cuahsi/his/SCAN/2141_NV_SCAN </loc>
		<lastmod> 2022-05-19 19:55:30.638283 </lastmod>
	</url><url>
		<loc> https://geoconnex.us/cuahsi/his/SCAN/2106_TX_SCAN </loc>
		<lastmod> 2022-05-19 19:55:30.638299 </lastmod>
	</url><url>
		<loc> https://geoconnex.us/cuahsi/his/SCAN/2105_TX_SCAN </loc>
		<lastmod> 2022-05-19 19:55:30.638315 </lastmod>
	</url><url>
		<loc> https://geoconnex.us/cuahsi/his/SCAN/2021_WA_SCAN </loc>
		<lastmod> 2022-05-19 19:55:30.638330 </lastmod>
	</url><url>
		<loc> https://geoconnex.us/cuahsi/his/SCAN/581_MT_SCAN </loc>
		<lastmod> 2022-05-19 19:55:30.638346 </lastmod>
	</url><url>
		<loc> https://geoconnex.us/cuahsi/his/SCAN/2155_UT_SCAN </loc>
		<lastmod> 2022-05-19 19:55:30.638363 </lastmod>
	</url><url>
		<loc> https://geoconnex.us/cuahsi/his/SCAN/2027_GA_SCAN </loc>
		<lastmod> 2022-05-19 19:55:30.638379 </lastmod>
	</url><url>
		<loc> https://geoconnex.us/cuahsi/his/SCAN/2114_AL_SCAN </loc>
		<lastmod> 2022-05-19 19:55:30.638395 </lastmod>
	</url><url>
		<loc> https://geoconnex.us/cuahsi/his/SCAN/2169_NM_SCAN </loc>
		<lastmod> 2022-05-19 19:55:30.638411 </lastmod>
	</url><url>
		<loc> https://geoconnex.us/cuahsi/his/SCAN/2146_NV_SCAN </loc>
		<lastmod> 2022-05-19 19:55:30.638426 </lastmod>
	</url><url>
		<loc> https://geoconnex.us/cuahsi/his/SCAN/2116_NV_SCAN </loc>
		<lastmod> 2022-05-19 19:55:30.638442 </lastmod>
	</url><url>
		<loc> https://geoconnex.us/cuahsi/his/SCAN/1233_AK_SCAN </loc>
		<lastmod> 2022-05-19 19:55:30.638459 </lastmod>
	</url><url>
		<loc> https://geoconnex.us/cuahsi/his/SCAN/2042_VT_SCAN </loc>
		<lastmod> 2022-05-19 19:55:30.638475 </lastmod>
	</url><url>
		<loc> https://geoconnex.us/cuahsi/his/SCAN/2074_OR_SCAN </loc>
		<lastmod> 2022-05-19 19:55:30.638491 </lastmod>
	</url><url>
		<loc> https://geoconnex.us/cuahsi/his/SCAN/2028_PA_SCAN </loc>
		<lastmod> 2022-05-19 19:55:30.638507 </lastmod>
	</url><url>
		<loc> https://geoconnex.us/cuahsi/his/SCAN/2079_KY_SCAN </loc>
		<lastmod> 2022-05-19 19:55:30.638523 </lastmod>
	</url><url>
		<loc> https://geoconnex.us/cuahsi/his/SCAN/2102_HI_SCAN </loc>
		<lastmod> 2022-05-19 19:55:30.638615 </lastmod>
	</url><url>
		<loc> https://geoconnex.us/cuahsi/his/SCAN/2020_ND_SCAN </loc>
		<lastmod> 2022-05-19 19:55:30.638651 </lastmod>
	</url><url>
		<loc> https://geoconnex.us/cuahsi/his/SCAN/2156_UT_SCAN </loc>
		<lastmod> 2022-05-19 19:55:30.638669 </lastmod>
	</url><url>
		<loc> https://geoconnex.us/cuahsi/his/SCAN/2149_CA_SCAN </loc>
		<lastmod> 2022-05-19 19:55:30.638686 </lastmod>
	</url><url>
		<loc> https://geoconnex.us/cuahsi/his/SCAN/15_PR_SCAN </loc>
		<lastmod> 2022-05-19 19:55:30.638703 </lastmod>
	</url><url>
		<loc> https://geoconnex.us/cuahsi/his/SCAN/2225_MO_SCAN </loc>
		<lastmod> 2022-05-19 19:55:30.638720 </lastmod>
	</url><url>
		<loc> https://geoconnex.us/cuahsi/his/SCAN/2043_NH_SCAN </loc>
		<lastmod> 2022-05-19 19:55:30.638736 </lastmod>
	</url><url>
		<loc> https://geoconnex.us/cuahsi/his/SCAN/2004_IL_SCAN </loc>
		<lastmod> 2022-05-19 19:55:30.638752 </lastmod>
	</url><url>
		<loc> https://geoconnex.us/cuahsi/his/SCAN/2112_PR_SCAN </loc>
		<lastmod> 2022-05-19 19:55:30.638768 </lastmod>
	</url><url>
		<loc> https://geoconnex.us/cuahsi/his/SCAN/2110_MS_SCAN </loc>
		<lastmod> 2022-05-19 19:55:30.638784 </lastmod>
	</url><url>
		<loc> https://geoconnex.us/cuahsi/his/SCAN/2075_TN_SCAN </loc>
		<lastmod> 2022-05-19 19:55:30.638800 </lastmod>
	</url><url>
		<loc> https://geoconnex.us/cuahsi/his/SCAN/2140_UT_SCAN </loc>
		<lastmod> 2022-05-19 19:55:30.638817 </lastmod>
	</url><url>
		<loc> https://geoconnex.us/cuahsi/his/SCAN/2129_UT_SCAN </loc>
		<lastmod> 2022-05-19 19:55:30.638833 </lastmod>
	</url><url>
		<loc> https://geoconnex.us/cuahsi/his/SCAN/2119_MT_SCAN </loc>
		<lastmod> 2022-05-19 19:55:30.638849 </lastmod>
	</url><url>
		<loc> https://geoconnex.us/cuahsi/his/SCAN/2014_OH_SCAN </loc>
		<lastmod> 2022-05-19 19:55:30.638865 </lastmod>
	</url><url>
		<loc> https://geoconnex.us/cuahsi/his/SCAN/2217_CA_SCAN </loc>
		<lastmod> 2022-05-19 19:55:30.638881 </lastmod>
	</url><url>
		<loc> https://geoconnex.us/cuahsi/his/SCAN/2062_AK_SCAN </loc>
		<lastmod> 2022-05-19 19:55:30.638948 </lastmod>
	</url><url>
		<loc> https://geoconnex.us/cuahsi/his/SCAN/2133_UT_SCAN </loc>
		<lastmod> 2022-05-19 19:55:30.638965 </lastmod>
	</url><url>
		<loc> https://geoconnex.us/cuahsi/his/SCAN/2178_AL_SCAN </loc>
		<lastmod> 2022-05-19 19:55:30.638982 </lastmod>
	</url><url>
		<loc> https://geoconnex.us/cuahsi/his/SCAN/2041_VT_SCAN </loc>
		<lastmod> 2022-05-19 19:55:30.638998 </lastmod>
	</url><url>
		<loc> https://geoconnex.us/cuahsi/his/SCAN/2134_UT_SCAN </loc>
		<lastmod> 2022-05-19 19:55:30.639014 </lastmod>
	</url><url>
		<loc> https://geoconnex.us/cuahsi/his/SCAN/2060_MO_SCAN </loc>
		<lastmod> 2022-05-19 19:55:30.639030 </lastmod>
	</url><url>
		<loc> https://geoconnex.us/cuahsi/his/SCAN/2039_VA_SCAN </loc>
		<lastmod> 2022-05-19 19:55:30.639046 </lastmod>
	</url><url>
		<loc> https://geoconnex.us/cuahsi/his/SCAN/2228_TX_SCAN </loc>
		<lastmod> 2022-05-19 19:55:30.639061 </lastmod>
	</url><url>
		<loc> https://geoconnex.us/cuahsi/his/SCAN/2209_AK_SCAN </loc>
		<lastmod> 2022-05-19 19:55:30.639077 </lastmod>
	</url><url>
		<loc> https://geoconnex.us/cuahsi/his/SCAN/2081_AK_SCAN </loc>
		<lastmod> 2022-05-19 19:55:30.639093 </lastmod>
	</url><url>
		<loc> https://geoconnex.us/cuahsi/his/SCAN/2137_UT_SCAN </loc>
		<lastmod> 2022-05-19 19:55:30.639109 </lastmod>
	</url><url>
		<loc> https://geoconnex.us/cuahsi/his/SCAN/2087_MS_SCAN </loc>
		<lastmod> 2022-05-19 19:55:30.639125 </lastmod>
	</url><url>
		<loc> https://geoconnex.us/cuahsi/his/SCAN/2017_CO_SCAN </loc>
		<lastmod> 2022-05-19 19:55:30.639141 </lastmod>
	</url><url>
		<loc> https://geoconnex.us/cuahsi/his/SCAN/2033_MS_SCAN </loc>
		<lastmod> 2022-05-19 19:55:30.639156 </lastmod>
	</url><url>
		<loc> https://geoconnex.us/cuahsi/his/SCAN/674_ID_SCAN </loc>
		<lastmod> 2022-05-19 19:55:30.639172 </lastmod>
	</url><url>
		<loc> https://geoconnex.us/cuahsi/his/SCAN/2157_UT_SCAN </loc>
		<lastmod> 2022-05-19 19:55:30.639189 </lastmod>
	</url><url>
		<loc> https://geoconnex.us/cuahsi/his/SCAN/2153_UT_SCAN </loc>
		<lastmod> 2022-05-19 19:55:30.639205 </lastmod>
	</url><url>
		<loc> https://geoconnex.us/cuahsi/his/SCAN/2037_SC_SCAN </loc>
		<lastmod> 2022-05-19 19:55:30.639221 </lastmod>
	</url><url>
		<loc> https://geoconnex.us/cuahsi/his/SCAN/2181_AL_SCAN </loc>
		<lastmod> 2022-05-19 19:55:30.639237 </lastmod>
	</url><url>
		<loc> https://geoconnex.us/cuahsi/his/SCAN/2046_MS_SCAN </loc>
		<lastmod> 2022-05-19 19:55:30.639253 </lastmod>
	</url><url>
		<loc> https://geoconnex.us/cuahsi/his/SCAN/2093_KS_SCAN </loc>
		<lastmod> 2022-05-19 19:55:30.639269 </lastmod>
	</url><url>
		<loc> https://geoconnex.us/cuahsi/his/SCAN/2144_NV_SCAN </loc>
		<lastmod> 2022-05-19 19:55:30.639285 </lastmod>
	</url><url>
		<loc> https://geoconnex.us/cuahsi/his/SCAN/2049_MD_SCAN </loc>
		<lastmod> 2022-05-19 19:55:30.639301 </lastmod>
	</url><url>
		<loc> https://geoconnex.us/cuahsi/his/SCAN/2061_MO_SCAN </loc>
		<lastmod> 2022-05-19 19:55:30.639317 </lastmod>
	</url><url>
		<loc> https://geoconnex.us/cuahsi/his/SCAN/2016_TX_SCAN </loc>
		<lastmod> 2022-05-19 19:55:30.639333 </lastmod>
	</url><url>
		<loc> https://geoconnex.us/cuahsi/his/SCAN/2132_UT_SCAN </loc>
		<lastmod> 2022-05-19 19:55:30.639349 </lastmod>
	</url><url>
		<loc> https://geoconnex.us/cuahsi/his/SCAN/2005_KY_SCAN </loc>
		<lastmod> 2022-05-19 19:55:30.639366 </lastmod>
	</url><url>
		<loc> https://geoconnex.us/cuahsi/his/SCAN/2098_HI_SCAN </loc>
		<lastmod> 2022-05-19 19:55:30.639382 </lastmod>
	</url><url>
		<loc> https://geoconnex.us/cuahsi/his/SCAN/2104_TX_SCAN </loc>
		<lastmod> 2022-05-19 19:55:30.639398 </lastmod>
	</url><url>
		<loc> https://geoconnex.us/cuahsi/his/SCAN/2089_VA_SCAN </loc>
		<lastmod> 2022-05-19 19:55:30.639414 </lastmod>
	</url><url>
		<loc> https://geoconnex.us/cuahsi/his/SCAN/2199_TX_SCAN </loc>
		<lastmod> 2022-05-19 19:55:30.639430 </lastmod>
	</url><url>
		<loc> https://geoconnex.us/cuahsi/his/SCAN/2182_AL_SCAN </loc>
		<lastmod> 2022-05-19 19:55:30.639446 </lastmod>
	</url><url>
		<loc> https://geoconnex.us/cuahsi/his/SCAN/2036_PA_SCAN </loc>
		<lastmod> 2022-05-19 19:55:30.639462 </lastmod>
	</url><url>
		<loc> https://geoconnex.us/cuahsi/his/SCAN/2001_NE_SCAN </loc>
		<lastmod> 2022-05-19 19:55:30.639478 </lastmod>
	</url><url>
		<loc> https://geoconnex.us/cuahsi/his/SCAN/2229_NV_SCAN </loc>
		<lastmod> 2022-05-19 19:55:30.639495 </lastmod>
	</url><url>
		<loc> https://geoconnex.us/cuahsi/his/SCAN/2200_TX_SCAN </loc>
		<lastmod> 2022-05-19 19:55:30.639511 </lastmod>
	</url><url>
		<loc> https://geoconnex.us/cuahsi/his/SCAN/2159_UT_SCAN </loc>
		<lastmod> 2022-05-19 19:55:30.639527 </lastmod>
	</url><url>
		<loc> https://geoconnex.us/cuahsi/his/SCAN/2109_MS_SCAN </loc>
		<lastmod> 2022-05-19 19:55:30.639542 </lastmod>
	</url><url>
		<loc> https://geoconnex.us/cuahsi/his/SCAN/2193_MO_SCAN </loc>
		<lastmod> 2022-05-19 19:55:30.639559 </lastmod>
	</url><url>
		<loc> https://geoconnex.us/cuahsi/his/SCAN/2063_AK_SCAN </loc>
		<lastmod> 2022-05-19 19:55:30.639575 </lastmod>
	</url><url>
		<loc> https://geoconnex.us/cuahsi/his/SCAN/2070_MS_SCAN </loc>
		<lastmod> 2022-05-19 19:55:30.639590 </lastmod>
	</url><url>
		<loc> https://geoconnex.us/cuahsi/his/SCAN/2012_FL_SCAN </loc>
		<lastmod> 2022-05-19 19:55:30.639606 </lastmod>
	</url><url>
		<loc> https://geoconnex.us/cuahsi/his/SCAN/2176_AL_SCAN </loc>
		<lastmod> 2022-05-19 19:55:30.639622 </lastmod>
	</url><url>
		<loc> https://geoconnex.us/cuahsi/his/SCAN/2171_NM_SCAN </loc>
		<lastmod> 2022-05-19 19:55:30.639637 </lastmod>
	</url><url>
		<loc> https://geoconnex.us/cuahsi/his/SCAN/2186_CA_SCAN </loc>
		<lastmod> 2022-05-19 19:55:30.639653 </lastmod>
	</url><url>
		<loc> https://geoconnex.us/cuahsi/his/SCAN/2068_IA_SCAN </loc>
		<lastmod> 2022-05-19 19:55:30.639669 </lastmod>
	</url><url>
		<loc> https://geoconnex.us/cuahsi/his/SCAN/2227_MO_SCAN </loc>
		<lastmod> 2022-05-19 19:55:30.639685 </lastmod>
	</url><url>
		<loc> https://geoconnex.us/cuahsi/his/SCAN/2088_VA_SCAN </loc>
		<lastmod> 2022-05-19 19:55:30.639701 </lastmod>
	</url><url>
		<loc> https://geoconnex.us/cuahsi/his/SCAN/2120_MT_SCAN </loc>
		<lastmod> 2022-05-19 19:55:30.639783 </lastmod>
	</url><url>
		<loc> https://geoconnex.us/cuahsi/his/SCAN/2086_MS_SCAN </loc>
		<lastmod> 2022-05-19 19:55:30.639815 </lastmod>
	</url><url>
		<loc> https://geoconnex.us/cuahsi/his/SCAN/2101_HI_SCAN </loc>
		<lastmod> 2022-05-19 19:55:30.639833 </lastmod>
	</url><url>
		<loc> https://geoconnex.us/cuahsi/his/SCAN/2047_MO_SCAN </loc>
		<lastmod> 2022-05-19 19:55:30.639849 </lastmod>
	</url><url>
		<loc> https://geoconnex.us/cuahsi/his/SCAN/2154_UT_SCAN </loc>
		<lastmod> 2022-05-19 19:55:30.639866 </lastmod>
	</url><url>
		<loc> https://geoconnex.us/cuahsi/his/SCAN/2158_UT_SCAN </loc>
		<lastmod> 2022-05-19 19:55:30.639883 </lastmod>
	</url><url>
		<loc> https://geoconnex.us/cuahsi/his/SCAN/2044_AK_SCAN </loc>
		<lastmod> 2022-05-19 19:55:30.639900 </lastmod>
	</url><url>
		<loc> https://geoconnex.us/cuahsi/his/SCAN/2056_AL_SCAN </loc>
		<lastmod> 2022-05-19 19:55:30.639916 </lastmod>
	</url><url>
		<loc> https://geoconnex.us/cuahsi/his/SCAN/2064_MS_SCAN </loc>
		<lastmod> 2022-05-19 19:55:30.639932 </lastmod>
	</url><url>
		<loc> https://geoconnex.us/cuahsi/his/SCAN/2203_TX_SCAN </loc>
		<lastmod> 2022-05-19 19:55:30.639949 </lastmod>
	</url><url>
		<loc> https://geoconnex.us/cuahsi/his/SCAN/2219_CA_SCAN </loc>
		<lastmod> 2022-05-19 19:55:30.639966 </lastmod>
	</url><url>
		<loc> https://geoconnex.us/cuahsi/his/SCAN/2179_AL_SCAN </loc>
		<lastmod> 2022-05-19 19:55:30.639982 </lastmod>
	</url><url>
		<loc> https://geoconnex.us/cuahsi/his/SCAN/2073_OH_SCAN </loc>
		<lastmod> 2022-05-19 19:55:30.639998 </lastmod>
	</url><url>
		<loc> https://geoconnex.us/cuahsi/his/SCAN/808_MT_SCAN </loc>
		<lastmod> 2022-05-19 19:55:30.640014 </lastmod>
	</url><url>
		<loc> https://geoconnex.us/cuahsi/his/SCAN/2008_NC_SCAN </loc>
		<lastmod> 2022-05-19 19:55:30.640031 </lastmod>
	</url><url>
		<loc> https://geoconnex.us/cuahsi/his/SCAN/2040_VA_SCAN </loc>
		<lastmod> 2022-05-19 19:55:30.640047 </lastmod>
	</url><url>
		<loc> https://geoconnex.us/cuahsi/his/SCAN/2082_MS_SCAN </loc>
		<lastmod> 2022-05-19 19:55:30.640063 </lastmod>
	</url><url>
		<loc> https://geoconnex.us/cuahsi/his/SCAN/2080_AK_SCAN </loc>
		<lastmod> 2022-05-19 19:55:30.640079 </lastmod>
	</url><url>
		<loc> https://geoconnex.us/cuahsi/his/SCAN/2018_WY_SCAN </loc>
		<lastmod> 2022-05-19 19:55:30.640095 </lastmod>
	</url><url>
		<loc> https://geoconnex.us/cuahsi/his/SCAN/2142_NV_SCAN </loc>
		<lastmod> 2022-05-19 19:55:30.640111 </lastmod>
	</url><url>
		<loc> https://geoconnex.us/cuahsi/his/SCAN/2163_UT_SCAN </loc>
		<lastmod> 2022-05-19 19:55:30.640128 </lastmod>
	</url><url>
		<loc> https://geoconnex.us/cuahsi/his/SCAN/2034_MS_SCAN </loc>
		<lastmod> 2022-05-19 19:55:30.640144 </lastmod>
	</url><url>
		<loc> https://geoconnex.us/cuahsi/his/SCAN/2115_AL_SCAN </loc>
		<lastmod> 2022-05-19 19:55:30.640160 </lastmod>
	</url><url>
		<loc> https://geoconnex.us/cuahsi/his/SCAN/2226_MO_SCAN </loc>
		<lastmod> 2022-05-19 19:55:30.640176 </lastmod>
	</url><url>
		<loc> https://geoconnex.us/cuahsi/his/SCAN/2083_AR_SCAN </loc>
		<lastmod> 2022-05-19 19:55:30.640192 </lastmod>
	</url><url>
		<loc> https://geoconnex.us/cuahsi/his/SCAN/2091_AR_SCAN </loc>
		<lastmod> 2022-05-19 19:55:30.640208 </lastmod>
	</url><url>
		<loc> https://geoconnex.us/cuahsi/his/SCAN/2090_AR_SCAN </loc>
		<lastmod> 2022-05-19 19:55:30.640225 </lastmod>
	</url><url>
		<loc> https://geoconnex.us/cuahsi/his/SCAN/2085_AR_SCAN </loc>
		<lastmod> 2022-05-19 19:55:30.640241 </lastmod>
	</url><url>
		<loc> https://geoconnex.us/cuahsi/his/SCAN/2030_AR_SCAN </loc>
		<lastmod> 2022-05-19 19:55:30.640258 </lastmod>
	</url><url>
		<loc> https://geoconnex.us/cuahsi/his/SCAN/2084_AR_SCAN </loc>
		<lastmod> 2022-05-19 19:55:30.640274 </lastmod>
	</url><url>
		<loc> https://geoconnex.us/cuahsi/his/SCAN/2221_AK_SCAN </loc>
		<lastmod> 2022-05-19 19:55:30.640290 </lastmod>
	</url><url>
		<loc> https://geoconnex.us/cuahsi/his/SCAN/2123_VI_SCAN </loc>
		<lastmod> 2022-05-19 19:55:30.640307 </lastmod>
	</url><url>
		<loc> https://geoconnex.us/cuahsi/his/SCAN/2204_TX_SCAN </loc>
		<lastmod> 2022-05-19 19:55:30.640323 </lastmod>
	</url><url>
		<loc> https://geoconnex.us/cuahsi/his/SCAN/2196_WI_SCAN </loc>
		<lastmod> 2022-05-19 19:55:30.640339 </lastmod>
	</url><url>
		<loc> https://geoconnex.us/cuahsi/his/SCAN/2035_MS_SCAN </loc>
		<lastmod> 2022-05-19 19:55:30.640356 </lastmod>
	</url><url>
		<loc> https://geoconnex.us/cuahsi/his/SCAN/2162_UT_SCAN </loc>
		<lastmod> 2022-05-19 19:55:30.640372 </lastmod>
	</url><url>
		<loc> https://geoconnex.us/cuahsi/his/SCAN/2202_TX_SCAN </loc>
		<lastmod> 2022-05-19 19:55:30.640389 </lastmod>
	</url><url>
		<loc> https://geoconnex.us/cuahsi/his/SCAN/2118_MT_SCAN </loc>
		<lastmod> 2022-05-19 19:55:30.640406 </lastmod>
	</url><url>
		<loc> https://geoconnex.us/cuahsi/his/SCAN/2003_WI_SCAN </loc>
		<lastmod> 2022-05-19 19:55:30.640422 </lastmod>
	</url><url>
		<loc> https://geoconnex.us/cuahsi/his/SCAN/2099_HI_SCAN </loc>
		<lastmod> 2022-05-19 19:55:30.640439 </lastmod>
	</url><url>
		<loc> https://geoconnex.us/cuahsi/his/SCAN/2009_FL_SCAN </loc>
		<lastmod> 2022-05-19 19:55:30.640455 </lastmod>
	</url><url>
		<loc> https://geoconnex.us/cuahsi/his/SCAN/2026_AZ_SCAN </loc>
		<lastmod> 2022-05-19 19:55:30.640471 </lastmod>
	</url><url>
		<loc> https://geoconnex.us/cuahsi/his/SCAN/2013_GA_SCAN </loc>
		<lastmod> 2022-05-19 19:55:30.640487 </lastmod>
	</url><url>
		<loc> https://geoconnex.us/cuahsi/his/SCAN/1234_AK_SCAN </loc>
		<lastmod> 2022-05-19 19:55:30.640503 </lastmod>
	</url><url>
		<loc> https://geoconnex.us/cuahsi/his/SCAN/2175_AL_SCAN </loc>
		<lastmod> 2022-05-19 19:55:30.640520 </lastmod>
	</url><url>
		<loc> https://geoconnex.us/cuahsi/his/SCAN/2205_TX_SCAN </loc>
		<lastmod> 2022-05-19 19:55:30.640536 </lastmod>
	</url><url>
		<loc> https://geoconnex.us/cuahsi/his/SCAN/2139_UT_SCAN </loc>
		<lastmod> 2022-05-19 19:55:30.640552 </lastmod>
	</url><url>
		<loc> https://geoconnex.us/cuahsi/his/SCAN/2108_NM_SCAN </loc>
		<lastmod> 2022-05-19 19:55:30.640568 </lastmod>
	</url><url>
		<loc> https://geoconnex.us/cuahsi/his/SCAN/2053_AL_SCAN </loc>
		<lastmod> 2022-05-19 19:55:30.640584 </lastmod>
	</url><url>
		<loc> https://geoconnex.us/cuahsi/his/SCAN/2038_SC_SCAN </loc>
		<lastmod> 2022-05-19 19:55:30.640600 </lastmod>
	</url></ns0:urlset>