<ns0:urlset xmlns:ns0="http://www.sitemaps.org/schemas/sitemap/0.9">
<url>
		<loc> https://geoconnex.us/cuahsi/his/Nevados/2272886 </loc>
		<lastmod> 2021-11-01 19:26:53.041316 </lastmod>
	</url><url>
		<loc> https://geoconnex.us/cuahsi/his/Nevados/2272887 </loc>
		<lastmod> 2021-11-01 19:26:53.041384 </lastmod>
	</url><url>
		<loc> https://geoconnex.us/cuahsi/his/Nevados/2272888 </loc>
		<lastmod> 2021-11-01 19:26:53.041410 </lastmod>
	</url><url>
		<loc> https://geoconnex.us/cuahsi/his/Nevados/2272889 </loc>
		<lastmod> 2021-11-01 19:26:53.041431 </lastmod>
	</url><url>
		<loc> https://geoconnex.us/cuahsi/his/Nevados/9950000 </loc>
		<lastmod> 2021-11-01 19:26:53.041449 </lastmod>
	</url><url>
		<loc> https://geoconnex.us/cuahsi/his/Nevados/10047204 </loc>
		<lastmod> 2021-11-01 19:26:53.041467 </lastmod>
	</url><url>
		<loc> https://geoconnex.us/cuahsi/his/Nevados/10170473 </loc>
		<lastmod> 2021-11-01 19:26:53.041489 </lastmod>
	</url><url>
		<loc> https://geoconnex.us/cuahsi/his/Nevados/10409121 </loc>
		<lastmod> 2021-11-01 19:26:53.041507 </lastmod>
	</url><url>
		<loc> https://geoconnex.us/cuahsi/his/Nevados/10409122 </loc>
		<lastmod> 2021-11-01 19:26:53.041524 </lastmod>
	</url><url>
		<loc> https://geoconnex.us/cuahsi/his/Nevados/10409123 </loc>
		<lastmod> 2021-11-01 19:26:53.041542 </lastmod>
	</url><url>
		<loc> https://geoconnex.us/cuahsi/his/Nevados/10170474 </loc>
		<lastmod> 2021-11-01 19:26:53.041559 </lastmod>
	</url><url>
		<loc> https://geoconnex.us/cuahsi/his/Nevados/10667797 </loc>
		<lastmod> 2021-11-01 19:26:53.041576 </lastmod>
	</url><url>
		<loc> https://geoconnex.us/cuahsi/his/Nevados/10667798 </loc>
		<lastmod> 2021-11-01 19:26:53.041593 </lastmod>
	</url><url>
		<loc> https://geoconnex.us/cuahsi/his/Nevados/10667799 </loc>
		<lastmod> 2021-11-01 19:26:53.041611 </lastmod>
	</url><url>
		<loc> https://geoconnex.us/cuahsi/his/Nevados/10790471 </loc>
		<lastmod> 2021-11-01 19:26:53.041629 </lastmod>
	</url><url>
		<loc> https://geoconnex.us/cuahsi/his/Nevados/10790472 </loc>
		<lastmod> 2021-11-01 19:26:53.041646 </lastmod>
	</url><url>
		<loc> https://geoconnex.us/cuahsi/his/Nevados/10790475 </loc>
		<lastmod> 2021-11-01 19:26:53.041663 </lastmod>
	</url><url>
		<loc> https://geoconnex.us/cuahsi/his/Nevados/10790476 </loc>
		<lastmod> 2021-11-01 19:26:53.041680 </lastmod>
	</url><url>
		<loc> https://geoconnex.us/cuahsi/his/Nevados/0000Santa_Isabel </loc>
		<lastmod> 2021-11-01 19:26:53.041697 </lastmod>
	</url><url>
		<loc> https://geoconnex.us/cuahsi/his/Nevados/2886Salto_Cueva </loc>
		<lastmod> 2021-11-01 19:26:53.041714 </lastmod>
	</url><url>
		<loc> https://geoconnex.us/cuahsi/his/Nevados/2887Microcentral </loc>
		<lastmod> 2021-11-01 19:26:53.041731 </lastmod>
	</url><url>
		<loc> https://geoconnex.us/cuahsi/his/Nevados/2888El_Cisne </loc>
		<lastmod> 2021-11-01 19:26:53.041749 </lastmod>
	</url><url>
		<loc> https://geoconnex.us/cuahsi/his/Nevados/2889Nariz_Diablo </loc>
		<lastmod> 2021-11-01 19:26:53.041766 </lastmod>
	</url><url>
		<loc> https://geoconnex.us/cuahsi/his/Nevados/09121San_Antonio </loc>
		<lastmod> 2021-11-01 19:26:53.041783 </lastmod>
	</url><url>
		<loc> https://geoconnex.us/cuahsi/his/Nevados/09122La_Fonda </loc>
		<lastmod> 2021-11-01 19:26:53.041800 </lastmod>
	</url><url>
		<loc> https://geoconnex.us/cuahsi/his/Nevados/09123La_Quinta </loc>
		<lastmod> 2021-11-01 19:26:53.041818 </lastmod>
	</url><url>
		<loc> https://geoconnex.us/cuahsi/his/Nevados/67797FincaBuenavista </loc>
		<lastmod> 2021-11-01 19:26:53.041836 </lastmod>
	</url><url>
		<loc> https://geoconnex.us/cuahsi/his/Nevados/6779898ClaroMolinos </loc>
		<lastmod> 2021-11-01 19:26:53.041853 </lastmod>
	</url><url>
		<loc> https://geoconnex.us/cuahsi/his/Nevados/67799Molinos </loc>
		<lastmod> 2021-11-01 19:26:53.041870 </lastmod>
	</url><url>
		<loc> https://geoconnex.us/cuahsi/his/Nevados/70473Valle_Quemado_1 </loc>
		<lastmod> 2021-11-01 19:26:53.041887 </lastmod>
	</url><url>
		<loc> https://geoconnex.us/cuahsi/his/Nevados/70474Valle_Quemado_2 </loc>
		<lastmod> 2021-11-01 19:26:53.041903 </lastmod>
	</url><url>
		<loc> https://geoconnex.us/cuahsi/his/Nevados/90471LosAlpes </loc>
		<lastmod> 2021-11-01 19:26:53.041925 </lastmod>
	</url><url>
		<loc> https://geoconnex.us/cuahsi/his/Nevados/90472PozoNereidas </loc>
		<lastmod> 2021-11-01 19:26:53.041945 </lastmod>
	</url><url>
		<loc> https://geoconnex.us/cuahsi/his/Nevados/90475Alfombrales </loc>
		<lastmod> 2021-11-01 19:26:53.041981 </lastmod>
	</url><url>
		<loc> https://geoconnex.us/cuahsi/his/Nevados/90476ZigZag </loc>
		<lastmod> 2021-11-01 19:26:53.041999 </lastmod>
	</url><url>
		<loc> https://geoconnex.us/cuahsi/his/Nevados/39281Lupinus_ValleyII </loc>
		<lastmod> 2021-11-01 19:26:53.042017 </lastmod>
	</url><url>
		<loc> https://geoconnex.us/cuahsi/his/Nevados/09123LaQuinta </loc>
		<lastmod> 2021-11-01 19:26:53.042052 </lastmod>
	</url></ns0:urlset>