<?xml version='1.0' encoding='utf-8'?>
<ns0:urlset xmlns:ns0="http://www.sitemaps.org/schemas/sitemap/0.9">
<url>
		<loc> https://geoconnex.us/cuahsi/his/MWRA/36 </loc>
		<lastmod> 2022-05-19 03:12:42.697322 </lastmod>
	</url><url>
		<loc> https://geoconnex.us/cuahsi/his/MWRA/48 </loc>
		<lastmod> 2022-05-19 03:12:42.697359 </lastmod>
	</url><url>
		<loc> https://geoconnex.us/cuahsi/his/MWRA/38 </loc>
		<lastmod> 2022-05-19 03:12:42.697378 </lastmod>
	</url><url>
		<loc> https://geoconnex.us/cuahsi/his/MWRA/54 </loc>
		<lastmod> 2022-05-19 03:12:42.697394 </lastmod>
	</url><url>
		<loc> https://geoconnex.us/cuahsi/his/MWRA/42 </loc>
		<lastmod> 2022-05-19 03:12:42.697409 </lastmod>
	</url><url>
		<loc> https://geoconnex.us/cuahsi/his/MWRA/41 </loc>
		<lastmod> 2022-05-19 03:12:42.697423 </lastmod>
	</url><url>
		<loc> https://geoconnex.us/cuahsi/his/MWRA/40 </loc>
		<lastmod> 2022-05-19 03:12:42.697440 </lastmod>
	</url><url>
		<loc> https://geoconnex.us/cuahsi/his/MWRA/39 </loc>
		<lastmod> 2022-05-19 03:12:42.697455 </lastmod>
	</url><url>
		<loc> https://geoconnex.us/cuahsi/his/MWRA/33 </loc>
		<lastmod> 2022-05-19 03:12:42.697469 </lastmod>
	</url><url>
		<loc> https://geoconnex.us/cuahsi/his/MWRA/14 </loc>
		<lastmod> 2022-05-19 03:12:42.697484 </lastmod>
	</url><url>
		<loc> https://geoconnex.us/cuahsi/his/MWRA/15 </loc>
		<lastmod> 2022-05-19 03:12:42.697499 </lastmod>
	</url><url>
		<loc> https://geoconnex.us/cuahsi/his/MWRA/19 </loc>
		<lastmod> 2022-05-19 03:12:42.697512 </lastmod>
	</url><url>
		<loc> https://geoconnex.us/cuahsi/his/MWRA/22 </loc>
		<lastmod> 2022-05-19 03:12:42.697526 </lastmod>
	</url><url>
		<loc> https://geoconnex.us/cuahsi/his/MWRA/24 </loc>
		<lastmod> 2022-05-19 03:12:42.697539 </lastmod>
	</url><url>
		<loc> https://geoconnex.us/cuahsi/his/MWRA/44 </loc>
		<lastmod> 2022-05-19 03:12:42.697553 </lastmod>
	</url><url>
		<loc> https://geoconnex.us/cuahsi/his/MWRA/47 </loc>
		<lastmod> 2022-05-19 03:12:42.697566 </lastmod>
	</url><url>
		<loc> https://geoconnex.us/cuahsi/his/MWRA/50 </loc>
		<lastmod> 2022-05-19 03:12:42.697580 </lastmod>
	</url><url>
		<loc> https://geoconnex.us/cuahsi/his/MWRA/18 </loc>
		<lastmod> 2022-05-19 03:12:42.697594 </lastmod>
	</url><url>
		<loc> https://geoconnex.us/cuahsi/his/MWRA/65 </loc>
		<lastmod> 2022-05-19 03:12:42.697608 </lastmod>
	</url><url>
		<loc> https://geoconnex.us/cuahsi/his/MWRA/27 </loc>
		<lastmod> 2022-05-19 03:12:42.697624 </lastmod>
	</url><url>
		<loc> https://geoconnex.us/cuahsi/his/MWRA/52 </loc>
		<lastmod> 2022-05-19 03:12:42.697637 </lastmod>
	</url><url>
		<loc> https://geoconnex.us/cuahsi/his/MWRA/69 </loc>
		<lastmod> 2022-05-19 03:12:42.697651 </lastmod>
	</url><url>
		<loc> https://geoconnex.us/cuahsi/his/MWRA/75 </loc>
		<lastmod> 2022-05-19 03:12:42.697665 </lastmod>
	</url><url>
		<loc> https://geoconnex.us/cuahsi/his/MWRA/77 </loc>
		<lastmod> 2022-05-19 03:12:42.697679 </lastmod>
	</url><url>
		<loc> https://geoconnex.us/cuahsi/his/MWRA/79 </loc>
		<lastmod> 2022-05-19 03:12:42.697692 </lastmod>
	</url><url>
		<loc> https://geoconnex.us/cuahsi/his/MWRA/80 </loc>
		<lastmod> 2022-05-19 03:12:42.697705 </lastmod>
	</url><url>
		<loc> https://geoconnex.us/cuahsi/his/MWRA/81 </loc>
		<lastmod> 2022-05-19 03:12:42.697719 </lastmod>
	</url><url>
		<loc> https://geoconnex.us/cuahsi/his/MWRA/82 </loc>
		<lastmod> 2022-05-19 03:12:42.697733 </lastmod>
	</url><url>
		<loc> https://geoconnex.us/cuahsi/his/MWRA/84 </loc>
		<lastmod> 2022-05-19 03:12:42.697746 </lastmod>
	</url><url>
		<loc> https://geoconnex.us/cuahsi/his/MWRA/89 </loc>
		<lastmod> 2022-05-19 03:12:42.697759 </lastmod>
	</url><url>
		<loc> https://geoconnex.us/cuahsi/his/MWRA/105 </loc>
		<lastmod> 2022-05-19 03:12:42.697775 </lastmod>
	</url><url>
		<loc> https://geoconnex.us/cuahsi/his/MWRA/106 </loc>
		<lastmod> 2022-05-19 03:12:42.697789 </lastmod>
	</url><url>
		<loc> https://geoconnex.us/cuahsi/his/MWRA/117 </loc>
		<lastmod> 2022-05-19 03:12:42.697803 </lastmod>
	</url><url>
		<loc> https://geoconnex.us/cuahsi/his/MWRA/118 </loc>
		<lastmod> 2022-05-19 03:12:42.697817 </lastmod>
	</url><url>
		<loc> https://geoconnex.us/cuahsi/his/MWRA/124 </loc>
		<lastmod> 2022-05-19 03:12:42.697830 </lastmod>
	</url><url>
		<loc> https://geoconnex.us/cuahsi/his/MWRA/138 </loc>
		<lastmod> 2022-05-19 03:12:42.697843 </lastmod>
	</url><url>
		<loc> https://geoconnex.us/cuahsi/his/MWRA/140 </loc>
		<lastmod> 2022-05-19 03:12:42.697857 </lastmod>
	</url><url>
		<loc> https://geoconnex.us/cuahsi/his/MWRA/139 </loc>
		<lastmod> 2022-05-19 03:12:42.697873 </lastmod>
	</url><url>
		<loc> https://geoconnex.us/cuahsi/his/MWRA/141 </loc>
		<lastmod> 2022-05-19 03:12:42.697887 </lastmod>
	</url><url>
		<loc> https://geoconnex.us/cuahsi/his/MWRA/142 </loc>
		<lastmod> 2022-05-19 03:12:42.697901 </lastmod>
	</url><url>
		<loc> https://geoconnex.us/cuahsi/his/MWRA/137 </loc>
		<lastmod> 2022-05-19 03:12:42.697914 </lastmod>
	</url><url>
		<loc> https://geoconnex.us/cuahsi/his/MWRA/129 </loc>
		<lastmod> 2022-05-19 03:12:42.697928 </lastmod>
	</url><url>
		<loc> https://geoconnex.us/cuahsi/his/MWRA/130 </loc>
		<lastmod> 2022-05-19 03:12:42.697941 </lastmod>
	</url><url>
		<loc> https://geoconnex.us/cuahsi/his/MWRA/154 </loc>
		<lastmod> 2022-05-19 03:12:42.697954 </lastmod>
	</url><url>
		<loc> https://geoconnex.us/cuahsi/his/MWRA/178 </loc>
		<lastmod> 2022-05-19 03:12:42.697970 </lastmod>
	</url><url>
		<loc> https://geoconnex.us/cuahsi/his/MWRA/55 </loc>
		<lastmod> 2022-05-19 03:12:42.697985 </lastmod>
	</url><url>
		<loc> https://geoconnex.us/cuahsi/his/MWRA/1 </loc>
		<lastmod> 2022-05-19 03:12:42.697999 </lastmod>
	</url><url>
		<loc> https://geoconnex.us/cuahsi/his/MWRA/11 </loc>
		<lastmod> 2022-05-19 03:12:42.698013 </lastmod>
	</url><url>
		<loc> https://geoconnex.us/cuahsi/his/MWRA/10 </loc>
		<lastmod> 2022-05-19 03:12:42.698026 </lastmod>
	</url><url>
		<loc> https://geoconnex.us/cuahsi/his/MWRA/9 </loc>
		<lastmod> 2022-05-19 03:12:42.698040 </lastmod>
	</url><url>
		<loc> https://geoconnex.us/cuahsi/his/MWRA/8 </loc>
		<lastmod> 2022-05-19 03:12:42.698054 </lastmod>
	</url><url>
		<loc> https://geoconnex.us/cuahsi/his/MWRA/2 </loc>
		<lastmod> 2022-05-19 03:12:42.698067 </lastmod>
	</url><url>
		<loc> https://geoconnex.us/cuahsi/his/MWRA/7 </loc>
		<lastmod> 2022-05-19 03:12:42.698083 </lastmod>
	</url><url>
		<loc> https://geoconnex.us/cuahsi/his/MWRA/6 </loc>
		<lastmod> 2022-05-19 03:12:42.698096 </lastmod>
	</url><url>
		<loc> https://geoconnex.us/cuahsi/his/MWRA/5 </loc>
		<lastmod> 2022-05-19 03:12:42.698109 </lastmod>
	</url><url>
		<loc> https://geoconnex.us/cuahsi/his/MWRA/4 </loc>
		<lastmod> 2022-05-19 03:12:42.698123 </lastmod>
	</url><url>
		<loc> https://geoconnex.us/cuahsi/his/MWRA/3 </loc>
		<lastmod> 2022-05-19 03:12:42.698136 </lastmod>
	</url><url>
		<loc> https://geoconnex.us/cuahsi/his/MWRA/12 </loc>
		<lastmod> 2022-05-19 03:12:42.698150 </lastmod>
	</url><url>
		<loc> https://geoconnex.us/cuahsi/his/MWRA/144 </loc>
		<lastmod> 2022-05-19 03:12:42.698165 </lastmod>
	</url><url>
		<loc> https://geoconnex.us/cuahsi/his/MWRA/166 </loc>
		<lastmod> 2022-05-19 03:12:42.698181 </lastmod>
	</url><url>
		<loc> https://geoconnex.us/cuahsi/his/MWRA/70 </loc>
		<lastmod> 2022-05-19 03:12:42.698195 </lastmod>
	</url><url>
		<loc> https://geoconnex.us/cuahsi/his/MWRA/57 </loc>
		<lastmod> 2022-05-19 03:12:42.698209 </lastmod>
	</url><url>
		<loc> https://geoconnex.us/cuahsi/his/MWRA/56 </loc>
		<lastmod> 2022-05-19 03:12:42.698222 </lastmod>
	</url><url>
		<loc> https://geoconnex.us/cuahsi/his/MWRA/66 </loc>
		<lastmod> 2022-05-19 03:12:42.698236 </lastmod>
	</url><url>
		<loc> https://geoconnex.us/cuahsi/his/MWRA/67 </loc>
		<lastmod> 2022-05-19 03:12:42.698249 </lastmod>
	</url><url>
		<loc> https://geoconnex.us/cuahsi/his/MWRA/74 </loc>
		<lastmod> 2022-05-19 03:12:42.698263 </lastmod>
	</url><url>
		<loc> https://geoconnex.us/cuahsi/his/MWRA/83 </loc>
		<lastmod> 2022-05-19 03:12:42.698278 </lastmod>
	</url><url>
		<loc> https://geoconnex.us/cuahsi/his/MWRA/167 </loc>
		<lastmod> 2022-05-19 03:12:42.698292 </lastmod>
	</url><url>
		<loc> https://geoconnex.us/cuahsi/his/MWRA/172 </loc>
		<lastmod> 2022-05-19 03:12:42.698306 </lastmod>
	</url><url>
		<loc> https://geoconnex.us/cuahsi/his/MWRA/174 </loc>
		<lastmod> 2022-05-19 03:12:42.698319 </lastmod>
	</url><url>
		<loc> https://geoconnex.us/cuahsi/his/MWRA/176 </loc>
		<lastmod> 2022-05-19 03:12:42.698335 </lastmod>
	</url><url>
		<loc> https://geoconnex.us/cuahsi/his/MWRA/59 </loc>
		<lastmod> 2022-05-19 03:12:42.698349 </lastmod>
	</url><url>
		<loc> https://geoconnex.us/cuahsi/his/MWRA/145 </loc>
		<lastmod> 2022-05-19 03:12:42.698363 </lastmod>
	</url><url>
		<loc> https://geoconnex.us/cuahsi/his/MWRA/177 </loc>
		<lastmod> 2022-05-19 03:12:42.698379 </lastmod>
	</url><url>
		<loc> https://geoconnex.us/cuahsi/his/MWRA/180 </loc>
		<lastmod> 2022-05-19 03:12:42.698394 </lastmod>
	</url><url>
		<loc> https://geoconnex.us/cuahsi/his/MWRA/181 </loc>
		<lastmod> 2022-05-19 03:12:42.698411 </lastmod>
	</url><url>
		<loc> https://geoconnex.us/cuahsi/his/MWRA/182 </loc>
		<lastmod> 2022-05-19 03:12:42.698425 </lastmod>
	</url><url>
		<loc> https://geoconnex.us/cuahsi/his/MWRA/183 </loc>
		<lastmod> 2022-05-19 03:12:42.698438 </lastmod>
	</url></ns0:urlset>