<ns0:urlset xmlns:ns0="http://www.sitemaps.org/schemas/sitemap/0.9">
<url>
		<loc> https://geoconnex.us/cuahsi/his/czo_luquillo/22 </loc>
		<lastmod> 2021-11-01 19:35:14.152845 </lastmod>
	</url><url>
		<loc> https://geoconnex.us/cuahsi/his/czo_luquillo/21 </loc>
		<lastmod> 2021-11-01 19:35:14.152881 </lastmod>
	</url><url>
		<loc> https://geoconnex.us/cuahsi/his/czo_luquillo/20 </loc>
		<lastmod> 2021-11-01 19:35:14.152904 </lastmod>
	</url><url>
		<loc> https://geoconnex.us/cuahsi/his/czo_luquillo/48 </loc>
		<lastmod> 2021-11-01 19:35:14.152924 </lastmod>
	</url><url>
		<loc> https://geoconnex.us/cuahsi/his/czo_luquillo/10 </loc>
		<lastmod> 2021-11-01 19:35:14.152941 </lastmod>
	</url><url>
		<loc> https://geoconnex.us/cuahsi/his/czo_luquillo/15 </loc>
		<lastmod> 2021-11-01 19:35:14.152958 </lastmod>
	</url><url>
		<loc> https://geoconnex.us/cuahsi/his/czo_luquillo/137 </loc>
		<lastmod> 2021-11-01 19:35:14.152975 </lastmod>
	</url><url>
		<loc> https://geoconnex.us/cuahsi/his/czo_luquillo/23 </loc>
		<lastmod> 2021-11-01 19:35:14.152992 </lastmod>
	</url><url>
		<loc> https://geoconnex.us/cuahsi/his/czo_luquillo/241 </loc>
		<lastmod> 2021-11-01 19:35:14.153008 </lastmod>
	</url><url>
		<loc> https://geoconnex.us/cuahsi/his/czo_luquillo/367 </loc>
		<lastmod> 2021-11-01 19:35:14.153025 </lastmod>
	</url></ns0:urlset>