<?xml version='1.0' encoding='utf-8'?>
<ns0:urlset xmlns:ns0="http://www.sitemaps.org/schemas/sitemap/0.9">
<url>
		<loc> https://geoconnex.us/cuahsi/his/Provo_River_GAMUT/PR_BD_C </loc>
		<lastmod> 2023-05-11 14:48:15.303092 </lastmod>
	</url><url>
		<loc> https://geoconnex.us/cuahsi/his/Provo_River_GAMUT/PR_BJ_AA </loc>
		<lastmod> 2023-05-11 14:48:15.303125 </lastmod>
	</url><url>
		<loc> https://geoconnex.us/cuahsi/his/Provo_River_GAMUT/PR_TL_C </loc>
		<lastmod> 2023-05-11 14:48:15.303145 </lastmod>
	</url><url>
		<loc> https://geoconnex.us/cuahsi/his/Provo_River_GAMUT/PR_CH_CUWCD </loc>
		<lastmod> 2023-05-11 14:48:15.303162 </lastmod>
	</url><url>
		<loc> https://geoconnex.us/cuahsi/his/Provo_River_GAMUT/PR_UM_CUWCD </loc>
		<lastmod> 2023-05-11 14:48:15.303178 </lastmod>
	</url><url>
		<loc> https://geoconnex.us/cuahsi/his/Provo_River_GAMUT/PR_BJ_CUWCD </loc>
		<lastmod> 2023-05-11 14:48:15.303194 </lastmod>
	</url><url>
		<loc> https://geoconnex.us/cuahsi/his/Provo_River_GAMUT/PR_CH_AA </loc>
		<lastmod> 2023-05-11 14:48:15.303209 </lastmod>
	</url><url>
		<loc> https://geoconnex.us/cuahsi/his/Provo_River_GAMUT/PR_LM_BA </loc>
		<lastmod> 2023-05-11 14:48:15.303225 </lastmod>
	</url><url>
		<loc> https://geoconnex.us/cuahsi/his/Provo_River_GAMUT/PR_TC_CUWCD </loc>
		<lastmod> 2023-05-11 14:48:15.303241 </lastmod>
	</url><url>
		<loc> https://geoconnex.us/cuahsi/his/Provo_River_GAMUT/PR_CH_C </loc>
		<lastmod> 2023-05-11 14:48:15.303257 </lastmod>
	</url><url>
		<loc> https://geoconnex.us/cuahsi/his/Provo_River_GAMUT/PR_ST_C </loc>
		<lastmod> 2023-05-11 14:48:15.303272 </lastmod>
	</url><url>
		<loc> https://geoconnex.us/cuahsi/his/Provo_River_GAMUT/PR_ST_BA </loc>
		<lastmod> 2023-05-11 14:48:15.303287 </lastmod>
	</url><url>
		<loc> https://geoconnex.us/cuahsi/his/Provo_River_GAMUT/PR_KM_B </loc>
		<lastmod> 2023-05-11 14:48:15.303303 </lastmod>
	</url><url>
		<loc> https://geoconnex.us/cuahsi/his/Provo_River_GAMUT/PR_YL_R </loc>
		<lastmod> 2023-05-11 14:48:15.303318 </lastmod>
	</url><url>
		<loc> https://geoconnex.us/cuahsi/his/Provo_River_GAMUT/PR_SageCreek_canal </loc>
		<lastmod> 2023-05-11 14:48:15.303333 </lastmod>
	</url><url>
		<loc> https://geoconnex.us/cuahsi/his/Provo_River_GAMUT/PR_Flood_canal </loc>
		<lastmod> 2023-05-11 14:48:15.303348 </lastmod>
	</url><url>
		<loc> https://geoconnex.us/cuahsi/his/Provo_River_GAMUT/PR_WD_BA </loc>
		<lastmod> 2023-05-11 14:48:15.303364 </lastmod>
	</url><url>
		<loc> https://geoconnex.us/cuahsi/his/Provo_River_GAMUT/PR_WD_USGS </loc>
		<lastmod> 2023-05-11 14:48:15.303379 </lastmod>
	</url><url>
		<loc> https://geoconnex.us/cuahsi/his/Provo_River_GAMUT/PR_RW_A </loc>
		<lastmod> 2023-05-11 14:48:15.303394 </lastmod>
	</url><url>
		<loc> https://geoconnex.us/cuahsi/his/Provo_River_GAMUT/PR_HD_AA </loc>
		<lastmod> 2023-05-11 14:48:15.303409 </lastmod>
	</url><url>
		<loc> https://geoconnex.us/cuahsi/his/Provo_River_GAMUT/PR_HD_USGS </loc>
		<lastmod> 2023-05-11 14:48:15.303425 </lastmod>
	</url></ns0:urlset>