<?xml version='1.0' encoding='utf-8'?>
<ns0:urlset xmlns:ns0="http://www.sitemaps.org/schemas/sitemap/0.9">
<url>
		<loc> https://geoconnex.us/cuahsi/his/MMA_Atacama/S1_M1 </loc>
		<lastmod> 2022-05-19 03:12:45.909099 </lastmod>
	</url><url>
		<loc> https://geoconnex.us/cuahsi/his/MMA_Atacama/S3_PA1_ATM1 </loc>
		<lastmod> 2022-05-19 03:12:45.909130 </lastmod>
	</url><url>
		<loc> https://geoconnex.us/cuahsi/his/MMA_Atacama/S3_PA1_TD1 </loc>
		<lastmod> 2022-05-19 03:12:45.909148 </lastmod>
	</url><url>
		<loc> https://geoconnex.us/cuahsi/his/MMA_Atacama/S1_ST2_SA1 </loc>
		<lastmod> 2022-05-19 03:12:45.909164 </lastmod>
	</url><url>
		<loc> https://geoconnex.us/cuahsi/his/MMA_Atacama/S3_PA1_SA1 </loc>
		<lastmod> 2022-05-19 03:12:45.909179 </lastmod>
	</url><url>
		<loc> https://geoconnex.us/cuahsi/his/MMA_Atacama/S2_RL1_TD1 </loc>
		<lastmod> 2022-05-19 03:12:45.909194 </lastmod>
	</url><url>
		<loc> https://geoconnex.us/cuahsi/his/MMA_Atacama/S2_RL1_ATM1 </loc>
		<lastmod> 2022-05-19 03:12:45.909209 </lastmod>
	</url><url>
		<loc> https://geoconnex.us/cuahsi/his/MMA_Atacama/03041003-3 </loc>
		<lastmod> 2022-05-19 03:12:45.909223 </lastmod>
	</url></ns0:urlset>