<?xml version='1.0' encoding='utf-8'?>
<ns0:urlset xmlns:ns0="http://www.sitemaps.org/schemas/sitemap/0.9">
<url>
		<loc> https://geoconnex.us/cuahsi/his/MWDIS/MWDIS-SITE1 </loc>
		<lastmod> 2022-02-28 19:27:55.491821 </lastmod>
	</url><url>
		<loc> https://geoconnex.us/cuahsi/his/MWDIS/MWDIS-SITE2 </loc>
		<lastmod> 2022-02-28 19:27:55.491861 </lastmod>
	</url><url>
		<loc> https://geoconnex.us/cuahsi/his/MWDIS/NFWF-MGB-1 </loc>
		<lastmod> 2022-02-28 19:27:55.491885 </lastmod>
	</url><url>
		<loc> https://geoconnex.us/cuahsi/his/MWDIS/FHRL-ES-1 </loc>
		<lastmod> 2022-02-28 19:27:55.491906 </lastmod>
	</url><url>
		<loc> https://geoconnex.us/cuahsi/his/MWDIS/FHRL-ES-2 </loc>
		<lastmod> 2022-02-28 19:27:55.491925 </lastmod>
	</url><url>
		<loc> https://geoconnex.us/cuahsi/his/MWDIS/FHRL-ES-3 </loc>
		<lastmod> 2022-02-28 19:27:55.491943 </lastmod>
	</url><url>
		<loc> https://geoconnex.us/cuahsi/his/MWDIS/FHRL-ES-4 </loc>
		<lastmod> 2022-02-28 19:27:55.491961 </lastmod>
	</url><url>
		<loc> https://geoconnex.us/cuahsi/his/MWDIS/FHRL-ES-5 </loc>
		<lastmod> 2022-02-28 19:27:55.491979 </lastmod>
	</url><url>
		<loc> https://geoconnex.us/cuahsi/his/MWDIS/FHRL-MGB-1 </loc>
		<lastmod> 2022-02-28 19:27:55.491996 </lastmod>
	</url><url>
		<loc> https://geoconnex.us/cuahsi/his/MWDIS/FHRL-MGB-2 </loc>
		<lastmod> 2022-02-28 19:27:55.492014 </lastmod>
	</url><url>
		<loc> https://geoconnex.us/cuahsi/his/MWDIS/FHRL-MGB-3 </loc>
		<lastmod> 2022-02-28 19:27:55.492032 </lastmod>
	</url><url>
		<loc> https://geoconnex.us/cuahsi/his/MWDIS/FHRL-MGB-4 </loc>
		<lastmod> 2022-02-28 19:27:55.492049 </lastmod>
	</url><url>
		<loc> https://geoconnex.us/cuahsi/his/MWDIS/FHRL-MGB-5 </loc>
		<lastmod> 2022-02-28 19:27:55.492067 </lastmod>
	</url><url>
		<loc> https://geoconnex.us/cuahsi/his/MWDIS/FHRL-MNB-1 </loc>
		<lastmod> 2022-02-28 19:27:55.492084 </lastmod>
	</url><url>
		<loc> https://geoconnex.us/cuahsi/his/MWDIS/FHRL-MNB-2 </loc>
		<lastmod> 2022-02-28 19:27:55.492106 </lastmod>
	</url><url>
		<loc> https://geoconnex.us/cuahsi/his/MWDIS/FHRL-MNB-3 </loc>
		<lastmod> 2022-02-28 19:27:55.492127 </lastmod>
	</url><url>
		<loc> https://geoconnex.us/cuahsi/his/MWDIS/FHRL-MNB-4 </loc>
		<lastmod> 2022-02-28 19:27:55.492144 </lastmod>
	</url><url>
		<loc> https://geoconnex.us/cuahsi/his/MWDIS/FHRL-MNB-5 </loc>
		<lastmod> 2022-02-28 19:27:55.492162 </lastmod>
	</url><url>
		<loc> https://geoconnex.us/cuahsi/his/MWDIS/FHRL-MNB-6 </loc>
		<lastmod> 2022-02-28 19:27:55.492179 </lastmod>
	</url><url>
		<loc> https://geoconnex.us/cuahsi/his/MWDIS/FHRL-DM-1 </loc>
		<lastmod> 2022-02-28 19:27:55.492196 </lastmod>
	</url><url>
		<loc> https://geoconnex.us/cuahsi/his/MWDIS/FHRL-DM-2 </loc>
		<lastmod> 2022-02-28 19:27:55.492214 </lastmod>
	</url><url>
		<loc> https://geoconnex.us/cuahsi/his/MWDIS/FHRL-DM-3 </loc>
		<lastmod> 2022-02-28 19:27:55.492231 </lastmod>
	</url><url>
		<loc> https://geoconnex.us/cuahsi/his/MWDIS/FHRL-ES-atmP </loc>
		<lastmod> 2022-02-28 19:27:55.492248 </lastmod>
	</url><url>
		<loc> https://geoconnex.us/cuahsi/his/MWDIS/FHRL-MGB-atmP </loc>
		<lastmod> 2022-02-28 19:27:55.492266 </lastmod>
	</url><url>
		<loc> https://geoconnex.us/cuahsi/his/MWDIS/FHRL-MNB-atmP </loc>
		<lastmod> 2022-02-28 19:27:55.492283 </lastmod>
	</url><url>
		<loc> https://geoconnex.us/cuahsi/his/MWDIS/FHRL-DM-atmP </loc>
		<lastmod> 2022-02-28 19:27:55.492300 </lastmod>
	</url><url>
		<loc> https://geoconnex.us/cuahsi/his/MWDIS/FHRL-DI-1 </loc>
		<lastmod> 2022-02-28 19:27:55.492318 </lastmod>
	</url><url>
		<loc> https://geoconnex.us/cuahsi/his/MWDIS/FHRL-DI-2 </loc>
		<lastmod> 2022-02-28 19:27:55.492336 </lastmod>
	</url><url>
		<loc> https://geoconnex.us/cuahsi/his/MWDIS/FHRL-DI-3 </loc>
		<lastmod> 2022-02-28 19:27:55.492353 </lastmod>
	</url><url>
		<loc> https://geoconnex.us/cuahsi/his/MWDIS/FHRL-DI-4 </loc>
		<lastmod> 2022-02-28 19:27:55.492370 </lastmod>
	</url><url>
		<loc> https://geoconnex.us/cuahsi/his/MWDIS/FHRL-DI-5 </loc>
		<lastmod> 2022-02-28 19:27:55.492388 </lastmod>
	</url><url>
		<loc> https://geoconnex.us/cuahsi/his/MWDIS/FHRL-DI-6 </loc>
		<lastmod> 2022-02-28 19:27:55.492423 </lastmod>
	</url><url>
		<loc> https://geoconnex.us/cuahsi/his/MWDIS/FHRL-DI-7 </loc>
		<lastmod> 2022-02-28 19:27:55.492441 </lastmod>
	</url><url>
		<loc> https://geoconnex.us/cuahsi/his/MWDIS/FHRL-DI-8 </loc>
		<lastmod> 2022-02-28 19:27:55.492459 </lastmod>
	</url></ns0:urlset>