<?xml version='1.0' encoding='utf-8'?>
<ns0:urlset xmlns:ns0="http://www.sitemaps.org/schemas/sitemap/0.9">
<url>
		<loc> https://geoconnex.us/cuahsi/his/czo_catalina/HOBO_B2 </loc>
		<lastmod> 2022-05-19 20:23:28.608504 </lastmod>
	</url><url>
		<loc> https://geoconnex.us/cuahsi/his/czo_catalina/HOBO_OR </loc>
		<lastmod> 2022-05-19 20:23:28.608544 </lastmod>
	</url><url>
		<loc> https://geoconnex.us/cuahsi/his/czo_catalina/OR_Rain1 </loc>
		<lastmod> 2022-05-19 20:23:28.608565 </lastmod>
	</url><url>
		<loc> https://geoconnex.us/cuahsi/his/czo_catalina/OR_Rain2 </loc>
		<lastmod> 2022-05-19 20:23:28.608675 </lastmod>
	</url><url>
		<loc> https://geoconnex.us/cuahsi/his/czo_catalina/OR_Rain3 </loc>
		<lastmod> 2022-05-19 20:23:28.608693 </lastmod>
	</url><url>
		<loc> https://geoconnex.us/cuahsi/his/czo_catalina/B2_Rain2 </loc>
		<lastmod> 2022-05-19 20:23:28.608709 </lastmod>
	</url><url>
		<loc> https://geoconnex.us/cuahsi/his/czo_catalina/MG_ATM </loc>
		<lastmod> 2022-05-19 20:23:28.608725 </lastmod>
	</url><url>
		<loc> https://geoconnex.us/cuahsi/his/czo_catalina/B2_Rain1 </loc>
		<lastmod> 2022-05-19 20:23:28.608740 </lastmod>
	</url><url>
		<loc> https://geoconnex.us/cuahsi/his/czo_catalina/MG_FermValley_Rain </loc>
		<lastmod> 2022-05-19 20:23:28.608754 </lastmod>
	</url><url>
		<loc> https://geoconnex.us/cuahsi/his/czo_catalina/MG_Schist_Rain </loc>
		<lastmod> 2022-05-19 20:23:28.608769 </lastmod>
	</url><url>
		<loc> https://geoconnex.us/cuahsi/his/czo_catalina/MG_Outlet_Rain </loc>
		<lastmod> 2022-05-19 20:23:28.608784 </lastmod>
	</url><url>
		<loc> https://geoconnex.us/cuahsi/his/czo_catalina/MG_DoubleRock_Rain </loc>
		<lastmod> 2022-05-19 20:23:28.608797 </lastmod>
	</url><url>
		<loc> https://geoconnex.us/cuahsi/his/czo_catalina/MG_BurntMeadow_Rain </loc>
		<lastmod> 2022-05-19 20:23:28.608812 </lastmod>
	</url><url>
		<loc> https://geoconnex.us/cuahsi/his/czo_catalina/MG_Granite_Rain </loc>
		<lastmod> 2022-05-19 20:23:28.608827 </lastmod>
	</url><url>
		<loc> https://geoconnex.us/cuahsi/his/czo_catalina/OR_low_stream </loc>
		<lastmod> 2022-05-19 20:23:28.608840 </lastmod>
	</url><url>
		<loc> https://geoconnex.us/cuahsi/his/czo_catalina/MG_WEIR </loc>
		<lastmod> 2022-05-19 20:23:28.608854 </lastmod>
	</url><url>
		<loc> https://geoconnex.us/cuahsi/his/czo_catalina/MGG_Met </loc>
		<lastmod> 2022-05-19 20:23:28.608868 </lastmod>
	</url><url>
		<loc> https://geoconnex.us/cuahsi/his/czo_catalina/MGG_Met_TRH </loc>
		<lastmod> 2022-05-19 20:23:28.608882 </lastmod>
	</url><url>
		<loc> https://geoconnex.us/cuahsi/his/czo_catalina/MGG_Met_NR </loc>
		<lastmod> 2022-05-19 20:23:28.608896 </lastmod>
	</url><url>
		<loc> https://geoconnex.us/cuahsi/his/czo_catalina/MGS_Met </loc>
		<lastmod> 2022-05-19 20:23:28.608911 </lastmod>
	</url><url>
		<loc> https://geoconnex.us/cuahsi/his/czo_catalina/MGS_Met_TRH </loc>
		<lastmod> 2022-05-19 20:23:28.608925 </lastmod>
	</url><url>
		<loc> https://geoconnex.us/cuahsi/his/czo_catalina/MGS_Met_NR </loc>
		<lastmod> 2022-05-19 20:23:28.608938 </lastmod>
	</url><url>
		<loc> https://geoconnex.us/cuahsi/his/czo_catalina/MtLemmon_Rain </loc>
		<lastmod> 2022-05-19 20:23:28.608952 </lastmod>
	</url><url>
		<loc> https://geoconnex.us/cuahsi/his/czo_catalina/MG_Weir_Rain </loc>
		<lastmod> 2022-05-19 20:23:28.608967 </lastmod>
	</url><url>
		<loc> https://geoconnex.us/cuahsi/his/czo_catalina/MG_Schist_Winter_Rain </loc>
		<lastmod> 2022-05-19 20:23:28.608981 </lastmod>
	</url><url>
		<loc> https://geoconnex.us/cuahsi/his/czo_catalina/MG_S_SEEP </loc>
		<lastmod> 2022-05-19 20:23:28.608995 </lastmod>
	</url></ns0:urlset>