<?xml version='1.0' encoding='utf-8'?>
<ns0:urlset xmlns:ns0="http://www.sitemaps.org/schemas/sitemap/0.9">
<url>
		<loc> https://geoconnex.us/cuahsi/his/NashRWA/BR1039 </loc>
		<lastmod> 2023-05-11 14:48:20.124704 </lastmod>
	</url><url>
		<loc> https://geoconnex.us/cuahsi/his/NashRWA/CT0195 </loc>
		<lastmod> 2023-05-11 14:48:20.124736 </lastmod>
	</url><url>
		<loc> https://geoconnex.us/cuahsi/his/NashRWA/CT0425 </loc>
		<lastmod> 2023-05-11 14:48:20.124758 </lastmod>
	</url><url>
		<loc> https://geoconnex.us/cuahsi/his/NashRWA/FT0380 </loc>
		<lastmod> 2023-05-11 14:48:20.124775 </lastmod>
	</url><url>
		<loc> https://geoconnex.us/cuahsi/his/NashRWA/GB0312 </loc>
		<lastmod> 2023-05-11 14:48:20.124791 </lastmod>
	</url><url>
		<loc> https://geoconnex.us/cuahsi/his/NashRWA/JB0121 </loc>
		<lastmod> 2023-05-11 14:48:20.124807 </lastmod>
	</url><url>
		<loc> https://geoconnex.us/cuahsi/his/NashRWA/JB0583 </loc>
		<lastmod> 2023-05-11 14:48:20.124822 </lastmod>
	</url><url>
		<loc> https://geoconnex.us/cuahsi/his/NashRWA/MN0009 </loc>
		<lastmod> 2023-05-11 14:48:20.124838 </lastmod>
	</url><url>
		<loc> https://geoconnex.us/cuahsi/his/NashRWA/MN0223 </loc>
		<lastmod> 2023-05-11 14:48:20.124853 </lastmod>
	</url><url>
		<loc> https://geoconnex.us/cuahsi/his/NashRWA/MN0419 </loc>
		<lastmod> 2023-05-11 14:48:20.124868 </lastmod>
	</url><url>
		<loc> https://geoconnex.us/cuahsi/his/NashRWA/MN0520 </loc>
		<lastmod> 2023-05-11 14:48:20.124883 </lastmod>
	</url><url>
		<loc> https://geoconnex.us/cuahsi/his/NashRWA/MU0647 </loc>
		<lastmod> 2023-05-11 14:48:20.124898 </lastmod>
	</url><url>
		<loc> https://geoconnex.us/cuahsi/his/NashRWA/MU2011 </loc>
		<lastmod> 2023-05-11 14:48:20.124914 </lastmod>
	</url><url>
		<loc> https://geoconnex.us/cuahsi/his/NashRWA/NB0006 </loc>
		<lastmod> 2023-05-11 14:48:20.124930 </lastmod>
	</url><url>
		<loc> https://geoconnex.us/cuahsi/his/NashRWA/NM0121 </loc>
		<lastmod> 2023-05-11 14:48:20.124945 </lastmod>
	</url><url>
		<loc> https://geoconnex.us/cuahsi/his/NashRWA/NM0875 </loc>
		<lastmod> 2023-05-11 14:48:20.124960 </lastmod>
	</url><url>
		<loc> https://geoconnex.us/cuahsi/his/NashRWA/NM1567 </loc>
		<lastmod> 2023-05-11 14:48:20.124975 </lastmod>
	</url><url>
		<loc> https://geoconnex.us/cuahsi/his/NashRWA/NM2256 </loc>
		<lastmod> 2023-05-11 14:48:20.124990 </lastmod>
	</url><url>
		<loc> https://geoconnex.us/cuahsi/his/NashRWA/NM2443B </loc>
		<lastmod> 2023-05-11 14:48:20.125005 </lastmod>
	</url><url>
		<loc> https://geoconnex.us/cuahsi/his/NashRWA/NM2928 </loc>
		<lastmod> 2023-05-11 14:48:20.125020 </lastmod>
	</url><url>
		<loc> https://geoconnex.us/cuahsi/his/NashRWA/NM4201 </loc>
		<lastmod> 2023-05-11 14:48:20.125035 </lastmod>
	</url><url>
		<loc> https://geoconnex.us/cuahsi/his/NashRWA/NM5837 </loc>
		<lastmod> 2023-05-11 14:48:20.125050 </lastmod>
	</url><url>
		<loc> https://geoconnex.us/cuahsi/his/NashRWA/NN0049 </loc>
		<lastmod> 2023-05-11 14:48:20.125065 </lastmod>
	</url><url>
		<loc> https://geoconnex.us/cuahsi/his/NashRWA/NN0426 </loc>
		<lastmod> 2023-05-11 14:48:20.125080 </lastmod>
	</url><url>
		<loc> https://geoconnex.us/cuahsi/his/NashRWA/NN1194 </loc>
		<lastmod> 2023-05-11 14:48:20.125095 </lastmod>
	</url><url>
		<loc> https://geoconnex.us/cuahsi/his/NashRWA/NN1905 </loc>
		<lastmod> 2023-05-11 14:48:20.125110 </lastmod>
	</url><url>
		<loc> https://geoconnex.us/cuahsi/his/NashRWA/NN2657 </loc>
		<lastmod> 2023-05-11 14:48:20.125125 </lastmod>
	</url><url>
		<loc> https://geoconnex.us/cuahsi/his/NashRWA/NN2888 </loc>
		<lastmod> 2023-05-11 14:48:20.125141 </lastmod>
	</url><url>
		<loc> https://geoconnex.us/cuahsi/his/NashRWA/NN3071 </loc>
		<lastmod> 2023-05-11 14:48:20.125156 </lastmod>
	</url><url>
		<loc> https://geoconnex.us/cuahsi/his/NashRWA/NT0082 </loc>
		<lastmod> 2023-05-11 14:48:20.125171 </lastmod>
	</url><url>
		<loc> https://geoconnex.us/cuahsi/his/NashRWA/NT0418 </loc>
		<lastmod> 2023-05-11 14:48:20.125186 </lastmod>
	</url><url>
		<loc> https://geoconnex.us/cuahsi/his/NashRWA/NT0890 </loc>
		<lastmod> 2023-05-11 14:48:20.125201 </lastmod>
	</url><url>
		<loc> https://geoconnex.us/cuahsi/his/NashRWA/PB0480 </loc>
		<lastmod> 2023-05-11 14:48:20.125217 </lastmod>
	</url><url>
		<loc> https://geoconnex.us/cuahsi/his/NashRWA/SB0025 </loc>
		<lastmod> 2023-05-11 14:48:20.125232 </lastmod>
	</url><url>
		<loc> https://geoconnex.us/cuahsi/his/NashRWA/SB0295 </loc>
		<lastmod> 2023-05-11 14:48:20.125247 </lastmod>
	</url><url>
		<loc> https://geoconnex.us/cuahsi/his/NashRWA/SN0169 </loc>
		<lastmod> 2023-05-11 14:48:20.125262 </lastmod>
	</url><url>
		<loc> https://geoconnex.us/cuahsi/his/NashRWA/SQ0356 </loc>
		<lastmod> 2023-05-11 14:48:20.125278 </lastmod>
	</url><url>
		<loc> https://geoconnex.us/cuahsi/his/NashRWA/SQ1329 </loc>
		<lastmod> 2023-05-11 14:48:20.125293 </lastmod>
	</url><url>
		<loc> https://geoconnex.us/cuahsi/his/NashRWA/SQ1788 </loc>
		<lastmod> 2023-05-11 14:48:20.125308 </lastmod>
	</url><url>
		<loc> https://geoconnex.us/cuahsi/his/NashRWA/SQ2400 </loc>
		<lastmod> 2023-05-11 14:48:20.125323 </lastmod>
	</url><url>
		<loc> https://geoconnex.us/cuahsi/his/NashRWA/WE0034 </loc>
		<lastmod> 2023-05-11 14:48:20.125339 </lastmod>
	</url><url>
		<loc> https://geoconnex.us/cuahsi/his/NashRWA/WK0545 </loc>
		<lastmod> 2023-05-11 14:48:20.125353 </lastmod>
	</url><url>
		<loc> https://geoconnex.us/cuahsi/his/NashRWA/WK0600 </loc>
		<lastmod> 2023-05-11 14:48:20.125368 </lastmod>
	</url><url>
		<loc> https://geoconnex.us/cuahsi/his/NashRWA/BK0430 </loc>
		<lastmod> 2023-05-11 14:48:20.125383 </lastmod>
	</url><url>
		<loc> https://geoconnex.us/cuahsi/his/NashRWA/BR0895 </loc>
		<lastmod> 2023-05-11 14:48:20.125399 </lastmod>
	</url><url>
		<loc> https://geoconnex.us/cuahsi/his/NashRWA/CT0151 </loc>
		<lastmod> 2023-05-11 14:48:20.125414 </lastmod>
	</url><url>
		<loc> https://geoconnex.us/cuahsi/his/NashRWA/CT0743 </loc>
		<lastmod> 2023-05-11 14:48:20.125429 </lastmod>
	</url><url>
		<loc> https://geoconnex.us/cuahsi/his/NashRWA/EB0023 </loc>
		<lastmod> 2023-05-11 14:48:20.125444 </lastmod>
	</url><url>
		<loc> https://geoconnex.us/cuahsi/his/NashRWA/FT0290 </loc>
		<lastmod> 2023-05-11 14:48:20.125460 </lastmod>
	</url><url>
		<loc> https://geoconnex.us/cuahsi/his/NashRWA/JB0200 </loc>
		<lastmod> 2023-05-11 14:48:20.125475 </lastmod>
	</url><url>
		<loc> https://geoconnex.us/cuahsi/his/NashRWA/JB0457 </loc>
		<lastmod> 2023-05-11 14:48:20.125490 </lastmod>
	</url><url>
		<loc> https://geoconnex.us/cuahsi/his/NashRWA/LB0038 </loc>
		<lastmod> 2023-05-11 14:48:20.125505 </lastmod>
	</url><url>
		<loc> https://geoconnex.us/cuahsi/his/NashRWA/MN0713 </loc>
		<lastmod> 2023-05-11 14:48:20.125520 </lastmod>
	</url><url>
		<loc> https://geoconnex.us/cuahsi/his/NashRWA/NM0140 </loc>
		<lastmod> 2023-05-11 14:48:20.125535 </lastmod>
	</url><url>
		<loc> https://geoconnex.us/cuahsi/his/NashRWA/NM0200 </loc>
		<lastmod> 2023-05-11 14:48:20.125549 </lastmod>
	</url><url>
		<loc> https://geoconnex.us/cuahsi/his/NashRWA/NM6274 </loc>
		<lastmod> 2023-05-11 14:48:20.125564 </lastmod>
	</url><url>
		<loc> https://geoconnex.us/cuahsi/his/NashRWA/NT0768 </loc>
		<lastmod> 2023-05-11 14:48:20.125579 </lastmod>
	</url><url>
		<loc> https://geoconnex.us/cuahsi/his/NashRWA/NT1648 </loc>
		<lastmod> 2023-05-11 14:48:20.125594 </lastmod>
	</url><url>
		<loc> https://geoconnex.us/cuahsi/his/NashRWA/PB0840 </loc>
		<lastmod> 2023-05-11 14:48:20.125609 </lastmod>
	</url><url>
		<loc> https://geoconnex.us/cuahsi/his/NashRWA/SQ1840 </loc>
		<lastmod> 2023-05-11 14:48:20.125624 </lastmod>
	</url><url>
		<loc> https://geoconnex.us/cuahsi/his/NashRWA/VB0075 </loc>
		<lastmod> 2023-05-11 14:48:20.125639 </lastmod>
	</url><url>
		<loc> https://geoconnex.us/cuahsi/his/NashRWA/WB0300 </loc>
		<lastmod> 2023-05-11 14:48:20.125654 </lastmod>
	</url><url>
		<loc> https://geoconnex.us/cuahsi/his/NashRWA/WE0180 </loc>
		<lastmod> 2023-05-11 14:48:20.125669 </lastmod>
	</url><url>
		<loc> https://geoconnex.us/cuahsi/his/NashRWA/WK0550 </loc>
		<lastmod> 2023-05-11 14:48:20.125684 </lastmod>
	</url><url>
		<loc> https://geoconnex.us/cuahsi/his/NashRWA/NM4426 </loc>
		<lastmod> 2023-05-11 14:48:20.125699 </lastmod>
	</url></ns0:urlset>