<ns0:urlset xmlns:ns0="http://www.sitemaps.org/schemas/sitemap/0.9">
<url>
		<loc> https://geoconnex.us/cuahsi/his/czo_psu/CZO_RTH1 </loc>
		<lastmod> 2021-11-03 17:00:14.810628 </lastmod>
	</url><url>
		<loc> https://geoconnex.us/cuahsi/his/czo_psu/CZO_RTH2_1 </loc>
		<lastmod> 2021-11-03 17:00:14.810663 </lastmod>
	</url><url>
		<loc> https://geoconnex.us/cuahsi/his/czo_psu/CZO_RTH2_2 </loc>
		<lastmod> 2021-11-03 17:00:14.810686 </lastmod>
	</url><url>
		<loc> https://geoconnex.us/cuahsi/his/czo_psu/CZO_RTH2_3 </loc>
		<lastmod> 2021-11-03 17:00:14.810705 </lastmod>
	</url><url>
		<loc> https://geoconnex.us/cuahsi/his/czo_psu/CZO_RTH3_1 </loc>
		<lastmod> 2021-11-03 17:00:14.810721 </lastmod>
	</url><url>
		<loc> https://geoconnex.us/cuahsi/his/czo_psu/CZO_RTH3_2 </loc>
		<lastmod> 2021-11-03 17:00:14.810738 </lastmod>
	</url><url>
		<loc> https://geoconnex.us/cuahsi/his/czo_psu/CZO_RTH3_3 </loc>
		<lastmod> 2021-11-03 17:00:14.810769 </lastmod>
	</url><url>
		<loc> https://geoconnex.us/cuahsi/his/czo_psu/CZO_RTH3_4 </loc>
		<lastmod> 2021-11-03 17:00:14.810784 </lastmod>
	</url><url>
		<loc> https://geoconnex.us/cuahsi/his/czo_psu/CZO_RTH3_5 </loc>
		<lastmod> 2021-11-03 17:00:14.810800 </lastmod>
	</url><url>
		<loc> https://geoconnex.us/cuahsi/his/czo_psu/CZO_RTH3_6 </loc>
		<lastmod> 2021-11-03 17:00:14.810821 </lastmod>
	</url><url>
		<loc> https://geoconnex.us/cuahsi/his/czo_psu/CZO_RTH3_7 </loc>
		<lastmod> 2021-11-03 17:00:14.810837 </lastmod>
	</url><url>
		<loc> https://geoconnex.us/cuahsi/his/czo_psu/CZO_RTH4 </loc>
		<lastmod> 2021-11-03 17:00:14.810852 </lastmod>
	</url><url>
		<loc> https://geoconnex.us/cuahsi/his/czo_psu/SSHCZO_FluxTower </loc>
		<lastmod> 2021-11-03 17:00:14.810868 </lastmod>
	</url><url>
		<loc> https://geoconnex.us/cuahsi/his/czo_psu/SSH_55 </loc>
		<lastmod> 2021-11-03 17:00:14.810883 </lastmod>
	</url><url>
		<loc> https://geoconnex.us/cuahsi/his/czo_psu/SSH_60 </loc>
		<lastmod> 2021-11-03 17:00:14.810899 </lastmod>
	</url><url>
		<loc> https://geoconnex.us/cuahsi/his/czo_psu/SSH_03 </loc>
		<lastmod> 2021-11-03 17:00:14.810914 </lastmod>
	</url><url>
		<loc> https://geoconnex.us/cuahsi/his/czo_psu/SSH_06 </loc>
		<lastmod> 2021-11-03 17:00:14.810929 </lastmod>
	</url><url>
		<loc> https://geoconnex.us/cuahsi/his/czo_psu/SSH_08 </loc>
		<lastmod> 2021-11-03 17:00:14.810944 </lastmod>
	</url><url>
		<loc> https://geoconnex.us/cuahsi/his/czo_psu/SSH_11 </loc>
		<lastmod> 2021-11-03 17:00:14.810959 </lastmod>
	</url><url>
		<loc> https://geoconnex.us/cuahsi/his/czo_psu/SSH_12 </loc>
		<lastmod> 2021-11-03 17:00:14.810975 </lastmod>
	</url><url>
		<loc> https://geoconnex.us/cuahsi/his/czo_psu/SSH_15 </loc>
		<lastmod> 2021-11-03 17:00:14.810990 </lastmod>
	</url><url>
		<loc> https://geoconnex.us/cuahsi/his/czo_psu/SSH_51 </loc>
		<lastmod> 2021-11-03 17:00:14.811005 </lastmod>
	</url><url>
		<loc> https://geoconnex.us/cuahsi/his/czo_psu/SSH_53 </loc>
		<lastmod> 2021-11-03 17:00:14.811020 </lastmod>
	</url><url>
		<loc> https://geoconnex.us/cuahsi/his/czo_psu/SSH_61 </loc>
		<lastmod> 2021-11-03 17:00:14.811035 </lastmod>
	</url><url>
		<loc> https://geoconnex.us/cuahsi/his/czo_psu/SSH_74 </loc>
		<lastmod> 2021-11-03 17:00:14.811050 </lastmod>
	</url><url>
		<loc> https://geoconnex.us/cuahsi/his/czo_psu/SSH_A4 </loc>
		<lastmod> 2021-11-03 17:00:14.811065 </lastmod>
	</url><url>
		<loc> https://geoconnex.us/cuahsi/his/czo_psu/SW </loc>
		<lastmod> 2021-11-03 17:00:14.811080 </lastmod>
	</url><url>
		<loc> https://geoconnex.us/cuahsi/his/czo_psu/SW_ISCO </loc>
		<lastmod> 2021-11-03 17:00:14.811095 </lastmod>
	</url><url>
		<loc> https://geoconnex.us/cuahsi/his/czo_psu/SSH_GW1 </loc>
		<lastmod> 2021-11-03 17:00:14.811110 </lastmod>
	</url><url>
		<loc> https://geoconnex.us/cuahsi/his/czo_psu/SSH_GW2 </loc>
		<lastmod> 2021-11-03 17:00:14.811125 </lastmod>
	</url><url>
		<loc> https://geoconnex.us/cuahsi/his/czo_psu/SPVF </loc>
		<lastmod> 2021-11-03 17:00:14.811140 </lastmod>
	</url><url>
		<loc> https://geoconnex.us/cuahsi/his/czo_psu/SPMS </loc>
		<lastmod> 2021-11-03 17:00:14.811156 </lastmod>
	</url><url>
		<loc> https://geoconnex.us/cuahsi/his/czo_psu/SPRT </loc>
		<lastmod> 2021-11-03 17:00:14.811170 </lastmod>
	</url><url>
		<loc> https://geoconnex.us/cuahsi/his/czo_psu/SSVF </loc>
		<lastmod> 2021-11-03 17:00:14.811185 </lastmod>
	</url><url>
		<loc> https://geoconnex.us/cuahsi/his/czo_psu/SSMS </loc>
		<lastmod> 2021-11-03 17:00:14.811200 </lastmod>
	</url><url>
		<loc> https://geoconnex.us/cuahsi/his/czo_psu/SSRT </loc>
		<lastmod> 2021-11-03 17:00:14.811215 </lastmod>
	</url><url>
		<loc> https://geoconnex.us/cuahsi/his/czo_psu/NSVF </loc>
		<lastmod> 2021-11-03 17:00:14.811230 </lastmod>
	</url><url>
		<loc> https://geoconnex.us/cuahsi/his/czo_psu/NSMS </loc>
		<lastmod> 2021-11-03 17:00:14.811244 </lastmod>
	</url><url>
		<loc> https://geoconnex.us/cuahsi/his/czo_psu/NSRT </loc>
		<lastmod> 2021-11-03 17:00:14.811259 </lastmod>
	</url><url>
		<loc> https://geoconnex.us/cuahsi/his/czo_psu/NPVF </loc>
		<lastmod> 2021-11-03 17:00:14.811273 </lastmod>
	</url><url>
		<loc> https://geoconnex.us/cuahsi/his/czo_psu/NPMS </loc>
		<lastmod> 2021-11-03 17:00:14.811288 </lastmod>
	</url><url>
		<loc> https://geoconnex.us/cuahsi/his/czo_psu/NPRT </loc>
		<lastmod> 2021-11-03 17:00:14.811302 </lastmod>
	</url><url>
		<loc> https://geoconnex.us/cuahsi/his/czo_psu/SH </loc>
		<lastmod> 2021-11-03 17:00:14.811317 </lastmod>
	</url><url>
		<loc> https://geoconnex.us/cuahsi/his/czo_psu/SM </loc>
		<lastmod> 2021-11-03 17:00:14.811332 </lastmod>
	</url><url>
		<loc> https://geoconnex.us/cuahsi/his/czo_psu/GW1 </loc>
		<lastmod> 2021-11-03 17:00:14.811347 </lastmod>
	</url><url>
		<loc> https://geoconnex.us/cuahsi/his/czo_psu/GW2 </loc>
		<lastmod> 2021-11-03 17:00:14.811362 </lastmod>
	</url><url>
		<loc> https://geoconnex.us/cuahsi/his/czo_psu/SH_Eigen </loc>
		<lastmod> 2021-11-03 17:00:14.811377 </lastmod>
	</url><url>
		<loc> https://geoconnex.us/cuahsi/his/czo_psu/SSH_01 </loc>
		<lastmod> 2021-11-03 17:00:14.811474 </lastmod>
	</url><url>
		<loc> https://geoconnex.us/cuahsi/his/czo_psu/Llewelyyn2015_PLG12-33 </loc>
		<lastmod> 2021-11-03 17:00:14.811509 </lastmod>
	</url><url>
		<loc> https://geoconnex.us/cuahsi/his/czo_psu/Llewelyyn2015_PLG12-34 </loc>
		<lastmod> 2021-11-03 17:00:14.811531 </lastmod>
	</url><url>
		<loc> https://geoconnex.us/cuahsi/his/czo_psu/Llewelyyn2015_PLG12-60 </loc>
		<lastmod> 2021-11-03 17:00:14.811551 </lastmod>
	</url><url>
		<loc> https://geoconnex.us/cuahsi/his/czo_psu/Llewelyyn2015_PLG12-65 </loc>
		<lastmod> 2021-11-03 17:00:14.811571 </lastmod>
	</url><url>
		<loc> https://geoconnex.us/cuahsi/his/czo_psu/Llewelyyn2015_PLG12-69_postpurge </loc>
		<lastmod> 2021-11-03 17:00:14.811590 </lastmod>
	</url><url>
		<loc> https://geoconnex.us/cuahsi/his/czo_psu/Llewelyyn2015_PLG12-69_prepurge </loc>
		<lastmod> 2021-11-03 17:00:14.811610 </lastmod>
	</url><url>
		<loc> https://geoconnex.us/cuahsi/his/czo_psu/Llewelyyn2015_PLG12-70 </loc>
		<lastmod> 2021-11-03 17:00:14.811630 </lastmod>
	</url><url>
		<loc> https://geoconnex.us/cuahsi/his/czo_psu/Llewelyyn2015_PLG13-2 </loc>
		<lastmod> 2021-11-03 17:00:14.811649 </lastmod>
	</url><url>
		<loc> https://geoconnex.us/cuahsi/his/czo_psu/Llewelyyn2015_PLG13-4 </loc>
		<lastmod> 2021-11-03 17:00:14.811668 </lastmod>
	</url><url>
		<loc> https://geoconnex.us/cuahsi/his/czo_psu/Llewelyyn2015_PLG13-5 </loc>
		<lastmod> 2021-11-03 17:00:14.811688 </lastmod>
	</url><url>
		<loc> https://geoconnex.us/cuahsi/his/czo_psu/Llewelyyn2015_PLG13-6 </loc>
		<lastmod> 2021-11-03 17:00:14.811707 </lastmod>
	</url><url>
		<loc> https://geoconnex.us/cuahsi/his/czo_psu/Llewelyyn2015_PLG13-7 </loc>
		<lastmod> 2021-11-03 17:00:14.811726 </lastmod>
	</url></ns0:urlset>