<ns0:urlset xmlns:ns0="http://www.sitemaps.org/schemas/sitemap/0.9">
<url>
		<loc> https://geoconnex.us/cuahsi/his/czo_udel/WCC_SpencerRdBridge </loc>
		<lastmod> 2021-11-16 02:06:37.852433 </lastmod>
	</url><url>
		<loc> https://geoconnex.us/cuahsi/his/czo_udel/BUCKANDDOE </loc>
		<lastmod> 2021-11-16 02:06:37.852469 </lastmod>
	</url><url>
		<loc> https://geoconnex.us/cuahsi/his/czo_udel/CHOATES </loc>
		<lastmod> 2021-11-16 02:06:37.852492 </lastmod>
	</url><url>
		<loc> https://geoconnex.us/cuahsi/his/czo_udel/HALFWAYRUN </loc>
		<lastmod> 2021-11-16 02:06:37.852511 </lastmod>
	</url><url>
		<loc> https://geoconnex.us/cuahsi/his/czo_udel/LAURELSSPR1 </loc>
		<lastmod> 2021-11-16 02:06:37.852528 </lastmod>
	</url><url>
		<loc> https://geoconnex.us/cuahsi/his/czo_udel/LSBMAIN </loc>
		<lastmod> 2021-11-16 02:06:37.852545 </lastmod>
	</url><url>
		<loc> https://geoconnex.us/cuahsi/his/czo_udel/LSBSIDE </loc>
		<lastmod> 2021-11-16 02:06:37.852563 </lastmod>
	</url><url>
		<loc> https://geoconnex.us/cuahsi/his/czo_udel/MCCORKLES1 </loc>
		<lastmod> 2021-11-16 02:06:37.852580 </lastmod>
	</url><url>
		<loc> https://geoconnex.us/cuahsi/his/czo_udel/MCCORKLES2 </loc>
		<lastmod> 2021-11-16 02:06:37.852596 </lastmod>
	</url><url>
		<loc> https://geoconnex.us/cuahsi/his/czo_udel/MINEHILLRUN </loc>
		<lastmod> 2021-11-16 02:06:37.852613 </lastmod>
	</url><url>
		<loc> https://geoconnex.us/cuahsi/his/czo_udel/MORRISRUN </loc>
		<lastmod> 2021-11-16 02:06:37.852630 </lastmod>
	</url><url>
		<loc> https://geoconnex.us/cuahsi/his/czo_udel/PUSEY_LOWER </loc>
		<lastmod> 2021-11-16 02:06:37.852646 </lastmod>
	</url><url>
		<loc> https://geoconnex.us/cuahsi/his/czo_udel/PUSEY_UPPER </loc>
		<lastmod> 2021-11-16 02:06:37.852663 </lastmod>
	</url><url>
		<loc> https://geoconnex.us/cuahsi/his/czo_udel/STA2 </loc>
		<lastmod> 2021-11-16 02:06:37.852679 </lastmod>
	</url><url>
		<loc> https://geoconnex.us/cuahsi/his/czo_udel/STA2TEMP </loc>
		<lastmod> 2021-11-16 02:06:37.852695 </lastmod>
	</url><url>
		<loc> https://geoconnex.us/cuahsi/his/czo_udel/STA3 </loc>
		<lastmod> 2021-11-16 02:06:37.852712 </lastmod>
	</url><url>
		<loc> https://geoconnex.us/cuahsi/his/czo_udel/STA4 </loc>
		<lastmod> 2021-11-16 02:06:37.852728 </lastmod>
	</url><url>
		<loc> https://geoconnex.us/cuahsi/his/czo_udel/STA5 </loc>
		<lastmod> 2021-11-16 02:06:37.852745 </lastmod>
	</url><url>
		<loc> https://geoconnex.us/cuahsi/his/czo_udel/STA6 </loc>
		<lastmod> 2021-11-16 02:06:37.852761 </lastmod>
	</url><url>
		<loc> https://geoconnex.us/cuahsi/his/czo_udel/WALTONS </loc>
		<lastmod> 2021-11-16 02:06:37.852778 </lastmod>
	</url><url>
		<loc> https://geoconnex.us/cuahsi/his/czo_udel/WATERCRESS_LOWER </loc>
		<lastmod> 2021-11-16 02:06:37.852794 </lastmod>
	</url><url>
		<loc> https://geoconnex.us/cuahsi/his/czo_udel/WATERCRESS_UPPER </loc>
		<lastmod> 2021-11-16 02:06:37.852810 </lastmod>
	</url><url>
		<loc> https://geoconnex.us/cuahsi/his/czo_udel/WCC </loc>
		<lastmod> 2021-11-16 02:06:37.852856 </lastmod>
	</url><url>
		<loc> https://geoconnex.us/cuahsi/his/czo_udel/WCC558 </loc>
		<lastmod> 2021-11-16 02:06:37.852878 </lastmod>
	</url><url>
		<loc> https://geoconnex.us/cuahsi/his/czo_udel/WCCLAB </loc>
		<lastmod> 2021-11-16 02:06:37.852949 </lastmod>
	</url><url>
		<loc> https://geoconnex.us/cuahsi/his/czo_udel/WCCLABTEMP </loc>
		<lastmod> 2021-11-16 02:06:37.852972 </lastmod>
	</url><url>
		<loc> https://geoconnex.us/cuahsi/his/czo_udel/WCCPH </loc>
		<lastmod> 2021-11-16 02:06:37.852989 </lastmod>
	</url><url>
		<loc> https://geoconnex.us/cuahsi/his/czo_udel/WCC_MEADOW </loc>
		<lastmod> 2021-11-16 02:06:37.853006 </lastmod>
	</url><url>
		<loc> https://geoconnex.us/cuahsi/his/czo_udel/WCW </loc>
		<lastmod> 2021-11-16 02:06:37.853023 </lastmod>
	</url><url>
		<loc> https://geoconnex.us/cuahsi/his/czo_udel/WLY_MOUTH </loc>
		<lastmod> 2021-11-16 02:06:37.853039 </lastmod>
	</url><url>
		<loc> https://geoconnex.us/cuahsi/his/czo_udel/WLY_SPENCER </loc>
		<lastmod> 2021-11-16 02:06:37.853073 </lastmod>
	</url><url>
		<loc> https://geoconnex.us/cuahsi/his/czo_udel/BOULTON_PATH </loc>
		<lastmod> 2021-11-16 02:06:37.853090 </lastmod>
	</url><url>
		<loc> https://geoconnex.us/cuahsi/his/czo_udel/DDSS </loc>
		<lastmod> 2021-11-16 02:06:37.853107 </lastmod>
	</url><url>
		<loc> https://geoconnex.us/cuahsi/his/czo_udel/DOERUN_SBFUNK </loc>
		<lastmod> 2021-11-16 02:06:37.853124 </lastmod>
	</url><url>
		<loc> https://geoconnex.us/cuahsi/his/czo_udel/LSS </loc>
		<lastmod> 2021-11-16 02:06:37.853141 </lastmod>
	</url><url>
		<loc> https://geoconnex.us/cuahsi/his/czo_udel/STATION2 </loc>
		<lastmod> 2021-11-16 02:06:37.853158 </lastmod>
	</url><url>
		<loc> https://geoconnex.us/cuahsi/his/czo_udel/STATION3 </loc>
		<lastmod> 2021-11-16 02:06:37.853175 </lastmod>
	</url><url>
		<loc> https://geoconnex.us/cuahsi/his/czo_udel/STATION4 </loc>
		<lastmod> 2021-11-16 02:06:37.853192 </lastmod>
	</url><url>
		<loc> https://geoconnex.us/cuahsi/his/czo_udel/STATION5 </loc>
		<lastmod> 2021-11-16 02:06:37.853209 </lastmod>
	</url><url>
		<loc> https://geoconnex.us/cuahsi/his/czo_udel/STATION6 </loc>
		<lastmod> 2021-11-16 02:06:37.853226 </lastmod>
	</url><url>
		<loc> https://geoconnex.us/cuahsi/his/czo_udel/TTRWS1 </loc>
		<lastmod> 2021-11-16 02:06:37.853242 </lastmod>
	</url><url>
		<loc> https://geoconnex.us/cuahsi/his/czo_udel/USGSNRNEWARK </loc>
		<lastmod> 2021-11-16 02:06:37.853259 </lastmod>
	</url><url>
		<loc> https://geoconnex.us/cuahsi/his/czo_udel/WCC0 </loc>
		<lastmod> 2021-11-16 02:06:37.853276 </lastmod>
	</url><url>
		<loc> https://geoconnex.us/cuahsi/his/czo_udel/WCCISCO_926 </loc>
		<lastmod> 2021-11-16 02:06:37.853293 </lastmod>
	</url><url>
		<loc> https://geoconnex.us/cuahsi/his/czo_udel/WCD478 </loc>
		<lastmod> 2021-11-16 02:06:37.853430 </lastmod>
	</url><url>
		<loc> https://geoconnex.us/cuahsi/his/czo_udel/WCWISCO_926 </loc>
		<lastmod> 2021-11-16 02:06:37.853470 </lastmod>
	</url><url>
		<loc> https://geoconnex.us/cuahsi/his/czo_udel/WLYATSPENCER </loc>
		<lastmod> 2021-11-16 02:06:37.853495 </lastmod>
	</url><url>
		<loc> https://geoconnex.us/cuahsi/his/czo_udel/WLYMOUTH </loc>
		<lastmod> 2021-11-16 02:06:37.853517 </lastmod>
	</url><url>
		<loc> https://geoconnex.us/cuahsi/his/czo_udel/WSS </loc>
		<lastmod> 2021-11-16 02:06:37.853538 </lastmod>
	</url><url>
		<loc> https://geoconnex.us/cuahsi/his/czo_udel/WCC573 </loc>
		<lastmod> 2021-11-16 02:06:37.853560 </lastmod>
	</url><url>
		<loc> https://geoconnex.us/cuahsi/his/czo_udel/WELL001 </loc>
		<lastmod> 2021-11-16 02:06:37.853581 </lastmod>
	</url><url>
		<loc> https://geoconnex.us/cuahsi/his/czo_udel/WELL002 </loc>
		<lastmod> 2021-11-16 02:06:37.853603 </lastmod>
	</url><url>
		<loc> https://geoconnex.us/cuahsi/his/czo_udel/WELL003 </loc>
		<lastmod> 2021-11-16 02:06:37.853624 </lastmod>
	</url><url>
		<loc> https://geoconnex.us/cuahsi/his/czo_udel/WELL004 </loc>
		<lastmod> 2021-11-16 02:06:37.853646 </lastmod>
	</url><url>
		<loc> https://geoconnex.us/cuahsi/his/czo_udel/WELL005 </loc>
		<lastmod> 2021-11-16 02:06:37.853667 </lastmod>
	</url><url>
		<loc> https://geoconnex.us/cuahsi/his/czo_udel/WELL006 </loc>
		<lastmod> 2021-11-16 02:06:37.853723 </lastmod>
	</url><url>
		<loc> https://geoconnex.us/cuahsi/his/czo_udel/WELL007 </loc>
		<lastmod> 2021-11-16 02:06:37.853741 </lastmod>
	</url><url>
		<loc> https://geoconnex.us/cuahsi/his/czo_udel/WELL008 </loc>
		<lastmod> 2021-11-16 02:06:37.853758 </lastmod>
	</url><url>
		<loc> https://geoconnex.us/cuahsi/his/czo_udel/WELL009 </loc>
		<lastmod> 2021-11-16 02:06:37.853775 </lastmod>
	</url><url>
		<loc> https://geoconnex.us/cuahsi/his/czo_udel/WELL010 </loc>
		<lastmod> 2021-11-16 02:06:37.853809 </lastmod>
	</url><url>
		<loc> https://geoconnex.us/cuahsi/his/czo_udel/WELL011 </loc>
		<lastmod> 2021-11-16 02:06:37.853825 </lastmod>
	</url><url>
		<loc> https://geoconnex.us/cuahsi/his/czo_udel/WELL012 </loc>
		<lastmod> 2021-11-16 02:06:37.853842 </lastmod>
	</url><url>
		<loc> https://geoconnex.us/cuahsi/his/czo_udel/WELL013 </loc>
		<lastmod> 2021-11-16 02:06:37.853858 </lastmod>
	</url><url>
		<loc> https://geoconnex.us/cuahsi/his/czo_udel/WELL014 </loc>
		<lastmod> 2021-11-16 02:06:37.853875 </lastmod>
	</url><url>
		<loc> https://geoconnex.us/cuahsi/his/czo_udel/WELL015 </loc>
		<lastmod> 2021-11-16 02:06:37.853891 </lastmod>
	</url><url>
		<loc> https://geoconnex.us/cuahsi/his/czo_udel/WELL016 </loc>
		<lastmod> 2021-11-16 02:06:37.853907 </lastmod>
	</url><url>
		<loc> https://geoconnex.us/cuahsi/his/czo_udel/WELL017 </loc>
		<lastmod> 2021-11-16 02:06:37.853924 </lastmod>
	</url><url>
		<loc> https://geoconnex.us/cuahsi/his/czo_udel/WELL018 </loc>
		<lastmod> 2021-11-16 02:06:37.853940 </lastmod>
	</url><url>
		<loc> https://geoconnex.us/cuahsi/his/czo_udel/WELL019 </loc>
		<lastmod> 2021-11-16 02:06:37.853957 </lastmod>
	</url><url>
		<loc> https://geoconnex.us/cuahsi/his/czo_udel/WELL021 </loc>
		<lastmod> 2021-11-16 02:06:37.853973 </lastmod>
	</url><url>
		<loc> https://geoconnex.us/cuahsi/his/czo_udel/WELL022 </loc>
		<lastmod> 2021-11-16 02:06:37.853990 </lastmod>
	</url><url>
		<loc> https://geoconnex.us/cuahsi/his/czo_udel/WELL023 </loc>
		<lastmod> 2021-11-16 02:06:37.854006 </lastmod>
	</url><url>
		<loc> https://geoconnex.us/cuahsi/his/czo_udel/WELL024 </loc>
		<lastmod> 2021-11-16 02:06:37.854022 </lastmod>
	</url><url>
		<loc> https://geoconnex.us/cuahsi/his/czo_udel/WELL031 </loc>
		<lastmod> 2021-11-16 02:06:37.854040 </lastmod>
	</url><url>
		<loc> https://geoconnex.us/cuahsi/his/czo_udel/WELL032 </loc>
		<lastmod> 2021-11-16 02:06:37.854074 </lastmod>
	</url><url>
		<loc> https://geoconnex.us/cuahsi/his/czo_udel/WELL041 </loc>
		<lastmod> 2021-11-16 02:06:37.854092 </lastmod>
	</url><url>
		<loc> https://geoconnex.us/cuahsi/his/czo_udel/WELL042 </loc>
		<lastmod> 2021-11-16 02:06:37.854108 </lastmod>
	</url><url>
		<loc> https://geoconnex.us/cuahsi/his/czo_udel/WELL043 </loc>
		<lastmod> 2021-11-16 02:06:37.854125 </lastmod>
	</url><url>
		<loc> https://geoconnex.us/cuahsi/his/czo_udel/WELL044 </loc>
		<lastmod> 2021-11-16 02:06:37.854142 </lastmod>
	</url><url>
		<loc> https://geoconnex.us/cuahsi/his/czo_udel/WCC2153 </loc>
		<lastmod> 2021-11-16 02:06:37.854160 </lastmod>
	</url><url>
		<loc> https://geoconnex.us/cuahsi/his/czo_udel/WCW374 </loc>
		<lastmod> 2021-11-16 02:06:37.854176 </lastmod>
	</url></ns0:urlset>