<ns0:urlset xmlns:ns0="http://www.sitemaps.org/schemas/sitemap/0.9">
<url>
		<loc> https://geoconnex.us/cuahsi/his/TRWA/AMES </loc>
		<lastmod> 2021-11-01 19:26:51.574856 </lastmod>
	</url><url>
		<loc> https://geoconnex.us/cuahsi/his/TRWA/ASO-02 </loc>
		<lastmod> 2021-11-01 19:26:51.574913 </lastmod>
	</url><url>
		<loc> https://geoconnex.us/cuahsi/his/TRWA/ASO-03 </loc>
		<lastmod> 2021-11-01 19:26:51.574938 </lastmod>
	</url><url>
		<loc> https://geoconnex.us/cuahsi/his/TRWA/BED-01-TNT-03 </loc>
		<lastmod> 2021-11-01 19:26:51.574958 </lastmod>
	</url><url>
		<loc> https://geoconnex.us/cuahsi/his/TRWA/BER-T </loc>
		<lastmod> 2021-11-01 19:26:51.574976 </lastmod>
	</url><url>
		<loc> https://geoconnex.us/cuahsi/his/TRWA/CASTLE </loc>
		<lastmod> 2021-11-01 19:26:51.574993 </lastmod>
	</url><url>
		<loc> https://geoconnex.us/cuahsi/his/TRWA/CHE-01-TNT-04 </loc>
		<lastmod> 2021-11-01 19:26:51.575011 </lastmod>
	</url><url>
		<loc> https://geoconnex.us/cuahsi/his/TRWA/COB-000 </loc>
		<lastmod> 2021-11-01 19:26:51.575027 </lastmod>
	</url><url>
		<loc> https://geoconnex.us/cuahsi/his/TRWA/COB-013 </loc>
		<lastmod> 2021-11-01 19:26:51.575044 </lastmod>
	</url><url>
		<loc> https://geoconnex.us/cuahsi/his/TRWA/COT-01 </loc>
		<lastmod> 2021-11-01 19:26:51.575079 </lastmod>
	</url><url>
		<loc> https://geoconnex.us/cuahsi/his/TRWA/COT-004 </loc>
		<lastmod> 2021-11-01 19:26:51.575097 </lastmod>
	</url><url>
		<loc> https://geoconnex.us/cuahsi/his/TRWA/FBR-01 </loc>
		<lastmod> 2021-11-01 19:26:51.575132 </lastmod>
	</url><url>
		<loc> https://geoconnex.us/cuahsi/his/TRWA/FORGE </loc>
		<lastmod> 2021-11-01 19:26:51.575167 </lastmod>
	</url><url>
		<loc> https://geoconnex.us/cuahsi/his/TRWA/LZ </loc>
		<lastmod> 2021-11-01 19:26:51.575185 </lastmod>
	</url><url>
		<loc> https://geoconnex.us/cuahsi/his/TRWA/MAT-01 </loc>
		<lastmod> 2021-11-01 19:26:51.575203 </lastmod>
	</url><url>
		<loc> https://geoconnex.us/cuahsi/his/TRWA/MIL-000 </loc>
		<lastmod> 2021-11-01 19:26:51.575221 </lastmod>
	</url><url>
		<loc> https://geoconnex.us/cuahsi/his/TRWA/MIL-014 </loc>
		<lastmod> 2021-11-01 19:26:51.575239 </lastmod>
	</url><url>
		<loc> https://geoconnex.us/cuahsi/his/TRWA/MIL-03 </loc>
		<lastmod> 2021-11-01 19:26:51.575258 </lastmod>
	</url><url>
		<loc> https://geoconnex.us/cuahsi/his/TRWA/NMK-023 </loc>
		<lastmod> 2021-11-01 19:26:51.575276 </lastmod>
	</url><url>
		<loc> https://geoconnex.us/cuahsi/his/TRWA/NMK-041 </loc>
		<lastmod> 2021-11-01 19:26:51.575294 </lastmod>
	</url><url>
		<loc> https://geoconnex.us/cuahsi/his/TRWA/PCO </loc>
		<lastmod> 2021-11-01 19:26:51.575328 </lastmod>
	</url><url>
		<loc> https://geoconnex.us/cuahsi/his/TRWA/QBR </loc>
		<lastmod> 2021-11-01 19:26:51.575345 </lastmod>
	</url><url>
		<loc> https://geoconnex.us/cuahsi/his/TRWA/SEG </loc>
		<lastmod> 2021-11-01 19:26:51.575363 </lastmod>
	</url><url>
		<loc> https://geoconnex.us/cuahsi/his/TRWA/SNK-005 </loc>
		<lastmod> 2021-11-01 19:26:51.575398 </lastmod>
	</url><url>
		<loc> https://geoconnex.us/cuahsi/his/TRWA/TBR-01 </loc>
		<lastmod> 2021-11-01 19:26:51.575431 </lastmod>
	</url><url>
		<loc> https://geoconnex.us/cuahsi/his/TRWA/TMR-004 </loc>
		<lastmod> 2021-11-01 19:26:51.575469 </lastmod>
	</url><url>
		<loc> https://geoconnex.us/cuahsi/his/TRWA/TMR-03 </loc>
		<lastmod> 2021-11-01 19:26:51.575503 </lastmod>
	</url><url>
		<loc> https://geoconnex.us/cuahsi/his/TRWA/TMR-034 </loc>
		<lastmod> 2021-11-01 19:26:51.575520 </lastmod>
	</url><url>
		<loc> https://geoconnex.us/cuahsi/his/TRWA/TNT-000 </loc>
		<lastmod> 2021-11-01 19:26:51.575537 </lastmod>
	</url><url>
		<loc> https://geoconnex.us/cuahsi/his/TRWA/TNT-043 </loc>
		<lastmod> 2021-11-01 19:26:51.575555 </lastmod>
	</url><url>
		<loc> https://geoconnex.us/cuahsi/his/TRWA/TNT-050 </loc>
		<lastmod> 2021-11-01 19:26:51.575572 </lastmod>
	</url><url>
		<loc> https://geoconnex.us/cuahsi/his/TRWA/TNT-113 </loc>
		<lastmod> 2021-11-01 19:26:51.575589 </lastmod>
	</url><url>
		<loc> https://geoconnex.us/cuahsi/his/TRWA/TNT-158 </loc>
		<lastmod> 2021-11-01 19:26:51.575622 </lastmod>
	</url><url>
		<loc> https://geoconnex.us/cuahsi/his/TRWA/TWH-01 </loc>
		<lastmod> 2021-11-01 19:26:51.575639 </lastmod>
	</url><url>
		<loc> https://geoconnex.us/cuahsi/his/TRWA/TWN-01 </loc>
		<lastmod> 2021-11-01 19:26:51.575656 </lastmod>
	</url><url>
		<loc> https://geoconnex.us/cuahsi/his/TRWA/WAD-01 </loc>
		<lastmod> 2021-11-01 19:26:51.575673 </lastmod>
	</url><url>
		<loc> https://geoconnex.us/cuahsi/his/TRWA/WAD-02 </loc>
		<lastmod> 2021-11-01 19:26:51.575690 </lastmod>
	</url></ns0:urlset>