<?xml version='1.0' encoding='utf-8'?>
<ns0:urlset xmlns:ns0="http://www.sitemaps.org/schemas/sitemap/0.9">
<url>
		<loc> https://geoconnex.us/cuahsi/his/RMBL/rmbl1 </loc>
		<lastmod> 2022-04-13 04:34:18.504238 </lastmod>
	</url><url>
		<loc> https://geoconnex.us/cuahsi/his/RMBL/rmbl2 </loc>
		<lastmod> 2022-04-13 04:34:18.504274 </lastmod>
	</url><url>
		<loc> https://geoconnex.us/cuahsi/his/RMBL/rmbl3 </loc>
		<lastmod> 2022-04-13 04:34:18.504297 </lastmod>
	</url><url>
		<loc> https://geoconnex.us/cuahsi/his/RMBL/rmbl4 </loc>
		<lastmod> 2022-04-13 04:34:18.504317 </lastmod>
	</url><url>
		<loc> https://geoconnex.us/cuahsi/his/RMBL/rmbl5 </loc>
		<lastmod> 2022-04-13 04:34:18.504335 </lastmod>
	</url><url>
		<loc> https://geoconnex.us/cuahsi/his/RMBL/rmbl6 </loc>
		<lastmod> 2022-04-13 04:34:18.504352 </lastmod>
	</url></ns0:urlset>