<?xml version='1.0' encoding='utf-8'?>
<ns0:urlset xmlns:ns0="http://www.sitemaps.org/schemas/sitemap/0.9">
<url>
		<loc> https://geoconnex.us/cuahsi/his/czo_luquillo/22 </loc>
		<lastmod> 2022-08-03 16:15:25.174981 </lastmod>
	</url><url>
		<loc> https://geoconnex.us/cuahsi/his/czo_luquillo/21 </loc>
		<lastmod> 2022-08-03 16:15:25.175014 </lastmod>
	</url><url>
		<loc> https://geoconnex.us/cuahsi/his/czo_luquillo/20 </loc>
		<lastmod> 2022-08-03 16:15:25.175031 </lastmod>
	</url><url>
		<loc> https://geoconnex.us/cuahsi/his/czo_luquillo/48 </loc>
		<lastmod> 2022-08-03 16:15:25.175046 </lastmod>
	</url><url>
		<loc> https://geoconnex.us/cuahsi/his/czo_luquillo/10 </loc>
		<lastmod> 2022-08-03 16:15:25.175059 </lastmod>
	</url><url>
		<loc> https://geoconnex.us/cuahsi/his/czo_luquillo/15 </loc>
		<lastmod> 2022-08-03 16:15:25.175072 </lastmod>
	</url><url>
		<loc> https://geoconnex.us/cuahsi/his/czo_luquillo/137 </loc>
		<lastmod> 2022-08-03 16:15:25.175087 </lastmod>
	</url><url>
		<loc> https://geoconnex.us/cuahsi/his/czo_luquillo/23 </loc>
		<lastmod> 2022-08-03 16:15:25.175101 </lastmod>
	</url><url>
		<loc> https://geoconnex.us/cuahsi/his/czo_luquillo/241 </loc>
		<lastmod> 2022-08-03 16:15:25.175114 </lastmod>
	</url><url>
		<loc> https://geoconnex.us/cuahsi/his/czo_luquillo/367 </loc>
		<lastmod> 2022-08-03 16:15:25.175127 </lastmod>
	</url></ns0:urlset>