<ns0:urlset xmlns:ns0="http://www.sitemaps.org/schemas/sitemap/0.9">
<url>
		<loc> https://geoconnex.us/cuahsi/his/GLEON_LakeAnnie/1 </loc>
		<lastmod> 2021-11-03 19:36:57.193383 </lastmod>
	</url><url>
		<loc> https://geoconnex.us/cuahsi/his/GLEON_LakeAnnie/2 </loc>
		<lastmod> 2021-11-03 19:36:57.193426 </lastmod>
	</url><url>
		<loc> https://geoconnex.us/cuahsi/his/GLEON_LakeAnnie/3 </loc>
		<lastmod> 2021-11-03 19:36:57.193455 </lastmod>
	</url><url>
		<loc> https://geoconnex.us/cuahsi/his/GLEON_LakeAnnie/1100 </loc>
		<lastmod> 2021-11-03 19:36:57.193478 </lastmod>
	</url><url>
		<loc> https://geoconnex.us/cuahsi/his/GLEON_LakeAnnie/1020 </loc>
		<lastmod> 2021-11-03 19:36:57.193526 </lastmod>
	</url><url>
		<loc> https://geoconnex.us/cuahsi/his/GLEON_LakeAnnie/1010 </loc>
		<lastmod> 2021-11-03 19:36:57.193550 </lastmod>
	</url><url>
		<loc> https://geoconnex.us/cuahsi/his/GLEON_LakeAnnie/1005 </loc>
		<lastmod> 2021-11-03 19:36:57.193571 </lastmod>
	</url><url>
		<loc> https://geoconnex.us/cuahsi/his/GLEON_LakeAnnie/1002 </loc>
		<lastmod> 2021-11-03 19:36:57.193592 </lastmod>
	</url><url>
		<loc> https://geoconnex.us/cuahsi/his/GLEON_LakeAnnie/1001 </loc>
		<lastmod> 2021-11-03 19:36:57.193612 </lastmod>
	</url><url>
		<loc> https://geoconnex.us/cuahsi/his/GLEON_LakeAnnie/-1001 </loc>
		<lastmod> 2021-11-03 19:36:57.193632 </lastmod>
	</url><url>
		<loc> https://geoconnex.us/cuahsi/his/GLEON_LakeAnnie/-1011 </loc>
		<lastmod> 2021-11-03 19:36:57.193652 </lastmod>
	</url><url>
		<loc> https://geoconnex.us/cuahsi/his/GLEON_LakeAnnie/-1012 </loc>
		<lastmod> 2021-11-03 19:36:57.193671 </lastmod>
	</url><url>
		<loc> https://geoconnex.us/cuahsi/his/GLEON_LakeAnnie/-1013 </loc>
		<lastmod> 2021-11-03 19:36:57.193690 </lastmod>
	</url><url>
		<loc> https://geoconnex.us/cuahsi/his/GLEON_LakeAnnie/-1021 </loc>
		<lastmod> 2021-11-03 19:36:57.193709 </lastmod>
	</url><url>
		<loc> https://geoconnex.us/cuahsi/his/GLEON_LakeAnnie/-1031 </loc>
		<lastmod> 2021-11-03 19:36:57.193729 </lastmod>
	</url><url>
		<loc> https://geoconnex.us/cuahsi/his/GLEON_LakeAnnie/-1041 </loc>
		<lastmod> 2021-11-03 19:36:57.193748 </lastmod>
	</url><url>
		<loc> https://geoconnex.us/cuahsi/his/GLEON_LakeAnnie/-1051 </loc>
		<lastmod> 2021-11-03 19:36:57.193767 </lastmod>
	</url><url>
		<loc> https://geoconnex.us/cuahsi/his/GLEON_LakeAnnie/-1061 </loc>
		<lastmod> 2021-11-03 19:36:57.193798 </lastmod>
	</url><url>
		<loc> https://geoconnex.us/cuahsi/his/GLEON_LakeAnnie/-1071 </loc>
		<lastmod> 2021-11-03 19:36:57.193816 </lastmod>
	</url><url>
		<loc> https://geoconnex.us/cuahsi/his/GLEON_LakeAnnie/-1081 </loc>
		<lastmod> 2021-11-03 19:36:57.193835 </lastmod>
	</url><url>
		<loc> https://geoconnex.us/cuahsi/his/GLEON_LakeAnnie/-1091 </loc>
		<lastmod> 2021-11-03 19:36:57.193853 </lastmod>
	</url><url>
		<loc> https://geoconnex.us/cuahsi/his/GLEON_LakeAnnie/-1101 </loc>
		<lastmod> 2021-11-03 19:36:57.193871 </lastmod>
	</url><url>
		<loc> https://geoconnex.us/cuahsi/his/GLEON_LakeAnnie/-1111 </loc>
		<lastmod> 2021-11-03 19:36:57.193890 </lastmod>
	</url><url>
		<loc> https://geoconnex.us/cuahsi/his/GLEON_LakeAnnie/-1121 </loc>
		<lastmod> 2021-11-03 19:36:57.193908 </lastmod>
	</url><url>
		<loc> https://geoconnex.us/cuahsi/his/GLEON_LakeAnnie/-1131 </loc>
		<lastmod> 2021-11-03 19:36:57.193927 </lastmod>
	</url><url>
		<loc> https://geoconnex.us/cuahsi/his/GLEON_LakeAnnie/-1141 </loc>
		<lastmod> 2021-11-03 19:36:57.193945 </lastmod>
	</url><url>
		<loc> https://geoconnex.us/cuahsi/his/GLEON_LakeAnnie/-1151 </loc>
		<lastmod> 2021-11-03 19:36:57.193964 </lastmod>
	</url><url>
		<loc> https://geoconnex.us/cuahsi/his/GLEON_LakeAnnie/-1161 </loc>
		<lastmod> 2021-11-03 19:36:57.193983 </lastmod>
	</url><url>
		<loc> https://geoconnex.us/cuahsi/his/GLEON_LakeAnnie/-1171 </loc>
		<lastmod> 2021-11-03 19:36:57.194001 </lastmod>
	</url><url>
		<loc> https://geoconnex.us/cuahsi/his/GLEON_LakeAnnie/-1181 </loc>
		<lastmod> 2021-11-03 19:36:57.194020 </lastmod>
	</url><url>
		<loc> https://geoconnex.us/cuahsi/his/GLEON_LakeAnnie/-1003 </loc>
		<lastmod> 2021-11-03 19:36:57.194038 </lastmod>
	</url></ns0:urlset>