<ns0:urlset xmlns:ns0="http://www.sitemaps.org/schemas/sitemap/0.9">
<url>
		<loc> https://geoconnex.us/cuahsi/his/czo_catalina/HOBO_B2 </loc>
		<lastmod> 2021-11-16 02:06:42.013684 </lastmod>
	</url><url>
		<loc> https://geoconnex.us/cuahsi/his/czo_catalina/HOBO_OR </loc>
		<lastmod> 2021-11-16 02:06:42.013721 </lastmod>
	</url><url>
		<loc> https://geoconnex.us/cuahsi/his/czo_catalina/OR_Rain1 </loc>
		<lastmod> 2021-11-16 02:06:42.013743 </lastmod>
	</url><url>
		<loc> https://geoconnex.us/cuahsi/his/czo_catalina/OR_Rain2 </loc>
		<lastmod> 2021-11-16 02:06:42.013763 </lastmod>
	</url><url>
		<loc> https://geoconnex.us/cuahsi/his/czo_catalina/OR_Rain3 </loc>
		<lastmod> 2021-11-16 02:06:42.013781 </lastmod>
	</url><url>
		<loc> https://geoconnex.us/cuahsi/his/czo_catalina/B2_Rain2 </loc>
		<lastmod> 2021-11-16 02:06:42.013798 </lastmod>
	</url><url>
		<loc> https://geoconnex.us/cuahsi/his/czo_catalina/MG_ATM </loc>
		<lastmod> 2021-11-16 02:06:42.013815 </lastmod>
	</url><url>
		<loc> https://geoconnex.us/cuahsi/his/czo_catalina/B2_Rain1 </loc>
		<lastmod> 2021-11-16 02:06:42.013850 </lastmod>
	</url><url>
		<loc> https://geoconnex.us/cuahsi/his/czo_catalina/MG_FermValley_Rain </loc>
		<lastmod> 2021-11-16 02:06:42.013866 </lastmod>
	</url><url>
		<loc> https://geoconnex.us/cuahsi/his/czo_catalina/MG_Schist_Rain </loc>
		<lastmod> 2021-11-16 02:06:42.013883 </lastmod>
	</url><url>
		<loc> https://geoconnex.us/cuahsi/his/czo_catalina/MG_Outlet_Rain </loc>
		<lastmod> 2021-11-16 02:06:42.013899 </lastmod>
	</url><url>
		<loc> https://geoconnex.us/cuahsi/his/czo_catalina/MG_DoubleRock_Rain </loc>
		<lastmod> 2021-11-16 02:06:42.013915 </lastmod>
	</url><url>
		<loc> https://geoconnex.us/cuahsi/his/czo_catalina/MG_BurntMeadow_Rain </loc>
		<lastmod> 2021-11-16 02:06:42.013931 </lastmod>
	</url><url>
		<loc> https://geoconnex.us/cuahsi/his/czo_catalina/MG_Granite_Rain </loc>
		<lastmod> 2021-11-16 02:06:42.013947 </lastmod>
	</url><url>
		<loc> https://geoconnex.us/cuahsi/his/czo_catalina/OR_low_stream </loc>
		<lastmod> 2021-11-16 02:06:42.013962 </lastmod>
	</url><url>
		<loc> https://geoconnex.us/cuahsi/his/czo_catalina/MG_WEIR </loc>
		<lastmod> 2021-11-16 02:06:42.013978 </lastmod>
	</url><url>
		<loc> https://geoconnex.us/cuahsi/his/czo_catalina/MGG_Met </loc>
		<lastmod> 2021-11-16 02:06:42.013994 </lastmod>
	</url><url>
		<loc> https://geoconnex.us/cuahsi/his/czo_catalina/MGG_Met_TRH </loc>
		<lastmod> 2021-11-16 02:06:42.014009 </lastmod>
	</url><url>
		<loc> https://geoconnex.us/cuahsi/his/czo_catalina/MGG_Met_NR </loc>
		<lastmod> 2021-11-16 02:06:42.014025 </lastmod>
	</url><url>
		<loc> https://geoconnex.us/cuahsi/his/czo_catalina/MGS_Met </loc>
		<lastmod> 2021-11-16 02:06:42.014041 </lastmod>
	</url><url>
		<loc> https://geoconnex.us/cuahsi/his/czo_catalina/MGS_Met_TRH </loc>
		<lastmod> 2021-11-16 02:06:42.014057 </lastmod>
	</url><url>
		<loc> https://geoconnex.us/cuahsi/his/czo_catalina/MGS_Met_NR </loc>
		<lastmod> 2021-11-16 02:06:42.014073 </lastmod>
	</url><url>
		<loc> https://geoconnex.us/cuahsi/his/czo_catalina/MtLemmon_Rain </loc>
		<lastmod> 2021-11-16 02:06:42.014089 </lastmod>
	</url><url>
		<loc> https://geoconnex.us/cuahsi/his/czo_catalina/MG_Weir_Rain </loc>
		<lastmod> 2021-11-16 02:06:42.014104 </lastmod>
	</url><url>
		<loc> https://geoconnex.us/cuahsi/his/czo_catalina/MG_Schist_Winter_Rain </loc>
		<lastmod> 2021-11-16 02:06:42.014120 </lastmod>
	</url><url>
		<loc> https://geoconnex.us/cuahsi/his/czo_catalina/MG_S_SEEP </loc>
		<lastmod> 2021-11-16 02:06:42.014136 </lastmod>
	</url></ns0:urlset>