<?xml version='1.0' encoding='utf-8'?>
<ns0:urlset xmlns:ns0="http://www.sitemaps.org/schemas/sitemap/0.9">
<url>
		<loc> https://geoconnex.us/cuahsi/his/Scotland_NWIS/114632JHI_NWIS_South </loc>
		<lastmod> 2022-04-13 04:34:18.498393 </lastmod>
	</url><url>
		<loc> https://geoconnex.us/cuahsi/his/Scotland_NWIS/114645JHI_NWIS_South </loc>
		<lastmod> 2022-04-13 04:34:18.498429 </lastmod>
	</url><url>
		<loc> https://geoconnex.us/cuahsi/his/Scotland_NWIS/114672JHI_NWIS_South </loc>
		<lastmod> 2022-04-13 04:34:18.498451 </lastmod>
	</url><url>
		<loc> https://geoconnex.us/cuahsi/his/Scotland_NWIS/114701JHI_NWIS_South </loc>
		<lastmod> 2022-04-13 04:34:18.498470 </lastmod>
	</url><url>
		<loc> https://geoconnex.us/cuahsi/his/Scotland_NWIS/121084JHI_NWIS_South </loc>
		<lastmod> 2022-04-13 04:34:18.498488 </lastmod>
	</url><url>
		<loc> https://geoconnex.us/cuahsi/his/Scotland_NWIS/121105JHI_NWIS_South </loc>
		<lastmod> 2022-04-13 04:34:18.498504 </lastmod>
	</url><url>
		<loc> https://geoconnex.us/cuahsi/his/Scotland_NWIS/121117JHI_NWIS_South </loc>
		<lastmod> 2022-04-13 04:34:18.498521 </lastmod>
	</url><url>
		<loc> https://geoconnex.us/cuahsi/his/Scotland_NWIS/121157JHI_NWIS_South </loc>
		<lastmod> 2022-04-13 04:34:18.498537 </lastmod>
	</url><url>
		<loc> https://geoconnex.us/cuahsi/his/Scotland_NWIS/121207JHI_NWIS_South </loc>
		<lastmod> 2022-04-13 04:34:18.498553 </lastmod>
	</url><url>
		<loc> https://geoconnex.us/cuahsi/his/Scotland_NWIS/121228JHI_NWIS_South </loc>
		<lastmod> 2022-04-13 04:34:18.498569 </lastmod>
	</url><url>
		<loc> https://geoconnex.us/cuahsi/his/Scotland_NWIS/121255JHI_NWIS_South </loc>
		<lastmod> 2022-04-13 04:34:18.498586 </lastmod>
	</url><url>
		<loc> https://geoconnex.us/cuahsi/his/Scotland_NWIS/121317JHI_NWIS_South </loc>
		<lastmod> 2022-04-13 04:34:18.498602 </lastmod>
	</url><url>
		<loc> https://geoconnex.us/cuahsi/his/Scotland_NWIS/121402JHI_NWIS_South </loc>
		<lastmod> 2022-04-13 04:34:18.498618 </lastmod>
	</url><url>
		<loc> https://geoconnex.us/cuahsi/his/Scotland_NWIS/121456JHI_NWIS_South </loc>
		<lastmod> 2022-04-13 04:34:18.498634 </lastmod>
	</url><url>
		<loc> https://geoconnex.us/cuahsi/his/Scotland_NWIS/121541JHI_NWIS_South </loc>
		<lastmod> 2022-04-13 04:34:18.498650 </lastmod>
	</url><url>
		<loc> https://geoconnex.us/cuahsi/his/Scotland_NWIS/121552JHI_NWIS_South </loc>
		<lastmod> 2022-04-13 04:34:18.498666 </lastmod>
	</url><url>
		<loc> https://geoconnex.us/cuahsi/his/Scotland_NWIS/121572JHI_NWIS_South </loc>
		<lastmod> 2022-04-13 04:34:18.498682 </lastmod>
	</url><url>
		<loc> https://geoconnex.us/cuahsi/his/Scotland_NWIS/121582JHI_NWIS_South </loc>
		<lastmod> 2022-04-13 04:34:18.498698 </lastmod>
	</url><url>
		<loc> https://geoconnex.us/cuahsi/his/Scotland_NWIS/121587JHI_NWIS_South </loc>
		<lastmod> 2022-04-13 04:34:18.498714 </lastmod>
	</url><url>
		<loc> https://geoconnex.us/cuahsi/his/Scotland_NWIS/121600JHI_NWIS_South </loc>
		<lastmod> 2022-04-13 04:34:18.498730 </lastmod>
	</url><url>
		<loc> https://geoconnex.us/cuahsi/his/Scotland_NWIS/121641JHI_NWIS_South </loc>
		<lastmod> 2022-04-13 04:34:18.498746 </lastmod>
	</url><url>
		<loc> https://geoconnex.us/cuahsi/his/Scotland_NWIS/123252JHI_NWIS_South </loc>
		<lastmod> 2022-04-13 04:34:18.498762 </lastmod>
	</url><url>
		<loc> https://geoconnex.us/cuahsi/his/Scotland_NWIS/125528JHI_NWIS_GrdWater </loc>
		<lastmod> 2022-04-13 04:34:18.498778 </lastmod>
	</url><url>
		<loc> https://geoconnex.us/cuahsi/his/Scotland_NWIS/125530JHI_NWIS_GrdWater </loc>
		<lastmod> 2022-04-13 04:34:18.498794 </lastmod>
	</url><url>
		<loc> https://geoconnex.us/cuahsi/his/Scotland_NWIS/125539JHI_NWIS_GrdWater </loc>
		<lastmod> 2022-04-13 04:34:18.498811 </lastmod>
	</url><url>
		<loc> https://geoconnex.us/cuahsi/his/Scotland_NWIS/12918JHI_NWIS_GrdWater </loc>
		<lastmod> 2022-04-13 04:34:18.498827 </lastmod>
	</url><url>
		<loc> https://geoconnex.us/cuahsi/his/Scotland_NWIS/134152JHI_NWIS_South </loc>
		<lastmod> 2022-04-13 04:34:18.498843 </lastmod>
	</url><url>
		<loc> https://geoconnex.us/cuahsi/his/Scotland_NWIS/1542JHI_NWIS_South </loc>
		<lastmod> 2022-04-13 04:34:18.498860 </lastmod>
	</url><url>
		<loc> https://geoconnex.us/cuahsi/his/Scotland_NWIS/1560JHI_NWIS_South </loc>
		<lastmod> 2022-04-13 04:34:18.498877 </lastmod>
	</url><url>
		<loc> https://geoconnex.us/cuahsi/his/Scotland_NWIS/1574JHI_NWIS_South </loc>
		<lastmod> 2022-04-13 04:34:18.498893 </lastmod>
	</url><url>
		<loc> https://geoconnex.us/cuahsi/his/Scotland_NWIS/1615JHI_NWIS_South </loc>
		<lastmod> 2022-04-13 04:34:18.498909 </lastmod>
	</url><url>
		<loc> https://geoconnex.us/cuahsi/his/Scotland_NWIS/16454JHI_NWIS_GrdWater </loc>
		<lastmod> 2022-04-13 04:34:18.498925 </lastmod>
	</url><url>
		<loc> https://geoconnex.us/cuahsi/his/Scotland_NWIS/16461JHI_NWIS_GrdWater </loc>
		<lastmod> 2022-04-13 04:34:18.498942 </lastmod>
	</url><url>
		<loc> https://geoconnex.us/cuahsi/his/Scotland_NWIS/16494JHI_NWIS_GrdWater </loc>
		<lastmod> 2022-04-13 04:34:18.498958 </lastmod>
	</url><url>
		<loc> https://geoconnex.us/cuahsi/his/Scotland_NWIS/17066JHI_NWIS_GrdWater </loc>
		<lastmod> 2022-04-13 04:34:18.498974 </lastmod>
	</url><url>
		<loc> https://geoconnex.us/cuahsi/his/Scotland_NWIS/201567JHI_NWIS_North </loc>
		<lastmod> 2022-04-13 04:34:18.498990 </lastmod>
	</url><url>
		<loc> https://geoconnex.us/cuahsi/his/Scotland_NWIS/202310JHI_NWIS_North </loc>
		<lastmod> 2022-04-13 04:34:18.499006 </lastmod>
	</url><url>
		<loc> https://geoconnex.us/cuahsi/his/Scotland_NWIS/202311JHI_NWIS_North </loc>
		<lastmod> 2022-04-13 04:34:18.499022 </lastmod>
	</url><url>
		<loc> https://geoconnex.us/cuahsi/his/Scotland_NWIS/202312JHI_NWIS_North </loc>
		<lastmod> 2022-04-13 04:34:18.499038 </lastmod>
	</url><url>
		<loc> https://geoconnex.us/cuahsi/his/Scotland_NWIS/202313JHI_NWIS_North </loc>
		<lastmod> 2022-04-13 04:34:18.499055 </lastmod>
	</url><url>
		<loc> https://geoconnex.us/cuahsi/his/Scotland_NWIS/202314JHI_NWIS_North </loc>
		<lastmod> 2022-04-13 04:34:18.499071 </lastmod>
	</url><url>
		<loc> https://geoconnex.us/cuahsi/his/Scotland_NWIS/202897JHI_NWIS_North </loc>
		<lastmod> 2022-04-13 04:34:18.499087 </lastmod>
	</url><url>
		<loc> https://geoconnex.us/cuahsi/his/Scotland_NWIS/202898JHI_NWIS_North </loc>
		<lastmod> 2022-04-13 04:34:18.499103 </lastmod>
	</url><url>
		<loc> https://geoconnex.us/cuahsi/his/Scotland_NWIS/203301JHI_NWIS_North </loc>
		<lastmod> 2022-04-13 04:34:18.499119 </lastmod>
	</url><url>
		<loc> https://geoconnex.us/cuahsi/his/Scotland_NWIS/203302JHI_NWIS_North </loc>
		<lastmod> 2022-04-13 04:34:18.499135 </lastmod>
	</url><url>
		<loc> https://geoconnex.us/cuahsi/his/Scotland_NWIS/203751JHI_NWIS_North </loc>
		<lastmod> 2022-04-13 04:34:18.499150 </lastmod>
	</url><url>
		<loc> https://geoconnex.us/cuahsi/his/Scotland_NWIS/203862JHI_NWIS_North </loc>
		<lastmod> 2022-04-13 04:34:18.499166 </lastmod>
	</url><url>
		<loc> https://geoconnex.us/cuahsi/his/Scotland_NWIS/204514JHI_NWIS_North </loc>
		<lastmod> 2022-04-13 04:34:18.499182 </lastmod>
	</url><url>
		<loc> https://geoconnex.us/cuahsi/his/Scotland_NWIS/204561JHI_NWIS_North </loc>
		<lastmod> 2022-04-13 04:34:18.499198 </lastmod>
	</url><url>
		<loc> https://geoconnex.us/cuahsi/his/Scotland_NWIS/204602JHI_NWIS_North </loc>
		<lastmod> 2022-04-13 04:34:18.499214 </lastmod>
	</url><url>
		<loc> https://geoconnex.us/cuahsi/his/Scotland_NWIS/205047JHI_NWIS_North </loc>
		<lastmod> 2022-04-13 04:34:18.499230 </lastmod>
	</url><url>
		<loc> https://geoconnex.us/cuahsi/his/Scotland_NWIS/205148JHI_NWIS_North </loc>
		<lastmod> 2022-04-13 04:34:18.499246 </lastmod>
	</url><url>
		<loc> https://geoconnex.us/cuahsi/his/Scotland_NWIS/205208JHI_NWIS_North </loc>
		<lastmod> 2022-04-13 04:34:18.499262 </lastmod>
	</url><url>
		<loc> https://geoconnex.us/cuahsi/his/Scotland_NWIS/205210JHI_NWIS_North </loc>
		<lastmod> 2022-04-13 04:34:18.499278 </lastmod>
	</url><url>
		<loc> https://geoconnex.us/cuahsi/his/Scotland_NWIS/205223JHI_NWIS_North </loc>
		<lastmod> 2022-04-13 04:34:18.499294 </lastmod>
	</url><url>
		<loc> https://geoconnex.us/cuahsi/his/Scotland_NWIS/205225JHI_NWIS_North </loc>
		<lastmod> 2022-04-13 04:34:18.499310 </lastmod>
	</url><url>
		<loc> https://geoconnex.us/cuahsi/his/Scotland_NWIS/205703JHI_NWIS_North </loc>
		<lastmod> 2022-04-13 04:34:18.499326 </lastmod>
	</url><url>
		<loc> https://geoconnex.us/cuahsi/his/Scotland_NWIS/205978JHI_NWIS_GrdWater </loc>
		<lastmod> 2022-04-13 04:34:18.499342 </lastmod>
	</url><url>
		<loc> https://geoconnex.us/cuahsi/his/Scotland_NWIS/206010JHI_NWIS_GrdWater </loc>
		<lastmod> 2022-04-13 04:34:18.499358 </lastmod>
	</url><url>
		<loc> https://geoconnex.us/cuahsi/his/Scotland_NWIS/233005JHI_NWIS_GrdWater </loc>
		<lastmod> 2022-04-13 04:34:18.499374 </lastmod>
	</url><url>
		<loc> https://geoconnex.us/cuahsi/his/Scotland_NWIS/301825JHI_NWIS_North </loc>
		<lastmod> 2022-04-13 04:34:18.499390 </lastmod>
	</url><url>
		<loc> https://geoconnex.us/cuahsi/his/Scotland_NWIS/305538JHI_NWIS_GrdWater </loc>
		<lastmod> 2022-04-13 04:34:18.499406 </lastmod>
	</url><url>
		<loc> https://geoconnex.us/cuahsi/his/Scotland_NWIS/322700JHI_NWIS_GrdWater </loc>
		<lastmod> 2022-04-13 04:34:18.499422 </lastmod>
	</url><url>
		<loc> https://geoconnex.us/cuahsi/his/Scotland_NWIS/326656JHI_NWIS_GrdWater </loc>
		<lastmod> 2022-04-13 04:34:18.499438 </lastmod>
	</url><url>
		<loc> https://geoconnex.us/cuahsi/his/Scotland_NWIS/334234JHI_NWIS_GrdWater </loc>
		<lastmod> 2022-04-13 04:34:18.499454 </lastmod>
	</url><url>
		<loc> https://geoconnex.us/cuahsi/his/Scotland_NWIS/334752JHI_NWIS_GrdWater </loc>
		<lastmod> 2022-04-13 04:34:18.499470 </lastmod>
	</url><url>
		<loc> https://geoconnex.us/cuahsi/his/Scotland_NWIS/335781JHI_NWIS_GrdWater </loc>
		<lastmod> 2022-04-13 04:34:18.499486 </lastmod>
	</url><url>
		<loc> https://geoconnex.us/cuahsi/his/Scotland_NWIS/336840JHI_NWIS_GrdWater </loc>
		<lastmod> 2022-04-13 04:34:18.499502 </lastmod>
	</url><url>
		<loc> https://geoconnex.us/cuahsi/his/Scotland_NWIS/337736JHI_NWIS_GrdWater </loc>
		<lastmod> 2022-04-13 04:34:18.499518 </lastmod>
	</url><url>
		<loc> https://geoconnex.us/cuahsi/his/Scotland_NWIS/338297JHI_NWIS_GrdWater </loc>
		<lastmod> 2022-04-13 04:34:18.499534 </lastmod>
	</url><url>
		<loc> https://geoconnex.us/cuahsi/his/Scotland_NWIS/340586JHI_NWIS_GrdWater </loc>
		<lastmod> 2022-04-13 04:34:18.499560 </lastmod>
	</url><url>
		<loc> https://geoconnex.us/cuahsi/his/Scotland_NWIS/3415JHI_NWIS_South </loc>
		<lastmod> 2022-04-13 04:34:18.499575 </lastmod>
	</url><url>
		<loc> https://geoconnex.us/cuahsi/his/Scotland_NWIS/342JHI_NWIS_South </loc>
		<lastmod> 2022-04-13 04:34:18.499589 </lastmod>
	</url><url>
		<loc> https://geoconnex.us/cuahsi/his/Scotland_NWIS/345069JHI_NWIS_GrdWater </loc>
		<lastmod> 2022-04-13 04:34:18.499605 </lastmod>
	</url><url>
		<loc> https://geoconnex.us/cuahsi/his/Scotland_NWIS/349617JHI_NWIS_South </loc>
		<lastmod> 2022-04-13 04:34:18.499620 </lastmod>
	</url><url>
		<loc> https://geoconnex.us/cuahsi/his/Scotland_NWIS/365224JHI_NWIS_GrdWater </loc>
		<lastmod> 2022-04-13 04:34:18.499634 </lastmod>
	</url><url>
		<loc> https://geoconnex.us/cuahsi/his/Scotland_NWIS/459911JHI_NWIS_GrdWater </loc>
		<lastmod> 2022-04-13 04:34:18.499649 </lastmod>
	</url><url>
		<loc> https://geoconnex.us/cuahsi/his/Scotland_NWIS/4638JHI_NWIS_South </loc>
		<lastmod> 2022-04-13 04:34:18.499664 </lastmod>
	</url><url>
		<loc> https://geoconnex.us/cuahsi/his/Scotland_NWIS/467JHI_NWIS_South </loc>
		<lastmod> 2022-04-13 04:34:18.499679 </lastmod>
	</url><url>
		<loc> https://geoconnex.us/cuahsi/his/Scotland_NWIS/470268JHI_NWIS_GrdWater </loc>
		<lastmod> 2022-04-13 04:34:18.499694 </lastmod>
	</url><url>
		<loc> https://geoconnex.us/cuahsi/his/Scotland_NWIS/472141JHI_NWIS_GrdWater </loc>
		<lastmod> 2022-04-13 04:34:18.499708 </lastmod>
	</url><url>
		<loc> https://geoconnex.us/cuahsi/his/Scotland_NWIS/472346JHI_NWIS_GrdWater </loc>
		<lastmod> 2022-04-13 04:34:18.499723 </lastmod>
	</url><url>
		<loc> https://geoconnex.us/cuahsi/his/Scotland_NWIS/536JHI_NWIS_South </loc>
		<lastmod> 2022-04-13 04:34:18.499756 </lastmod>
	</url><url>
		<loc> https://geoconnex.us/cuahsi/his/Scotland_NWIS/635JHI_NWIS_South </loc>
		<lastmod> 2022-04-13 04:34:18.499772 </lastmod>
	</url><url>
		<loc> https://geoconnex.us/cuahsi/his/Scotland_NWIS/676JHI_NWIS_South </loc>
		<lastmod> 2022-04-13 04:34:18.499788 </lastmod>
	</url><url>
		<loc> https://geoconnex.us/cuahsi/his/Scotland_NWIS/7651JHI_NWIS_North </loc>
		<lastmod> 2022-04-13 04:34:18.499804 </lastmod>
	</url><url>
		<loc> https://geoconnex.us/cuahsi/his/Scotland_NWIS/7762JHI_NWIS_North </loc>
		<lastmod> 2022-04-13 04:34:18.499820 </lastmod>
	</url><url>
		<loc> https://geoconnex.us/cuahsi/his/Scotland_NWIS/7817JHI_NWIS_GrdWater </loc>
		<lastmod> 2022-04-13 04:34:18.499836 </lastmod>
	</url><url>
		<loc> https://geoconnex.us/cuahsi/his/Scotland_NWIS/7989JHI_NWIS_North </loc>
		<lastmod> 2022-04-13 04:34:18.499852 </lastmod>
	</url><url>
		<loc> https://geoconnex.us/cuahsi/his/Scotland_NWIS/8175JHI_NWIS_South </loc>
		<lastmod> 2022-04-13 04:34:18.499868 </lastmod>
	</url><url>
		<loc> https://geoconnex.us/cuahsi/his/Scotland_NWIS/8321JHI_NWIS_North </loc>
		<lastmod> 2022-04-13 04:34:18.499884 </lastmod>
	</url><url>
		<loc> https://geoconnex.us/cuahsi/his/Scotland_NWIS/8811JHI_NWIS_North </loc>
		<lastmod> 2022-04-13 04:34:18.499900 </lastmod>
	</url><url>
		<loc> https://geoconnex.us/cuahsi/his/Scotland_NWIS/9422JHI_NWIS_South </loc>
		<lastmod> 2022-04-13 04:34:18.499917 </lastmod>
	</url><url>
		<loc> https://geoconnex.us/cuahsi/his/Scotland_NWIS/9457JHI_NWIS_South </loc>
		<lastmod> 2022-04-13 04:34:18.499932 </lastmod>
	</url><url>
		<loc> https://geoconnex.us/cuahsi/his/Scotland_NWIS/9514JHI_NWIS_South </loc>
		<lastmod> 2022-04-13 04:34:18.499948 </lastmod>
	</url><url>
		<loc> https://geoconnex.us/cuahsi/his/Scotland_NWIS/010102JHI </loc>
		<lastmod> 2022-04-13 04:34:18.499964 </lastmod>
	</url><url>
		<loc> https://geoconnex.us/cuahsi/his/Scotland_NWIS/010114JHI </loc>
		<lastmod> 2022-04-13 04:34:18.499980 </lastmod>
	</url><url>
		<loc> https://geoconnex.us/cuahsi/his/Scotland_NWIS/010128JHI </loc>
		<lastmod> 2022-04-13 04:34:18.499996 </lastmod>
	</url><url>
		<loc> https://geoconnex.us/cuahsi/his/Scotland_NWIS/010129JHI </loc>
		<lastmod> 2022-04-13 04:34:18.500012 </lastmod>
	</url><url>
		<loc> https://geoconnex.us/cuahsi/his/Scotland_NWIS/010130JHI </loc>
		<lastmod> 2022-04-13 04:34:18.500028 </lastmod>
	</url><url>
		<loc> https://geoconnex.us/cuahsi/his/Scotland_NWIS/010131JHI </loc>
		<lastmod> 2022-04-13 04:34:18.500044 </lastmod>
	</url></ns0:urlset>