<?xml version='1.0' encoding='utf-8'?>
<ns0:urlset xmlns:ns0="http://www.sitemaps.org/schemas/sitemap/0.9">
<url>
		<loc> https://geoconnex.us/cuahsi/his/SNOTEL/301_CA_SNTL </loc>
		<lastmod> 2022-08-22 15:27:28.509777 </lastmod>
	</url><url>
		<loc> https://geoconnex.us/cuahsi/his/SNOTEL/907_UT_SNTL </loc>
		<lastmod> 2022-08-22 15:27:28.509814 </lastmod>
	</url><url>
		<loc> https://geoconnex.us/cuahsi/his/SNOTEL/916_MT_SNTL </loc>
		<lastmod> 2022-08-22 15:27:28.509832 </lastmod>
	</url><url>
		<loc> https://geoconnex.us/cuahsi/his/SNOTEL/1267_AK_SNTL </loc>
		<lastmod> 2022-08-22 15:27:28.509847 </lastmod>
	</url><url>
		<loc> https://geoconnex.us/cuahsi/his/SNOTEL/908_WA_SNTL </loc>
		<lastmod> 2022-08-22 15:27:28.509861 </lastmod>
	</url><url>
		<loc> https://geoconnex.us/cuahsi/his/SNOTEL/1189_AK_SNTL </loc>
		<lastmod> 2022-08-22 15:27:28.509876 </lastmod>
	</url><url>
		<loc> https://geoconnex.us/cuahsi/his/SNOTEL/1062_AK_SNTL </loc>
		<lastmod> 2022-08-22 15:27:28.509891 </lastmod>
	</url><url>
		<loc> https://geoconnex.us/cuahsi/his/SNOTEL/1070_AK_SNTL </loc>
		<lastmod> 2022-08-22 15:27:28.509906 </lastmod>
	</url><url>
		<loc> https://geoconnex.us/cuahsi/his/SNOTEL/302_OR_SNTL </loc>
		<lastmod> 2022-08-22 15:27:28.509921 </lastmod>
	</url><url>
		<loc> https://geoconnex.us/cuahsi/his/SNOTEL/1000_OR_SNTL </loc>
		<lastmod> 2022-08-22 15:27:28.509935 </lastmod>
	</url><url>
		<loc> https://geoconnex.us/cuahsi/his/SNOTEL/303_CO_SNTL </loc>
		<lastmod> 2022-08-22 15:27:28.509949 </lastmod>
	</url><url>
		<loc> https://geoconnex.us/cuahsi/his/SNOTEL/1030_CO_SNTL </loc>
		<lastmod> 2022-08-22 15:27:28.509962 </lastmod>
	</url><url>
		<loc> https://geoconnex.us/cuahsi/his/SNOTEL/304_OR_SNTL </loc>
		<lastmod> 2022-08-22 15:27:28.509975 </lastmod>
	</url><url>
		<loc> https://geoconnex.us/cuahsi/his/SNOTEL/305_CO_SNTL </loc>
		<lastmod> 2022-08-22 15:27:28.509989 </lastmod>
	</url><url>
		<loc> https://geoconnex.us/cuahsi/his/SNOTEL/957_AK_SNTL </loc>
		<lastmod> 2022-08-22 15:27:28.510002 </lastmod>
	</url><url>
		<loc> https://geoconnex.us/cuahsi/his/SNOTEL/306_ID_SNTL </loc>
		<lastmod> 2022-08-22 15:27:28.510015 </lastmod>
	</url><url>
		<loc> https://geoconnex.us/cuahsi/his/SNOTEL/8082_UT_SNTL </loc>
		<lastmod> 2022-08-22 15:27:28.510028 </lastmod>
	</url><url>
		<loc> https://geoconnex.us/cuahsi/his/SNOTEL/307_MT_SNTL </loc>
		<lastmod> 2022-08-22 15:27:28.510041 </lastmod>
	</url><url>
		<loc> https://geoconnex.us/cuahsi/his/SNOTEL/308_AZ_SNTL </loc>
		<lastmod> 2022-08-22 15:27:28.510054 </lastmod>
	</url><url>
		<loc> https://geoconnex.us/cuahsi/his/SNOTEL/1140_AZ_SNTL </loc>
		<lastmod> 2022-08-22 15:27:28.510067 </lastmod>
	</url><url>
		<loc> https://geoconnex.us/cuahsi/his/SNOTEL/309_WY_SNTL </loc>
		<lastmod> 2022-08-22 15:27:28.510080 </lastmod>
	</url><url>
		<loc> https://geoconnex.us/cuahsi/his/SNOTEL/310_AZ_SNTL </loc>
		<lastmod> 2022-08-22 15:27:28.510092 </lastmod>
	</url><url>
		<loc> https://geoconnex.us/cuahsi/his/SNOTEL/311_MT_SNTL </loc>
		<lastmod> 2022-08-22 15:27:28.510105 </lastmod>
	</url><url>
		<loc> https://geoconnex.us/cuahsi/his/SNOTEL/312_ID_SNTL </loc>
		<lastmod> 2022-08-22 15:27:28.510118 </lastmod>
	</url><url>
		<loc> https://geoconnex.us/cuahsi/his/SNOTEL/1212_AZ_SNTL </loc>
		<lastmod> 2022-08-22 15:27:28.510131 </lastmod>
	</url><url>
		<loc> https://geoconnex.us/cuahsi/his/SNOTEL/313_MT_SNTL </loc>
		<lastmod> 2022-08-22 15:27:28.510144 </lastmod>
	</url><url>
		<loc> https://geoconnex.us/cuahsi/his/SNOTEL/314_WY_SNTL </loc>
		<lastmod> 2022-08-22 15:27:28.510157 </lastmod>
	</url><url>
		<loc> https://geoconnex.us/cuahsi/his/SNOTEL/315_MT_SNTL </loc>
		<lastmod> 2022-08-22 15:27:28.510170 </lastmod>
	</url><url>
		<loc> https://geoconnex.us/cuahsi/his/SNOTEL/316_NM_SNTL </loc>
		<lastmod> 2022-08-22 15:27:28.510183 </lastmod>
	</url><url>
		<loc> https://geoconnex.us/cuahsi/his/SNOTEL/317_WY_SNTL </loc>
		<lastmod> 2022-08-22 15:27:28.510196 </lastmod>
	</url><url>
		<loc> https://geoconnex.us/cuahsi/his/SNOTEL/318_MT_SNTL </loc>
		<lastmod> 2022-08-22 15:27:28.510209 </lastmod>
	</url><url>
		<loc> https://geoconnex.us/cuahsi/his/SNOTEL/319_ID_SNTL </loc>
		<lastmod> 2022-08-22 15:27:28.510222 </lastmod>
	</url><url>
		<loc> https://geoconnex.us/cuahsi/his/SNOTEL/320_ID_SNTL </loc>
		<lastmod> 2022-08-22 15:27:28.510235 </lastmod>
	</url><url>
		<loc> https://geoconnex.us/cuahsi/his/SNOTEL/321_NV_SNTL </loc>
		<lastmod> 2022-08-22 15:27:28.510248 </lastmod>
	</url><url>
		<loc> https://geoconnex.us/cuahsi/his/SNOTEL/1166_OR_SNTL </loc>
		<lastmod> 2022-08-22 15:27:28.510261 </lastmod>
	</url><url>
		<loc> https://geoconnex.us/cuahsi/his/SNOTEL/322_CO_SNTL </loc>
		<lastmod> 2022-08-22 15:27:28.510274 </lastmod>
	</url><url>
		<loc> https://geoconnex.us/cuahsi/his/SNOTEL/323_ID_SNTL </loc>
		<lastmod> 2022-08-22 15:27:28.510287 </lastmod>
	</url><url>
		<loc> https://geoconnex.us/cuahsi/his/SNOTEL/1061_CO_SNTL </loc>
		<lastmod> 2022-08-22 15:27:28.510300 </lastmod>
	</url><url>
		<loc> https://geoconnex.us/cuahsi/his/SNOTEL/992_UT_SNTL </loc>
		<lastmod> 2022-08-22 15:27:28.510313 </lastmod>
	</url><url>
		<loc> https://geoconnex.us/cuahsi/his/SNOTEL/324_ID_SNTL </loc>
		<lastmod> 2022-08-22 15:27:28.510325 </lastmod>
	</url><url>
		<loc> https://geoconnex.us/cuahsi/his/SNOTEL/325_WY_SNTL </loc>
		<lastmod> 2022-08-22 15:27:28.510338 </lastmod>
	</url><url>
		<loc> https://geoconnex.us/cuahsi/his/SNOTEL/326_WY_SNTL </loc>
		<lastmod> 2022-08-22 15:27:28.510352 </lastmod>
	</url><url>
		<loc> https://geoconnex.us/cuahsi/his/SNOTEL/327_CO_SNTL </loc>
		<lastmod> 2022-08-22 15:27:28.510366 </lastmod>
	</url><url>
		<loc> https://geoconnex.us/cuahsi/his/SNOTEL/1041_CO_SNTL </loc>
		<lastmod> 2022-08-22 15:27:28.510379 </lastmod>
	</url><url>
		<loc> https://geoconnex.us/cuahsi/his/SNOTEL/328_MT_SNTL </loc>
		<lastmod> 2022-08-22 15:27:28.510391 </lastmod>
	</url><url>
		<loc> https://geoconnex.us/cuahsi/his/SNOTEL/329_UT_SNTL </loc>
		<lastmod> 2022-08-22 15:27:28.510404 </lastmod>
	</url><url>
		<loc> https://geoconnex.us/cuahsi/his/SNOTEL/330_UT_SNTL </loc>
		<lastmod> 2022-08-22 15:27:28.510417 </lastmod>
	</url><url>
		<loc> https://geoconnex.us/cuahsi/his/SNOTEL/902_AZ_SNTL </loc>
		<lastmod> 2022-08-22 15:27:28.510430 </lastmod>
	</url><url>
		<loc> https://geoconnex.us/cuahsi/his/SNOTEL/990_WA_SNTL </loc>
		<lastmod> 2022-08-22 15:27:28.510443 </lastmod>
	</url><url>
		<loc> https://geoconnex.us/cuahsi/his/SNOTEL/331_OR_SNTL </loc>
		<lastmod> 2022-08-22 15:27:28.510456 </lastmod>
	</url><url>
		<loc> https://geoconnex.us/cuahsi/his/SNOTEL/1143_AZ_SNTL </loc>
		<lastmod> 2022-08-22 15:27:28.510469 </lastmod>
	</url><url>
		<loc> https://geoconnex.us/cuahsi/his/SNOTEL/332_UT_SNTL </loc>
		<lastmod> 2022-08-22 15:27:28.510482 </lastmod>
	</url><url>
		<loc> https://geoconnex.us/cuahsi/his/SNOTEL/333_UT_SNTL </loc>
		<lastmod> 2022-08-22 15:27:28.510494 </lastmod>
	</url><url>
		<loc> https://geoconnex.us/cuahsi/his/SNOTEL/251_ID_SNTL </loc>
		<lastmod> 2022-08-22 15:27:28.510507 </lastmod>
	</url><url>
		<loc> https://geoconnex.us/cuahsi/his/SNOTEL/1086_AK_SNTL </loc>
		<lastmod> 2022-08-22 15:27:28.510520 </lastmod>
	</url><url>
		<loc> https://geoconnex.us/cuahsi/his/SNOTEL/334_NV_SNTL </loc>
		<lastmod> 2022-08-22 15:27:28.510533 </lastmod>
	</url><url>
		<loc> https://geoconnex.us/cuahsi/his/SNOTEL/335_CO_SNTL </loc>
		<lastmod> 2022-08-22 15:27:28.510546 </lastmod>
	</url><url>
		<loc> https://geoconnex.us/cuahsi/his/SNOTEL/1182_AK_SNTL </loc>
		<lastmod> 2022-08-22 15:27:28.510559 </lastmod>
	</url><url>
		<loc> https://geoconnex.us/cuahsi/his/SNOTEL/1214_UT_SNTL </loc>
		<lastmod> 2022-08-22 15:27:28.510572 </lastmod>
	</url><url>
		<loc> https://geoconnex.us/cuahsi/his/SNOTEL/336_NV_SNTL </loc>
		<lastmod> 2022-08-22 15:27:28.510585 </lastmod>
	</url><url>
		<loc> https://geoconnex.us/cuahsi/his/SNOTEL/337_NV_SNTL </loc>
		<lastmod> 2022-08-22 15:27:28.510598 </lastmod>
	</url><url>
		<loc> https://geoconnex.us/cuahsi/his/SNOTEL/338_ID_SNTL </loc>
		<lastmod> 2022-08-22 15:27:28.510611 </lastmod>
	</url><url>
		<loc> https://geoconnex.us/cuahsi/his/SNOTEL/339_UT_SNTL </loc>
		<lastmod> 2022-08-22 15:27:28.510624 </lastmod>
	</url><url>
		<loc> https://geoconnex.us/cuahsi/his/SNOTEL/931_WY_SNTL </loc>
		<lastmod> 2022-08-22 15:27:28.510637 </lastmod>
	</url><url>
		<loc> https://geoconnex.us/cuahsi/his/SNOTEL/340_NV_SNTL </loc>
		<lastmod> 2022-08-22 15:27:28.510650 </lastmod>
	</url><url>
		<loc> https://geoconnex.us/cuahsi/his/SNOTEL/341_OR_SNTL </loc>
		<lastmod> 2022-08-22 15:27:28.510663 </lastmod>
	</url><url>
		<loc> https://geoconnex.us/cuahsi/his/SNOTEL/342_WY_SNTL </loc>
		<lastmod> 2022-08-22 15:27:28.510676 </lastmod>
	</url><url>
		<loc> https://geoconnex.us/cuahsi/his/SNOTEL/343_OR_SNTL </loc>
		<lastmod> 2022-08-22 15:27:28.510690 </lastmod>
	</url><url>
		<loc> https://geoconnex.us/cuahsi/his/SNOTEL/344_OR_SNTL </loc>
		<lastmod> 2022-08-22 15:27:28.510702 </lastmod>
	</url><url>
		<loc> https://geoconnex.us/cuahsi/his/SNOTEL/1155_NV_SNTL </loc>
		<lastmod> 2022-08-22 15:27:28.510715 </lastmod>
	</url><url>
		<loc> https://geoconnex.us/cuahsi/his/SNOTEL/345_CO_SNTL </loc>
		<lastmod> 2022-08-22 15:27:28.510728 </lastmod>
	</url><url>
		<loc> https://geoconnex.us/cuahsi/his/SNOTEL/346_MT_SNTL </loc>
		<lastmod> 2022-08-22 15:27:28.510741 </lastmod>
	</url><url>
		<loc> https://geoconnex.us/cuahsi/his/SNOTEL/347_MT_SNTL </loc>
		<lastmod> 2022-08-22 15:27:28.510754 </lastmod>
	</url><url>
		<loc> https://geoconnex.us/cuahsi/his/SNOTEL/348_UT_SNTL </loc>
		<lastmod> 2022-08-22 15:27:28.510767 </lastmod>
	</url><url>
		<loc> https://geoconnex.us/cuahsi/his/SNOTEL/1185_CO_SNTL </loc>
		<lastmod> 2022-08-22 15:27:28.510780 </lastmod>
	</url><url>
		<loc> https://geoconnex.us/cuahsi/his/SNOTEL/1161_CO_SNTL </loc>
		<lastmod> 2022-08-22 15:27:28.510793 </lastmod>
	</url><url>
		<loc> https://geoconnex.us/cuahsi/his/SNOTEL/349_MT_SNTL </loc>
		<lastmod> 2022-08-22 15:27:28.510805 </lastmod>
	</url><url>
		<loc> https://geoconnex.us/cuahsi/his/SNOTEL/1119_WY_SNTL </loc>
		<lastmod> 2022-08-22 15:27:28.510818 </lastmod>
	</url><url>
		<loc> https://geoconnex.us/cuahsi/his/SNOTEL/1162_UT_SNTL </loc>
		<lastmod> 2022-08-22 15:27:28.510831 </lastmod>
	</url><url>
		<loc> https://geoconnex.us/cuahsi/his/SNOTEL/1144_MT_SNTL </loc>
		<lastmod> 2022-08-22 15:27:28.510844 </lastmod>
	</url><url>
		<loc> https://geoconnex.us/cuahsi/his/SNOTEL/350_WY_SNTL </loc>
		<lastmod> 2022-08-22 15:27:28.510857 </lastmod>
	</url><url>
		<loc> https://geoconnex.us/cuahsi/his/SNOTEL/351_OR_SNTL </loc>
		<lastmod> 2022-08-22 15:27:28.510870 </lastmod>
	</url><url>
		<loc> https://geoconnex.us/cuahsi/his/SNOTEL/352_WA_SNTL </loc>
		<lastmod> 2022-08-22 15:27:28.510882 </lastmod>
	</url><url>
		<loc> https://geoconnex.us/cuahsi/his/SNOTEL/353_WY_SNTL </loc>
		<lastmod> 2022-08-22 15:27:28.510895 </lastmod>
	</url><url>
		<loc> https://geoconnex.us/cuahsi/his/SNOTEL/354_SD_SNTL </loc>
		<lastmod> 2022-08-22 15:27:28.510908 </lastmod>
	</url><url>
		<loc> https://geoconnex.us/cuahsi/his/SNOTEL/355_MT_SNTL </loc>
		<lastmod> 2022-08-22 15:27:28.510921 </lastmod>
	</url><url>
		<loc> https://geoconnex.us/cuahsi/his/SNOTEL/356_CA_SNTL </loc>
		<lastmod> 2022-08-22 15:27:28.510934 </lastmod>
	</url><url>
		<loc> https://geoconnex.us/cuahsi/his/SNOTEL/357_OR_SNTL </loc>
		<lastmod> 2022-08-22 15:27:28.510946 </lastmod>
	</url><url>
		<loc> https://geoconnex.us/cuahsi/his/SNOTEL/1278_UT_SNTL </loc>
		<lastmod> 2022-08-22 15:27:28.510959 </lastmod>
	</url><url>
		<loc> https://geoconnex.us/cuahsi/his/SNOTEL/978_ID_SNTL </loc>
		<lastmod> 2022-08-22 15:27:28.510972 </lastmod>
	</url><url>
		<loc> https://geoconnex.us/cuahsi/his/SNOTEL/358_WY_SNTL </loc>
		<lastmod> 2022-08-22 15:27:28.510985 </lastmod>
	</url><url>
		<loc> https://geoconnex.us/cuahsi/his/SNOTEL/359_ID_SNTL </loc>
		<lastmod> 2022-08-22 15:27:28.510998 </lastmod>
	</url><url>
		<loc> https://geoconnex.us/cuahsi/his/SNOTEL/360_MT_SNTL </loc>
		<lastmod> 2022-08-22 15:27:28.511011 </lastmod>
	</url><url>
		<loc> https://geoconnex.us/cuahsi/his/SNOTEL/361_OR_SNTL </loc>
		<lastmod> 2022-08-22 15:27:28.511024 </lastmod>
	</url><url>
		<loc> https://geoconnex.us/cuahsi/his/SNOTEL/362_OR_SNTL </loc>
		<lastmod> 2022-08-22 15:27:28.511036 </lastmod>
	</url><url>
		<loc> https://geoconnex.us/cuahsi/his/SNOTEL/363_MT_SNTL </loc>
		<lastmod> 2022-08-22 15:27:28.511049 </lastmod>
	</url><url>
		<loc> https://geoconnex.us/cuahsi/his/SNOTEL/364_UT_SNTL </loc>
		<lastmod> 2022-08-22 15:27:28.511062 </lastmod>
	</url><url>
		<loc> https://geoconnex.us/cuahsi/his/SNOTEL/1156_UT_SNTL </loc>
		<lastmod> 2022-08-22 15:27:28.511075 </lastmod>
	</url><url>
		<loc> https://geoconnex.us/cuahsi/his/SNOTEL/365_MT_SNTL </loc>
		<lastmod> 2022-08-22 15:27:28.511088 </lastmod>
	</url><url>
		<loc> https://geoconnex.us/cuahsi/his/SNOTEL/1154_UT_SNTL </loc>
		<lastmod> 2022-08-22 15:27:28.511101 </lastmod>
	</url><url>
		<loc> https://geoconnex.us/cuahsi/his/SNOTEL/252_MT_SNTL </loc>
		<lastmod> 2022-08-22 15:27:28.511113 </lastmod>
	</url><url>
		<loc> https://geoconnex.us/cuahsi/his/SNOTEL/366_UT_SNTL </loc>
		<lastmod> 2022-08-22 15:27:28.511126 </lastmod>
	</url><url>
		<loc> https://geoconnex.us/cuahsi/his/SNOTEL/1111_NV_SNTL </loc>
		<lastmod> 2022-08-22 15:27:28.511139 </lastmod>
	</url><url>
		<loc> https://geoconnex.us/cuahsi/his/SNOTEL/367_WY_SNTL </loc>
		<lastmod> 2022-08-22 15:27:28.511152 </lastmod>
	</url><url>
		<loc> https://geoconnex.us/cuahsi/his/SNOTEL/368_UT_SNTL </loc>
		<lastmod> 2022-08-22 15:27:28.511165 </lastmod>
	</url><url>
		<loc> https://geoconnex.us/cuahsi/his/SNOTEL/1080_WA_SNTL </loc>
		<lastmod> 2022-08-22 15:27:28.511178 </lastmod>
	</url><url>
		<loc> https://geoconnex.us/cuahsi/his/SNOTEL/369_CO_SNTL </loc>
		<lastmod> 2022-08-22 15:27:28.511190 </lastmod>
	</url><url>
		<loc> https://geoconnex.us/cuahsi/his/SNOTEL/370_ID_SNTL </loc>
		<lastmod> 2022-08-22 15:27:28.511203 </lastmod>
	</url><url>
		<loc> https://geoconnex.us/cuahsi/his/SNOTEL/371_UT_SNTL </loc>
		<lastmod> 2022-08-22 15:27:28.511217 </lastmod>
	</url><url>
		<loc> https://geoconnex.us/cuahsi/his/SNOTEL/1192_UT_SNTL </loc>
		<lastmod> 2022-08-22 15:27:28.511230 </lastmod>
	</url><url>
		<loc> https://geoconnex.us/cuahsi/his/SNOTEL/372_AZ_SNTL </loc>
		<lastmod> 2022-08-22 15:27:28.511243 </lastmod>
	</url><url>
		<loc> https://geoconnex.us/cuahsi/his/SNOTEL/1153_UT_SNTL </loc>
		<lastmod> 2022-08-22 15:27:28.511255 </lastmod>
	</url><url>
		<loc> https://geoconnex.us/cuahsi/his/SNOTEL/1107_WA_SNTL </loc>
		<lastmod> 2022-08-22 15:27:28.511268 </lastmod>
	</url><url>
		<loc> https://geoconnex.us/cuahsi/his/SNOTEL/938_CO_SNTL </loc>
		<lastmod> 2022-08-22 15:27:28.511281 </lastmod>
	</url><url>
		<loc> https://geoconnex.us/cuahsi/his/SNOTEL/373_NV_SNTL </loc>
		<lastmod> 2022-08-22 15:27:28.511294 </lastmod>
	</url><url>
		<loc> https://geoconnex.us/cuahsi/his/SNOTEL/913_CO_SNTL </loc>
		<lastmod> 2022-08-22 15:27:28.511307 </lastmod>
	</url><url>
		<loc> https://geoconnex.us/cuahsi/his/SNOTEL/374_UT_SNTL </loc>
		<lastmod> 2022-08-22 15:27:28.511321 </lastmod>
	</url><url>
		<loc> https://geoconnex.us/cuahsi/his/SNOTEL/375_WA_SNTL </loc>
		<lastmod> 2022-08-22 15:27:28.511334 </lastmod>
	</url><url>
		<loc> https://geoconnex.us/cuahsi/his/SNOTEL/376_WA_SNTL </loc>
		<lastmod> 2022-08-22 15:27:28.511347 </lastmod>
	</url><url>
		<loc> https://geoconnex.us/cuahsi/his/SNOTEL/377_WY_SNTL </loc>
		<lastmod> 2022-08-22 15:27:28.511360 </lastmod>
	</url><url>
		<loc> https://geoconnex.us/cuahsi/his/SNOTEL/1051_CA_SNTL </loc>
		<lastmod> 2022-08-22 15:27:28.511372 </lastmod>
	</url><url>
		<loc> https://geoconnex.us/cuahsi/his/SNOTEL/942_WA_SNTL </loc>
		<lastmod> 2022-08-22 15:27:28.511385 </lastmod>
	</url><url>
		<loc> https://geoconnex.us/cuahsi/his/SNOTEL/981_MT_SNTL </loc>
		<lastmod> 2022-08-22 15:27:28.511398 </lastmod>
	</url><url>
		<loc> https://geoconnex.us/cuahsi/his/SNOTEL/378_CO_SNTL </loc>
		<lastmod> 2022-08-22 15:27:28.511410 </lastmod>
	</url><url>
		<loc> https://geoconnex.us/cuahsi/his/SNOTEL/379_WY_SNTL </loc>
		<lastmod> 2022-08-22 15:27:28.511424 </lastmod>
	</url><url>
		<loc> https://geoconnex.us/cuahsi/his/SNOTEL/1135_UT_SNTL </loc>
		<lastmod> 2022-08-22 15:27:28.511436 </lastmod>
	</url><url>
		<loc> https://geoconnex.us/cuahsi/his/SNOTEL/380_CO_SNTL </loc>
		<lastmod> 2022-08-22 15:27:28.511449 </lastmod>
	</url><url>
		<loc> https://geoconnex.us/cuahsi/his/SNOTEL/1109_WA_SNTL </loc>
		<lastmod> 2022-08-22 15:27:28.511462 </lastmod>
	</url><url>
		<loc> https://geoconnex.us/cuahsi/his/SNOTEL/381_MT_SNTL </loc>
		<lastmod> 2022-08-22 15:27:28.511514 </lastmod>
	</url><url>
		<loc> https://geoconnex.us/cuahsi/his/SNOTEL/382_ID_SNTL </loc>
		<lastmod> 2022-08-22 15:27:28.511527 </lastmod>
	</url><url>
		<loc> https://geoconnex.us/cuahsi/his/SNOTEL/383_UT_SNTL </loc>
		<lastmod> 2022-08-22 15:27:28.511540 </lastmod>
	</url><url>
		<loc> https://geoconnex.us/cuahsi/his/SNOTEL/384_WY_SNTL </loc>
		<lastmod> 2022-08-22 15:27:28.511553 </lastmod>
	</url><url>
		<loc> https://geoconnex.us/cuahsi/his/SNOTEL/385_MT_SNTL </loc>
		<lastmod> 2022-08-22 15:27:28.511566 </lastmod>
	</url><url>
		<loc> https://geoconnex.us/cuahsi/his/SNOTEL/1067_CA_SNTL </loc>
		<lastmod> 2022-08-22 15:27:28.511578 </lastmod>
	</url><url>
		<loc> https://geoconnex.us/cuahsi/his/SNOTEL/386_CO_SNTL </loc>
		<lastmod> 2022-08-22 15:27:28.511591 </lastmod>
	</url><url>
		<loc> https://geoconnex.us/cuahsi/his/SNOTEL/387_CO_SNTL </loc>
		<lastmod> 2022-08-22 15:27:28.511604 </lastmod>
	</url><url>
		<loc> https://geoconnex.us/cuahsi/his/SNOTEL/1039_UT_SNTL </loc>
		<lastmod> 2022-08-22 15:27:28.511617 </lastmod>
	</url><url>
		<loc> https://geoconnex.us/cuahsi/his/SNOTEL/388_OR_SNTL </loc>
		<lastmod> 2022-08-22 15:27:28.511629 </lastmod>
	</url><url>
		<loc> https://geoconnex.us/cuahsi/his/SNOTEL/253_MT_SNTL </loc>
		<lastmod> 2022-08-22 15:27:28.511642 </lastmod>
	</url><url>
		<loc> https://geoconnex.us/cuahsi/his/SNOTEL/389_WY_SNTL </loc>
		<lastmod> 2022-08-22 15:27:28.511655 </lastmod>
	</url><url>
		<loc> https://geoconnex.us/cuahsi/his/SNOTEL/1130_WY_SNTL </loc>
		<lastmod> 2022-08-22 15:27:28.511668 </lastmod>
	</url><url>
		<loc> https://geoconnex.us/cuahsi/his/SNOTEL/390_UT_SNTL </loc>
		<lastmod> 2022-08-22 15:27:28.511681 </lastmod>
	</url><url>
		<loc> https://geoconnex.us/cuahsi/his/SNOTEL/247_CO_SNTL </loc>
		<lastmod> 2022-08-22 15:27:28.511694 </lastmod>
	</url><url>
		<loc> https://geoconnex.us/cuahsi/his/SNOTEL/1152_NV_SNTL </loc>
		<lastmod> 2022-08-22 15:27:28.511706 </lastmod>
	</url><url>
		<loc> https://geoconnex.us/cuahsi/his/SNOTEL/1085_WA_SNTL </loc>
		<lastmod> 2022-08-22 15:27:28.511719 </lastmod>
	</url><url>
		<loc> https://geoconnex.us/cuahsi/his/SNOTEL/391_CA_SNTL </loc>
		<lastmod> 2022-08-22 15:27:28.511732 </lastmod>
	</url><url>
		<loc> https://geoconnex.us/cuahsi/his/SNOTEL/1139_AZ_SNTL </loc>
		<lastmod> 2022-08-22 15:27:28.511745 </lastmod>
	</url><url>
		<loc> https://geoconnex.us/cuahsi/his/SNOTEL/392_UT_SNTL </loc>
		<lastmod> 2022-08-22 15:27:28.511758 </lastmod>
	</url><url>
		<loc> https://geoconnex.us/cuahsi/his/SNOTEL/393_UT_SNTL </loc>
		<lastmod> 2022-08-22 15:27:28.511771 </lastmod>
	</url><url>
		<loc> https://geoconnex.us/cuahsi/his/SNOTEL/394_NM_SNTL </loc>
		<lastmod> 2022-08-22 15:27:28.511784 </lastmod>
	</url><url>
		<loc> https://geoconnex.us/cuahsi/his/SNOTEL/1101_CO_SNTL </loc>
		<lastmod> 2022-08-22 15:27:28.511797 </lastmod>
	</url><url>
		<loc> https://geoconnex.us/cuahsi/his/SNOTEL/395_OR_SNTL </loc>
		<lastmod> 2022-08-22 15:27:28.511810 </lastmod>
	</url><url>
		<loc> https://geoconnex.us/cuahsi/his/SNOTEL/396_UT_SNTL </loc>
		<lastmod> 2022-08-22 15:27:28.511823 </lastmod>
	</url><url>
		<loc> https://geoconnex.us/cuahsi/his/SNOTEL/1093_AK_SNTL </loc>
		<lastmod> 2022-08-22 15:27:28.511836 </lastmod>
	</url><url>
		<loc> https://geoconnex.us/cuahsi/his/SNOTEL/895_ID_SNTL </loc>
		<lastmod> 2022-08-22 15:27:28.511848 </lastmod>
	</url><url>
		<loc> https://geoconnex.us/cuahsi/his/SNOTEL/397_WY_SNTL </loc>
		<lastmod> 2022-08-22 15:27:28.511861 </lastmod>
	</url><url>
		<loc> https://geoconnex.us/cuahsi/his/SNOTEL/1046_WY_SNTL </loc>
		<lastmod> 2022-08-22 15:27:28.511874 </lastmod>
	</url><url>
		<loc> https://geoconnex.us/cuahsi/his/SNOTEL/398_OR_SNTL </loc>
		<lastmod> 2022-08-22 15:27:28.511887 </lastmod>
	</url><url>
		<loc> https://geoconnex.us/cuahsi/his/SNOTEL/983_UT_SNTL </loc>
		<lastmod> 2022-08-22 15:27:28.511900 </lastmod>
	</url><url>
		<loc> https://geoconnex.us/cuahsi/his/SNOTEL/399_UT_SNTL </loc>
		<lastmod> 2022-08-22 15:27:28.511913 </lastmod>
	</url><url>
		<loc> https://geoconnex.us/cuahsi/his/SNOTEL/400_UT_SNTL </loc>
		<lastmod> 2022-08-22 15:27:28.511925 </lastmod>
	</url><url>
		<loc> https://geoconnex.us/cuahsi/his/SNOTEL/401_OR_SNTL </loc>
		<lastmod> 2022-08-22 15:27:28.511938 </lastmod>
	</url><url>
		<loc> https://geoconnex.us/cuahsi/his/SNOTEL/402_WY_SNTL </loc>
		<lastmod> 2022-08-22 15:27:28.511951 </lastmod>
	</url><url>
		<loc> https://geoconnex.us/cuahsi/his/SNOTEL/403_MT_SNTL </loc>
		<lastmod> 2022-08-22 15:27:28.511964 </lastmod>
	</url><url>
		<loc> https://geoconnex.us/cuahsi/his/SNOTEL/1059_CO_SNTL </loc>
		<lastmod> 2022-08-22 15:27:28.511978 </lastmod>
	</url><url>
		<loc> https://geoconnex.us/cuahsi/his/SNOTEL/405_WY_SNTL </loc>
		<lastmod> 2022-08-22 15:27:28.511990 </lastmod>
	</url><url>
		<loc> https://geoconnex.us/cuahsi/his/SNOTEL/406_OR_SNTL </loc>
		<lastmod> 2022-08-22 15:27:28.512003 </lastmod>
	</url><url>
		<loc> https://geoconnex.us/cuahsi/his/SNOTEL/958_AK_SNTL </loc>
		<lastmod> 2022-08-22 15:27:28.512016 </lastmod>
	</url><url>
		<loc> https://geoconnex.us/cuahsi/his/SNOTEL/982_WY_SNTL </loc>
		<lastmod> 2022-08-22 15:27:28.512029 </lastmod>
	</url><url>
		<loc> https://geoconnex.us/cuahsi/his/SNOTEL/407_MT_SNTL </loc>
		<lastmod> 2022-08-22 15:27:28.512042 </lastmod>
	</url><url>
		<loc> https://geoconnex.us/cuahsi/his/SNOTEL/1204_NV_SNTL </loc>
		<lastmod> 2022-08-22 15:27:28.512055 </lastmod>
	</url><url>
		<loc> https://geoconnex.us/cuahsi/his/SNOTEL/408_CO_SNTL </loc>
		<lastmod> 2022-08-22 15:27:28.512068 </lastmod>
	</url><url>
		<loc> https://geoconnex.us/cuahsi/his/SNOTEL/409_CO_SNTL </loc>
		<lastmod> 2022-08-22 15:27:28.512081 </lastmod>
	</url><url>
		<loc> https://geoconnex.us/cuahsi/his/SNOTEL/904_CO_SNTL </loc>
		<lastmod> 2022-08-22 15:27:28.512094 </lastmod>
	</url><url>
		<loc> https://geoconnex.us/cuahsi/his/SNOTEL/410_MT_SNTL </loc>
		<lastmod> 2022-08-22 15:27:28.512107 </lastmod>
	</url><url>
		<loc> https://geoconnex.us/cuahsi/his/SNOTEL/411_ID_SNTL </loc>
		<lastmod> 2022-08-22 15:27:28.512120 </lastmod>
	</url><url>
		<loc> https://geoconnex.us/cuahsi/his/SNOTEL/959_AK_SNTL </loc>
		<lastmod> 2022-08-22 15:27:28.512133 </lastmod>
	</url><url>
		<loc> https://geoconnex.us/cuahsi/his/SNOTEL/412_CO_SNTL </loc>
		<lastmod> 2022-08-22 15:27:28.512146 </lastmod>
	</url><url>
		<loc> https://geoconnex.us/cuahsi/his/SNOTEL/413_MT_SNTL </loc>
		<lastmod> 2022-08-22 15:27:28.512159 </lastmod>
	</url><url>
		<loc> https://geoconnex.us/cuahsi/his/SNOTEL/414_MT_SNTL </loc>
		<lastmod> 2022-08-22 15:27:28.512172 </lastmod>
	</url><url>
		<loc> https://geoconnex.us/cuahsi/his/SNOTEL/415_CO_SNTL </loc>
		<lastmod> 2022-08-22 15:27:28.512184 </lastmod>
	</url><url>
		<loc> https://geoconnex.us/cuahsi/his/SNOTEL/1209_NV_SNTL </loc>
		<lastmod> 2022-08-22 15:27:28.512197 </lastmod>
	</url><url>
		<loc> https://geoconnex.us/cuahsi/his/SNOTEL/416_AZ_SNTL </loc>
		<lastmod> 2022-08-22 15:27:28.512210 </lastmod>
	</url><url>
		<loc> https://geoconnex.us/cuahsi/his/SNOTEL/1236_UT_SNTL </loc>
		<lastmod> 2022-08-22 15:27:28.512222 </lastmod>
	</url><url>
		<loc> https://geoconnex.us/cuahsi/his/SNOTEL/417_NV_SNTL </loc>
		<lastmod> 2022-08-22 15:27:28.512235 </lastmod>
	</url><url>
		<loc> https://geoconnex.us/cuahsi/his/SNOTEL/418_WA_SNTL </loc>
		<lastmod> 2022-08-22 15:27:28.512248 </lastmod>
	</url><url>
		<loc> https://geoconnex.us/cuahsi/his/SNOTEL/419_WY_SNTL </loc>
		<lastmod> 2022-08-22 15:27:28.512261 </lastmod>
	</url><url>
		<loc> https://geoconnex.us/cuahsi/his/SNOTEL/420_WA_SNTL </loc>
		<lastmod> 2022-08-22 15:27:28.512273 </lastmod>
	</url><url>
		<loc> https://geoconnex.us/cuahsi/his/SNOTEL/421_WY_SNTL </loc>
		<lastmod> 2022-08-22 15:27:28.512286 </lastmod>
	</url><url>
		<loc> https://geoconnex.us/cuahsi/his/SNOTEL/422_OR_SNTL </loc>
		<lastmod> 2022-08-22 15:27:28.512299 </lastmod>
	</url><url>
		<loc> https://geoconnex.us/cuahsi/his/SNOTEL/423_ID_SNTL </loc>
		<lastmod> 2022-08-22 15:27:28.512312 </lastmod>
	</url><url>
		<loc> https://geoconnex.us/cuahsi/his/SNOTEL/424_ID_SNTL </loc>
		<lastmod> 2022-08-22 15:27:28.512325 </lastmod>
	</url><url>
		<loc> https://geoconnex.us/cuahsi/his/SNOTEL/425_ID_SNTL </loc>
		<lastmod> 2022-08-22 15:27:28.512337 </lastmod>
	</url><url>
		<loc> https://geoconnex.us/cuahsi/his/SNOTEL/1010_OR_SNTL </loc>
		<lastmod> 2022-08-22 15:27:28.512350 </lastmod>
	</url><url>
		<loc> https://geoconnex.us/cuahsi/his/SNOTEL/426_CO_SNTL </loc>
		<lastmod> 2022-08-22 15:27:28.512363 </lastmod>
	</url><url>
		<loc> https://geoconnex.us/cuahsi/his/SNOTEL/1045_WY_SNTL </loc>
		<lastmod> 2022-08-22 15:27:28.512376 </lastmod>
	</url><url>
		<loc> https://geoconnex.us/cuahsi/his/SNOTEL/977_CA_SNTL </loc>
		<lastmod> 2022-08-22 15:27:28.512389 </lastmod>
	</url><url>
		<loc> https://geoconnex.us/cuahsi/his/SNOTEL/427_MT_SNTL </loc>
		<lastmod> 2022-08-22 15:27:28.512402 </lastmod>
	</url><url>
		<loc> https://geoconnex.us/cuahsi/his/SNOTEL/428_CA_SNTL </loc>
		<lastmod> 2022-08-22 15:27:28.512415 </lastmod>
	</url><url>
		<loc> https://geoconnex.us/cuahsi/his/SNOTEL/430_CO_SNTL </loc>
		<lastmod> 2022-08-22 15:27:28.512428 </lastmod>
	</url><url>
		<loc> https://geoconnex.us/cuahsi/his/SNOTEL/431_CO_SNTL </loc>
		<lastmod> 2022-08-22 15:27:28.512441 </lastmod>
	</url><url>
		<loc> https://geoconnex.us/cuahsi/his/SNOTEL/432_UT_SNTL </loc>
		<lastmod> 2022-08-22 15:27:28.512454 </lastmod>
	</url><url>
		<loc> https://geoconnex.us/cuahsi/his/SNOTEL/919_MT_SNTL </loc>
		<lastmod> 2022-08-22 15:27:28.512468 </lastmod>
	</url><url>
		<loc> https://geoconnex.us/cuahsi/his/SNOTEL/433_MT_SNTL </loc>
		<lastmod> 2022-08-22 15:27:28.512481 </lastmod>
	</url><url>
		<loc> https://geoconnex.us/cuahsi/his/SNOTEL/434_OR_SNTL </loc>
		<lastmod> 2022-08-22 15:27:28.512494 </lastmod>
	</url><url>
		<loc> https://geoconnex.us/cuahsi/his/SNOTEL/435_UT_SNTL </loc>
		<lastmod> 2022-08-22 15:27:28.512506 </lastmod>
	</url><url>
		<loc> https://geoconnex.us/cuahsi/his/SNOTEL/436_MT_SNTL </loc>
		<lastmod> 2022-08-22 15:27:28.512519 </lastmod>
	</url><url>
		<loc> https://geoconnex.us/cuahsi/his/SNOTEL/437_MT_SNTL </loc>
		<lastmod> 2022-08-22 15:27:28.512532 </lastmod>
	</url><url>
		<loc> https://geoconnex.us/cuahsi/his/SNOTEL/438_CO_SNTL </loc>
		<lastmod> 2022-08-22 15:27:28.512545 </lastmod>
	</url><url>
		<loc> https://geoconnex.us/cuahsi/his/SNOTEL/439_ID_SNTL </loc>
		<lastmod> 2022-08-22 15:27:28.512558 </lastmod>
	</url><url>
		<loc> https://geoconnex.us/cuahsi/his/SNOTEL/923_WY_SNTL </loc>
		<lastmod> 2022-08-22 15:27:28.512570 </lastmod>
	</url><url>
		<loc> https://geoconnex.us/cuahsi/his/SNOTEL/1210_NV_SNTL </loc>
		<lastmod> 2022-08-22 15:27:28.512583 </lastmod>
	</url><url>
		<loc> https://geoconnex.us/cuahsi/his/SNOTEL/440_OR_SNTL </loc>
		<lastmod> 2022-08-22 15:27:28.512596 </lastmod>
	</url><url>
		<loc> https://geoconnex.us/cuahsi/his/SNOTEL/441_UT_SNTL </loc>
		<lastmod> 2022-08-22 15:27:28.512609 </lastmod>
	</url><url>
		<loc> https://geoconnex.us/cuahsi/his/SNOTEL/442_OR_SNTL </loc>
		<lastmod> 2022-08-22 15:27:28.512622 </lastmod>
	</url><url>
		<loc> https://geoconnex.us/cuahsi/his/SNOTEL/443_NV_SNTL </loc>
		<lastmod> 2022-08-22 15:27:28.512635 </lastmod>
	</url><url>
		<loc> https://geoconnex.us/cuahsi/his/SNOTEL/444_UT_SNTL </loc>
		<lastmod> 2022-08-22 15:27:28.512648 </lastmod>
	</url><url>
		<loc> https://geoconnex.us/cuahsi/his/SNOTEL/8011_WY_SNTL </loc>
		<lastmod> 2022-08-22 15:27:28.512661 </lastmod>
	</url><url>
		<loc> https://geoconnex.us/cuahsi/his/SNOTEL/445_NV_SNTL </loc>
		<lastmod> 2022-08-22 15:27:28.512673 </lastmod>
	</url><url>
		<loc> https://geoconnex.us/cuahsi/his/SNOTEL/446_CA_SNTL </loc>
		<lastmod> 2022-08-22 15:27:28.512686 </lastmod>
	</url><url>
		<loc> https://geoconnex.us/cuahsi/his/SNOTEL/448_MT_SNTL </loc>
		<lastmod> 2022-08-22 15:27:28.512699 </lastmod>
	</url><url>
		<loc> https://geoconnex.us/cuahsi/his/SNOTEL/449_WY_SNTL </loc>
		<lastmod> 2022-08-22 15:27:28.512712 </lastmod>
	</url><url>
		<loc> https://geoconnex.us/cuahsi/his/SNOTEL/450_ID_SNTL </loc>
		<lastmod> 2022-08-22 15:27:28.512725 </lastmod>
	</url><url>
		<loc> https://geoconnex.us/cuahsi/his/SNOTEL/451_WY_SNTL </loc>
		<lastmod> 2022-08-22 15:27:28.512738 </lastmod>
	</url><url>
		<loc> https://geoconnex.us/cuahsi/his/SNOTEL/452_UT_SNTL </loc>
		<lastmod> 2022-08-22 15:27:28.512750 </lastmod>
	</url><url>
		<loc> https://geoconnex.us/cuahsi/his/SNOTEL/453_NV_SNTL </loc>
		<lastmod> 2022-08-22 15:27:28.512764 </lastmod>
	</url><url>
		<loc> https://geoconnex.us/cuahsi/his/SNOTEL/454_NV_SNTL </loc>
		<lastmod> 2022-08-22 15:27:28.512777 </lastmod>
	</url><url>
		<loc> https://geoconnex.us/cuahsi/his/SNOTEL/455_UT_SNTL </loc>
		<lastmod> 2022-08-22 15:27:28.512790 </lastmod>
	</url><url>
		<loc> https://geoconnex.us/cuahsi/his/SNOTEL/1243_NV_SNTL </loc>
		<lastmod> 2022-08-22 15:27:28.512803 </lastmod>
	</url><url>
		<loc> https://geoconnex.us/cuahsi/his/SNOTEL/906_UT_SNTL </loc>
		<lastmod> 2022-08-22 15:27:28.512816 </lastmod>
	</url><url>
		<loc> https://geoconnex.us/cuahsi/his/SNOTEL/457_CO_SNTL </loc>
		<lastmod> 2022-08-22 15:27:28.512830 </lastmod>
	</url><url>
		<loc> https://geoconnex.us/cuahsi/his/SNOTEL/943_WA_SNTL </loc>
		<lastmod> 2022-08-22 15:27:28.512843 </lastmod>
	</url><url>
		<loc> https://geoconnex.us/cuahsi/his/SNOTEL/458_MT_SNTL </loc>
		<lastmod> 2022-08-22 15:27:28.512856 </lastmod>
	</url><url>
		<loc> https://geoconnex.us/cuahsi/his/SNOTEL/960_AK_SNTL </loc>
		<lastmod> 2022-08-22 15:27:28.512868 </lastmod>
	</url><url>
		<loc> https://geoconnex.us/cuahsi/his/SNOTEL/1105_MT_SNTL </loc>
		<lastmod> 2022-08-22 15:27:28.512881 </lastmod>
	</url><url>
		<loc> https://geoconnex.us/cuahsi/his/SNOTEL/460_WY_SNTL </loc>
		<lastmod> 2022-08-22 15:27:28.512894 </lastmod>
	</url><url>
		<loc> https://geoconnex.us/cuahsi/his/SNOTEL/461_UT_SNTL </loc>
		<lastmod> 2022-08-22 15:27:28.512907 </lastmod>
	</url><url>
		<loc> https://geoconnex.us/cuahsi/his/SNOTEL/998_WA_SNTL </loc>
		<lastmod> 2022-08-22 15:27:28.512920 </lastmod>
	</url><url>
		<loc> https://geoconnex.us/cuahsi/his/SNOTEL/462_CA_SNTL </loc>
		<lastmod> 2022-08-22 15:27:28.512933 </lastmod>
	</url><url>
		<loc> https://geoconnex.us/cuahsi/his/SNOTEL/936_CO_SNTL </loc>
		<lastmod> 2022-08-22 15:27:28.512945 </lastmod>
	</url><url>
		<loc> https://geoconnex.us/cuahsi/his/SNOTEL/463_CA_SNTL </loc>
		<lastmod> 2022-08-22 15:27:28.512958 </lastmod>
	</url><url>
		<loc> https://geoconnex.us/cuahsi/his/SNOTEL/1163_UT_SNTL </loc>
		<lastmod> 2022-08-22 15:27:28.512971 </lastmod>
	</url><url>
		<loc> https://geoconnex.us/cuahsi/his/SNOTEL/464_OR_SNTL </loc>
		<lastmod> 2022-08-22 15:27:28.512984 </lastmod>
	</url><url>
		<loc> https://geoconnex.us/cuahsi/his/SNOTEL/465_CO_SNTL </loc>
		<lastmod> 2022-08-22 15:27:28.512997 </lastmod>
	</url><url>
		<loc> https://geoconnex.us/cuahsi/his/SNOTEL/910_WA_SNTL </loc>
		<lastmod> 2022-08-22 15:27:28.513032 </lastmod>
	</url><url>
		<loc> https://geoconnex.us/cuahsi/his/SNOTEL/466_ID_SNTL </loc>
		<lastmod> 2022-08-22 15:27:28.513045 </lastmod>
	</url><url>
		<loc> https://geoconnex.us/cuahsi/his/SNOTEL/921_NM_SNTL </loc>
		<lastmod> 2022-08-22 15:27:28.513058 </lastmod>
	</url><url>
		<loc> https://geoconnex.us/cuahsi/his/SNOTEL/1106_MT_SNTL </loc>
		<lastmod> 2022-08-22 15:27:28.513071 </lastmod>
	</url><url>
		<loc> https://geoconnex.us/cuahsi/his/SNOTEL/467_CO_SNTL </loc>
		<lastmod> 2022-08-22 15:27:28.513084 </lastmod>
	</url><url>
		<loc> https://geoconnex.us/cuahsi/his/SNOTEL/468_WY_SNTL </loc>
		<lastmod> 2022-08-22 15:27:28.513097 </lastmod>
	</url><url>
		<loc> https://geoconnex.us/cuahsi/his/SNOTEL/1252_CO_SNTL </loc>
		<lastmod> 2022-08-22 15:27:28.513110 </lastmod>
	</url><url>
		<loc> https://geoconnex.us/cuahsi/his/SNOTEL/1120_CO_SNTL </loc>
		<lastmod> 2022-08-22 15:27:28.513122 </lastmod>
	</url><url>
		<loc> https://geoconnex.us/cuahsi/his/SNOTEL/469_MT_SNTL </loc>
		<lastmod> 2022-08-22 15:27:28.513135 </lastmod>
	</url><url>
		<loc> https://geoconnex.us/cuahsi/his/SNOTEL/470_OR_SNTL </loc>
		<lastmod> 2022-08-22 15:27:28.513148 </lastmod>
	</url><url>
		<loc> https://geoconnex.us/cuahsi/his/SNOTEL/471_ID_SNTL </loc>
		<lastmod> 2022-08-22 15:27:28.513161 </lastmod>
	</url><url>
		<loc> https://geoconnex.us/cuahsi/his/SNOTEL/1027_OR_SNTL </loc>
		<lastmod> 2022-08-22 15:27:28.513174 </lastmod>
	</url><url>
		<loc> https://geoconnex.us/cuahsi/his/SNOTEL/1026_OR_SNTL </loc>
		<lastmod> 2022-08-22 15:27:28.513186 </lastmod>
	</url><url>
		<loc> https://geoconnex.us/cuahsi/his/SNOTEL/1028_OR_SNTL </loc>
		<lastmod> 2022-08-22 15:27:28.513199 </lastmod>
	</url><url>
		<loc> https://geoconnex.us/cuahsi/his/SNOTEL/1022_OR_SNTL </loc>
		<lastmod> 2022-08-22 15:27:28.513212 </lastmod>
	</url><url>
		<loc> https://geoconnex.us/cuahsi/his/SNOTEL/1023_OR_SNTL </loc>
		<lastmod> 2022-08-22 15:27:28.513225 </lastmod>
	</url><url>
		<loc> https://geoconnex.us/cuahsi/his/SNOTEL/1029_OR_SNTL </loc>
		<lastmod> 2022-08-22 15:27:28.513238 </lastmod>
	</url><url>
		<loc> https://geoconnex.us/cuahsi/his/SNOTEL/1021_OR_SNTL </loc>
		<lastmod> 2022-08-22 15:27:28.513250 </lastmod>
	</url><url>
		<loc> https://geoconnex.us/cuahsi/his/SNOTEL/1020_OR_SNTL </loc>
		<lastmod> 2022-08-22 15:27:28.513263 </lastmod>
	</url><url>
		<loc> https://geoconnex.us/cuahsi/his/SNOTEL/995_WA_SNTL </loc>
		<lastmod> 2022-08-22 15:27:28.513276 </lastmod>
	</url><url>
		<loc> https://geoconnex.us/cuahsi/his/SNOTEL/994_WA_SNTL </loc>
		<lastmod> 2022-08-22 15:27:28.513289 </lastmod>
	</url><url>
		<loc> https://geoconnex.us/cuahsi/his/SNOTEL/1019_OR_SNTL </loc>
		<lastmod> 2022-08-22 15:27:28.513302 </lastmod>
	</url><url>
		<loc> https://geoconnex.us/cuahsi/his/SNOTEL/1018_OR_SNTL </loc>
		<lastmod> 2022-08-22 15:27:28.513314 </lastmod>
	</url><url>
		<loc> https://geoconnex.us/cuahsi/his/SNOTEL/1025_OR_SNTL </loc>
		<lastmod> 2022-08-22 15:27:28.513327 </lastmod>
	</url><url>
		<loc> https://geoconnex.us/cuahsi/his/SNOTEL/1024_OR_SNTL </loc>
		<lastmod> 2022-08-22 15:27:28.513340 </lastmod>
	</url><url>
		<loc> https://geoconnex.us/cuahsi/his/SNOTEL/1004_WA_SNTL </loc>
		<lastmod> 2022-08-22 15:27:28.513353 </lastmod>
	</url><url>
		<loc> https://geoconnex.us/cuahsi/his/SNOTEL/976_OR_SNTL </loc>
		<lastmod> 2022-08-22 15:27:28.513366 </lastmod>
	</url><url>
		<loc> https://geoconnex.us/cuahsi/his/SNOTEL/1071_AK_SNTL </loc>
		<lastmod> 2022-08-22 15:27:28.513379 </lastmod>
	</url><url>
		<loc> https://geoconnex.us/cuahsi/his/SNOTEL/472_WY_SNTL </loc>
		<lastmod> 2022-08-22 15:27:28.513392 </lastmod>
	</url><url>
		<loc> https://geoconnex.us/cuahsi/his/SNOTEL/1092_AK_SNTL </loc>
		<lastmod> 2022-08-22 15:27:28.513404 </lastmod>
	</url><url>
		<loc> https://geoconnex.us/cuahsi/his/SNOTEL/1174_AK_SNTL </loc>
		<lastmod> 2022-08-22 15:27:28.513417 </lastmod>
	</url><url>
		<loc> https://geoconnex.us/cuahsi/his/SNOTEL/473_CA_SNTL </loc>
		<lastmod> 2022-08-22 15:27:28.513430 </lastmod>
	</url><url>
		<loc> https://geoconnex.us/cuahsi/his/SNOTEL/474_UT_SNTL </loc>
		<lastmod> 2022-08-22 15:27:28.513443 </lastmod>
	</url><url>
		<loc> https://geoconnex.us/cuahsi/his/SNOTEL/1054_UT_SNTL </loc>
		<lastmod> 2022-08-22 15:27:28.513455 </lastmod>
	</url><url>
		<loc> https://geoconnex.us/cuahsi/his/SNOTEL/475_UT_SNTL </loc>
		<lastmod> 2022-08-22 15:27:28.513468 </lastmod>
	</url><url>
		<loc> https://geoconnex.us/cuahsi/his/SNOTEL/476_NV_SNTL </loc>
		<lastmod> 2022-08-22 15:27:28.513481 </lastmod>
	</url><url>
		<loc> https://geoconnex.us/cuahsi/his/SNOTEL/1268_AK_SNTL </loc>
		<lastmod> 2022-08-22 15:27:28.513494 </lastmod>
	</url><url>
		<loc> https://geoconnex.us/cuahsi/his/SNOTEL/477_OR_SNTL </loc>
		<lastmod> 2022-08-22 15:27:28.513507 </lastmod>
	</url><url>
		<loc> https://geoconnex.us/cuahsi/his/SNOTEL/478_WA_SNTL </loc>
		<lastmod> 2022-08-22 15:27:28.513520 </lastmod>
	</url><url>
		<loc> https://geoconnex.us/cuahsi/his/SNOTEL/1149_UT_SNTL </loc>
		<lastmod> 2022-08-22 15:27:28.513533 </lastmod>
	</url><url>
		<loc> https://geoconnex.us/cuahsi/his/SNOTEL/479_OR_SNTL </loc>
		<lastmod> 2022-08-22 15:27:28.513546 </lastmod>
	</url><url>
		<loc> https://geoconnex.us/cuahsi/his/SNOTEL/480_MT_SNTL </loc>
		<lastmod> 2022-08-22 15:27:28.513559 </lastmod>
	</url><url>
		<loc> https://geoconnex.us/cuahsi/his/SNOTEL/481_UT_SNTL </loc>
		<lastmod> 2022-08-22 15:27:28.513572 </lastmod>
	</url><url>
		<loc> https://geoconnex.us/cuahsi/his/SNOTEL/482_MT_SNTL </loc>
		<lastmod> 2022-08-22 15:27:28.513584 </lastmod>
	</url><url>
		<loc> https://geoconnex.us/cuahsi/his/SNOTEL/1285_AK_SNTL </loc>
		<lastmod> 2022-08-22 15:27:28.513610 </lastmod>
	</url><url>
		<loc> https://geoconnex.us/cuahsi/his/SNOTEL/1186_CO_SNTL </loc>
		<lastmod> 2022-08-22 15:27:28.513624 </lastmod>
	</url><url>
		<loc> https://geoconnex.us/cuahsi/his/SNOTEL/1049_CA_SNTL </loc>
		<lastmod> 2022-08-22 15:27:28.513637 </lastmod>
	</url><url>
		<loc> https://geoconnex.us/cuahsi/his/SNOTEL/1121_AZ_SNTL </loc>
		<lastmod> 2022-08-22 15:27:28.513650 </lastmod>
	</url><url>
		<loc> https://geoconnex.us/cuahsi/his/SNOTEL/961_AK_SNTL </loc>
		<lastmod> 2022-08-22 15:27:28.513663 </lastmod>
	</url><url>
		<loc> https://geoconnex.us/cuahsi/his/SNOTEL/483_OR_SNTL </loc>
		<lastmod> 2022-08-22 15:27:28.513676 </lastmod>
	</url><url>
		<loc> https://geoconnex.us/cuahsi/his/SNOTEL/484_ID_SNTL </loc>
		<lastmod> 2022-08-22 15:27:28.513689 </lastmod>
	</url><url>
		<loc> https://geoconnex.us/cuahsi/his/SNOTEL/1277_CA_SNTL </loc>
		<lastmod> 2022-08-22 15:27:28.513702 </lastmod>
	</url><url>
		<loc> https://geoconnex.us/cuahsi/his/SNOTEL/485_CO_SNTL </loc>
		<lastmod> 2022-08-22 15:27:28.513715 </lastmod>
	</url><url>
		<loc> https://geoconnex.us/cuahsi/his/SNOTEL/486_NM_SNTL </loc>
		<lastmod> 2022-08-22 15:27:28.513728 </lastmod>
	</url><url>
		<loc> https://geoconnex.us/cuahsi/his/SNOTEL/487_MT_SNTL </loc>
		<lastmod> 2022-08-22 15:27:28.513741 </lastmod>
	</url><url>
		<loc> https://geoconnex.us/cuahsi/his/SNOTEL/488_AZ_SNTL </loc>
		<lastmod> 2022-08-22 15:27:28.513754 </lastmod>
	</url><url>
		<loc> https://geoconnex.us/cuahsi/his/SNOTEL/1262_NV_SNTL </loc>
		<lastmod> 2022-08-22 15:27:28.513767 </lastmod>
	</url><url>
		<loc> https://geoconnex.us/cuahsi/his/SNOTEL/489_ID_SNTL </loc>
		<lastmod> 2022-08-22 15:27:28.513779 </lastmod>
	</url><url>
		<loc> https://geoconnex.us/cuahsi/his/SNOTEL/490_ID_SNTL </loc>
		<lastmod> 2022-08-22 15:27:28.513792 </lastmod>
	</url><url>
		<loc> https://geoconnex.us/cuahsi/his/SNOTEL/491_NM_SNTL </loc>
		<lastmod> 2022-08-22 15:27:28.513805 </lastmod>
	</url><url>
		<loc> https://geoconnex.us/cuahsi/his/SNOTEL/1114_UT_SNTL </loc>
		<lastmod> 2022-08-22 15:27:28.513818 </lastmod>
	</url><url>
		<loc> https://geoconnex.us/cuahsi/his/SNOTEL/1066_UT_SNTL </loc>
		<lastmod> 2022-08-22 15:27:28.513830 </lastmod>
	</url><url>
		<loc> https://geoconnex.us/cuahsi/his/SNOTEL/492_ID_SNTL </loc>
		<lastmod> 2022-08-22 15:27:28.513843 </lastmod>
	</url><url>
		<loc> https://geoconnex.us/cuahsi/his/SNOTEL/1173_NM_SNTL </loc>
		<lastmod> 2022-08-22 15:27:28.513856 </lastmod>
	</url><url>
		<loc> https://geoconnex.us/cuahsi/his/SNOTEL/918_MT_SNTL </loc>
		<lastmod> 2022-08-22 15:27:28.513869 </lastmod>
	</url><url>
		<loc> https://geoconnex.us/cuahsi/his/SNOTEL/1221_UT_SNTL </loc>
		<lastmod> 2022-08-22 15:27:28.513882 </lastmod>
	</url><url>
		<loc> https://geoconnex.us/cuahsi/his/SNOTEL/1222_UT_SNTL </loc>
		<lastmod> 2022-08-22 15:27:28.513896 </lastmod>
	</url><url>
		<loc> https://geoconnex.us/cuahsi/his/SNOTEL/1151_UT_SNTL </loc>
		<lastmod> 2022-08-22 15:27:28.513910 </lastmod>
	</url><url>
		<loc> https://geoconnex.us/cuahsi/his/SNOTEL/945_OR_SNTL </loc>
		<lastmod> 2022-08-22 15:27:28.513923 </lastmod>
	</url><url>
		<loc> https://geoconnex.us/cuahsi/his/SNOTEL/493_ID_SNTL </loc>
		<lastmod> 2022-08-22 15:27:28.513936 </lastmod>
	</url><url>
		<loc> https://geoconnex.us/cuahsi/his/SNOTEL/1057_CO_SNTL </loc>
		<lastmod> 2022-08-22 15:27:28.513949 </lastmod>
	</url><url>
		<loc> https://geoconnex.us/cuahsi/his/SNOTEL/257_NV_SNTL </loc>
		<lastmod> 2022-08-22 15:27:28.513962 </lastmod>
	</url><url>
		<loc> https://geoconnex.us/cuahsi/his/SNOTEL/962_AK_SNTL </loc>
		<lastmod> 2022-08-22 15:27:28.513975 </lastmod>
	</url><url>
		<loc> https://geoconnex.us/cuahsi/his/SNOTEL/1195_NV_SNTL </loc>
		<lastmod> 2022-08-22 15:27:28.513987 </lastmod>
	</url><url>
		<loc> https://geoconnex.us/cuahsi/his/SNOTEL/1159_WA_SNTL </loc>
		<lastmod> 2022-08-22 15:27:28.514000 </lastmod>
	</url><url>
		<loc> https://geoconnex.us/cuahsi/his/SNOTEL/494_OR_SNTL </loc>
		<lastmod> 2022-08-22 15:27:28.514013 </lastmod>
	</url><url>
		<loc> https://geoconnex.us/cuahsi/his/SNOTEL/1256_WA_SNTL </loc>
		<lastmod> 2022-08-22 15:27:28.514026 </lastmod>
	</url><url>
		<loc> https://geoconnex.us/cuahsi/his/SNOTEL/495_UT_SNTL </loc>
		<lastmod> 2022-08-22 15:27:28.514039 </lastmod>
	</url><url>
		<loc> https://geoconnex.us/cuahsi/his/SNOTEL/1184_UT_SNTL </loc>
		<lastmod> 2022-08-22 15:27:28.514052 </lastmod>
	</url><url>
		<loc> https://geoconnex.us/cuahsi/his/SNOTEL/496_ID_SNTL </loc>
		<lastmod> 2022-08-22 15:27:28.514065 </lastmod>
	</url><url>
		<loc> https://geoconnex.us/cuahsi/his/SNOTEL/1082_WY_SNTL </loc>
		<lastmod> 2022-08-22 15:27:28.514077 </lastmod>
	</url><url>
		<loc> https://geoconnex.us/cuahsi/his/SNOTEL/956_AK_SNTL </loc>
		<lastmod> 2022-08-22 15:27:28.514090 </lastmod>
	</url><url>
		<loc> https://geoconnex.us/cuahsi/his/SNOTEL/497_WY_SNTL </loc>
		<lastmod> 2022-08-22 15:27:28.514103 </lastmod>
	</url><url>
		<loc> https://geoconnex.us/cuahsi/his/SNOTEL/963_AK_SNTL </loc>
		<lastmod> 2022-08-22 15:27:28.514116 </lastmod>
	</url><url>
		<loc> https://geoconnex.us/cuahsi/his/SNOTEL/498_NV_SNTL </loc>
		<lastmod> 2022-08-22 15:27:28.514129 </lastmod>
	</url><url>
		<loc> https://geoconnex.us/cuahsi/his/SNOTEL/499_WY_SNTL </loc>
		<lastmod> 2022-08-22 15:27:28.514142 </lastmod>
	</url><url>
		<loc> https://geoconnex.us/cuahsi/his/SNOTEL/500_MT_SNTL </loc>
		<lastmod> 2022-08-22 15:27:28.514155 </lastmod>
	</url><url>
		<loc> https://geoconnex.us/cuahsi/his/SNOTEL/501_WY_SNTL </loc>
		<lastmod> 2022-08-22 15:27:28.514167 </lastmod>
	</url><url>
		<loc> https://geoconnex.us/cuahsi/his/SNOTEL/1058_CO_SNTL </loc>
		<lastmod> 2022-08-22 15:27:28.514180 </lastmod>
	</url><url>
		<loc> https://geoconnex.us/cuahsi/his/SNOTEL/502_WA_SNTL </loc>
		<lastmod> 2022-08-22 15:27:28.514193 </lastmod>
	</url><url>
		<loc> https://geoconnex.us/cuahsi/his/SNOTEL/503_NV_SNTL </loc>
		<lastmod> 2022-08-22 15:27:28.514206 </lastmod>
	</url><url>
		<loc> https://geoconnex.us/cuahsi/his/SNOTEL/504_OR_SNTL </loc>
		<lastmod> 2022-08-22 15:27:28.514218 </lastmod>
	</url><url>
		<loc> https://geoconnex.us/cuahsi/his/SNOTEL/505_CO_SNTL </loc>
		<lastmod> 2022-08-22 15:27:28.514232 </lastmod>
	</url><url>
		<loc> https://geoconnex.us/cuahsi/his/SNOTEL/506_WY_SNTL </loc>
		<lastmod> 2022-08-22 15:27:28.514245 </lastmod>
	</url><url>
		<loc> https://geoconnex.us/cuahsi/his/SNOTEL/507_WA_SNTL </loc>
		<lastmod> 2022-08-22 15:27:28.514259 </lastmod>
	</url><url>
		<loc> https://geoconnex.us/cuahsi/his/SNOTEL/964_AK_SNTL </loc>
		<lastmod> 2022-08-22 15:27:28.514273 </lastmod>
	</url><url>
		<loc> https://geoconnex.us/cuahsi/his/SNOTEL/944_WY_SNTL </loc>
		<lastmod> 2022-08-22 15:27:28.514286 </lastmod>
	</url><url>
		<loc> https://geoconnex.us/cuahsi/his/SNOTEL/1065_UT_SNTL </loc>
		<lastmod> 2022-08-22 15:27:28.514299 </lastmod>
	</url><url>
		<loc> https://geoconnex.us/cuahsi/his/SNOTEL/508_CA_SNTL </loc>
		<lastmod> 2022-08-22 15:27:28.514312 </lastmod>
	</url><url>
		<loc> https://geoconnex.us/cuahsi/his/SNOTEL/248_CO_SNTL </loc>
		<lastmod> 2022-08-22 15:27:28.514325 </lastmod>
	</url><url>
		<loc> https://geoconnex.us/cuahsi/his/SNOTEL/509_WY_SNTL </loc>
		<lastmod> 2022-08-22 15:27:28.514338 </lastmod>
	</url><url>
		<loc> https://geoconnex.us/cuahsi/his/SNOTEL/510_MT_SNTL </loc>
		<lastmod> 2022-08-22 15:27:28.514351 </lastmod>
	</url><url>
		<loc> https://geoconnex.us/cuahsi/his/SNOTEL/511_AZ_SNTL </loc>
		<lastmod> 2022-08-22 15:27:28.514363 </lastmod>
	</url><url>
		<loc> https://geoconnex.us/cuahsi/his/SNOTEL/512_WY_SNTL </loc>
		<lastmod> 2022-08-22 15:27:28.514376 </lastmod>
	</url><url>
		<loc> https://geoconnex.us/cuahsi/his/SNOTEL/969_AZ_SNTL </loc>
		<lastmod> 2022-08-22 15:27:28.514389 </lastmod>
	</url><url>
		<loc> https://geoconnex.us/cuahsi/his/SNOTEL/896_UT_SNTL </loc>
		<lastmod> 2022-08-22 15:27:28.514402 </lastmod>
	</url><url>
		<loc> https://geoconnex.us/cuahsi/his/SNOTEL/514_UT_SNTL </loc>
		<lastmod> 2022-08-22 15:27:28.514415 </lastmod>
	</url><url>
		<loc> https://geoconnex.us/cuahsi/his/SNOTEL/515_WA_SNTL </loc>
		<lastmod> 2022-08-22 15:27:28.514427 </lastmod>
	</url><url>
		<loc> https://geoconnex.us/cuahsi/his/SNOTEL/516_MT_SNTL </loc>
		<lastmod> 2022-08-22 15:27:28.514440 </lastmod>
	</url><url>
		<loc> https://geoconnex.us/cuahsi/his/SNOTEL/1271_AZ_SNTL </loc>
		<lastmod> 2022-08-22 15:27:28.514453 </lastmod>
	</url><url>
		<loc> https://geoconnex.us/cuahsi/his/SNOTEL/517_UT_SNTL </loc>
		<lastmod> 2022-08-22 15:27:28.514466 </lastmod>
	</url><url>
		<loc> https://geoconnex.us/cuahsi/his/SNOTEL/1102_CO_SNTL </loc>
		<lastmod> 2022-08-22 15:27:28.514479 </lastmod>
	</url><url>
		<loc> https://geoconnex.us/cuahsi/his/SNOTEL/518_CA_SNTL </loc>
		<lastmod> 2022-08-22 15:27:28.514491 </lastmod>
	</url><url>
		<loc> https://geoconnex.us/cuahsi/his/SNOTEL/519_AZ_SNTL </loc>
		<lastmod> 2022-08-22 15:27:28.514504 </lastmod>
	</url><url>
		<loc> https://geoconnex.us/cuahsi/his/SNOTEL/1270_AK_SNTL </loc>
		<lastmod> 2022-08-22 15:27:28.514517 </lastmod>
	</url><url>
		<loc> https://geoconnex.us/cuahsi/his/SNOTEL/520_ID_SNTL </loc>
		<lastmod> 2022-08-22 15:27:28.514530 </lastmod>
	</url><url>
		<loc> https://geoconnex.us/cuahsi/his/SNOTEL/521_UT_SNTL </loc>
		<lastmod> 2022-08-22 15:27:28.514563 </lastmod>
	</url><url>
		<loc> https://geoconnex.us/cuahsi/his/SNOTEL/522_UT_SNTL </loc>
		<lastmod> 2022-08-22 15:27:28.514576 </lastmod>
	</url><url>
		<loc> https://geoconnex.us/cuahsi/his/SNOTEL/988_ID_SNTL </loc>
		<lastmod> 2022-08-22 15:27:28.514589 </lastmod>
	</url><url>
		<loc> https://geoconnex.us/cuahsi/his/SNOTEL/1187_CO_SNTL </loc>
		<lastmod> 2022-08-22 15:27:28.514602 </lastmod>
	</url><url>
		<loc> https://geoconnex.us/cuahsi/his/SNOTEL/523_OR_SNTL </loc>
		<lastmod> 2022-08-22 15:27:28.514615 </lastmod>
	</url><url>
		<loc> https://geoconnex.us/cuahsi/his/SNOTEL/524_ID_SNTL </loc>
		<lastmod> 2022-08-22 15:27:28.514629 </lastmod>
	</url><url>
		<loc> https://geoconnex.us/cuahsi/his/SNOTEL/1223_UT_SNTL </loc>
		<lastmod> 2022-08-22 15:27:28.514642 </lastmod>
	</url><url>
		<loc> https://geoconnex.us/cuahsi/his/SNOTEL/525_WY_SNTL </loc>
		<lastmod> 2022-08-22 15:27:28.514655 </lastmod>
	</url><url>
		<loc> https://geoconnex.us/cuahsi/his/SNOTEL/526_OR_SNTL </loc>
		<lastmod> 2022-08-22 15:27:28.514668 </lastmod>
	</url><url>
		<loc> https://geoconnex.us/cuahsi/his/SNOTEL/527_NV_SNTL </loc>
		<lastmod> 2022-08-22 15:27:28.514682 </lastmod>
	</url><url>
		<loc> https://geoconnex.us/cuahsi/his/SNOTEL/528_UT_SNTL </loc>
		<lastmod> 2022-08-22 15:27:28.514694 </lastmod>
	</url><url>
		<loc> https://geoconnex.us/cuahsi/his/SNOTEL/529_OR_SNTL </loc>
		<lastmod> 2022-08-22 15:27:28.514707 </lastmod>
	</url><url>
		<loc> https://geoconnex.us/cuahsi/his/SNOTEL/530_MT_SNTL </loc>
		<lastmod> 2022-08-22 15:27:28.514720 </lastmod>
	</url><url>
		<loc> https://geoconnex.us/cuahsi/his/SNOTEL/531_CO_SNTL </loc>
		<lastmod> 2022-08-22 15:27:28.514733 </lastmod>
	</url><url>
		<loc> https://geoconnex.us/cuahsi/his/SNOTEL/532_NM_SNTL </loc>
		<lastmod> 2022-08-22 15:27:28.514746 </lastmod>
	</url><url>
		<loc> https://geoconnex.us/cuahsi/his/SNOTEL/1050_CA_SNTL </loc>
		<lastmod> 2022-08-22 15:27:28.514759 </lastmod>
	</url><url>
		<loc> https://geoconnex.us/cuahsi/his/SNOTEL/533_UT_SNTL </loc>
		<lastmod> 2022-08-22 15:27:28.514772 </lastmod>
	</url><url>
		<loc> https://geoconnex.us/cuahsi/his/SNOTEL/1122_CO_SNTL </loc>
		<lastmod> 2022-08-22 15:27:28.514784 </lastmod>
	</url><url>
		<loc> https://geoconnex.us/cuahsi/his/SNOTEL/1158_OR_SNTL </loc>
		<lastmod> 2022-08-22 15:27:28.514797 </lastmod>
	</url><url>
		<loc> https://geoconnex.us/cuahsi/his/SNOTEL/534_ID_SNTL </loc>
		<lastmod> 2022-08-22 15:27:28.514810 </lastmod>
	</url><url>
		<loc> https://geoconnex.us/cuahsi/his/SNOTEL/991_WA_SNTL </loc>
		<lastmod> 2022-08-22 15:27:28.514823 </lastmod>
	</url><url>
		<loc> https://geoconnex.us/cuahsi/his/SNOTEL/928_WA_SNTL </loc>
		<lastmod> 2022-08-22 15:27:28.514836 </lastmod>
	</url><url>
		<loc> https://geoconnex.us/cuahsi/his/SNOTEL/535_ID_SNTL </loc>
		<lastmod> 2022-08-22 15:27:28.514849 </lastmod>
	</url><url>
		<loc> https://geoconnex.us/cuahsi/his/SNOTEL/1216_UT_SNTL </loc>
		<lastmod> 2022-08-22 15:27:28.514862 </lastmod>
	</url><url>
		<loc> https://geoconnex.us/cuahsi/his/SNOTEL/259_OR_SNTL </loc>
		<lastmod> 2022-08-22 15:27:28.514875 </lastmod>
	</url><url>
		<loc> https://geoconnex.us/cuahsi/his/SNOTEL/537_ID_SNTL </loc>
		<lastmod> 2022-08-22 15:27:28.514887 </lastmod>
	</url><url>
		<loc> https://geoconnex.us/cuahsi/his/SNOTEL/538_CO_SNTL </loc>
		<lastmod> 2022-08-22 15:27:28.514900 </lastmod>
	</url><url>
		<loc> https://geoconnex.us/cuahsi/his/SNOTEL/968_AK_SNTL </loc>
		<lastmod> 2022-08-22 15:27:28.514913 </lastmod>
	</url><url>
		<loc> https://geoconnex.us/cuahsi/his/SNOTEL/539_CA_SNTL </loc>
		<lastmod> 2022-08-22 15:27:28.514926 </lastmod>
	</url><url>
		<loc> https://geoconnex.us/cuahsi/his/SNOTEL/540_CA_SNTL </loc>
		<lastmod> 2022-08-22 15:27:28.514939 </lastmod>
	</url><url>
		<loc> https://geoconnex.us/cuahsi/his/SNOTEL/541_CA_SNTL </loc>
		<lastmod> 2022-08-22 15:27:28.514951 </lastmod>
	</url><url>
		<loc> https://geoconnex.us/cuahsi/his/SNOTEL/1091_AK_SNTL </loc>
		<lastmod> 2022-08-22 15:27:28.514964 </lastmod>
	</url><url>
		<loc> https://geoconnex.us/cuahsi/his/SNOTEL/542_CO_SNTL </loc>
		<lastmod> 2022-08-22 15:27:28.514977 </lastmod>
	</url><url>
		<loc> https://geoconnex.us/cuahsi/his/SNOTEL/543_UT_SNTL </loc>
		<lastmod> 2022-08-22 15:27:28.514990 </lastmod>
	</url><url>
		<loc> https://geoconnex.us/cuahsi/his/SNOTEL/544_WY_SNTL </loc>
		<lastmod> 2022-08-22 15:27:28.515003 </lastmod>
	</url><url>
		<loc> https://geoconnex.us/cuahsi/his/SNOTEL/946_AK_SNTL </loc>
		<lastmod> 2022-08-22 15:27:28.515016 </lastmod>
	</url><url>
		<loc> https://geoconnex.us/cuahsi/his/SNOTEL/1129_WA_SNTL </loc>
		<lastmod> 2022-08-22 15:27:28.515029 </lastmod>
	</url><url>
		<loc> https://geoconnex.us/cuahsi/his/SNOTEL/266_WY_SNTL </loc>
		<lastmod> 2022-08-22 15:27:28.515042 </lastmod>
	</url><url>
		<loc> https://geoconnex.us/cuahsi/his/SNOTEL/545_OR_SNTL </loc>
		<lastmod> 2022-08-22 15:27:28.515055 </lastmod>
	</url><url>
		<loc> https://geoconnex.us/cuahsi/his/SNOTEL/1276_ID_SNTL </loc>
		<lastmod> 2022-08-22 15:27:28.515068 </lastmod>
	</url><url>
		<loc> https://geoconnex.us/cuahsi/his/SNOTEL/546_ID_SNTL </loc>
		<lastmod> 2022-08-22 15:27:28.515081 </lastmod>
	</url><url>
		<loc> https://geoconnex.us/cuahsi/his/SNOTEL/547_CO_SNTL </loc>
		<lastmod> 2022-08-22 15:27:28.515093 </lastmod>
	</url><url>
		<loc> https://geoconnex.us/cuahsi/his/SNOTEL/548_NV_SNTL </loc>
		<lastmod> 2022-08-22 15:27:28.515106 </lastmod>
	</url><url>
		<loc> https://geoconnex.us/cuahsi/his/SNOTEL/1275_AK_SNTL </loc>
		<lastmod> 2022-08-22 15:27:28.515119 </lastmod>
	</url><url>
		<loc> https://geoconnex.us/cuahsi/his/SNOTEL/549_NV_SNTL </loc>
		<lastmod> 2022-08-22 15:27:28.515132 </lastmod>
	</url><url>
		<loc> https://geoconnex.us/cuahsi/his/SNOTEL/550_ID_SNTL </loc>
		<lastmod> 2022-08-22 15:27:28.515145 </lastmod>
	</url><url>
		<loc> https://geoconnex.us/cuahsi/his/SNOTEL/935_CO_SNTL </loc>
		<lastmod> 2022-08-22 15:27:28.515158 </lastmod>
	</url><url>
		<loc> https://geoconnex.us/cuahsi/his/SNOTEL/1211_NV_SNTL </loc>
		<lastmod> 2022-08-22 15:27:28.515171 </lastmod>
	</url><url>
		<loc> https://geoconnex.us/cuahsi/his/SNOTEL/551_CO_SNTL </loc>
		<lastmod> 2022-08-22 15:27:28.515184 </lastmod>
	</url><url>
		<loc> https://geoconnex.us/cuahsi/his/SNOTEL/1036_AK_SNTL </loc>
		<lastmod> 2022-08-22 15:27:28.515197 </lastmod>
	</url><url>
		<loc> https://geoconnex.us/cuahsi/his/SNOTEL/1099_UT_SNTL </loc>
		<lastmod> 2022-08-22 15:27:28.515209 </lastmod>
	</url><url>
		<loc> https://geoconnex.us/cuahsi/his/SNOTEL/970_CO_SNTL </loc>
		<lastmod> 2022-08-22 15:27:28.515222 </lastmod>
	</url><url>
		<loc> https://geoconnex.us/cuahsi/his/SNOTEL/552_OR_SNTL </loc>
		<lastmod> 2022-08-22 15:27:28.515235 </lastmod>
	</url><url>
		<loc> https://geoconnex.us/cuahsi/his/SNOTEL/553_WA_SNTL </loc>
		<lastmod> 2022-08-22 15:27:28.515248 </lastmod>
	</url><url>
		<loc> https://geoconnex.us/cuahsi/his/SNOTEL/1063_AK_SNTL </loc>
		<lastmod> 2022-08-22 15:27:28.515260 </lastmod>
	</url><url>
		<loc> https://geoconnex.us/cuahsi/his/SNOTEL/1150_NV_SNTL </loc>
		<lastmod> 2022-08-22 15:27:28.515273 </lastmod>
	</url><url>
		<loc> https://geoconnex.us/cuahsi/his/SNOTEL/1072_AK_SNTL </loc>
		<lastmod> 2022-08-22 15:27:28.515286 </lastmod>
	</url><url>
		<loc> https://geoconnex.us/cuahsi/his/SNOTEL/554_WY_SNTL </loc>
		<lastmod> 2022-08-22 15:27:28.515299 </lastmod>
	</url><url>
		<loc> https://geoconnex.us/cuahsi/his/SNOTEL/1175_AK_SNTL </loc>
		<lastmod> 2022-08-22 15:27:28.515313 </lastmod>
	</url><url>
		<loc> https://geoconnex.us/cuahsi/his/SNOTEL/966_AK_SNTL </loc>
		<lastmod> 2022-08-22 15:27:28.515326 </lastmod>
	</url><url>
		<loc> https://geoconnex.us/cuahsi/his/SNOTEL/555_WY_SNTL </loc>
		<lastmod> 2022-08-22 15:27:28.515339 </lastmod>
	</url><url>
		<loc> https://geoconnex.us/cuahsi/his/SNOTEL/1145_UT_SNTL </loc>
		<lastmod> 2022-08-22 15:27:28.515353 </lastmod>
	</url><url>
		<loc> https://geoconnex.us/cuahsi/his/SNOTEL/556_CO_SNTL </loc>
		<lastmod> 2022-08-22 15:27:28.515366 </lastmod>
	</url><url>
		<loc> https://geoconnex.us/cuahsi/his/SNOTEL/557_UT_SNTL </loc>
		<lastmod> 2022-08-22 15:27:28.515378 </lastmod>
	</url><url>
		<loc> https://geoconnex.us/cuahsi/his/SNOTEL/558_OR_SNTL </loc>
		<lastmod> 2022-08-22 15:27:28.515391 </lastmod>
	</url><url>
		<loc> https://geoconnex.us/cuahsi/his/SNOTEL/559_UT_SNTL </loc>
		<lastmod> 2022-08-22 15:27:28.515404 </lastmod>
	</url><url>
		<loc> https://geoconnex.us/cuahsi/his/SNOTEL/560_WY_SNTL </loc>
		<lastmod> 2022-08-22 15:27:28.515417 </lastmod>
	</url><url>
		<loc> https://geoconnex.us/cuahsi/his/SNOTEL/1115_UT_SNTL </loc>
		<lastmod> 2022-08-22 15:27:28.515430 </lastmod>
	</url><url>
		<loc> https://geoconnex.us/cuahsi/his/SNOTEL/201_AK_SNTL </loc>
		<lastmod> 2022-08-22 15:27:28.515443 </lastmod>
	</url><url>
		<loc> https://geoconnex.us/cuahsi/his/SNOTEL/561_UT_SNTL </loc>
		<lastmod> 2022-08-22 15:27:28.515456 </lastmod>
	</url><url>
		<loc> https://geoconnex.us/cuahsi/his/SNOTEL/562_MT_SNTL </loc>
		<lastmod> 2022-08-22 15:27:28.515468 </lastmod>
	</url><url>
		<loc> https://geoconnex.us/cuahsi/his/SNOTEL/563_OR_SNTL </loc>
		<lastmod> 2022-08-22 15:27:28.515481 </lastmod>
	</url><url>
		<loc> https://geoconnex.us/cuahsi/his/SNOTEL/564_CO_SNTL </loc>
		<lastmod> 2022-08-22 15:27:28.515494 </lastmod>
	</url><url>
		<loc> https://geoconnex.us/cuahsi/his/SNOTEL/565_CO_SNTL </loc>
		<lastmod> 2022-08-22 15:27:28.515507 </lastmod>
	</url><url>
		<loc> https://geoconnex.us/cuahsi/his/SNOTEL/566_UT_SNTL </loc>
		<lastmod> 2022-08-22 15:27:28.515520 </lastmod>
	</url><url>
		<loc> https://geoconnex.us/cuahsi/his/SNOTEL/1116_UT_SNTL </loc>
		<lastmod> 2022-08-22 15:27:28.515532 </lastmod>
	</url><url>
		<loc> https://geoconnex.us/cuahsi/his/SNOTEL/513_UT_SNTL </loc>
		<lastmod> 2022-08-22 15:27:28.515546 </lastmod>
	</url><url>
		<loc> https://geoconnex.us/cuahsi/his/SNOTEL/568_MT_SNTL </loc>
		<lastmod> 2022-08-22 15:27:28.515558 </lastmod>
	</url><url>
		<loc> https://geoconnex.us/cuahsi/his/SNOTEL/569_NV_SNTL </loc>
		<lastmod> 2022-08-22 15:27:28.515571 </lastmod>
	</url><url>
		<loc> https://geoconnex.us/cuahsi/his/SNOTEL/570_NV_SNTL </loc>
		<lastmod> 2022-08-22 15:27:28.515584 </lastmod>
	</url><url>
		<loc> https://geoconnex.us/cuahsi/his/SNOTEL/571_WY_SNTL </loc>
		<lastmod> 2022-08-22 15:27:28.515597 </lastmod>
	</url><url>
		<loc> https://geoconnex.us/cuahsi/his/SNOTEL/1134_WY_SNTL </loc>
		<lastmod> 2022-08-22 15:27:28.515609 </lastmod>
	</url><url>
		<loc> https://geoconnex.us/cuahsi/his/SNOTEL/572_UT_SNTL </loc>
		<lastmod> 2022-08-22 15:27:28.515622 </lastmod>
	</url><url>
		<loc> https://geoconnex.us/cuahsi/his/SNOTEL/1215_UT_SNTL </loc>
		<lastmod> 2022-08-22 15:27:28.515635 </lastmod>
	</url><url>
		<loc> https://geoconnex.us/cuahsi/his/SNOTEL/573_NV_SNTL </loc>
		<lastmod> 2022-08-22 15:27:28.515648 </lastmod>
	</url><url>
		<loc> https://geoconnex.us/cuahsi/his/SNOTEL/574_CA_SNTL </loc>
		<lastmod> 2022-08-22 15:27:28.515662 </lastmod>
	</url><url>
		<loc> https://geoconnex.us/cuahsi/his/SNOTEL/575_CA_SNTL </loc>
		<lastmod> 2022-08-22 15:27:28.515675 </lastmod>
	</url><url>
		<loc> https://geoconnex.us/cuahsi/his/SNOTEL/1112_NV_SNTL </loc>
		<lastmod> 2022-08-22 15:27:28.515688 </lastmod>
	</url><url>
		<loc> https://geoconnex.us/cuahsi/his/SNOTEL/576_MT_SNTL </loc>
		<lastmod> 2022-08-22 15:27:28.515701 </lastmod>
	</url><url>
		<loc> https://geoconnex.us/cuahsi/his/SNOTEL/577_WY_SNTL </loc>
		<lastmod> 2022-08-22 15:27:28.515714 </lastmod>
	</url><url>
		<loc> https://geoconnex.us/cuahsi/his/SNOTEL/1006_NV_SNTL </loc>
		<lastmod> 2022-08-22 15:27:28.515727 </lastmod>
	</url><url>
		<loc> https://geoconnex.us/cuahsi/his/SNOTEL/578_MT_SNTL </loc>
		<lastmod> 2022-08-22 15:27:28.515740 </lastmod>
	</url><url>
		<loc> https://geoconnex.us/cuahsi/his/SNOTEL/261_UT_SNTL </loc>
		<lastmod> 2022-08-22 15:27:28.515753 </lastmod>
	</url><url>
		<loc> https://geoconnex.us/cuahsi/his/SNOTEL/1056_UT_SNTL </loc>
		<lastmod> 2022-08-22 15:27:28.515766 </lastmod>
	</url><url>
		<loc> https://geoconnex.us/cuahsi/his/SNOTEL/579_UT_SNTL </loc>
		<lastmod> 2022-08-22 15:27:28.515779 </lastmod>
	</url><url>
		<loc> https://geoconnex.us/cuahsi/his/SNOTEL/580_CO_SNTL </loc>
		<lastmod> 2022-08-22 15:27:28.515792 </lastmod>
	</url><url>
		<loc> https://geoconnex.us/cuahsi/his/SNOTEL/582_UT_SNTL </loc>
		<lastmod> 2022-08-22 15:27:28.515804 </lastmod>
	</url><url>
		<loc> https://geoconnex.us/cuahsi/his/SNOTEL/947_AK_SNTL </loc>
		<lastmod> 2022-08-22 15:27:28.515817 </lastmod>
	</url><url>
		<loc> https://geoconnex.us/cuahsi/his/SNOTEL/1131_WY_SNTL </loc>
		<lastmod> 2022-08-22 15:27:28.515830 </lastmod>
	</url><url>
		<loc> https://geoconnex.us/cuahsi/his/SNOTEL/583_UT_SNTL </loc>
		<lastmod> 2022-08-22 15:27:28.515843 </lastmod>
	</url><url>
		<loc> https://geoconnex.us/cuahsi/his/SNOTEL/584_OR_SNTL </loc>
		<lastmod> 2022-08-22 15:27:28.515856 </lastmod>
	</url><url>
		<loc> https://geoconnex.us/cuahsi/his/SNOTEL/1047_WY_SNTL </loc>
		<lastmod> 2022-08-22 15:27:28.515869 </lastmod>
	</url><url>
		<loc> https://geoconnex.us/cuahsi/his/SNOTEL/1242_NV_SNTL </loc>
		<lastmod> 2022-08-22 15:27:28.515882 </lastmod>
	</url><url>
		<loc> https://geoconnex.us/cuahsi/his/SNOTEL/585_WY_SNTL </loc>
		<lastmod> 2022-08-22 15:27:28.515895 </lastmod>
	</url><url>
		<loc> https://geoconnex.us/cuahsi/his/SNOTEL/586_CO_SNTL </loc>
		<lastmod> 2022-08-22 15:27:28.515908 </lastmod>
	</url><url>
		<loc> https://geoconnex.us/cuahsi/his/SNOTEL/587_CA_SNTL </loc>
		<lastmod> 2022-08-22 15:27:28.515920 </lastmod>
	</url><url>
		<loc> https://geoconnex.us/cuahsi/his/SNOTEL/588_ID_SNTL </loc>
		<lastmod> 2022-08-22 15:27:28.515933 </lastmod>
	</url><url>
		<loc> https://geoconnex.us/cuahsi/his/SNOTEL/589_CO_SNTL </loc>
		<lastmod> 2022-08-22 15:27:28.515949 </lastmod>
	</url><url>
		<loc> https://geoconnex.us/cuahsi/his/SNOTEL/590_MT_SNTL </loc>
		<lastmod> 2022-08-22 15:27:28.515962 </lastmod>
	</url><url>
		<loc> https://geoconnex.us/cuahsi/his/SNOTEL/591_WA_SNTL </loc>
		<lastmod> 2022-08-22 15:27:28.515975 </lastmod>
	</url><url>
		<loc> https://geoconnex.us/cuahsi/his/SNOTEL/1261_UT_SNTL </loc>
		<lastmod> 2022-08-22 15:27:28.515988 </lastmod>
	</url><url>
		<loc> https://geoconnex.us/cuahsi/his/SNOTEL/1123_CO_SNTL </loc>
		<lastmod> 2022-08-22 15:27:28.516001 </lastmod>
	</url><url>
		<loc> https://geoconnex.us/cuahsi/his/SNOTEL/592_UT_SNTL </loc>
		<lastmod> 2022-08-22 15:27:28.516014 </lastmod>
	</url><url>
		<loc> https://geoconnex.us/cuahsi/his/SNOTEL/1001_AK_SNTL </loc>
		<lastmod> 2022-08-22 15:27:28.516027 </lastmod>
	</url><url>
		<loc> https://geoconnex.us/cuahsi/his/SNOTEL/1016_ID_SNTL </loc>
		<lastmod> 2022-08-22 15:27:28.516040 </lastmod>
	</url><url>
		<loc> https://geoconnex.us/cuahsi/his/SNOTEL/593_UT_SNTL </loc>
		<lastmod> 2022-08-22 15:27:28.516053 </lastmod>
	</url><url>
		<loc> https://geoconnex.us/cuahsi/his/SNOTEL/594_ID_SNTL </loc>
		<lastmod> 2022-08-22 15:27:28.516088 </lastmod>
	</url><url>
		<loc> https://geoconnex.us/cuahsi/his/SNOTEL/595_NM_SNTL </loc>
		<lastmod> 2022-08-22 15:27:28.516101 </lastmod>
	</url><url>
		<loc> https://geoconnex.us/cuahsi/his/SNOTEL/596_UT_SNTL </loc>
		<lastmod> 2022-08-22 15:27:28.516114 </lastmod>
	</url><url>
		<loc> https://geoconnex.us/cuahsi/his/SNOTEL/597_WY_SNTL </loc>
		<lastmod> 2022-08-22 15:27:28.516127 </lastmod>
	</url><url>
		<loc> https://geoconnex.us/cuahsi/his/SNOTEL/598_WY_SNTL </loc>
		<lastmod> 2022-08-22 15:27:28.516140 </lastmod>
	</url><url>
		<loc> https://geoconnex.us/cuahsi/his/SNOTEL/1118_UT_SNTL </loc>
		<lastmod> 2022-08-22 15:27:28.516153 </lastmod>
	</url><url>
		<loc> https://geoconnex.us/cuahsi/his/SNOTEL/940_CO_SNTL </loc>
		<lastmod> 2022-08-22 15:27:28.516165 </lastmod>
	</url><url>
		<loc> https://geoconnex.us/cuahsi/his/SNOTEL/599_WA_SNTL </loc>
		<lastmod> 2022-08-22 15:27:28.516178 </lastmod>
	</url><url>
		<loc> https://geoconnex.us/cuahsi/his/SNOTEL/600_ID_SNTL </loc>
		<lastmod> 2022-08-22 15:27:28.516191 </lastmod>
	</url><url>
		<loc> https://geoconnex.us/cuahsi/his/SNOTEL/601_ID_SNTL </loc>
		<lastmod> 2022-08-22 15:27:28.516204 </lastmod>
	</url><url>
		<loc> https://geoconnex.us/cuahsi/his/SNOTEL/972_UT_SNTL </loc>
		<lastmod> 2022-08-22 15:27:28.516217 </lastmod>
	</url><url>
		<loc> https://geoconnex.us/cuahsi/his/SNOTEL/602_CO_SNTL </loc>
		<lastmod> 2022-08-22 15:27:28.516230 </lastmod>
	</url><url>
		<loc> https://geoconnex.us/cuahsi/his/SNOTEL/1265_AK_SNTL </loc>
		<lastmod> 2022-08-22 15:27:28.516243 </lastmod>
	</url><url>
		<loc> https://geoconnex.us/cuahsi/his/SNOTEL/603_MT_SNTL </loc>
		<lastmod> 2022-08-22 15:27:28.516256 </lastmod>
	</url><url>
		<loc> https://geoconnex.us/cuahsi/his/SNOTEL/604_MT_SNTL </loc>
		<lastmod> 2022-08-22 15:27:28.516269 </lastmod>
	</url><url>
		<loc> https://geoconnex.us/cuahsi/his/SNOTEL/605_OR_SNTL </loc>
		<lastmod> 2022-08-22 15:27:28.516281 </lastmod>
	</url><url>
		<loc> https://geoconnex.us/cuahsi/his/SNOTEL/606_WA_SNTL </loc>
		<lastmod> 2022-08-22 15:27:28.516294 </lastmod>
	</url><url>
		<loc> https://geoconnex.us/cuahsi/his/SNOTEL/1069_WA_SNTL </loc>
		<lastmod> 2022-08-22 15:27:28.516307 </lastmod>
	</url><url>
		<loc> https://geoconnex.us/cuahsi/his/SNOTEL/607_CO_SNTL </loc>
		<lastmod> 2022-08-22 15:27:28.516320 </lastmod>
	</url><url>
		<loc> https://geoconnex.us/cuahsi/his/SNOTEL/608_OR_SNTL </loc>
		<lastmod> 2022-08-22 15:27:28.516333 </lastmod>
	</url><url>
		<loc> https://geoconnex.us/cuahsi/his/SNOTEL/609_MT_SNTL </loc>
		<lastmod> 2022-08-22 15:27:28.516346 </lastmod>
	</url><url>
		<loc> https://geoconnex.us/cuahsi/his/SNOTEL/610_ID_SNTL </loc>
		<lastmod> 2022-08-22 15:27:28.516359 </lastmod>
	</url><url>
		<loc> https://geoconnex.us/cuahsi/his/SNOTEL/611_SD_SNTL </loc>
		<lastmod> 2022-08-22 15:27:28.516372 </lastmod>
	</url><url>
		<loc> https://geoconnex.us/cuahsi/his/SNOTEL/612_UT_SNTL </loc>
		<lastmod> 2022-08-22 15:27:28.516385 </lastmod>
	</url><url>
		<loc> https://geoconnex.us/cuahsi/his/SNOTEL/905_CO_SNTL </loc>
		<lastmod> 2022-08-22 15:27:28.516398 </lastmod>
	</url><url>
		<loc> https://geoconnex.us/cuahsi/his/SNOTEL/613_MT_SNTL </loc>
		<lastmod> 2022-08-22 15:27:28.516411 </lastmod>
	</url><url>
		<loc> https://geoconnex.us/cuahsi/his/SNOTEL/614_OR_SNTL </loc>
		<lastmod> 2022-08-22 15:27:28.516424 </lastmod>
	</url><url>
		<loc> https://geoconnex.us/cuahsi/his/SNOTEL/615_NV_SNTL </loc>
		<lastmod> 2022-08-22 15:27:28.516437 </lastmod>
	</url><url>
		<loc> https://geoconnex.us/cuahsi/his/SNOTEL/616_WY_SNTL </loc>
		<lastmod> 2022-08-22 15:27:28.516450 </lastmod>
	</url><url>
		<loc> https://geoconnex.us/cuahsi/his/SNOTEL/999_WA_SNTL </loc>
		<lastmod> 2022-08-22 15:27:28.516463 </lastmod>
	</url><url>
		<loc> https://geoconnex.us/cuahsi/his/SNOTEL/617_AZ_SNTL </loc>
		<lastmod> 2022-08-22 15:27:28.516476 </lastmod>
	</url><url>
		<loc> https://geoconnex.us/cuahsi/his/SNOTEL/1096_AK_SNTL </loc>
		<lastmod> 2022-08-22 15:27:28.516489 </lastmod>
	</url><url>
		<loc> https://geoconnex.us/cuahsi/his/SNOTEL/254_MT_SNTL </loc>
		<lastmod> 2022-08-22 15:27:28.516502 </lastmod>
	</url><url>
		<loc> https://geoconnex.us/cuahsi/his/SNOTEL/618_CO_SNTL </loc>
		<lastmod> 2022-08-22 15:27:28.516515 </lastmod>
	</url><url>
		<loc> https://geoconnex.us/cuahsi/his/SNOTEL/1040_CO_SNTL </loc>
		<lastmod> 2022-08-22 15:27:28.516528 </lastmod>
	</url><url>
		<loc> https://geoconnex.us/cuahsi/his/SNOTEL/619_OR_SNTL </loc>
		<lastmod> 2022-08-22 15:27:28.516541 </lastmod>
	</url><url>
		<loc> https://geoconnex.us/cuahsi/his/SNOTEL/1048_NM_SNTL </loc>
		<lastmod> 2022-08-22 15:27:28.516554 </lastmod>
	</url><url>
		<loc> https://geoconnex.us/cuahsi/his/SNOTEL/1003_AK_SNTL </loc>
		<lastmod> 2022-08-22 15:27:28.516566 </lastmod>
	</url><url>
		<loc> https://geoconnex.us/cuahsi/his/SNOTEL/1191_AK_SNTL </loc>
		<lastmod> 2022-08-22 15:27:28.516579 </lastmod>
	</url><url>
		<loc> https://geoconnex.us/cuahsi/his/SNOTEL/620_ID_SNTL </loc>
		<lastmod> 2022-08-22 15:27:28.516592 </lastmod>
	</url><url>
		<loc> https://geoconnex.us/cuahsi/his/SNOTEL/897_WA_SNTL </loc>
		<lastmod> 2022-08-22 15:27:28.516605 </lastmod>
	</url><url>
		<loc> https://geoconnex.us/cuahsi/his/SNOTEL/1196_WY_SNTL </loc>
		<lastmod> 2022-08-22 15:27:28.516618 </lastmod>
	</url><url>
		<loc> https://geoconnex.us/cuahsi/his/SNOTEL/914_CO_SNTL </loc>
		<lastmod> 2022-08-22 15:27:28.516631 </lastmod>
	</url><url>
		<loc> https://geoconnex.us/cuahsi/his/SNOTEL/621_UT_SNTL </loc>
		<lastmod> 2022-08-22 15:27:28.516644 </lastmod>
	</url><url>
		<loc> https://geoconnex.us/cuahsi/his/SNOTEL/1207_NV_SNTL </loc>
		<lastmod> 2022-08-22 15:27:28.516656 </lastmod>
	</url><url>
		<loc> https://geoconnex.us/cuahsi/his/SNOTEL/622_CO_SNTL </loc>
		<lastmod> 2022-08-22 15:27:28.516669 </lastmod>
	</url><url>
		<loc> https://geoconnex.us/cuahsi/his/SNOTEL/1011_WA_SNTL </loc>
		<lastmod> 2022-08-22 15:27:28.516682 </lastmod>
	</url><url>
		<loc> https://geoconnex.us/cuahsi/his/SNOTEL/623_ID_SNTL </loc>
		<lastmod> 2022-08-22 15:27:28.516695 </lastmod>
	</url><url>
		<loc> https://geoconnex.us/cuahsi/his/SNOTEL/937_CO_SNTL </loc>
		<lastmod> 2022-08-22 15:27:28.516708 </lastmod>
	</url><url>
		<loc> https://geoconnex.us/cuahsi/his/SNOTEL/1206_NV_SNTL </loc>
		<lastmod> 2022-08-22 15:27:28.516721 </lastmod>
	</url><url>
		<loc> https://geoconnex.us/cuahsi/his/SNOTEL/624_CO_SNTL </loc>
		<lastmod> 2022-08-22 15:27:28.516734 </lastmod>
	</url><url>
		<loc> https://geoconnex.us/cuahsi/his/SNOTEL/1064_AK_SNTL </loc>
		<lastmod> 2022-08-22 15:27:28.516748 </lastmod>
	</url><url>
		<loc> https://geoconnex.us/cuahsi/his/SNOTEL/1014_CO_SNTL </loc>
		<lastmod> 2022-08-22 15:27:28.516761 </lastmod>
	</url><url>
		<loc> https://geoconnex.us/cuahsi/his/SNOTEL/625_WY_SNTL </loc>
		<lastmod> 2022-08-22 15:27:28.516775 </lastmod>
	</url><url>
		<loc> https://geoconnex.us/cuahsi/his/SNOTEL/626_UT_SNTL </loc>
		<lastmod> 2022-08-22 15:27:28.516788 </lastmod>
	</url><url>
		<loc> https://geoconnex.us/cuahsi/his/SNOTEL/1079_OR_SNTL </loc>
		<lastmod> 2022-08-22 15:27:28.516801 </lastmod>
	</url><url>
		<loc> https://geoconnex.us/cuahsi/his/SNOTEL/627_ID_SNTL </loc>
		<lastmod> 2022-08-22 15:27:28.516814 </lastmod>
	</url><url>
		<loc> https://geoconnex.us/cuahsi/his/SNOTEL/628_UT_SNTL </loc>
		<lastmod> 2022-08-22 15:27:28.516827 </lastmod>
	</url><url>
		<loc> https://geoconnex.us/cuahsi/his/SNOTEL/1084_OR_SNTL </loc>
		<lastmod> 2022-08-22 15:27:28.516840 </lastmod>
	</url><url>
		<loc> https://geoconnex.us/cuahsi/his/SNOTEL/629_CO_SNTL </loc>
		<lastmod> 2022-08-22 15:27:28.516853 </lastmod>
	</url><url>
		<loc> https://geoconnex.us/cuahsi/his/SNOTEL/630_WA_SNTL </loc>
		<lastmod> 2022-08-22 15:27:28.516866 </lastmod>
	</url><url>
		<loc> https://geoconnex.us/cuahsi/his/SNOTEL/631_UT_SNTL </loc>
		<lastmod> 2022-08-22 15:27:28.516879 </lastmod>
	</url><url>
		<loc> https://geoconnex.us/cuahsi/his/SNOTEL/262_WA_SNTL </loc>
		<lastmod> 2022-08-22 15:27:28.516892 </lastmod>
	</url><url>
		<loc> https://geoconnex.us/cuahsi/his/SNOTEL/632_CO_SNTL </loc>
		<lastmod> 2022-08-22 15:27:28.516904 </lastmod>
	</url><url>
		<loc> https://geoconnex.us/cuahsi/his/SNOTEL/1287_MT_SNTL </loc>
		<lastmod> 2022-08-22 15:27:28.516917 </lastmod>
	</url><url>
		<loc> https://geoconnex.us/cuahsi/his/SNOTEL/1094_AK_SNTL </loc>
		<lastmod> 2022-08-22 15:27:28.516930 </lastmod>
	</url><url>
		<loc> https://geoconnex.us/cuahsi/his/SNOTEL/633_CA_SNTL </loc>
		<lastmod> 2022-08-22 15:27:28.516943 </lastmod>
	</url><url>
		<loc> https://geoconnex.us/cuahsi/his/SNOTEL/634_UT_SNTL </loc>
		<lastmod> 2022-08-22 15:27:28.516956 </lastmod>
	</url><url>
		<loc> https://geoconnex.us/cuahsi/his/SNOTEL/949_AK_SNTL </loc>
		<lastmod> 2022-08-22 15:27:28.516968 </lastmod>
	</url><url>
		<loc> https://geoconnex.us/cuahsi/his/SNOTEL/635_MT_SNTL </loc>
		<lastmod> 2022-08-22 15:27:28.516981 </lastmod>
	</url><url>
		<loc> https://geoconnex.us/cuahsi/his/SNOTEL/1124_CO_SNTL </loc>
		<lastmod> 2022-08-22 15:27:28.516994 </lastmod>
	</url><url>
		<loc> https://geoconnex.us/cuahsi/his/SNOTEL/636_ID_SNTL </loc>
		<lastmod> 2022-08-22 15:27:28.517007 </lastmod>
	</url><url>
		<loc> https://geoconnex.us/cuahsi/his/SNOTEL/1176_AK_SNTL </loc>
		<lastmod> 2022-08-22 15:27:28.517020 </lastmod>
	</url><url>
		<loc> https://geoconnex.us/cuahsi/his/SNOTEL/638_ID_SNTL </loc>
		<lastmod> 2022-08-22 15:27:28.517033 </lastmod>
	</url><url>
		<loc> https://geoconnex.us/cuahsi/his/SNOTEL/1035_AK_SNTL </loc>
		<lastmod> 2022-08-22 15:27:28.517045 </lastmod>
	</url><url>
		<loc> https://geoconnex.us/cuahsi/his/SNOTEL/637_ID_SNTL </loc>
		<lastmod> 2022-08-22 15:27:28.517058 </lastmod>
	</url><url>
		<loc> https://geoconnex.us/cuahsi/his/SNOTEL/639_ID_SNTL </loc>
		<lastmod> 2022-08-22 15:27:28.517071 </lastmod>
	</url><url>
		<loc> https://geoconnex.us/cuahsi/his/SNOTEL/640_AZ_SNTL </loc>
		<lastmod> 2022-08-22 15:27:28.517085 </lastmod>
	</url><url>
		<loc> https://geoconnex.us/cuahsi/his/SNOTEL/1125_AZ_SNTL </loc>
		<lastmod> 2022-08-22 15:27:28.517098 </lastmod>
	</url><url>
		<loc> https://geoconnex.us/cuahsi/his/SNOTEL/642_WA_SNTL </loc>
		<lastmod> 2022-08-22 15:27:28.517111 </lastmod>
	</url><url>
		<loc> https://geoconnex.us/cuahsi/his/SNOTEL/643_UT_SNTL </loc>
		<lastmod> 2022-08-22 15:27:28.517124 </lastmod>
	</url><url>
		<loc> https://geoconnex.us/cuahsi/his/SNOTEL/989_ID_SNTL </loc>
		<lastmod> 2022-08-22 15:27:28.517137 </lastmod>
	</url><url>
		<loc> https://geoconnex.us/cuahsi/his/SNOTEL/644_WA_SNTL </loc>
		<lastmod> 2022-08-22 15:27:28.517150 </lastmod>
	</url><url>
		<loc> https://geoconnex.us/cuahsi/his/SNOTEL/645_ID_SNTL </loc>
		<lastmod> 2022-08-22 15:27:28.517163 </lastmod>
	</url><url>
		<loc> https://geoconnex.us/cuahsi/his/SNOTEL/646_MT_SNTL </loc>
		<lastmod> 2022-08-22 15:27:28.517176 </lastmod>
	</url><url>
		<loc> https://geoconnex.us/cuahsi/his/SNOTEL/647_OR_SNTL </loc>
		<lastmod> 2022-08-22 15:27:28.517189 </lastmod>
	</url><url>
		<loc> https://geoconnex.us/cuahsi/his/SNOTEL/648_WA_SNTL </loc>
		<lastmod> 2022-08-22 15:27:28.517202 </lastmod>
	</url><url>
		<loc> https://geoconnex.us/cuahsi/his/SNOTEL/898_WA_SNTL </loc>
		<lastmod> 2022-08-22 15:27:28.517215 </lastmod>
	</url><url>
		<loc> https://geoconnex.us/cuahsi/his/SNOTEL/649_MT_SNTL </loc>
		<lastmod> 2022-08-22 15:27:28.517228 </lastmod>
	</url><url>
		<loc> https://geoconnex.us/cuahsi/his/SNOTEL/650_ID_SNTL </loc>
		<lastmod> 2022-08-22 15:27:28.517241 </lastmod>
	</url><url>
		<loc> https://geoconnex.us/cuahsi/his/SNOTEL/941_WA_SNTL </loc>
		<lastmod> 2022-08-22 15:27:28.517254 </lastmod>
	</url><url>
		<loc> https://geoconnex.us/cuahsi/his/SNOTEL/1224_UT_SNTL </loc>
		<lastmod> 2022-08-22 15:27:28.517267 </lastmod>
	</url><url>
		<loc> https://geoconnex.us/cuahsi/his/SNOTEL/651_OR_SNTL </loc>
		<lastmod> 2022-08-22 15:27:28.517279 </lastmod>
	</url><url>
		<loc> https://geoconnex.us/cuahsi/his/SNOTEL/1269_UT_SNTL </loc>
		<lastmod> 2022-08-22 15:27:28.517292 </lastmod>
	</url><url>
		<loc> https://geoconnex.us/cuahsi/his/SNOTEL/652_NV_SNTL </loc>
		<lastmod> 2022-08-22 15:27:28.517305 </lastmod>
	</url><url>
		<loc> https://geoconnex.us/cuahsi/his/SNOTEL/1103_AK_SNTL </loc>
		<lastmod> 2022-08-22 15:27:28.517318 </lastmod>
	</url><url>
		<loc> https://geoconnex.us/cuahsi/his/SNOTEL/1073_AK_SNTL </loc>
		<lastmod> 2022-08-22 15:27:28.517331 </lastmod>
	</url><url>
		<loc> https://geoconnex.us/cuahsi/his/SNOTEL/653_OR_SNTL </loc>
		<lastmod> 2022-08-22 15:27:28.517344 </lastmod>
	</url><url>
		<loc> https://geoconnex.us/cuahsi/his/SNOTEL/258_NV_SNTL </loc>
		<lastmod> 2022-08-22 15:27:28.517357 </lastmod>
	</url><url>
		<loc> https://geoconnex.us/cuahsi/his/SNOTEL/948_AK_SNTL </loc>
		<lastmod> 2022-08-22 15:27:28.517370 </lastmod>
	</url><url>
		<loc> https://geoconnex.us/cuahsi/his/SNOTEL/1259_WA_SNTL </loc>
		<lastmod> 2022-08-22 15:27:28.517383 </lastmod>
	</url><url>
		<loc> https://geoconnex.us/cuahsi/his/SNOTEL/654_ID_SNTL </loc>
		<lastmod> 2022-08-22 15:27:28.517396 </lastmod>
	</url><url>
		<loc> https://geoconnex.us/cuahsi/his/SNOTEL/655_OR_SNTL </loc>
		<lastmod> 2022-08-22 15:27:28.517410 </lastmod>
	</url><url>
		<loc> https://geoconnex.us/cuahsi/his/SNOTEL/656_MT_SNTL </loc>
		<lastmod> 2022-08-22 15:27:28.517423 </lastmod>
	</url><url>
		<loc> https://geoconnex.us/cuahsi/his/SNOTEL/950_AK_SNTL </loc>
		<lastmod> 2022-08-22 15:27:28.517436 </lastmod>
	</url><url>
		<loc> https://geoconnex.us/cuahsi/his/SNOTEL/1053_ID_SNTL </loc>
		<lastmod> 2022-08-22 15:27:28.517449 </lastmod>
	</url><url>
		<loc> https://geoconnex.us/cuahsi/his/SNOTEL/657_MT_SNTL </loc>
		<lastmod> 2022-08-22 15:27:28.517462 </lastmod>
	</url><url>
		<loc> https://geoconnex.us/cuahsi/his/SNOTEL/658_CO_SNTL </loc>
		<lastmod> 2022-08-22 15:27:28.517475 </lastmod>
	</url><url>
		<loc> https://geoconnex.us/cuahsi/his/SNOTEL/1138_NM_SNTL </loc>
		<lastmod> 2022-08-22 15:27:28.517487 </lastmod>
	</url><url>
		<loc> https://geoconnex.us/cuahsi/his/SNOTEL/249_CO_SNTL </loc>
		<lastmod> 2022-08-22 15:27:28.517500 </lastmod>
	</url><url>
		<loc> https://geoconnex.us/cuahsi/his/SNOTEL/659_MT_SNTL </loc>
		<lastmod> 2022-08-22 15:27:28.517513 </lastmod>
	</url><url>
		<loc> https://geoconnex.us/cuahsi/his/SNOTEL/903_MT_SNTL </loc>
		<lastmod> 2022-08-22 15:27:28.517526 </lastmod>
	</url><url>
		<loc> https://geoconnex.us/cuahsi/his/SNOTEL/1031_CO_SNTL </loc>
		<lastmod> 2022-08-22 15:27:28.517539 </lastmod>
	</url><url>
		<loc> https://geoconnex.us/cuahsi/his/SNOTEL/660_OR_SNTL </loc>
		<lastmod> 2022-08-22 15:27:28.517552 </lastmod>
	</url><url>
		<loc> https://geoconnex.us/cuahsi/his/SNOTEL/661_WY_SNTL </loc>
		<lastmod> 2022-08-22 15:27:28.517564 </lastmod>
	</url><url>
		<loc> https://geoconnex.us/cuahsi/his/SNOTEL/662_MT_SNTL </loc>
		<lastmod> 2022-08-22 15:27:28.517577 </lastmod>
	</url><url>
		<loc> https://geoconnex.us/cuahsi/his/SNOTEL/663_CO_SNTL </loc>
		<lastmod> 2022-08-22 15:27:28.517620 </lastmod>
	</url><url>
		<loc> https://geoconnex.us/cuahsi/his/SNOTEL/664_MT_SNTL </loc>
		<lastmod> 2022-08-22 15:27:28.517634 </lastmod>
	</url><url>
		<loc> https://geoconnex.us/cuahsi/his/SNOTEL/665_NM_SNTL </loc>
		<lastmod> 2022-08-22 15:27:28.517647 </lastmod>
	</url><url>
		<loc> https://geoconnex.us/cuahsi/his/SNOTEL/666_OR_SNTL </loc>
		<lastmod> 2022-08-22 15:27:28.517660 </lastmod>
	</url><url>
		<loc> https://geoconnex.us/cuahsi/his/SNOTEL/667_MT_SNTL </loc>
		<lastmod> 2022-08-22 15:27:28.517673 </lastmod>
	</url><url>
		<loc> https://geoconnex.us/cuahsi/his/SNOTEL/668_WY_SNTL </loc>
		<lastmod> 2022-08-22 15:27:28.517686 </lastmod>
	</url><url>
		<loc> https://geoconnex.us/cuahsi/his/SNOTEL/669_CO_SNTL </loc>
		<lastmod> 2022-08-22 15:27:28.517700 </lastmod>
	</url><url>
		<loc> https://geoconnex.us/cuahsi/his/SNOTEL/920_SD_SNTL </loc>
		<lastmod> 2022-08-22 15:27:28.517713 </lastmod>
	</url><url>
		<loc> https://geoconnex.us/cuahsi/his/SNOTEL/670_MT_SNTL </loc>
		<lastmod> 2022-08-22 15:27:28.517726 </lastmod>
	</url><url>
		<loc> https://geoconnex.us/cuahsi/his/SNOTEL/267_WY_SNTL </loc>
		<lastmod> 2022-08-22 15:27:28.517739 </lastmod>
	</url><url>
		<loc> https://geoconnex.us/cuahsi/his/SNOTEL/1037_AK_SNTL </loc>
		<lastmod> 2022-08-22 15:27:28.517752 </lastmod>
	</url><url>
		<loc> https://geoconnex.us/cuahsi/his/SNOTEL/1127_AZ_SNTL </loc>
		<lastmod> 2022-08-22 15:27:28.517765 </lastmod>
	</url><url>
		<loc> https://geoconnex.us/cuahsi/his/SNOTEL/996_WA_SNTL </loc>
		<lastmod> 2022-08-22 15:27:28.517778 </lastmod>
	</url><url>
		<loc> https://geoconnex.us/cuahsi/his/SNOTEL/1146_UT_SNTL </loc>
		<lastmod> 2022-08-22 15:27:28.517791 </lastmod>
	</url><url>
		<loc> https://geoconnex.us/cuahsi/his/SNOTEL/671_OR_SNTL </loc>
		<lastmod> 2022-08-22 15:27:28.517804 </lastmod>
	</url><url>
		<loc> https://geoconnex.us/cuahsi/his/SNOTEL/672_WA_SNTL </loc>
		<lastmod> 2022-08-22 15:27:28.517817 </lastmod>
	</url><url>
		<loc> https://geoconnex.us/cuahsi/his/SNOTEL/673_WY_SNTL </loc>
		<lastmod> 2022-08-22 15:27:28.517830 </lastmod>
	</url><url>
		<loc> https://geoconnex.us/cuahsi/his/SNOTEL/1272_NV_SNTL </loc>
		<lastmod> 2022-08-22 15:27:28.517843 </lastmod>
	</url><url>
		<loc> https://geoconnex.us/cuahsi/his/SNOTEL/1008_MT_SNTL </loc>
		<lastmod> 2022-08-22 15:27:28.517856 </lastmod>
	</url><url>
		<loc> https://geoconnex.us/cuahsi/his/SNOTEL/675_CO_SNTL </loc>
		<lastmod> 2022-08-22 15:27:28.517869 </lastmod>
	</url><url>
		<loc> https://geoconnex.us/cuahsi/his/SNOTEL/676_WY_SNTL </loc>
		<lastmod> 2022-08-22 15:27:28.517882 </lastmod>
	</url><url>
		<loc> https://geoconnex.us/cuahsi/his/SNOTEL/677_ID_SNTL </loc>
		<lastmod> 2022-08-22 15:27:28.517895 </lastmod>
	</url><url>
		<loc> https://geoconnex.us/cuahsi/his/SNOTEL/1170_NM_SNTL </loc>
		<lastmod> 2022-08-22 15:27:28.517908 </lastmod>
	</url><url>
		<loc> https://geoconnex.us/cuahsi/his/SNOTEL/678_NM_SNTL </loc>
		<lastmod> 2022-08-22 15:27:28.517921 </lastmod>
	</url><url>
		<loc> https://geoconnex.us/cuahsi/his/SNOTEL/1148_UT_SNTL </loc>
		<lastmod> 2022-08-22 15:27:28.517934 </lastmod>
	</url><url>
		<loc> https://geoconnex.us/cuahsi/his/SNOTEL/679_WA_SNTL </loc>
		<lastmod> 2022-08-22 15:27:28.517947 </lastmod>
	</url><url>
		<loc> https://geoconnex.us/cuahsi/his/SNOTEL/986_AK_SNTL </loc>
		<lastmod> 2022-08-22 15:27:28.517960 </lastmod>
	</url><url>
		<loc> https://geoconnex.us/cuahsi/his/SNOTEL/680_CO_SNTL </loc>
		<lastmod> 2022-08-22 15:27:28.517973 </lastmod>
	</url><url>
		<loc> https://geoconnex.us/cuahsi/his/SNOTEL/681_WA_SNTL </loc>
		<lastmod> 2022-08-22 15:27:28.517986 </lastmod>
	</url><url>
		<loc> https://geoconnex.us/cuahsi/his/SNOTEL/682_CO_SNTL </loc>
		<lastmod> 2022-08-22 15:27:28.517999 </lastmod>
	</url><url>
		<loc> https://geoconnex.us/cuahsi/his/SNOTEL/683_WY_SNTL </loc>
		<lastmod> 2022-08-22 15:27:28.518012 </lastmod>
	</url><url>
		<loc> https://geoconnex.us/cuahsi/his/SNOTEL/684_UT_SNTL </loc>
		<lastmod> 2022-08-22 15:27:28.518025 </lastmod>
	</url><url>
		<loc> https://geoconnex.us/cuahsi/his/SNOTEL/971_UT_SNTL </loc>
		<lastmod> 2022-08-22 15:27:28.518038 </lastmod>
	</url><url>
		<loc> https://geoconnex.us/cuahsi/his/SNOTEL/685_CO_SNTL </loc>
		<lastmod> 2022-08-22 15:27:28.518051 </lastmod>
	</url><url>
		<loc> https://geoconnex.us/cuahsi/his/SNOTEL/686_UT_SNTL </loc>
		<lastmod> 2022-08-22 15:27:28.518065 </lastmod>
	</url><url>
		<loc> https://geoconnex.us/cuahsi/his/SNOTEL/687_OR_SNTL </loc>
		<lastmod> 2022-08-22 15:27:28.518079 </lastmod>
	</url><url>
		<loc> https://geoconnex.us/cuahsi/his/SNOTEL/1104_WA_SNTL </loc>
		<lastmod> 2022-08-22 15:27:28.518092 </lastmod>
	</url><url>
		<loc> https://geoconnex.us/cuahsi/his/SNOTEL/930_MT_SNTL </loc>
		<lastmod> 2022-08-22 15:27:28.518105 </lastmod>
	</url><url>
		<loc> https://geoconnex.us/cuahsi/his/SNOTEL/688_CO_SNTL </loc>
		<lastmod> 2022-08-22 15:27:28.518119 </lastmod>
	</url><url>
		<loc> https://geoconnex.us/cuahsi/his/SNOTEL/689_WY_SNTL </loc>
		<lastmod> 2022-08-22 15:27:28.518132 </lastmod>
	</url><url>
		<loc> https://geoconnex.us/cuahsi/his/SNOTEL/690_MT_SNTL </loc>
		<lastmod> 2022-08-22 15:27:28.518145 </lastmod>
	</url><url>
		<loc> https://geoconnex.us/cuahsi/his/SNOTEL/691_UT_SNTL </loc>
		<lastmod> 2022-08-22 15:27:28.518158 </lastmod>
	</url><url>
		<loc> https://geoconnex.us/cuahsi/his/SNOTEL/1142_ID_SNTL </loc>
		<lastmod> 2022-08-22 15:27:28.518171 </lastmod>
	</url><url>
		<loc> https://geoconnex.us/cuahsi/his/SNOTEL/692_WA_SNTL </loc>
		<lastmod> 2022-08-22 15:27:28.518184 </lastmod>
	</url><url>
		<loc> https://geoconnex.us/cuahsi/his/SNOTEL/693_MT_SNTL </loc>
		<lastmod> 2022-08-22 15:27:28.518197 </lastmod>
	</url><url>
		<loc> https://geoconnex.us/cuahsi/his/SNOTEL/694_UT_SNTL </loc>
		<lastmod> 2022-08-22 15:27:28.518210 </lastmod>
	</url><url>
		<loc> https://geoconnex.us/cuahsi/his/SNOTEL/695_ID_SNTL </loc>
		<lastmod> 2022-08-22 15:27:28.518223 </lastmod>
	</url><url>
		<loc> https://geoconnex.us/cuahsi/his/SNOTEL/1263_WA_SNTL </loc>
		<lastmod> 2022-08-22 15:27:28.518236 </lastmod>
	</url><url>
		<loc> https://geoconnex.us/cuahsi/his/SNOTEL/696_MT_SNTL </loc>
		<lastmod> 2022-08-22 15:27:28.518249 </lastmod>
	</url><url>
		<loc> https://geoconnex.us/cuahsi/his/SNOTEL/263_WA_SNTL </loc>
		<lastmod> 2022-08-22 15:27:28.518262 </lastmod>
	</url><url>
		<loc> https://geoconnex.us/cuahsi/his/SNOTEL/1133_WY_SNTL </loc>
		<lastmod> 2022-08-22 15:27:28.518275 </lastmod>
	</url><url>
		<loc> https://geoconnex.us/cuahsi/his/SNOTEL/1002_AK_SNTL </loc>
		<lastmod> 2022-08-22 15:27:28.518288 </lastmod>
	</url><url>
		<loc> https://geoconnex.us/cuahsi/his/SNOTEL/697_CA_SNTL </loc>
		<lastmod> 2022-08-22 15:27:28.518301 </lastmod>
	</url><url>
		<loc> https://geoconnex.us/cuahsi/his/SNOTEL/1244_NV_SNTL </loc>
		<lastmod> 2022-08-22 15:27:28.518314 </lastmod>
	</url><url>
		<loc> https://geoconnex.us/cuahsi/his/SNOTEL/698_NV_SNTL </loc>
		<lastmod> 2022-08-22 15:27:28.518327 </lastmod>
	</url><url>
		<loc> https://geoconnex.us/cuahsi/his/SNOTEL/932_MT_SNTL </loc>
		<lastmod> 2022-08-22 15:27:28.518340 </lastmod>
	</url><url>
		<loc> https://geoconnex.us/cuahsi/his/SNOTEL/699_WA_SNTL </loc>
		<lastmod> 2022-08-22 15:27:28.518353 </lastmod>
	</url><url>
		<loc> https://geoconnex.us/cuahsi/his/SNOTEL/700_MT_SNTL </loc>
		<lastmod> 2022-08-22 15:27:28.518366 </lastmod>
	</url><url>
		<loc> https://geoconnex.us/cuahsi/his/SNOTEL/701_CO_SNTL </loc>
		<lastmod> 2022-08-22 15:27:28.518379 </lastmod>
	</url><url>
		<loc> https://geoconnex.us/cuahsi/his/SNOTEL/987_AK_SNTL </loc>
		<lastmod> 2022-08-22 15:27:28.518392 </lastmod>
	</url><url>
		<loc> https://geoconnex.us/cuahsi/his/SNOTEL/702_WA_SNTL </loc>
		<lastmod> 2022-08-22 15:27:28.518404 </lastmod>
	</url><url>
		<loc> https://geoconnex.us/cuahsi/his/SNOTEL/703_WY_SNTL </loc>
		<lastmod> 2022-08-22 15:27:28.518418 </lastmod>
	</url><url>
		<loc> https://geoconnex.us/cuahsi/his/SNOTEL/704_ID_SNTL </loc>
		<lastmod> 2022-08-22 15:27:28.518432 </lastmod>
	</url><url>
		<loc> https://geoconnex.us/cuahsi/his/SNOTEL/705_AZ_SNTL </loc>
		<lastmod> 2022-08-22 15:27:28.518445 </lastmod>
	</url><url>
		<loc> https://geoconnex.us/cuahsi/his/SNOTEL/1177_AK_SNTL </loc>
		<lastmod> 2022-08-22 15:27:28.518458 </lastmod>
	</url><url>
		<loc> https://geoconnex.us/cuahsi/his/SNOTEL/706_OR_SNTL </loc>
		<lastmod> 2022-08-22 15:27:28.518471 </lastmod>
	</url><url>
		<loc> https://geoconnex.us/cuahsi/his/SNOTEL/707_WA_SNTL </loc>
		<lastmod> 2022-08-22 15:27:28.518484 </lastmod>
	</url><url>
		<loc> https://geoconnex.us/cuahsi/his/SNOTEL/708_NM_SNTL </loc>
		<lastmod> 2022-08-22 15:27:28.518497 </lastmod>
	</url><url>
		<loc> https://geoconnex.us/cuahsi/his/SNOTEL/709_CO_SNTL </loc>
		<lastmod> 2022-08-22 15:27:28.518510 </lastmod>
	</url><url>
		<loc> https://geoconnex.us/cuahsi/his/SNOTEL/1081_ID_SNTL </loc>
		<lastmod> 2022-08-22 15:27:28.518523 </lastmod>
	</url><url>
		<loc> https://geoconnex.us/cuahsi/his/SNOTEL/710_OR_SNTL </loc>
		<lastmod> 2022-08-22 15:27:28.518536 </lastmod>
	</url><url>
		<loc> https://geoconnex.us/cuahsi/his/SNOTEL/1110_NV_SNTL </loc>
		<lastmod> 2022-08-22 15:27:28.518549 </lastmod>
	</url><url>
		<loc> https://geoconnex.us/cuahsi/his/SNOTEL/711_WA_SNTL </loc>
		<lastmod> 2022-08-22 15:27:28.518562 </lastmod>
	</url><url>
		<loc> https://geoconnex.us/cuahsi/his/SNOTEL/1032_CO_SNTL </loc>
		<lastmod> 2022-08-22 15:27:28.518575 </lastmod>
	</url><url>
		<loc> https://geoconnex.us/cuahsi/his/SNOTEL/712_OR_SNTL </loc>
		<lastmod> 2022-08-22 15:27:28.518588 </lastmod>
	</url><url>
		<loc> https://geoconnex.us/cuahsi/his/SNOTEL/713_CO_SNTL </loc>
		<lastmod> 2022-08-22 15:27:28.518602 </lastmod>
	</url><url>
		<loc> https://geoconnex.us/cuahsi/his/SNOTEL/714_UT_SNTL </loc>
		<lastmod> 2022-08-22 15:27:28.518615 </lastmod>
	</url><url>
		<loc> https://geoconnex.us/cuahsi/his/SNOTEL/715_NM_SNTL </loc>
		<lastmod> 2022-08-22 15:27:28.518628 </lastmod>
	</url><url>
		<loc> https://geoconnex.us/cuahsi/his/SNOTEL/1225_UT_SNTL </loc>
		<lastmod> 2022-08-22 15:27:28.518640 </lastmod>
	</url><url>
		<loc> https://geoconnex.us/cuahsi/his/SNOTEL/1217_UT_SNTL </loc>
		<lastmod> 2022-08-22 15:27:28.518653 </lastmod>
	</url><url>
		<loc> https://geoconnex.us/cuahsi/his/SNOTEL/716_WY_SNTL </loc>
		<lastmod> 2022-08-22 15:27:28.518666 </lastmod>
	</url><url>
		<loc> https://geoconnex.us/cuahsi/his/SNOTEL/911_WA_SNTL </loc>
		<lastmod> 2022-08-22 15:27:28.518679 </lastmod>
	</url><url>
		<loc> https://geoconnex.us/cuahsi/his/SNOTEL/2029_ID_SNTL </loc>
		<lastmod> 2022-08-22 15:27:28.518692 </lastmod>
	</url><url>
		<loc> https://geoconnex.us/cuahsi/his/SNOTEL/1178_AK_SNTL </loc>
		<lastmod> 2022-08-22 15:27:28.518705 </lastmod>
	</url><url>
		<loc> https://geoconnex.us/cuahsi/his/SNOTEL/933_NM_SNTL </loc>
		<lastmod> 2022-08-22 15:27:28.518719 </lastmod>
	</url><url>
		<loc> https://geoconnex.us/cuahsi/his/SNOTEL/1254_NM_SNTL </loc>
		<lastmod> 2022-08-22 15:27:28.518732 </lastmod>
	</url><url>
		<loc> https://geoconnex.us/cuahsi/his/SNOTEL/717_CO_SNTL </loc>
		<lastmod> 2022-08-22 15:27:28.518745 </lastmod>
	</url><url>
		<loc> https://geoconnex.us/cuahsi/his/SNOTEL/718_CO_SNTL </loc>
		<lastmod> 2022-08-22 15:27:28.518758 </lastmod>
	</url><url>
		<loc> https://geoconnex.us/cuahsi/his/SNOTEL/719_OR_SNTL </loc>
		<lastmod> 2022-08-22 15:27:28.518772 </lastmod>
	</url><url>
		<loc> https://geoconnex.us/cuahsi/his/SNOTEL/720_UT_SNTL </loc>
		<lastmod> 2022-08-22 15:27:28.518785 </lastmod>
	</url><url>
		<loc> https://geoconnex.us/cuahsi/his/SNOTEL/721_OR_SNTL </loc>
		<lastmod> 2022-08-22 15:27:28.518798 </lastmod>
	</url><url>
		<loc> https://geoconnex.us/cuahsi/his/SNOTEL/722_MT_SNTL </loc>
		<lastmod> 2022-08-22 15:27:28.518811 </lastmod>
	</url><url>
		<loc> https://geoconnex.us/cuahsi/his/SNOTEL/723_UT_SNTL </loc>
		<lastmod> 2022-08-22 15:27:28.518824 </lastmod>
	</url><url>
		<loc> https://geoconnex.us/cuahsi/his/SNOTEL/917_MT_SNTL </loc>
		<lastmod> 2022-08-22 15:27:28.518837 </lastmod>
	</url><url>
		<loc> https://geoconnex.us/cuahsi/his/SNOTEL/973_AK_SNTL </loc>
		<lastmod> 2022-08-22 15:27:28.518850 </lastmod>
	</url><url>
		<loc> https://geoconnex.us/cuahsi/his/SNOTEL/939_CO_SNTL </loc>
		<lastmod> 2022-08-22 15:27:28.518863 </lastmod>
	</url><url>
		<loc> https://geoconnex.us/cuahsi/his/SNOTEL/724_CA_SNTL </loc>
		<lastmod> 2022-08-22 15:27:28.518876 </lastmod>
	</url><url>
		<loc> https://geoconnex.us/cuahsi/his/SNOTEL/725_MT_SNTL </loc>
		<lastmod> 2022-08-22 15:27:28.518889 </lastmod>
	</url><url>
		<loc> https://geoconnex.us/cuahsi/his/SNOTEL/929_MT_SNTL </loc>
		<lastmod> 2022-08-22 15:27:28.518902 </lastmod>
	</url><url>
		<loc> https://geoconnex.us/cuahsi/his/SNOTEL/726_OR_SNTL </loc>
		<lastmod> 2022-08-22 15:27:28.518915 </lastmod>
	</url><url>
		<loc> https://geoconnex.us/cuahsi/his/SNOTEL/727_MT_SNTL </loc>
		<lastmod> 2022-08-22 15:27:28.518928 </lastmod>
	</url><url>
		<loc> https://geoconnex.us/cuahsi/his/SNOTEL/1015_WY_SNTL </loc>
		<lastmod> 2022-08-22 15:27:28.518941 </lastmod>
	</url><url>
		<loc> https://geoconnex.us/cuahsi/his/SNOTEL/1183_AK_SNTL </loc>
		<lastmod> 2022-08-22 15:27:28.518954 </lastmod>
	</url><url>
		<loc> https://geoconnex.us/cuahsi/his/SNOTEL/1100_CO_SNTL </loc>
		<lastmod> 2022-08-22 15:27:28.518967 </lastmod>
	</url><url>
		<loc> https://geoconnex.us/cuahsi/his/SNOTEL/728_WA_SNTL </loc>
		<lastmod> 2022-08-22 15:27:28.518980 </lastmod>
	</url><url>
		<loc> https://geoconnex.us/cuahsi/his/SNOTEL/729_OR_SNTL </loc>
		<lastmod> 2022-08-22 15:27:28.518993 </lastmod>
	</url><url>
		<loc> https://geoconnex.us/cuahsi/his/SNOTEL/730_WY_SNTL </loc>
		<lastmod> 2022-08-22 15:27:28.519006 </lastmod>
	</url><url>
		<loc> https://geoconnex.us/cuahsi/his/SNOTEL/1172_NM_SNTL </loc>
		<lastmod> 2022-08-22 15:27:28.519019 </lastmod>
	</url><url>
		<loc> https://geoconnex.us/cuahsi/his/SNOTEL/731_WY_SNTL </loc>
		<lastmod> 2022-08-22 15:27:28.519032 </lastmod>
	</url><url>
		<loc> https://geoconnex.us/cuahsi/his/SNOTEL/732_WY_SNTL </loc>
		<lastmod> 2022-08-22 15:27:28.519045 </lastmod>
	</url><url>
		<loc> https://geoconnex.us/cuahsi/his/SNOTEL/922_NM_SNTL </loc>
		<lastmod> 2022-08-22 15:27:28.519059 </lastmod>
	</url><url>
		<loc> https://geoconnex.us/cuahsi/his/SNOTEL/1280_UT_SNTL </loc>
		<lastmod> 2022-08-22 15:27:28.519072 </lastmod>
	</url><url>
		<loc> https://geoconnex.us/cuahsi/his/SNOTEL/733_OR_SNTL </loc>
		<lastmod> 2022-08-22 15:27:28.519085 </lastmod>
	</url><url>
		<loc> https://geoconnex.us/cuahsi/his/SNOTEL/1128_CO_SNTL </loc>
		<lastmod> 2022-08-22 15:27:28.519097 </lastmod>
	</url><url>
		<loc> https://geoconnex.us/cuahsi/his/SNOTEL/734_WA_SNTL </loc>
		<lastmod> 2022-08-22 15:27:28.519111 </lastmod>
	</url><url>
		<loc> https://geoconnex.us/cuahsi/his/SNOTEL/1231_WA_SNTL </loc>
		<lastmod> 2022-08-22 15:27:28.519123 </lastmod>
	</url><url>
		<loc> https://geoconnex.us/cuahsi/his/SNOTEL/735_ID_SNTL </loc>
		<lastmod> 2022-08-22 15:27:28.519325 </lastmod>
	</url><url>
		<loc> https://geoconnex.us/cuahsi/his/SNOTEL/1068_WA_SNTL </loc>
		<lastmod> 2022-08-22 15:27:28.519340 </lastmod>
	</url><url>
		<loc> https://geoconnex.us/cuahsi/his/SNOTEL/1251_CO_SNTL </loc>
		<lastmod> 2022-08-22 15:27:28.519353 </lastmod>
	</url><url>
		<loc> https://geoconnex.us/cuahsi/his/SNOTEL/736_OR_SNTL </loc>
		<lastmod> 2022-08-22 15:27:28.519367 </lastmod>
	</url><url>
		<loc> https://geoconnex.us/cuahsi/his/SNOTEL/737_CO_SNTL </loc>
		<lastmod> 2022-08-22 15:27:28.519380 </lastmod>
	</url><url>
		<loc> https://geoconnex.us/cuahsi/his/SNOTEL/915_ID_SNTL </loc>
		<lastmod> 2022-08-22 15:27:28.519393 </lastmod>
	</url><url>
		<loc> https://geoconnex.us/cuahsi/his/SNOTEL/738_ID_SNTL </loc>
		<lastmod> 2022-08-22 15:27:28.519406 </lastmod>
	</url><url>
		<loc> https://geoconnex.us/cuahsi/his/SNOTEL/1038_ID_SNTL </loc>
		<lastmod> 2022-08-22 15:27:28.519419 </lastmod>
	</url><url>
		<loc> https://geoconnex.us/cuahsi/his/SNOTEL/739_CO_SNTL </loc>
		<lastmod> 2022-08-22 15:27:28.519432 </lastmod>
	</url><url>
		<loc> https://geoconnex.us/cuahsi/his/SNOTEL/740_ID_SNTL </loc>
		<lastmod> 2022-08-22 15:27:28.519445 </lastmod>
	</url><url>
		<loc> https://geoconnex.us/cuahsi/his/SNOTEL/741_ID_SNTL </loc>
		<lastmod> 2022-08-22 15:27:28.519459 </lastmod>
	</url><url>
		<loc> https://geoconnex.us/cuahsi/his/SNOTEL/742_UT_SNTL </loc>
		<lastmod> 2022-08-22 15:27:28.519471 </lastmod>
	</url><url>
		<loc> https://geoconnex.us/cuahsi/his/SNOTEL/743_OR_SNTL </loc>
		<lastmod> 2022-08-22 15:27:28.519484 </lastmod>
	</url><url>
		<loc> https://geoconnex.us/cuahsi/his/SNOTEL/744_NM_SNTL </loc>
		<lastmod> 2022-08-22 15:27:28.519497 </lastmod>
	</url><url>
		<loc> https://geoconnex.us/cuahsi/his/SNOTEL/1043_WA_SNTL </loc>
		<lastmod> 2022-08-22 15:27:28.519510 </lastmod>
	</url><url>
		<loc> https://geoconnex.us/cuahsi/his/SNOTEL/745_OR_SNTL </loc>
		<lastmod> 2022-08-22 15:27:28.519523 </lastmod>
	</url><url>
		<loc> https://geoconnex.us/cuahsi/his/SNOTEL/746_NV_SNTL </loc>
		<lastmod> 2022-08-22 15:27:28.519536 </lastmod>
	</url><url>
		<loc> https://geoconnex.us/cuahsi/his/SNOTEL/747_ID_SNTL </loc>
		<lastmod> 2022-08-22 15:27:28.519549 </lastmod>
	</url><url>
		<loc> https://geoconnex.us/cuahsi/his/SNOTEL/1060_CO_SNTL </loc>
		<lastmod> 2022-08-22 15:27:28.519562 </lastmod>
	</url><url>
		<loc> https://geoconnex.us/cuahsi/his/SNOTEL/748_WA_SNTL </loc>
		<lastmod> 2022-08-22 15:27:28.519575 </lastmod>
	</url><url>
		<loc> https://geoconnex.us/cuahsi/his/SNOTEL/749_ID_SNTL </loc>
		<lastmod> 2022-08-22 15:27:28.519588 </lastmod>
	</url></ns0:urlset>