<?xml version='1.0' encoding='utf-8'?>
<ns0:urlset xmlns:ns0="http://www.sitemaps.org/schemas/sitemap/0.9">
<url>
		<loc> https://geoconnex.us/cuahsi/his/czo_catalina/HOBO_B2 </loc>
		<lastmod> 2022-07-14 18:36:32.416197 </lastmod>
	</url><url>
		<loc> https://geoconnex.us/cuahsi/his/czo_catalina/HOBO_OR </loc>
		<lastmod> 2022-07-14 18:36:32.416227 </lastmod>
	</url><url>
		<loc> https://geoconnex.us/cuahsi/his/czo_catalina/OR_Rain1 </loc>
		<lastmod> 2022-07-14 18:36:32.416246 </lastmod>
	</url><url>
		<loc> https://geoconnex.us/cuahsi/his/czo_catalina/OR_Rain2 </loc>
		<lastmod> 2022-07-14 18:36:32.416262 </lastmod>
	</url><url>
		<loc> https://geoconnex.us/cuahsi/his/czo_catalina/OR_Rain3 </loc>
		<lastmod> 2022-07-14 18:36:32.416277 </lastmod>
	</url><url>
		<loc> https://geoconnex.us/cuahsi/his/czo_catalina/B2_Rain2 </loc>
		<lastmod> 2022-07-14 18:36:32.416291 </lastmod>
	</url><url>
		<loc> https://geoconnex.us/cuahsi/his/czo_catalina/MG_ATM </loc>
		<lastmod> 2022-07-14 18:36:32.416305 </lastmod>
	</url><url>
		<loc> https://geoconnex.us/cuahsi/his/czo_catalina/B2_Rain1 </loc>
		<lastmod> 2022-07-14 18:36:32.416319 </lastmod>
	</url><url>
		<loc> https://geoconnex.us/cuahsi/his/czo_catalina/MG_FermValley_Rain </loc>
		<lastmod> 2022-07-14 18:36:32.416332 </lastmod>
	</url><url>
		<loc> https://geoconnex.us/cuahsi/his/czo_catalina/MG_Schist_Rain </loc>
		<lastmod> 2022-07-14 18:36:32.416346 </lastmod>
	</url><url>
		<loc> https://geoconnex.us/cuahsi/his/czo_catalina/MG_Outlet_Rain </loc>
		<lastmod> 2022-07-14 18:36:32.416360 </lastmod>
	</url><url>
		<loc> https://geoconnex.us/cuahsi/his/czo_catalina/MG_DoubleRock_Rain </loc>
		<lastmod> 2022-07-14 18:36:32.416373 </lastmod>
	</url><url>
		<loc> https://geoconnex.us/cuahsi/his/czo_catalina/MG_BurntMeadow_Rain </loc>
		<lastmod> 2022-07-14 18:36:32.416387 </lastmod>
	</url><url>
		<loc> https://geoconnex.us/cuahsi/his/czo_catalina/MG_Granite_Rain </loc>
		<lastmod> 2022-07-14 18:36:32.416400 </lastmod>
	</url><url>
		<loc> https://geoconnex.us/cuahsi/his/czo_catalina/OR_low_stream </loc>
		<lastmod> 2022-07-14 18:36:32.416413 </lastmod>
	</url><url>
		<loc> https://geoconnex.us/cuahsi/his/czo_catalina/MG_WEIR </loc>
		<lastmod> 2022-07-14 18:36:32.416427 </lastmod>
	</url><url>
		<loc> https://geoconnex.us/cuahsi/his/czo_catalina/MGG_Met </loc>
		<lastmod> 2022-07-14 18:36:32.416440 </lastmod>
	</url><url>
		<loc> https://geoconnex.us/cuahsi/his/czo_catalina/MGG_Met_TRH </loc>
		<lastmod> 2022-07-14 18:36:32.416453 </lastmod>
	</url><url>
		<loc> https://geoconnex.us/cuahsi/his/czo_catalina/MGG_Met_NR </loc>
		<lastmod> 2022-07-14 18:36:32.416467 </lastmod>
	</url><url>
		<loc> https://geoconnex.us/cuahsi/his/czo_catalina/MGS_Met </loc>
		<lastmod> 2022-07-14 18:36:32.416480 </lastmod>
	</url><url>
		<loc> https://geoconnex.us/cuahsi/his/czo_catalina/MGS_Met_TRH </loc>
		<lastmod> 2022-07-14 18:36:32.416494 </lastmod>
	</url><url>
		<loc> https://geoconnex.us/cuahsi/his/czo_catalina/MGS_Met_NR </loc>
		<lastmod> 2022-07-14 18:36:32.416507 </lastmod>
	</url><url>
		<loc> https://geoconnex.us/cuahsi/his/czo_catalina/MtLemmon_Rain </loc>
		<lastmod> 2022-07-14 18:36:32.416521 </lastmod>
	</url><url>
		<loc> https://geoconnex.us/cuahsi/his/czo_catalina/MG_Weir_Rain </loc>
		<lastmod> 2022-07-14 18:36:32.416534 </lastmod>
	</url><url>
		<loc> https://geoconnex.us/cuahsi/his/czo_catalina/MG_Schist_Winter_Rain </loc>
		<lastmod> 2022-07-14 18:36:32.416547 </lastmod>
	</url><url>
		<loc> https://geoconnex.us/cuahsi/his/czo_catalina/MG_S_SEEP </loc>
		<lastmod> 2022-07-14 18:36:32.416561 </lastmod>
	</url></ns0:urlset>