<?xml version='1.0' encoding='utf-8'?>
<ns0:urlset xmlns:ns0="http://www.sitemaps.org/schemas/sitemap/0.9">
<url>
		<loc> https://geoconnex.us/cuahsi/his/UMBCGW/DR5 </loc>
		<lastmod> 2022-11-10 15:17:18.768920 </lastmod>
	</url><url>
		<loc> https://geoconnex.us/cuahsi/his/UMBCGW/DR5.015m </loc>
		<lastmod> 2022-11-10 15:17:18.768948 </lastmod>
	</url><url>
		<loc> https://geoconnex.us/cuahsi/his/UMBCGW/DR5.108m </loc>
		<lastmod> 2022-11-10 15:17:18.768967 </lastmod>
	</url><url>
		<loc> https://geoconnex.us/cuahsi/his/UMBCGW/DR5.190m </loc>
		<lastmod> 2022-11-10 15:17:18.768982 </lastmod>
	</url><url>
		<loc> https://geoconnex.us/cuahsi/his/UMBCGW/DR5.231m </loc>
		<lastmod> 2022-11-10 15:17:18.768997 </lastmod>
	</url><url>
		<loc> https://geoconnex.us/cuahsi/his/UMBCGW/DR5.382m </loc>
		<lastmod> 2022-11-10 15:17:18.769011 </lastmod>
	</url><url>
		<loc> https://geoconnex.us/cuahsi/his/UMBCGW/DR5.514m </loc>
		<lastmod> 2022-11-10 15:17:18.769025 </lastmod>
	</url><url>
		<loc> https://geoconnex.us/cuahsi/his/UMBCGW/DR5.582m </loc>
		<lastmod> 2022-11-10 15:17:18.769039 </lastmod>
	</url><url>
		<loc> https://geoconnex.us/cuahsi/his/UMBCGW/DR5.786m </loc>
		<lastmod> 2022-11-10 15:17:18.769052 </lastmod>
	</url><url>
		<loc> https://geoconnex.us/cuahsi/his/UMBCGW/DR5.893m </loc>
		<lastmod> 2022-11-10 15:17:18.769066 </lastmod>
	</url><url>
		<loc> https://geoconnex.us/cuahsi/his/UMBCGW/DR5.902m </loc>
		<lastmod> 2022-11-10 15:17:18.769080 </lastmod>
	</url><url>
		<loc> https://geoconnex.us/cuahsi/his/UMBCGW/DR2 </loc>
		<lastmod> 2022-11-10 15:17:18.769093 </lastmod>
	</url><url>
		<loc> https://geoconnex.us/cuahsi/his/UMBCGW/DR3 </loc>
		<lastmod> 2022-11-10 15:17:18.769107 </lastmod>
	</url><url>
		<loc> https://geoconnex.us/cuahsi/his/UMBCGW/DR4 </loc>
		<lastmod> 2022-11-10 15:17:18.769121 </lastmod>
	</url><url>
		<loc> https://geoconnex.us/cuahsi/his/UMBCGW/DRKR </loc>
		<lastmod> 2022-11-10 15:17:18.769134 </lastmod>
	</url><url>
		<loc> https://geoconnex.us/cuahsi/his/UMBCGW/DR1 </loc>
		<lastmod> 2022-11-10 15:17:18.769148 </lastmod>
	</url></ns0:urlset>