<?xml version='1.0' encoding='utf-8'?>
<ns0:urlset xmlns:ns0="http://www.sitemaps.org/schemas/sitemap/0.9">
<url>
		<loc> https://geoconnex.us/cuahsi/his/LittleBearRiver/USU-LBR-Mendon </loc>
		<lastmod> 2023-06-24 02:33:54.005073 </lastmod>
	</url><url>
		<loc> https://geoconnex.us/cuahsi/his/LittleBearRiver/USU-LBR-Paradise </loc>
		<lastmod> 2023-06-24 02:33:54.005118 </lastmod>
	</url><url>
		<loc> https://geoconnex.us/cuahsi/his/LittleBearRiver/USU-LBR-ExpFarm </loc>
		<lastmod> 2023-06-24 02:33:54.005146 </lastmod>
	</url><url>
		<loc> https://geoconnex.us/cuahsi/his/LittleBearRiver/USU-LBR-SFLower </loc>
		<lastmod> 2023-06-24 02:33:54.005169 </lastmod>
	</url><url>
		<loc> https://geoconnex.us/cuahsi/his/LittleBearRiver/USU-LBR-EFLower </loc>
		<lastmod> 2023-06-24 02:33:54.005191 </lastmod>
	</url><url>
		<loc> https://geoconnex.us/cuahsi/his/LittleBearRiver/USU-LBR-EFWeather </loc>
		<lastmod> 2023-06-24 02:33:54.005211 </lastmod>
	</url><url>
		<loc> https://geoconnex.us/cuahsi/his/LittleBearRiver/USU-LBR-SFUpper </loc>
		<lastmod> 2023-06-24 02:33:54.005232 </lastmod>
	</url><url>
		<loc> https://geoconnex.us/cuahsi/his/LittleBearRiver/USU-LBR-ParadiseRepeater </loc>
		<lastmod> 2023-06-24 02:33:54.005253 </lastmod>
	</url><url>
		<loc> https://geoconnex.us/cuahsi/his/LittleBearRiver/USU-LBR-EFRepeater </loc>
		<lastmod> 2023-06-24 02:33:54.005273 </lastmod>
	</url><url>
		<loc> https://geoconnex.us/cuahsi/his/LittleBearRiver/USU-LBR-Wellsville </loc>
		<lastmod> 2023-06-24 02:33:54.005293 </lastmod>
	</url><url>
		<loc> https://geoconnex.us/cuahsi/his/LittleBearRiver/USU-LBR-Confluence </loc>
		<lastmod> 2023-06-24 02:33:54.005313 </lastmod>
	</url><url>
		<loc> https://geoconnex.us/cuahsi/his/LittleBearRiver/10105900 </loc>
		<lastmod> 2023-06-24 02:33:54.005333 </lastmod>
	</url><url>
		<loc> https://geoconnex.us/cuahsi/his/LittleBearRiver/USU-LBR-ParadiseWeather </loc>
		<lastmod> 2023-06-24 02:33:54.005353 </lastmod>
	</url><url>
		<loc> https://geoconnex.us/cuahsi/his/LittleBearRiver/USU-LBR-SFWeather </loc>
		<lastmod> 2023-06-24 02:33:54.005373 </lastmod>
	</url><url>
		<loc> https://geoconnex.us/cuahsi/his/LittleBearRiver/USU-LBR-WVBase </loc>
		<lastmod> 2023-06-24 02:33:54.005392 </lastmod>
	</url><url>
		<loc> https://geoconnex.us/cuahsi/his/LittleBearRiver/USU-LBR-MCBase </loc>
		<lastmod> 2023-06-24 02:33:54.005412 </lastmod>
	</url></ns0:urlset>