<?xml version='1.0' encoding='utf-8'?>
<ns0:urlset xmlns:ns0="http://www.sitemaps.org/schemas/sitemap/0.9">
<url>
		<loc> https://geoconnex.us/SELFIE/usgs/huc/huc12obs/070900020601 </loc>
		<lastmod> 2023-06-24 02:47:20.087794 </lastmod>
	</url><url>
		<loc> https://geoconnex.us/SELFIE/usgs/hucboundary/huc12obs/070900020601 </loc>
		<lastmod> 2023-06-24 02:47:20.087857 </lastmod>
	</url><url>
		<loc> https://geoconnex.us/SELFIE/usgs/hydrometricnetwork/huc12obs/070900020601 </loc>
		<lastmod> 2023-06-24 02:47:20.087889 </lastmod>
	</url><url>
		<loc> https://geoconnex.us/SELFIE/usgs/nhdplusflowline/huc12obs/070900020601 </loc>
		<lastmod> 2023-06-24 02:47:20.087917 </lastmod>
	</url><url>
		<loc> https://geoconnex.us/SELFIE/usgs/nwissite/huc12obs/USGS-05427880 </loc>
		<lastmod> 2023-06-24 02:47:20.087942 </lastmod>
	</url><url>
		<loc> https://geoconnex.us/SELFIE/usgs/wqp/huc12obs/WIDNR_WQX-10001227 </loc>
		<lastmod> 2023-06-24 02:47:20.087965 </lastmod>
	</url><url>
		<loc> https://geoconnex.us/SELFIE/usgs/wqp/huc12obs/WIDNR_WQX-10001222 </loc>
		<lastmod> 2023-06-24 02:47:20.087992 </lastmod>
	</url><url>
		<loc> https://geoconnex.us/SELFIE/usgs/wqp/huc12obs/WIDNR_WQX-134002 </loc>
		<lastmod> 2023-06-24 02:47:20.088019 </lastmod>
	</url><url>
		<loc> https://geoconnex.us/SELFIE/usgs/wqp/huc12obs/USGS-431208089314901 </loc>
		<lastmod> 2023-06-24 02:47:20.088063 </lastmod>
	</url><url>
		<loc> https://geoconnex.us/SELFIE/usgs/wqp/huc12obs/USGS-431212089314801 </loc>
		<lastmod> 2023-06-24 02:47:20.088087 </lastmod>
	</url><url>
		<loc> https://geoconnex.us/SELFIE/usgs/wqp/huc12obs/USGS-431212089314802 </loc>
		<lastmod> 2023-06-24 02:47:20.088109 </lastmod>
	</url><url>
		<loc> https://geoconnex.us/SELFIE/usgs/wqp/huc12obs/USGS-431250089282902 </loc>
		<lastmod> 2023-06-24 02:47:20.088145 </lastmod>
	</url><url>
		<loc> https://geoconnex.us/SELFIE/usgs/wqp/huc12obs/USGS-431250089282901 </loc>
		<lastmod> 2023-06-24 02:47:20.088166 </lastmod>
	</url><url>
		<loc> https://geoconnex.us/SELFIE/usgs/wqp/huc12obs/USGS-05427880 </loc>
		<lastmod> 2023-06-24 02:47:20.088186 </lastmod>
	</url><url>
		<loc> https://geoconnex.us/SELFIE/usgs/wqp/huc12obs/WIDNR_WQX-10017024 </loc>
		<lastmod> 2023-06-24 02:47:20.088214 </lastmod>
	</url><url>
		<loc> https://geoconnex.us/SELFIE/usgs/wqp/huc12obs/WIDNR_WQX-10001221 </loc>
		<lastmod> 2023-06-24 02:47:20.088236 </lastmod>
	</url><url>
		<loc> https://geoconnex.us/SELFIE/usgs/wqp/huc12obs/WIDNR_WQX-10016974 </loc>
		<lastmod> 2023-06-24 02:47:20.088257 </lastmod>
	</url><url>
		<loc> https://geoconnex.us/SELFIE/usgs/wqp/huc12obs/WIDNR_WQX-10043697 </loc>
		<lastmod> 2023-06-24 02:47:20.088277 </lastmod>
	</url><url>
		<loc> https://geoconnex.us/SELFIE/usgs/wqp/huc12obs/WIDNR_WQX-10001223 </loc>
		<lastmod> 2023-06-24 02:47:20.088298 </lastmod>
	</url></ns0:urlset>