<?xml version='1.0' encoding='utf-8'?>
<ns0:urlset xmlns:ns0="http://www.sitemaps.org/schemas/sitemap/0.9">
<url>
		<loc> https://geoconnex.us/SELFIE/usgs/huc/huc12obs/070900020601 </loc>
		<lastmod> 2022-05-19 03:13:06.143808 </lastmod>
	</url><url>
		<loc> https://geoconnex.us/SELFIE/usgs/hucboundary/huc12obs/070900020601 </loc>
		<lastmod> 2022-05-19 03:13:06.143838 </lastmod>
	</url><url>
		<loc> https://geoconnex.us/SELFIE/usgs/hydrometricnetwork/huc12obs/070900020601 </loc>
		<lastmod> 2022-05-19 03:13:06.143856 </lastmod>
	</url><url>
		<loc> https://geoconnex.us/SELFIE/usgs/nhdplusflowline/huc12obs/070900020601 </loc>
		<lastmod> 2022-05-19 03:13:06.143872 </lastmod>
	</url><url>
		<loc> https://geoconnex.us/SELFIE/usgs/nwissite/huc12obs/USGS-05427880 </loc>
		<lastmod> 2022-05-19 03:13:06.143887 </lastmod>
	</url><url>
		<loc> https://geoconnex.us/SELFIE/usgs/wqp/huc12obs/WIDNR_WQX-10001227 </loc>
		<lastmod> 2022-05-19 03:13:06.143902 </lastmod>
	</url><url>
		<loc> https://geoconnex.us/SELFIE/usgs/wqp/huc12obs/WIDNR_WQX-10001222 </loc>
		<lastmod> 2022-05-19 03:13:06.143917 </lastmod>
	</url><url>
		<loc> https://geoconnex.us/SELFIE/usgs/wqp/huc12obs/WIDNR_WQX-134002 </loc>
		<lastmod> 2022-05-19 03:13:06.143930 </lastmod>
	</url><url>
		<loc> https://geoconnex.us/SELFIE/usgs/wqp/huc12obs/USGS-431208089314901 </loc>
		<lastmod> 2022-05-19 03:13:06.143944 </lastmod>
	</url><url>
		<loc> https://geoconnex.us/SELFIE/usgs/wqp/huc12obs/USGS-431212089314801 </loc>
		<lastmod> 2022-05-19 03:13:06.143958 </lastmod>
	</url><url>
		<loc> https://geoconnex.us/SELFIE/usgs/wqp/huc12obs/USGS-431212089314802 </loc>
		<lastmod> 2022-05-19 03:13:06.143971 </lastmod>
	</url><url>
		<loc> https://geoconnex.us/SELFIE/usgs/wqp/huc12obs/USGS-431250089282902 </loc>
		<lastmod> 2022-05-19 03:13:06.143985 </lastmod>
	</url><url>
		<loc> https://geoconnex.us/SELFIE/usgs/wqp/huc12obs/USGS-431250089282901 </loc>
		<lastmod> 2022-05-19 03:13:06.143999 </lastmod>
	</url><url>
		<loc> https://geoconnex.us/SELFIE/usgs/wqp/huc12obs/USGS-05427880 </loc>
		<lastmod> 2022-05-19 03:13:06.144013 </lastmod>
	</url><url>
		<loc> https://geoconnex.us/SELFIE/usgs/wqp/huc12obs/WIDNR_WQX-10017024 </loc>
		<lastmod> 2022-05-19 03:13:06.144026 </lastmod>
	</url><url>
		<loc> https://geoconnex.us/SELFIE/usgs/wqp/huc12obs/WIDNR_WQX-10001221 </loc>
		<lastmod> 2022-05-19 03:13:06.144040 </lastmod>
	</url><url>
		<loc> https://geoconnex.us/SELFIE/usgs/wqp/huc12obs/WIDNR_WQX-10016974 </loc>
		<lastmod> 2022-05-19 03:13:06.144054 </lastmod>
	</url><url>
		<loc> https://geoconnex.us/SELFIE/usgs/wqp/huc12obs/WIDNR_WQX-10043697 </loc>
		<lastmod> 2022-05-19 03:13:06.144067 </lastmod>
	</url><url>
		<loc> https://geoconnex.us/SELFIE/usgs/wqp/huc12obs/WIDNR_WQX-10001223 </loc>
		<lastmod> 2022-05-19 03:13:06.144081 </lastmod>
	</url></ns0:urlset>