<?xml version='1.0' encoding='utf-8'?>
<ns0:urlset xmlns:ns0="http://www.sitemaps.org/schemas/sitemap/0.9">
<url>
		<loc> https://geoconnex.us/SELFIE/usgs/huc/huc12obs/070900020601 </loc>
		<lastmod> 2023-05-03 17:16:28.031509 </lastmod>
	</url><url>
		<loc> https://geoconnex.us/SELFIE/usgs/hucboundary/huc12obs/070900020601 </loc>
		<lastmod> 2023-05-03 17:16:28.031553 </lastmod>
	</url><url>
		<loc> https://geoconnex.us/SELFIE/usgs/hydrometricnetwork/huc12obs/070900020601 </loc>
		<lastmod> 2023-05-03 17:16:28.031575 </lastmod>
	</url><url>
		<loc> https://geoconnex.us/SELFIE/usgs/nhdplusflowline/huc12obs/070900020601 </loc>
		<lastmod> 2023-05-03 17:16:28.031593 </lastmod>
	</url><url>
		<loc> https://geoconnex.us/SELFIE/usgs/nwissite/huc12obs/USGS-05427880 </loc>
		<lastmod> 2023-05-03 17:16:28.031609 </lastmod>
	</url><url>
		<loc> https://geoconnex.us/SELFIE/usgs/wqp/huc12obs/WIDNR_WQX-10001227 </loc>
		<lastmod> 2023-05-03 17:16:28.031625 </lastmod>
	</url><url>
		<loc> https://geoconnex.us/SELFIE/usgs/wqp/huc12obs/WIDNR_WQX-10001222 </loc>
		<lastmod> 2023-05-03 17:16:28.031641 </lastmod>
	</url><url>
		<loc> https://geoconnex.us/SELFIE/usgs/wqp/huc12obs/WIDNR_WQX-134002 </loc>
		<lastmod> 2023-05-03 17:16:28.031657 </lastmod>
	</url><url>
		<loc> https://geoconnex.us/SELFIE/usgs/wqp/huc12obs/USGS-431208089314901 </loc>
		<lastmod> 2023-05-03 17:16:28.031689 </lastmod>
	</url><url>
		<loc> https://geoconnex.us/SELFIE/usgs/wqp/huc12obs/USGS-431212089314801 </loc>
		<lastmod> 2023-05-03 17:16:28.031706 </lastmod>
	</url><url>
		<loc> https://geoconnex.us/SELFIE/usgs/wqp/huc12obs/USGS-431212089314802 </loc>
		<lastmod> 2023-05-03 17:16:28.031722 </lastmod>
	</url><url>
		<loc> https://geoconnex.us/SELFIE/usgs/wqp/huc12obs/USGS-431250089282902 </loc>
		<lastmod> 2023-05-03 17:16:28.031738 </lastmod>
	</url><url>
		<loc> https://geoconnex.us/SELFIE/usgs/wqp/huc12obs/USGS-431250089282901 </loc>
		<lastmod> 2023-05-03 17:16:28.031753 </lastmod>
	</url><url>
		<loc> https://geoconnex.us/SELFIE/usgs/wqp/huc12obs/USGS-05427880 </loc>
		<lastmod> 2023-05-03 17:16:28.031769 </lastmod>
	</url><url>
		<loc> https://geoconnex.us/SELFIE/usgs/wqp/huc12obs/WIDNR_WQX-10017024 </loc>
		<lastmod> 2023-05-03 17:16:28.031785 </lastmod>
	</url><url>
		<loc> https://geoconnex.us/SELFIE/usgs/wqp/huc12obs/WIDNR_WQX-10001221 </loc>
		<lastmod> 2023-05-03 17:16:28.031800 </lastmod>
	</url><url>
		<loc> https://geoconnex.us/SELFIE/usgs/wqp/huc12obs/WIDNR_WQX-10016974 </loc>
		<lastmod> 2023-05-03 17:16:28.031816 </lastmod>
	</url><url>
		<loc> https://geoconnex.us/SELFIE/usgs/wqp/huc12obs/WIDNR_WQX-10043697 </loc>
		<lastmod> 2023-05-03 17:16:28.031832 </lastmod>
	</url><url>
		<loc> https://geoconnex.us/SELFIE/usgs/wqp/huc12obs/WIDNR_WQX-10001223 </loc>
		<lastmod> 2023-05-03 17:16:28.031847 </lastmod>
	</url></ns0:urlset>