<?xml version='1.0' encoding='utf-8'?>
<ns0:urlset xmlns:ns0="http://www.sitemaps.org/schemas/sitemap/0.9">
<url>
		<loc> https://geoconnex.us/ref/sec_hydrg_reg/S53 </loc>
		<lastmod> 2022-11-10 14:31:58.285043 </lastmod>
	</url><url>
		<loc> https://geoconnex.us/ref/sec_hydrg_reg/S50 </loc>
		<lastmod> 2022-11-10 14:31:58.285077 </lastmod>
	</url><url>
		<loc> https://geoconnex.us/ref/sec_hydrg_reg/S38 </loc>
		<lastmod> 2022-11-10 14:31:58.285096 </lastmod>
	</url><url>
		<loc> https://geoconnex.us/ref/sec_hydrg_reg/S13 </loc>
		<lastmod> 2022-11-10 14:31:58.285111 </lastmod>
	</url><url>
		<loc> https://geoconnex.us/ref/sec_hydrg_reg/S28 </loc>
		<lastmod> 2022-11-10 14:31:58.285127 </lastmod>
	</url><url>
		<loc> https://geoconnex.us/ref/sec_hydrg_reg/S27 </loc>
		<lastmod> 2022-11-10 14:31:58.285143 </lastmod>
	</url><url>
		<loc> https://geoconnex.us/ref/sec_hydrg_reg/S12 </loc>
		<lastmod> 2022-11-10 14:31:58.285157 </lastmod>
	</url><url>
		<loc> https://geoconnex.us/ref/sec_hydrg_reg/S47 </loc>
		<lastmod> 2022-11-10 14:31:58.285170 </lastmod>
	</url><url>
		<loc> https://geoconnex.us/ref/sec_hydrg_reg/S61 </loc>
		<lastmod> 2022-11-10 14:31:58.285183 </lastmod>
	</url><url>
		<loc> https://geoconnex.us/ref/sec_hydrg_reg/S59 </loc>
		<lastmod> 2022-11-10 14:31:58.285195 </lastmod>
	</url><url>
		<loc> https://geoconnex.us/ref/sec_hydrg_reg/S58 </loc>
		<lastmod> 2022-11-10 14:31:58.285208 </lastmod>
	</url><url>
		<loc> https://geoconnex.us/ref/sec_hydrg_reg/S08 </loc>
		<lastmod> 2022-11-10 14:31:58.285220 </lastmod>
	</url><url>
		<loc> https://geoconnex.us/ref/sec_hydrg_reg/S32 </loc>
		<lastmod> 2022-11-10 14:31:58.285232 </lastmod>
	</url><url>
		<loc> https://geoconnex.us/ref/sec_hydrg_reg/S45 </loc>
		<lastmod> 2022-11-10 14:31:58.285244 </lastmod>
	</url><url>
		<loc> https://geoconnex.us/ref/sec_hydrg_reg/S69 </loc>
		<lastmod> 2022-11-10 14:31:58.285257 </lastmod>
	</url><url>
		<loc> https://geoconnex.us/ref/sec_hydrg_reg/S68 </loc>
		<lastmod> 2022-11-10 14:31:58.285268 </lastmod>
	</url><url>
		<loc> https://geoconnex.us/ref/sec_hydrg_reg/S29 </loc>
		<lastmod> 2022-11-10 14:31:58.285280 </lastmod>
	</url><url>
		<loc> https://geoconnex.us/ref/sec_hydrg_reg/S14 </loc>
		<lastmod> 2022-11-10 14:31:58.285293 </lastmod>
	</url><url>
		<loc> https://geoconnex.us/ref/sec_hydrg_reg/S66 </loc>
		<lastmod> 2022-11-10 14:31:58.285305 </lastmod>
	</url><url>
		<loc> https://geoconnex.us/ref/sec_hydrg_reg/S56 </loc>
		<lastmod> 2022-11-10 14:31:58.285317 </lastmod>
	</url><url>
		<loc> https://geoconnex.us/ref/sec_hydrg_reg/S57 </loc>
		<lastmod> 2022-11-10 14:31:58.285329 </lastmod>
	</url><url>
		<loc> https://geoconnex.us/ref/sec_hydrg_reg/S52 </loc>
		<lastmod> 2022-11-10 14:31:58.285340 </lastmod>
	</url><url>
		<loc> https://geoconnex.us/ref/sec_hydrg_reg/S34 </loc>
		<lastmod> 2022-11-10 14:31:58.285352 </lastmod>
	</url><url>
		<loc> https://geoconnex.us/ref/sec_hydrg_reg/S33 </loc>
		<lastmod> 2022-11-10 14:31:58.285364 </lastmod>
	</url><url>
		<loc> https://geoconnex.us/ref/sec_hydrg_reg/S07 </loc>
		<lastmod> 2022-11-10 14:31:58.285376 </lastmod>
	</url><url>
		<loc> https://geoconnex.us/ref/sec_hydrg_reg/S44 </loc>
		<lastmod> 2022-11-10 14:31:58.285389 </lastmod>
	</url><url>
		<loc> https://geoconnex.us/ref/sec_hydrg_reg/S05 </loc>
		<lastmod> 2022-11-10 14:31:58.285401 </lastmod>
	</url><url>
		<loc> https://geoconnex.us/ref/sec_hydrg_reg/S65 </loc>
		<lastmod> 2022-11-10 14:31:58.285413 </lastmod>
	</url><url>
		<loc> https://geoconnex.us/ref/sec_hydrg_reg/S22 </loc>
		<lastmod> 2022-11-10 14:31:58.285424 </lastmod>
	</url><url>
		<loc> https://geoconnex.us/ref/sec_hydrg_reg/S23 </loc>
		<lastmod> 2022-11-10 14:31:58.285437 </lastmod>
	</url><url>
		<loc> https://geoconnex.us/ref/sec_hydrg_reg/S21 </loc>
		<lastmod> 2022-11-10 14:31:58.285450 </lastmod>
	</url><url>
		<loc> https://geoconnex.us/ref/sec_hydrg_reg/S06 </loc>
		<lastmod> 2022-11-10 14:31:58.285463 </lastmod>
	</url><url>
		<loc> https://geoconnex.us/ref/sec_hydrg_reg/S54 </loc>
		<lastmod> 2022-11-10 14:31:58.285475 </lastmod>
	</url><url>
		<loc> https://geoconnex.us/ref/sec_hydrg_reg/S60 </loc>
		<lastmod> 2022-11-10 14:31:58.285487 </lastmod>
	</url><url>
		<loc> https://geoconnex.us/ref/sec_hydrg_reg/S49 </loc>
		<lastmod> 2022-11-10 14:31:58.285499 </lastmod>
	</url><url>
		<loc> https://geoconnex.us/ref/sec_hydrg_reg/S48 </loc>
		<lastmod> 2022-11-10 14:31:58.285511 </lastmod>
	</url><url>
		<loc> https://geoconnex.us/ref/sec_hydrg_reg/S55 </loc>
		<lastmod> 2022-11-10 14:31:58.285523 </lastmod>
	</url><url>
		<loc> https://geoconnex.us/ref/sec_hydrg_reg/S04 </loc>
		<lastmod> 2022-11-10 14:31:58.285535 </lastmod>
	</url><url>
		<loc> https://geoconnex.us/ref/sec_hydrg_reg/S20 </loc>
		<lastmod> 2022-11-10 14:31:58.285547 </lastmod>
	</url><url>
		<loc> https://geoconnex.us/ref/sec_hydrg_reg/S18 </loc>
		<lastmod> 2022-11-10 14:31:58.285559 </lastmod>
	</url><url>
		<loc> https://geoconnex.us/ref/sec_hydrg_reg/S19 </loc>
		<lastmod> 2022-11-10 14:31:58.285571 </lastmod>
	</url><url>
		<loc> https://geoconnex.us/ref/sec_hydrg_reg/S17 </loc>
		<lastmod> 2022-11-10 14:31:58.285582 </lastmod>
	</url><url>
		<loc> https://geoconnex.us/ref/sec_hydrg_reg/S35 </loc>
		<lastmod> 2022-11-10 14:31:58.285594 </lastmod>
	</url><url>
		<loc> https://geoconnex.us/ref/sec_hydrg_reg/S63 </loc>
		<lastmod> 2022-11-10 14:31:58.285606 </lastmod>
	</url><url>
		<loc> https://geoconnex.us/ref/sec_hydrg_reg/S51 </loc>
		<lastmod> 2022-11-10 14:31:58.285617 </lastmod>
	</url><url>
		<loc> https://geoconnex.us/ref/sec_hydrg_reg/S37 </loc>
		<lastmod> 2022-11-10 14:31:58.285629 </lastmod>
	</url><url>
		<loc> https://geoconnex.us/ref/sec_hydrg_reg/S36 </loc>
		<lastmod> 2022-11-10 14:31:58.285641 </lastmod>
	</url><url>
		<loc> https://geoconnex.us/ref/sec_hydrg_reg/S11 </loc>
		<lastmod> 2022-11-10 14:31:58.285653 </lastmod>
	</url><url>
		<loc> https://geoconnex.us/ref/sec_hydrg_reg/S31 </loc>
		<lastmod> 2022-11-10 14:31:58.285665 </lastmod>
	</url><url>
		<loc> https://geoconnex.us/ref/sec_hydrg_reg/S16 </loc>
		<lastmod> 2022-11-10 14:31:58.285676 </lastmod>
	</url><url>
		<loc> https://geoconnex.us/ref/sec_hydrg_reg/S10 </loc>
		<lastmod> 2022-11-10 14:31:58.285688 </lastmod>
	</url><url>
		<loc> https://geoconnex.us/ref/sec_hydrg_reg/S67 </loc>
		<lastmod> 2022-11-10 14:31:58.285700 </lastmod>
	</url><url>
		<loc> https://geoconnex.us/ref/sec_hydrg_reg/S09 </loc>
		<lastmod> 2022-11-10 14:31:58.285712 </lastmod>
	</url><url>
		<loc> https://geoconnex.us/ref/sec_hydrg_reg/S25 </loc>
		<lastmod> 2022-11-10 14:31:58.285723 </lastmod>
	</url><url>
		<loc> https://geoconnex.us/ref/sec_hydrg_reg/S26 </loc>
		<lastmod> 2022-11-10 14:31:58.285735 </lastmod>
	</url><url>
		<loc> https://geoconnex.us/ref/sec_hydrg_reg/S24 </loc>
		<lastmod> 2022-11-10 14:31:58.285747 </lastmod>
	</url><url>
		<loc> https://geoconnex.us/ref/sec_hydrg_reg/S40 </loc>
		<lastmod> 2022-11-10 14:31:58.285759 </lastmod>
	</url><url>
		<loc> https://geoconnex.us/ref/sec_hydrg_reg/S64 </loc>
		<lastmod> 2022-11-10 14:31:58.285771 </lastmod>
	</url><url>
		<loc> https://geoconnex.us/ref/sec_hydrg_reg/S41 </loc>
		<lastmod> 2022-11-10 14:31:58.285783 </lastmod>
	</url><url>
		<loc> https://geoconnex.us/ref/sec_hydrg_reg/S39 </loc>
		<lastmod> 2022-11-10 14:31:58.285796 </lastmod>
	</url><url>
		<loc> https://geoconnex.us/ref/sec_hydrg_reg/S46 </loc>
		<lastmod> 2022-11-10 14:31:58.285808 </lastmod>
	</url><url>
		<loc> https://geoconnex.us/ref/sec_hydrg_reg/S30 </loc>
		<lastmod> 2022-11-10 14:31:58.285820 </lastmod>
	</url><url>
		<loc> https://geoconnex.us/ref/sec_hydrg_reg/S01 </loc>
		<lastmod> 2022-11-10 14:31:58.285832 </lastmod>
	</url><url>
		<loc> https://geoconnex.us/ref/sec_hydrg_reg/S02 </loc>
		<lastmod> 2022-11-10 14:31:58.285844 </lastmod>
	</url><url>
		<loc> https://geoconnex.us/ref/sec_hydrg_reg/S43 </loc>
		<lastmod> 2022-11-10 14:31:58.285856 </lastmod>
	</url><url>
		<loc> https://geoconnex.us/ref/sec_hydrg_reg/S42 </loc>
		<lastmod> 2022-11-10 14:31:58.285869 </lastmod>
	</url><url>
		<loc> https://geoconnex.us/ref/sec_hydrg_reg/S15 </loc>
		<lastmod> 2022-11-10 14:31:58.285880 </lastmod>
	</url><url>
		<loc> https://geoconnex.us/ref/sec_hydrg_reg/S62 </loc>
		<lastmod> 2022-11-10 14:31:58.285892 </lastmod>
	</url></ns0:urlset>