<?xml version='1.0' encoding='utf-8'?>
<ns0:urlset xmlns:ns0="http://www.sitemaps.org/schemas/sitemap/0.9">
<url>
		<loc> https://geoconnex.us/ref/states/12 </loc>
		<lastmod> 2022-02-25 15:47:03.655869 </lastmod>
	</url><url>
		<loc> https://geoconnex.us/ref/states/78 </loc>
		<lastmod> 2022-02-25 15:47:03.655936 </lastmod>
	</url><url>
		<loc> https://geoconnex.us/ref/states/30 </loc>
		<lastmod> 2022-02-25 15:47:03.655963 </lastmod>
	</url><url>
		<loc> https://geoconnex.us/ref/states/27 </loc>
		<lastmod> 2022-02-25 15:47:03.655983 </lastmod>
	</url><url>
		<loc> https://geoconnex.us/ref/states/24 </loc>
		<lastmod> 2022-02-25 15:47:03.656003 </lastmod>
	</url><url>
		<loc> https://geoconnex.us/ref/states/45 </loc>
		<lastmod> 2022-02-25 15:47:03.656021 </lastmod>
	</url><url>
		<loc> https://geoconnex.us/ref/states/23 </loc>
		<lastmod> 2022-02-25 15:47:03.656041 </lastmod>
	</url><url>
		<loc> https://geoconnex.us/ref/states/15 </loc>
		<lastmod> 2022-02-25 15:47:03.656061 </lastmod>
	</url><url>
		<loc> https://geoconnex.us/ref/states/11 </loc>
		<lastmod> 2022-02-25 15:47:03.656080 </lastmod>
	</url><url>
		<loc> https://geoconnex.us/ref/states/69 </loc>
		<lastmod> 2022-02-25 15:47:03.656097 </lastmod>
	</url><url>
		<loc> https://geoconnex.us/ref/states/44 </loc>
		<lastmod> 2022-02-25 15:47:03.656114 </lastmod>
	</url><url>
		<loc> https://geoconnex.us/ref/states/31 </loc>
		<lastmod> 2022-02-25 15:47:03.656132 </lastmod>
	</url><url>
		<loc> https://geoconnex.us/ref/states/53 </loc>
		<lastmod> 2022-02-25 15:47:03.656149 </lastmod>
	</url><url>
		<loc> https://geoconnex.us/ref/states/35 </loc>
		<lastmod> 2022-02-25 15:47:03.656167 </lastmod>
	</url><url>
		<loc> https://geoconnex.us/ref/states/72 </loc>
		<lastmod> 2022-02-25 15:47:03.656184 </lastmod>
	</url><url>
		<loc> https://geoconnex.us/ref/states/46 </loc>
		<lastmod> 2022-02-25 15:47:03.656202 </lastmod>
	</url><url>
		<loc> https://geoconnex.us/ref/states/48 </loc>
		<lastmod> 2022-02-25 15:47:03.656219 </lastmod>
	</url><url>
		<loc> https://geoconnex.us/ref/states/06 </loc>
		<lastmod> 2022-02-25 15:47:03.656237 </lastmod>
	</url><url>
		<loc> https://geoconnex.us/ref/states/01 </loc>
		<lastmod> 2022-02-25 15:47:03.656255 </lastmod>
	</url><url>
		<loc> https://geoconnex.us/ref/states/13 </loc>
		<lastmod> 2022-02-25 15:47:03.656272 </lastmod>
	</url><url>
		<loc> https://geoconnex.us/ref/states/05 </loc>
		<lastmod> 2022-02-25 15:47:03.656290 </lastmod>
	</url><url>
		<loc> https://geoconnex.us/ref/states/42 </loc>
		<lastmod> 2022-02-25 15:47:03.656307 </lastmod>
	</url><url>
		<loc> https://geoconnex.us/ref/states/29 </loc>
		<lastmod> 2022-02-25 15:47:03.656325 </lastmod>
	</url><url>
		<loc> https://geoconnex.us/ref/states/49 </loc>
		<lastmod> 2022-02-25 15:47:03.656342 </lastmod>
	</url><url>
		<loc> https://geoconnex.us/ref/states/40 </loc>
		<lastmod> 2022-02-25 15:47:03.656360 </lastmod>
	</url><url>
		<loc> https://geoconnex.us/ref/states/47 </loc>
		<lastmod> 2022-02-25 15:47:03.656377 </lastmod>
	</url><url>
		<loc> https://geoconnex.us/ref/states/56 </loc>
		<lastmod> 2022-02-25 15:47:03.656395 </lastmod>
	</url><url>
		<loc> https://geoconnex.us/ref/states/18 </loc>
		<lastmod> 2022-02-25 15:47:03.656413 </lastmod>
	</url><url>
		<loc> https://geoconnex.us/ref/states/20 </loc>
		<lastmod> 2022-02-25 15:47:03.656430 </lastmod>
	</url><url>
		<loc> https://geoconnex.us/ref/states/16 </loc>
		<lastmod> 2022-02-25 15:47:03.656447 </lastmod>
	</url><url>
		<loc> https://geoconnex.us/ref/states/02 </loc>
		<lastmod> 2022-02-25 15:47:03.656464 </lastmod>
	</url><url>
		<loc> https://geoconnex.us/ref/states/32 </loc>
		<lastmod> 2022-02-25 15:47:03.656482 </lastmod>
	</url><url>
		<loc> https://geoconnex.us/ref/states/17 </loc>
		<lastmod> 2022-02-25 15:47:03.656499 </lastmod>
	</url><url>
		<loc> https://geoconnex.us/ref/states/50 </loc>
		<lastmod> 2022-02-25 15:47:03.656517 </lastmod>
	</url><url>
		<loc> https://geoconnex.us/ref/states/09 </loc>
		<lastmod> 2022-02-25 15:47:03.656534 </lastmod>
	</url><url>
		<loc> https://geoconnex.us/ref/states/34 </loc>
		<lastmod> 2022-02-25 15:47:03.656551 </lastmod>
	</url><url>
		<loc> https://geoconnex.us/ref/states/38 </loc>
		<lastmod> 2022-02-25 15:47:03.656568 </lastmod>
	</url><url>
		<loc> https://geoconnex.us/ref/states/19 </loc>
		<lastmod> 2022-02-25 15:47:03.656586 </lastmod>
	</url><url>
		<loc> https://geoconnex.us/ref/states/33 </loc>
		<lastmod> 2022-02-25 15:47:03.656603 </lastmod>
	</url><url>
		<loc> https://geoconnex.us/ref/states/04 </loc>
		<lastmod> 2022-02-25 15:47:03.656620 </lastmod>
	</url><url>
		<loc> https://geoconnex.us/ref/states/10 </loc>
		<lastmod> 2022-02-25 15:47:03.656638 </lastmod>
	</url><url>
		<loc> https://geoconnex.us/ref/states/66 </loc>
		<lastmod> 2022-02-25 15:47:03.656655 </lastmod>
	</url><url>
		<loc> https://geoconnex.us/ref/states/60 </loc>
		<lastmod> 2022-02-25 15:47:03.656674 </lastmod>
	</url><url>
		<loc> https://geoconnex.us/ref/states/21 </loc>
		<lastmod> 2022-02-25 15:47:03.656692 </lastmod>
	</url><url>
		<loc> https://geoconnex.us/ref/states/39 </loc>
		<lastmod> 2022-02-25 15:47:03.656710 </lastmod>
	</url><url>
		<loc> https://geoconnex.us/ref/states/55 </loc>
		<lastmod> 2022-02-25 15:47:03.656727 </lastmod>
	</url><url>
		<loc> https://geoconnex.us/ref/states/41 </loc>
		<lastmod> 2022-02-25 15:47:03.656745 </lastmod>
	</url><url>
		<loc> https://geoconnex.us/ref/states/28 </loc>
		<lastmod> 2022-02-25 15:47:03.656762 </lastmod>
	</url><url>
		<loc> https://geoconnex.us/ref/states/08 </loc>
		<lastmod> 2022-02-25 15:47:03.656779 </lastmod>
	</url><url>
		<loc> https://geoconnex.us/ref/states/37 </loc>
		<lastmod> 2022-02-25 15:47:03.656797 </lastmod>
	</url><url>
		<loc> https://geoconnex.us/ref/states/51 </loc>
		<lastmod> 2022-02-25 15:47:03.656815 </lastmod>
	</url><url>
		<loc> https://geoconnex.us/ref/states/54 </loc>
		<lastmod> 2022-02-25 15:47:03.656832 </lastmod>
	</url><url>
		<loc> https://geoconnex.us/ref/states/22 </loc>
		<lastmod> 2022-02-25 15:47:03.656850 </lastmod>
	</url><url>
		<loc> https://geoconnex.us/ref/states/36 </loc>
		<lastmod> 2022-02-25 15:47:03.656867 </lastmod>
	</url><url>
		<loc> https://geoconnex.us/ref/states/26 </loc>
		<lastmod> 2022-02-25 15:47:03.656884 </lastmod>
	</url><url>
		<loc> https://geoconnex.us/ref/states/25 </loc>
		<lastmod> 2022-02-25 15:47:03.656901 </lastmod>
	</url></ns0:urlset>