<ns0:urlset xmlns:ns0="http://www.sitemaps.org/schemas/sitemap/0.9">
<url>
		<loc> https://geoconnex.us/ref/hu06/043100 </loc>
		<lastmod> 2021-11-03 14:04:17.146340 </lastmod>
	</url><url>
		<loc> https://geoconnex.us/ref/hu06/031502 </loc>
		<lastmod> 2021-11-03 14:04:17.146389 </lastmod>
	</url><url>
		<loc> https://geoconnex.us/ref/hu06/031401 </loc>
		<lastmod> 2021-11-03 14:04:17.146432 </lastmod>
	</url><url>
		<loc> https://geoconnex.us/ref/hu06/031501 </loc>
		<lastmod> 2021-11-03 14:04:17.146453 </lastmod>
	</url><url>
		<loc> https://geoconnex.us/ref/hu06/031601 </loc>
		<lastmod> 2021-11-03 14:04:17.146472 </lastmod>
	</url><url>
		<loc> https://geoconnex.us/ref/hu06/031602 </loc>
		<lastmod> 2021-11-03 14:04:17.146491 </lastmod>
	</url><url>
		<loc> https://geoconnex.us/ref/hu06/060300 </loc>
		<lastmod> 2021-11-03 14:04:17.146511 </lastmod>
	</url><url>
		<loc> https://geoconnex.us/ref/hu06/080201 </loc>
		<lastmod> 2021-11-03 14:04:17.146529 </lastmod>
	</url><url>
		<loc> https://geoconnex.us/ref/hu06/080203 </loc>
		<lastmod> 2021-11-03 14:04:17.146548 </lastmod>
	</url><url>
		<loc> https://geoconnex.us/ref/hu06/080204 </loc>
		<lastmod> 2021-11-03 14:04:17.146566 </lastmod>
	</url><url>
		<loc> https://geoconnex.us/ref/hu06/080401 </loc>
		<lastmod> 2021-11-03 14:04:17.146584 </lastmod>
	</url><url>
		<loc> https://geoconnex.us/ref/hu06/111102 </loc>
		<lastmod> 2021-11-03 14:04:17.146602 </lastmod>
	</url><url>
		<loc> https://geoconnex.us/ref/hu06/080202 </loc>
		<lastmod> 2021-11-03 14:04:17.146620 </lastmod>
	</url><url>
		<loc> https://geoconnex.us/ref/hu06/110100 </loc>
		<lastmod> 2021-11-03 14:04:17.146639 </lastmod>
	</url><url>
		<loc> https://geoconnex.us/ref/hu06/080101 </loc>
		<lastmod> 2021-11-03 14:04:17.146656 </lastmod>
	</url><url>
		<loc> https://geoconnex.us/ref/hu06/220300 </loc>
		<lastmod> 2021-11-03 14:04:17.146674 </lastmod>
	</url><url>
		<loc> https://geoconnex.us/ref/hu06/150302 </loc>
		<lastmod> 2021-11-03 14:04:17.146692 </lastmod>
	</url><url>
		<loc> https://geoconnex.us/ref/hu06/150501 </loc>
		<lastmod> 2021-11-03 14:04:17.146727 </lastmod>
	</url><url>
		<loc> https://geoconnex.us/ref/hu06/150503 </loc>
		<lastmod> 2021-11-03 14:04:17.146745 </lastmod>
	</url><url>
		<loc> https://geoconnex.us/ref/hu06/150601 </loc>
		<lastmod> 2021-11-03 14:04:17.146763 </lastmod>
	</url><url>
		<loc> https://geoconnex.us/ref/hu06/150602 </loc>
		<lastmod> 2021-11-03 14:04:17.146780 </lastmod>
	</url><url>
		<loc> https://geoconnex.us/ref/hu06/150701 </loc>
		<lastmod> 2021-11-03 14:04:17.146798 </lastmod>
	</url><url>
		<loc> https://geoconnex.us/ref/hu06/150702 </loc>
		<lastmod> 2021-11-03 14:04:17.146815 </lastmod>
	</url><url>
		<loc> https://geoconnex.us/ref/hu06/150502 </loc>
		<lastmod> 2021-11-03 14:04:17.146832 </lastmod>
	</url><url>
		<loc> https://geoconnex.us/ref/hu06/150801 </loc>
		<lastmod> 2021-11-03 14:04:17.146850 </lastmod>
	</url><url>
		<loc> https://geoconnex.us/ref/hu06/150802 </loc>
		<lastmod> 2021-11-03 14:04:17.146867 </lastmod>
	</url><url>
		<loc> https://geoconnex.us/ref/hu06/150301 </loc>
		<lastmod> 2021-11-03 14:04:17.146885 </lastmod>
	</url><url>
		<loc> https://geoconnex.us/ref/hu06/150200 </loc>
		<lastmod> 2021-11-03 14:04:17.146902 </lastmod>
	</url><url>
		<loc> https://geoconnex.us/ref/hu06/140802 </loc>
		<lastmod> 2021-11-03 14:04:17.146919 </lastmod>
	</url><url>
		<loc> https://geoconnex.us/ref/hu06/150100 </loc>
		<lastmod> 2021-11-03 14:04:17.146937 </lastmod>
	</url><url>
		<loc> https://geoconnex.us/ref/hu06/140700 </loc>
		<lastmod> 2021-11-03 14:04:17.146954 </lastmod>
	</url><url>
		<loc> https://geoconnex.us/ref/hu06/180101 </loc>
		<lastmod> 2021-11-03 14:04:17.146972 </lastmod>
	</url><url>
		<loc> https://geoconnex.us/ref/hu06/180200 </loc>
		<lastmod> 2021-11-03 14:04:17.146989 </lastmod>
	</url><url>
		<loc> https://geoconnex.us/ref/hu06/180201 </loc>
		<lastmod> 2021-11-03 14:04:17.147006 </lastmod>
	</url><url>
		<loc> https://geoconnex.us/ref/hu06/180300 </loc>
		<lastmod> 2021-11-03 14:04:17.147024 </lastmod>
	</url><url>
		<loc> https://geoconnex.us/ref/hu06/180400 </loc>
		<lastmod> 2021-11-03 14:04:17.147042 </lastmod>
	</url><url>
		<loc> https://geoconnex.us/ref/hu06/180500 </loc>
		<lastmod> 2021-11-03 14:04:17.147060 </lastmod>
	</url><url>
		<loc> https://geoconnex.us/ref/hu06/180600 </loc>
		<lastmod> 2021-11-03 14:04:17.147077 </lastmod>
	</url><url>
		<loc> https://geoconnex.us/ref/hu06/180701 </loc>
		<lastmod> 2021-11-03 14:04:17.147095 </lastmod>
	</url><url>
		<loc> https://geoconnex.us/ref/hu06/180702 </loc>
		<lastmod> 2021-11-03 14:04:17.147112 </lastmod>
	</url><url>
		<loc> https://geoconnex.us/ref/hu06/180703 </loc>
		<lastmod> 2021-11-03 14:04:17.147130 </lastmod>
	</url><url>
		<loc> https://geoconnex.us/ref/hu06/180901 </loc>
		<lastmod> 2021-11-03 14:04:17.147147 </lastmod>
	</url><url>
		<loc> https://geoconnex.us/ref/hu06/180902 </loc>
		<lastmod> 2021-11-03 14:04:17.147165 </lastmod>
	</url><url>
		<loc> https://geoconnex.us/ref/hu06/181001 </loc>
		<lastmod> 2021-11-03 14:04:17.147182 </lastmod>
	</url><url>
		<loc> https://geoconnex.us/ref/hu06/181002 </loc>
		<lastmod> 2021-11-03 14:04:17.147200 </lastmod>
	</url><url>
		<loc> https://geoconnex.us/ref/hu06/160501 </loc>
		<lastmod> 2021-11-03 14:04:17.147217 </lastmod>
	</url><url>
		<loc> https://geoconnex.us/ref/hu06/160502 </loc>
		<lastmod> 2021-11-03 14:04:17.147253 </lastmod>
	</url><url>
		<loc> https://geoconnex.us/ref/hu06/160600 </loc>
		<lastmod> 2021-11-03 14:04:17.147271 </lastmod>
	</url><url>
		<loc> https://geoconnex.us/ref/hu06/180800 </loc>
		<lastmod> 2021-11-03 14:04:17.147312 </lastmod>
	</url><url>
		<loc> https://geoconnex.us/ref/hu06/180102 </loc>
		<lastmod> 2021-11-03 14:04:17.147331 </lastmod>
	</url><url>
		<loc> https://geoconnex.us/ref/hu06/010100 </loc>
		<lastmod> 2021-11-03 14:04:17.147349 </lastmod>
	</url><url>
		<loc> https://geoconnex.us/ref/hu06/042400 </loc>
		<lastmod> 2021-11-03 14:04:17.147368 </lastmod>
	</url><url>
		<loc> https://geoconnex.us/ref/hu06/042600 </loc>
		<lastmod> 2021-11-03 14:04:17.147387 </lastmod>
	</url><url>
		<loc> https://geoconnex.us/ref/hu06/110200 </loc>
		<lastmod> 2021-11-03 14:04:17.147405 </lastmod>
	</url><url>
		<loc> https://geoconnex.us/ref/hu06/140100 </loc>
		<lastmod> 2021-11-03 14:04:17.147423 </lastmod>
	</url><url>
		<loc> https://geoconnex.us/ref/hu06/140200 </loc>
		<lastmod> 2021-11-03 14:04:17.147442 </lastmod>
	</url><url>
		<loc> https://geoconnex.us/ref/hu06/102500 </loc>
		<lastmod> 2021-11-03 14:04:17.147460 </lastmod>
	</url><url>
		<loc> https://geoconnex.us/ref/hu06/101900 </loc>
		<lastmod> 2021-11-03 14:04:17.147479 </lastmod>
	</url><url>
		<loc> https://geoconnex.us/ref/hu06/101800 </loc>
		<lastmod> 2021-11-03 14:04:17.147497 </lastmod>
	</url><url>
		<loc> https://geoconnex.us/ref/hu06/140300 </loc>
		<lastmod> 2021-11-03 14:04:17.147516 </lastmod>
	</url><url>
		<loc> https://geoconnex.us/ref/hu06/140401 </loc>
		<lastmod> 2021-11-03 14:04:17.147535 </lastmod>
	</url><url>
		<loc> https://geoconnex.us/ref/hu06/140500 </loc>
		<lastmod> 2021-11-03 14:04:17.147608 </lastmod>
	</url><url>
		<loc> https://geoconnex.us/ref/hu06/010802 </loc>
		<lastmod> 2021-11-03 14:04:17.147628 </lastmod>
	</url><url>
		<loc> https://geoconnex.us/ref/hu06/011000 </loc>
		<lastmod> 2021-11-03 14:04:17.147648 </lastmod>
	</url><url>
		<loc> https://geoconnex.us/ref/hu06/020402 </loc>
		<lastmod> 2021-11-03 14:04:17.147666 </lastmod>
	</url><url>
		<loc> https://geoconnex.us/ref/hu06/030801 </loc>
		<lastmod> 2021-11-03 14:04:17.147685 </lastmod>
	</url><url>
		<loc> https://geoconnex.us/ref/hu06/030802 </loc>
		<lastmod> 2021-11-03 14:04:17.147704 </lastmod>
	</url><url>
		<loc> https://geoconnex.us/ref/hu06/030901 </loc>
		<lastmod> 2021-11-03 14:04:17.147723 </lastmod>
	</url><url>
		<loc> https://geoconnex.us/ref/hu06/030902 </loc>
		<lastmod> 2021-11-03 14:04:17.147742 </lastmod>
	</url><url>
		<loc> https://geoconnex.us/ref/hu06/031001 </loc>
		<lastmod> 2021-11-03 14:04:17.147777 </lastmod>
	</url><url>
		<loc> https://geoconnex.us/ref/hu06/031002 </loc>
		<lastmod> 2021-11-03 14:04:17.147795 </lastmod>
	</url><url>
		<loc> https://geoconnex.us/ref/hu06/031101 </loc>
		<lastmod> 2021-11-03 14:04:17.147813 </lastmod>
	</url><url>
		<loc> https://geoconnex.us/ref/hu06/031402 </loc>
		<lastmod> 2021-11-03 14:04:17.147832 </lastmod>
	</url><url>
		<loc> https://geoconnex.us/ref/hu06/031403 </loc>
		<lastmod> 2021-11-03 14:04:17.147867 </lastmod>
	</url><url>
		<loc> https://geoconnex.us/ref/hu06/030702 </loc>
		<lastmod> 2021-11-03 14:04:17.147902 </lastmod>
	</url><url>
		<loc> https://geoconnex.us/ref/hu06/031102 </loc>
		<lastmod> 2021-11-03 14:04:17.147920 </lastmod>
	</url><url>
		<loc> https://geoconnex.us/ref/hu06/031200 </loc>
		<lastmod> 2021-11-03 14:04:17.147938 </lastmod>
	</url><url>
		<loc> https://geoconnex.us/ref/hu06/031300 </loc>
		<lastmod> 2021-11-03 14:04:17.147955 </lastmod>
	</url><url>
		<loc> https://geoconnex.us/ref/hu06/030602 </loc>
		<lastmod> 2021-11-03 14:04:17.147974 </lastmod>
	</url><url>
		<loc> https://geoconnex.us/ref/hu06/030701 </loc>
		<lastmod> 2021-11-03 14:04:17.147992 </lastmod>
	</url><url>
		<loc> https://geoconnex.us/ref/hu06/060200 </loc>
		<lastmod> 2021-11-03 14:04:17.148010 </lastmod>
	</url><url>
		<loc> https://geoconnex.us/ref/hu06/220100 </loc>
		<lastmod> 2021-11-03 14:04:17.148027 </lastmod>
	</url><url>
		<loc> https://geoconnex.us/ref/hu06/200100 </loc>
		<lastmod> 2021-11-03 14:04:17.148045 </lastmod>
	</url><url>
		<loc> https://geoconnex.us/ref/hu06/200200 </loc>
		<lastmod> 2021-11-03 14:04:17.148062 </lastmod>
	</url><url>
		<loc> https://geoconnex.us/ref/hu06/200300 </loc>
		<lastmod> 2021-11-03 14:04:17.148080 </lastmod>
	</url><url>
		<loc> https://geoconnex.us/ref/hu06/200400 </loc>
		<lastmod> 2021-11-03 14:04:17.148098 </lastmod>
	</url><url>
		<loc> https://geoconnex.us/ref/hu06/200500 </loc>
		<lastmod> 2021-11-03 14:04:17.148115 </lastmod>
	</url><url>
		<loc> https://geoconnex.us/ref/hu06/200600 </loc>
		<lastmod> 2021-11-03 14:04:17.148133 </lastmod>
	</url><url>
		<loc> https://geoconnex.us/ref/hu06/200700 </loc>
		<lastmod> 2021-11-03 14:04:17.148151 </lastmod>
	</url><url>
		<loc> https://geoconnex.us/ref/hu06/200800 </loc>
		<lastmod> 2021-11-03 14:04:17.148170 </lastmod>
	</url><url>
		<loc> https://geoconnex.us/ref/hu06/070600 </loc>
		<lastmod> 2021-11-03 14:04:17.148188 </lastmod>
	</url><url>
		<loc> https://geoconnex.us/ref/hu06/070802 </loc>
		<lastmod> 2021-11-03 14:04:17.148206 </lastmod>
	</url><url>
		<loc> https://geoconnex.us/ref/hu06/071000 </loc>
		<lastmod> 2021-11-03 14:04:17.148223 </lastmod>
	</url><url>
		<loc> https://geoconnex.us/ref/hu06/101702 </loc>
		<lastmod> 2021-11-03 14:04:17.148241 </lastmod>
	</url><url>
		<loc> https://geoconnex.us/ref/hu06/102300 </loc>
		<lastmod> 2021-11-03 14:04:17.148258 </lastmod>
	</url><url>
		<loc> https://geoconnex.us/ref/hu06/071300 </loc>
		<lastmod> 2021-11-03 14:04:17.148276 </lastmod>
	</url><url>
		<loc> https://geoconnex.us/ref/hu06/071402 </loc>
		<lastmod> 2021-11-03 14:04:17.148294 </lastmod>
	</url><url>
		<loc> https://geoconnex.us/ref/hu06/070801 </loc>
		<lastmod> 2021-11-03 14:04:17.148311 </lastmod>
	</url><url>
		<loc> https://geoconnex.us/ref/hu06/071200 </loc>
		<lastmod> 2021-11-03 14:04:17.148329 </lastmod>
	</url><url>
		<loc> https://geoconnex.us/ref/hu06/051201 </loc>
		<lastmod> 2021-11-03 14:04:17.148346 </lastmod>
	</url><url>
		<loc> https://geoconnex.us/ref/hu06/071100 </loc>
		<lastmod> 2021-11-03 14:04:17.148364 </lastmod>
	</url><url>
		<loc> https://geoconnex.us/ref/hu06/071401 </loc>
		<lastmod> 2021-11-03 14:04:17.148381 </lastmod>
	</url><url>
		<loc> https://geoconnex.us/ref/hu06/070900 </loc>
		<lastmod> 2021-11-03 14:04:17.148399 </lastmod>
	</url><url>
		<loc> https://geoconnex.us/ref/hu06/041900 </loc>
		<lastmod> 2021-11-03 14:04:17.148416 </lastmod>
	</url><url>
		<loc> https://geoconnex.us/ref/hu06/051202 </loc>
		<lastmod> 2021-11-03 14:04:17.148434 </lastmod>
	</url><url>
		<loc> https://geoconnex.us/ref/hu06/040500 </loc>
		<lastmod> 2021-11-03 14:04:17.148452 </lastmod>
	</url><url>
		<loc> https://geoconnex.us/ref/hu06/102701 </loc>
		<lastmod> 2021-11-03 14:04:17.148469 </lastmod>
	</url><url>
		<loc> https://geoconnex.us/ref/hu06/110300 </loc>
		<lastmod> 2021-11-03 14:04:17.148487 </lastmod>
	</url><url>
		<loc> https://geoconnex.us/ref/hu06/102600 </loc>
		<lastmod> 2021-11-03 14:04:17.148505 </lastmod>
	</url><url>
		<loc> https://geoconnex.us/ref/hu06/102702 </loc>
		<lastmod> 2021-11-03 14:04:17.148522 </lastmod>
	</url><url>
		<loc> https://geoconnex.us/ref/hu06/051001 </loc>
		<lastmod> 2021-11-03 14:04:17.148540 </lastmod>
	</url><url>
		<loc> https://geoconnex.us/ref/hu06/051002 </loc>
		<lastmod> 2021-11-03 14:04:17.148557 </lastmod>
	</url><url>
		<loc> https://geoconnex.us/ref/hu06/051100 </loc>
		<lastmod> 2021-11-03 14:04:17.148575 </lastmod>
	</url><url>
		<loc> https://geoconnex.us/ref/hu06/051402 </loc>
		<lastmod> 2021-11-03 14:04:17.148592 </lastmod>
	</url><url>
		<loc> https://geoconnex.us/ref/hu06/051401 </loc>
		<lastmod> 2021-11-03 14:04:17.148610 </lastmod>
	</url><url>
		<loc> https://geoconnex.us/ref/hu06/050902 </loc>
		<lastmod> 2021-11-03 14:04:17.148627 </lastmod>
	</url><url>
		<loc> https://geoconnex.us/ref/hu06/080403 </loc>
		<lastmod> 2021-11-03 14:04:17.148644 </lastmod>
	</url><url>
		<loc> https://geoconnex.us/ref/hu06/080500 </loc>
		<lastmod> 2021-11-03 14:04:17.148661 </lastmod>
	</url><url>
		<loc> https://geoconnex.us/ref/hu06/080701 </loc>
		<lastmod> 2021-11-03 14:04:17.148679 </lastmod>
	</url><url>
		<loc> https://geoconnex.us/ref/hu06/080702 </loc>
		<lastmod> 2021-11-03 14:04:17.148696 </lastmod>
	</url><url>
		<loc> https://geoconnex.us/ref/hu06/080703 </loc>
		<lastmod> 2021-11-03 14:04:17.148713 </lastmod>
	</url><url>
		<loc> https://geoconnex.us/ref/hu06/080801 </loc>
		<lastmod> 2021-11-03 14:04:17.148734 </lastmod>
	</url><url>
		<loc> https://geoconnex.us/ref/hu06/080802 </loc>
		<lastmod> 2021-11-03 14:04:17.148753 </lastmod>
	</url><url>
		<loc> https://geoconnex.us/ref/hu06/080901 </loc>
		<lastmod> 2021-11-03 14:04:17.148771 </lastmod>
	</url><url>
		<loc> https://geoconnex.us/ref/hu06/080902 </loc>
		<lastmod> 2021-11-03 14:04:17.148788 </lastmod>
	</url><url>
		<loc> https://geoconnex.us/ref/hu06/080903 </loc>
		<lastmod> 2021-11-03 14:04:17.148805 </lastmod>
	</url><url>
		<loc> https://geoconnex.us/ref/hu06/080402 </loc>
		<lastmod> 2021-11-03 14:04:17.148822 </lastmod>
	</url><url>
		<loc> https://geoconnex.us/ref/hu06/111402 </loc>
		<lastmod> 2021-11-03 14:04:17.148840 </lastmod>
	</url><url>
		<loc> https://geoconnex.us/ref/hu06/080302 </loc>
		<lastmod> 2021-11-03 14:04:17.148911 </lastmod>
	</url><url>
		<loc> https://geoconnex.us/ref/hu06/080601 </loc>
		<lastmod> 2021-11-03 14:04:17.148932 </lastmod>
	</url><url>
		<loc> https://geoconnex.us/ref/hu06/080301 </loc>
		<lastmod> 2021-11-03 14:04:17.148949 </lastmod>
	</url><url>
		<loc> https://geoconnex.us/ref/hu06/010700 </loc>
		<lastmod> 2021-11-03 14:04:17.148967 </lastmod>
	</url><url>
		<loc> https://geoconnex.us/ref/hu06/020600 </loc>
		<lastmod> 2021-11-03 14:04:17.148985 </lastmod>
	</url><url>
		<loc> https://geoconnex.us/ref/hu06/020700 </loc>
		<lastmod> 2021-11-03 14:04:17.149003 </lastmod>
	</url><url>
		<loc> https://geoconnex.us/ref/hu06/010200 </loc>
		<lastmod> 2021-11-03 14:04:17.149020 </lastmod>
	</url><url>
		<loc> https://geoconnex.us/ref/hu06/010500 </loc>
		<lastmod> 2021-11-03 14:04:17.149037 </lastmod>
	</url><url>
		<loc> https://geoconnex.us/ref/hu06/010300 </loc>
		<lastmod> 2021-11-03 14:04:17.149055 </lastmod>
	</url><url>
		<loc> https://geoconnex.us/ref/hu06/010400 </loc>
		<lastmod> 2021-11-03 14:04:17.149072 </lastmod>
	</url><url>
		<loc> https://geoconnex.us/ref/hu06/040201 </loc>
		<lastmod> 2021-11-03 14:04:17.149089 </lastmod>
	</url><url>
		<loc> https://geoconnex.us/ref/hu06/040202 </loc>
		<lastmod> 2021-11-03 14:04:17.149107 </lastmod>
	</url><url>
		<loc> https://geoconnex.us/ref/hu06/040601 </loc>
		<lastmod> 2021-11-03 14:04:17.149124 </lastmod>
	</url><url>
		<loc> https://geoconnex.us/ref/hu06/040700 </loc>
		<lastmod> 2021-11-03 14:04:17.149142 </lastmod>
	</url><url>
		<loc> https://geoconnex.us/ref/hu06/040801 </loc>
		<lastmod> 2021-11-03 14:04:17.149159 </lastmod>
	</url><url>
		<loc> https://geoconnex.us/ref/hu06/040802 </loc>
		<lastmod> 2021-11-03 14:04:17.149176 </lastmod>
	</url><url>
		<loc> https://geoconnex.us/ref/hu06/040900 </loc>
		<lastmod> 2021-11-03 14:04:17.149193 </lastmod>
	</url><url>
		<loc> https://geoconnex.us/ref/hu06/041800 </loc>
		<lastmod> 2021-11-03 14:04:17.149210 </lastmod>
	</url><url>
		<loc> https://geoconnex.us/ref/hu06/040101 </loc>
		<lastmod> 2021-11-03 14:04:17.149229 </lastmod>
	</url><url>
		<loc> https://geoconnex.us/ref/hu06/040102 </loc>
		<lastmod> 2021-11-03 14:04:17.149246 </lastmod>
	</url><url>
		<loc> https://geoconnex.us/ref/hu06/070101 </loc>
		<lastmod> 2021-11-03 14:04:17.149264 </lastmod>
	</url><url>
		<loc> https://geoconnex.us/ref/hu06/090300 </loc>
		<lastmod> 2021-11-03 14:04:17.149283 </lastmod>
	</url><url>
		<loc> https://geoconnex.us/ref/hu06/090203 </loc>
		<lastmod> 2021-11-03 14:04:17.149301 </lastmod>
	</url><url>
		<loc> https://geoconnex.us/ref/hu06/070200 </loc>
		<lastmod> 2021-11-03 14:04:17.149318 </lastmod>
	</url><url>
		<loc> https://geoconnex.us/ref/hu06/090201 </loc>
		<lastmod> 2021-11-03 14:04:17.149336 </lastmod>
	</url><url>
		<loc> https://geoconnex.us/ref/hu06/070400 </loc>
		<lastmod> 2021-11-03 14:04:17.149354 </lastmod>
	</url><url>
		<loc> https://geoconnex.us/ref/hu06/102802 </loc>
		<lastmod> 2021-11-03 14:04:17.149371 </lastmod>
	</url><url>
		<loc> https://geoconnex.us/ref/hu06/102902 </loc>
		<lastmod> 2021-11-03 14:04:17.149389 </lastmod>
	</url><url>
		<loc> https://geoconnex.us/ref/hu06/103002 </loc>
		<lastmod> 2021-11-03 14:04:17.149406 </lastmod>
	</url><url>
		<loc> https://geoconnex.us/ref/hu06/102801 </loc>
		<lastmod> 2021-11-03 14:04:17.149423 </lastmod>
	</url><url>
		<loc> https://geoconnex.us/ref/hu06/102901 </loc>
		<lastmod> 2021-11-03 14:04:17.149441 </lastmod>
	</url><url>
		<loc> https://geoconnex.us/ref/hu06/103001 </loc>
		<lastmod> 2021-11-03 14:04:17.149459 </lastmod>
	</url><url>
		<loc> https://geoconnex.us/ref/hu06/102400 </loc>
		<lastmod> 2021-11-03 14:04:17.149477 </lastmod>
	</url><url>
		<loc> https://geoconnex.us/ref/hu06/080602 </loc>
		<lastmod> 2021-11-03 14:04:17.149494 </lastmod>
	</url><url>
		<loc> https://geoconnex.us/ref/hu06/031700 </loc>
		<lastmod> 2021-11-03 14:04:17.149512 </lastmod>
	</url><url>
		<loc> https://geoconnex.us/ref/hu06/031800 </loc>
		<lastmod> 2021-11-03 14:04:17.149530 </lastmod>
	</url><url>
		<loc> https://geoconnex.us/ref/hu06/090400 </loc>
		<lastmod> 2021-11-03 14:04:17.149547 </lastmod>
	</url><url>
		<loc> https://geoconnex.us/ref/hu06/100200 </loc>
		<lastmod> 2021-11-03 14:04:17.149565 </lastmod>
	</url><url>
		<loc> https://geoconnex.us/ref/hu06/100301 </loc>
		<lastmod> 2021-11-03 14:04:17.149582 </lastmod>
	</url><url>
		<loc> https://geoconnex.us/ref/hu06/100302 </loc>
		<lastmod> 2021-11-03 14:04:17.149599 </lastmod>
	</url><url>
		<loc> https://geoconnex.us/ref/hu06/100401 </loc>
		<lastmod> 2021-11-03 14:04:17.149617 </lastmod>
	</url><url>
		<loc> https://geoconnex.us/ref/hu06/100402 </loc>
		<lastmod> 2021-11-03 14:04:17.149634 </lastmod>
	</url><url>
		<loc> https://geoconnex.us/ref/hu06/100500 </loc>
		<lastmod> 2021-11-03 14:04:17.149651 </lastmod>
	</url><url>
		<loc> https://geoconnex.us/ref/hu06/101000 </loc>
		<lastmod> 2021-11-03 14:04:17.149668 </lastmod>
	</url><url>
		<loc> https://geoconnex.us/ref/hu06/100600 </loc>
		<lastmod> 2021-11-03 14:04:17.149686 </lastmod>
	</url><url>
		<loc> https://geoconnex.us/ref/hu06/101102 </loc>
		<lastmod> 2021-11-03 14:04:17.149703 </lastmod>
	</url><url>
		<loc> https://geoconnex.us/ref/hu06/030201 </loc>
		<lastmod> 2021-11-03 14:04:17.149721 </lastmod>
	</url><url>
		<loc> https://geoconnex.us/ref/hu06/030202 </loc>
		<lastmod> 2021-11-03 14:04:17.149738 </lastmod>
	</url><url>
		<loc> https://geoconnex.us/ref/hu06/030203 </loc>
		<lastmod> 2021-11-03 14:04:17.149756 </lastmod>
	</url><url>
		<loc> https://geoconnex.us/ref/hu06/030300 </loc>
		<lastmod> 2021-11-03 14:04:17.149773 </lastmod>
	</url><url>
		<loc> https://geoconnex.us/ref/hu06/030401 </loc>
		<lastmod> 2021-11-03 14:04:17.149791 </lastmod>
	</url><url>
		<loc> https://geoconnex.us/ref/hu06/060102 </loc>
		<lastmod> 2021-11-03 14:04:17.149808 </lastmod>
	</url><url>
		<loc> https://geoconnex.us/ref/hu06/060101 </loc>
		<lastmod> 2021-11-03 14:04:17.149826 </lastmod>
	</url><url>
		<loc> https://geoconnex.us/ref/hu06/030101 </loc>
		<lastmod> 2021-11-03 14:04:17.149843 </lastmod>
	</url><url>
		<loc> https://geoconnex.us/ref/hu06/030102 </loc>
		<lastmod> 2021-11-03 14:04:17.149860 </lastmod>
	</url><url>
		<loc> https://geoconnex.us/ref/hu06/050500 </loc>
		<lastmod> 2021-11-03 14:04:17.149877 </lastmod>
	</url><url>
		<loc> https://geoconnex.us/ref/hu06/090202 </loc>
		<lastmod> 2021-11-03 14:04:17.149895 </lastmod>
	</url><url>
		<loc> https://geoconnex.us/ref/hu06/101101 </loc>
		<lastmod> 2021-11-03 14:04:17.149912 </lastmod>
	</url><url>
		<loc> https://geoconnex.us/ref/hu06/090100 </loc>
		<lastmod> 2021-11-03 14:04:17.149929 </lastmod>
	</url><url>
		<loc> https://geoconnex.us/ref/hu06/101302 </loc>
		<lastmod> 2021-11-03 14:04:17.149946 </lastmod>
	</url><url>
		<loc> https://geoconnex.us/ref/hu06/101500 </loc>
		<lastmod> 2021-11-03 14:04:17.149963 </lastmod>
	</url><url>
		<loc> https://geoconnex.us/ref/hu06/102001 </loc>
		<lastmod> 2021-11-03 14:04:17.149980 </lastmod>
	</url><url>
		<loc> https://geoconnex.us/ref/hu06/102002 </loc>
		<lastmod> 2021-11-03 14:04:17.149997 </lastmod>
	</url><url>
		<loc> https://geoconnex.us/ref/hu06/102100 </loc>
		<lastmod> 2021-11-03 14:04:17.150014 </lastmod>
	</url><url>
		<loc> https://geoconnex.us/ref/hu06/102200 </loc>
		<lastmod> 2021-11-03 14:04:17.150031 </lastmod>
	</url><url>
		<loc> https://geoconnex.us/ref/hu06/101701 </loc>
		<lastmod> 2021-11-03 14:04:17.150048 </lastmod>
	</url><url>
		<loc> https://geoconnex.us/ref/hu06/101201 </loc>
		<lastmod> 2021-11-03 14:04:17.150066 </lastmod>
	</url><url>
		<loc> https://geoconnex.us/ref/hu06/010600 </loc>
		<lastmod> 2021-11-03 14:04:17.150083 </lastmod>
	</url><url>
		<loc> https://geoconnex.us/ref/hu06/010801 </loc>
		<lastmod> 2021-11-03 14:04:17.150100 </lastmod>
	</url><url>
		<loc> https://geoconnex.us/ref/hu06/020301 </loc>
		<lastmod> 2021-11-03 14:04:17.150117 </lastmod>
	</url><url>
		<loc> https://geoconnex.us/ref/hu06/020200 </loc>
		<lastmod> 2021-11-03 14:04:17.150133 </lastmod>
	</url><url>
		<loc> https://geoconnex.us/ref/hu06/020401 </loc>
		<lastmod> 2021-11-03 14:04:17.150151 </lastmod>
	</url><url>
		<loc> https://geoconnex.us/ref/hu06/110800 </loc>
		<lastmod> 2021-11-03 14:04:17.150169 </lastmod>
	</url><url>
		<loc> https://geoconnex.us/ref/hu06/130201 </loc>
		<lastmod> 2021-11-03 14:04:17.150186 </lastmod>
	</url><url>
		<loc> https://geoconnex.us/ref/hu06/130202 </loc>
		<lastmod> 2021-11-03 14:04:17.150204 </lastmod>
	</url><url>
		<loc> https://geoconnex.us/ref/hu06/130302 </loc>
		<lastmod> 2021-11-03 14:04:17.150222 </lastmod>
	</url><url>
		<loc> https://geoconnex.us/ref/hu06/130600 </loc>
		<lastmod> 2021-11-03 14:04:17.150240 </lastmod>
	</url><url>
		<loc> https://geoconnex.us/ref/hu06/150400 </loc>
		<lastmod> 2021-11-03 14:04:17.150257 </lastmod>
	</url><url>
		<loc> https://geoconnex.us/ref/hu06/130100 </loc>
		<lastmod> 2021-11-03 14:04:17.150275 </lastmod>
	</url><url>
		<loc> https://geoconnex.us/ref/hu06/140801 </loc>
		<lastmod> 2021-11-03 14:04:17.150293 </lastmod>
	</url><url>
		<loc> https://geoconnex.us/ref/hu06/110400 </loc>
		<lastmod> 2021-11-03 14:04:17.150310 </lastmod>
	</url><url>
		<loc> https://geoconnex.us/ref/hu06/150803 </loc>
		<lastmod> 2021-11-03 14:04:17.150328 </lastmod>
	</url><url>
		<loc> https://geoconnex.us/ref/hu06/130301 </loc>
		<lastmod> 2021-11-03 14:04:17.150345 </lastmod>
	</url><url>
		<loc> https://geoconnex.us/ref/hu06/160401 </loc>
		<lastmod> 2021-11-03 14:04:17.150363 </lastmod>
	</url><url>
		<loc> https://geoconnex.us/ref/hu06/160402 </loc>
		<lastmod> 2021-11-03 14:04:17.150381 </lastmod>
	</url><url>
		<loc> https://geoconnex.us/ref/hu06/160503 </loc>
		<lastmod> 2021-11-03 14:04:17.150399 </lastmod>
	</url><url>
		<loc> https://geoconnex.us/ref/hu06/041401 </loc>
		<lastmod> 2021-11-03 14:04:17.150435 </lastmod>
	</url><url>
		<loc> https://geoconnex.us/ref/hu06/041402 </loc>
		<lastmod> 2021-11-03 14:04:17.150453 </lastmod>
	</url><url>
		<loc> https://geoconnex.us/ref/hu06/041403 </loc>
		<lastmod> 2021-11-03 14:04:17.150494 </lastmod>
	</url><url>
		<loc> https://geoconnex.us/ref/hu06/042900 </loc>
		<lastmod> 2021-11-03 14:04:17.150512 </lastmod>
	</url><url>
		<loc> https://geoconnex.us/ref/hu06/020302 </loc>
		<lastmod> 2021-11-03 14:04:17.150531 </lastmod>
	</url><url>
		<loc> https://geoconnex.us/ref/hu06/043001 </loc>
		<lastmod> 2021-11-03 14:04:17.150549 </lastmod>
	</url><url>
		<loc> https://geoconnex.us/ref/hu06/041100 </loc>
		<lastmod> 2021-11-03 14:04:17.150567 </lastmod>
	</url><url>
		<loc> https://geoconnex.us/ref/hu06/050400 </loc>
		<lastmod> 2021-11-03 14:04:17.150585 </lastmod>
	</url><url>
		<loc> https://geoconnex.us/ref/hu06/050600 </loc>
		<lastmod> 2021-11-03 14:04:17.150603 </lastmod>
	</url><url>
		<loc> https://geoconnex.us/ref/hu06/050800 </loc>
		<lastmod> 2021-11-03 14:04:17.150621 </lastmod>
	</url><url>
		<loc> https://geoconnex.us/ref/hu06/041000 </loc>
		<lastmod> 2021-11-03 14:04:17.150640 </lastmod>
	</url><url>
		<loc> https://geoconnex.us/ref/hu06/110500 </loc>
		<lastmod> 2021-11-03 14:04:17.150658 </lastmod>
	</url><url>
		<loc> https://geoconnex.us/ref/hu06/110902 </loc>
		<lastmod> 2021-11-03 14:04:17.150676 </lastmod>
	</url><url>
		<loc> https://geoconnex.us/ref/hu06/111003 </loc>
		<lastmod> 2021-11-03 14:04:17.150695 </lastmod>
	</url><url>
		<loc> https://geoconnex.us/ref/hu06/111101 </loc>
		<lastmod> 2021-11-03 14:04:17.150713 </lastmod>
	</url><url>
		<loc> https://geoconnex.us/ref/hu06/111303 </loc>
		<lastmod> 2021-11-03 14:04:17.150732 </lastmod>
	</url><url>
		<loc> https://geoconnex.us/ref/hu06/110702 </loc>
		<lastmod> 2021-11-03 14:04:17.150751 </lastmod>
	</url><url>
		<loc> https://geoconnex.us/ref/hu06/110600 </loc>
		<lastmod> 2021-11-03 14:04:17.150769 </lastmod>
	</url><url>
		<loc> https://geoconnex.us/ref/hu06/110701 </loc>
		<lastmod> 2021-11-03 14:04:17.150788 </lastmod>
	</url><url>
		<loc> https://geoconnex.us/ref/hu06/111202 </loc>
		<lastmod> 2021-11-03 14:04:17.150806 </lastmod>
	</url><url>
		<loc> https://geoconnex.us/ref/hu06/111203 </loc>
		<lastmod> 2021-11-03 14:04:17.150825 </lastmod>
	</url><url>
		<loc> https://geoconnex.us/ref/hu06/020502 </loc>
		<lastmod> 2021-11-03 14:04:17.150844 </lastmod>
	</url><url>
		<loc> https://geoconnex.us/ref/hu06/050100 </loc>
		<lastmod> 2021-11-03 14:04:17.150862 </lastmod>
	</url><url>
		<loc> https://geoconnex.us/ref/hu06/020503 </loc>
		<lastmod> 2021-11-03 14:04:17.150881 </lastmod>
	</url><url>
		<loc> https://geoconnex.us/ref/hu06/020501 </loc>
		<lastmod> 2021-11-03 14:04:17.150900 </lastmod>
	</url><url>
		<loc> https://geoconnex.us/ref/hu06/041300 </loc>
		<lastmod> 2021-11-03 14:04:17.150934 </lastmod>
	</url><url>
		<loc> https://geoconnex.us/ref/hu06/050301 </loc>
		<lastmod> 2021-11-03 14:04:17.150952 </lastmod>
	</url><url>
		<loc> https://geoconnex.us/ref/hu06/210200 </loc>
		<lastmod> 2021-11-03 14:04:17.150970 </lastmod>
	</url><url>
		<loc> https://geoconnex.us/ref/hu06/010900 </loc>
		<lastmod> 2021-11-03 14:04:17.150987 </lastmod>
	</url><url>
		<loc> https://geoconnex.us/ref/hu06/030402 </loc>
		<lastmod> 2021-11-03 14:04:17.151022 </lastmod>
	</url><url>
		<loc> https://geoconnex.us/ref/hu06/030502 </loc>
		<lastmod> 2021-11-03 14:04:17.151072 </lastmod>
	</url><url>
		<loc> https://geoconnex.us/ref/hu06/030601 </loc>
		<lastmod> 2021-11-03 14:04:17.151092 </lastmod>
	</url><url>
		<loc> https://geoconnex.us/ref/hu06/030501 </loc>
		<lastmod> 2021-11-03 14:04:17.151110 </lastmod>
	</url><url>
		<loc> https://geoconnex.us/ref/hu06/101303 </loc>
		<lastmod> 2021-11-03 14:04:17.151127 </lastmod>
	</url><url>
		<loc> https://geoconnex.us/ref/hu06/101301 </loc>
		<lastmod> 2021-11-03 14:04:17.151144 </lastmod>
	</url><url>
		<loc> https://geoconnex.us/ref/hu06/101600 </loc>
		<lastmod> 2021-11-03 14:04:17.151161 </lastmod>
	</url><url>
		<loc> https://geoconnex.us/ref/hu06/101401 </loc>
		<lastmod> 2021-11-03 14:04:17.151178 </lastmod>
	</url><url>
		<loc> https://geoconnex.us/ref/hu06/101402 </loc>
		<lastmod> 2021-11-03 14:04:17.151195 </lastmod>
	</url><url>
		<loc> https://geoconnex.us/ref/hu06/101202 </loc>
		<lastmod> 2021-11-03 14:04:17.151212 </lastmod>
	</url><url>
		<loc> https://geoconnex.us/ref/hu06/051302 </loc>
		<lastmod> 2021-11-03 14:04:17.151230 </lastmod>
	</url><url>
		<loc> https://geoconnex.us/ref/hu06/051301 </loc>
		<lastmod> 2021-11-03 14:04:17.151248 </lastmod>
	</url><url>
		<loc> https://geoconnex.us/ref/hu06/060400 </loc>
		<lastmod> 2021-11-03 14:04:17.151265 </lastmod>
	</url><url>
		<loc> https://geoconnex.us/ref/hu06/080102 </loc>
		<lastmod> 2021-11-03 14:04:17.151283 </lastmod>
	</url><url>
		<loc> https://geoconnex.us/ref/hu06/111002 </loc>
		<lastmod> 2021-11-03 14:04:17.151300 </lastmod>
	</url><url>
		<loc> https://geoconnex.us/ref/hu06/120200 </loc>
		<lastmod> 2021-11-03 14:04:17.151318 </lastmod>
	</url><url>
		<loc> https://geoconnex.us/ref/hu06/120301 </loc>
		<lastmod> 2021-11-03 14:04:17.151336 </lastmod>
	</url><url>
		<loc> https://geoconnex.us/ref/hu06/120302 </loc>
		<lastmod> 2021-11-03 14:04:17.151354 </lastmod>
	</url><url>
		<loc> https://geoconnex.us/ref/hu06/120401 </loc>
		<lastmod> 2021-11-03 14:04:17.151371 </lastmod>
	</url><url>
		<loc> https://geoconnex.us/ref/hu06/120402 </loc>
		<lastmod> 2021-11-03 14:04:17.151389 </lastmod>
	</url><url>
		<loc> https://geoconnex.us/ref/hu06/120500 </loc>
		<lastmod> 2021-11-03 14:04:17.151426 </lastmod>
	</url><url>
		<loc> https://geoconnex.us/ref/hu06/120601 </loc>
		<lastmod> 2021-11-03 14:04:17.151444 </lastmod>
	</url><url>
		<loc> https://geoconnex.us/ref/hu06/120602 </loc>
		<lastmod> 2021-11-03 14:04:17.151461 </lastmod>
	</url><url>
		<loc> https://geoconnex.us/ref/hu06/120701 </loc>
		<lastmod> 2021-11-03 14:04:17.151480 </lastmod>
	</url><url>
		<loc> https://geoconnex.us/ref/hu06/120702 </loc>
		<lastmod> 2021-11-03 14:04:17.151497 </lastmod>
	</url><url>
		<loc> https://geoconnex.us/ref/hu06/120800 </loc>
		<lastmod> 2021-11-03 14:04:17.151515 </lastmod>
	</url><url>
		<loc> https://geoconnex.us/ref/hu06/120901 </loc>
		<lastmod> 2021-11-03 14:04:17.151533 </lastmod>
	</url><url>
		<loc> https://geoconnex.us/ref/hu06/120902 </loc>
		<lastmod> 2021-11-03 14:04:17.151583 </lastmod>
	</url><url>
		<loc> https://geoconnex.us/ref/hu06/120903 </loc>
		<lastmod> 2021-11-03 14:04:17.151607 </lastmod>
	</url><url>
		<loc> https://geoconnex.us/ref/hu06/120904 </loc>
		<lastmod> 2021-11-03 14:04:17.151626 </lastmod>
	</url><url>
		<loc> https://geoconnex.us/ref/hu06/121001 </loc>
		<lastmod> 2021-11-03 14:04:17.151644 </lastmod>
	</url><url>
		<loc> https://geoconnex.us/ref/hu06/121002 </loc>
		<lastmod> 2021-11-03 14:04:17.151662 </lastmod>
	</url><url>
		<loc> https://geoconnex.us/ref/hu06/121003 </loc>
		<lastmod> 2021-11-03 14:04:17.151681 </lastmod>
	</url><url>
		<loc> https://geoconnex.us/ref/hu06/121004 </loc>
		<lastmod> 2021-11-03 14:04:17.151699 </lastmod>
	</url><url>
		<loc> https://geoconnex.us/ref/hu06/121101 </loc>
		<lastmod> 2021-11-03 14:04:17.151734 </lastmod>
	</url><url>
		<loc> https://geoconnex.us/ref/hu06/121102 </loc>
		<lastmod> 2021-11-03 14:04:17.151753 </lastmod>
	</url><url>
		<loc> https://geoconnex.us/ref/hu06/130401 </loc>
		<lastmod> 2021-11-03 14:04:17.151771 </lastmod>
	</url><url>
		<loc> https://geoconnex.us/ref/hu06/130402 </loc>
		<lastmod> 2021-11-03 14:04:17.151789 </lastmod>
	</url><url>
		<loc> https://geoconnex.us/ref/hu06/130403 </loc>
		<lastmod> 2021-11-03 14:04:17.151807 </lastmod>
	</url><url>
		<loc> https://geoconnex.us/ref/hu06/130700 </loc>
		<lastmod> 2021-11-03 14:04:17.151825 </lastmod>
	</url><url>
		<loc> https://geoconnex.us/ref/hu06/130800 </loc>
		<lastmod> 2021-11-03 14:04:17.151843 </lastmod>
	</url><url>
		<loc> https://geoconnex.us/ref/hu06/111403 </loc>
		<lastmod> 2021-11-03 14:04:17.151861 </lastmod>
	</url><url>
		<loc> https://geoconnex.us/ref/hu06/120100 </loc>
		<lastmod> 2021-11-03 14:04:17.151880 </lastmod>
	</url><url>
		<loc> https://geoconnex.us/ref/hu06/130900 </loc>
		<lastmod> 2021-11-03 14:04:17.151914 </lastmod>
	</url><url>
		<loc> https://geoconnex.us/ref/hu06/110901 </loc>
		<lastmod> 2021-11-03 14:04:17.151932 </lastmod>
	</url><url>
		<loc> https://geoconnex.us/ref/hu06/111201 </loc>
		<lastmod> 2021-11-03 14:04:17.151949 </lastmod>
	</url><url>
		<loc> https://geoconnex.us/ref/hu06/130500 </loc>
		<lastmod> 2021-11-03 14:04:17.151974 </lastmod>
	</url><url>
		<loc> https://geoconnex.us/ref/hu06/111001 </loc>
		<lastmod> 2021-11-03 14:04:17.151991 </lastmod>
	</url><url>
		<loc> https://geoconnex.us/ref/hu06/111301 </loc>
		<lastmod> 2021-11-03 14:04:17.152009 </lastmod>
	</url><url>
		<loc> https://geoconnex.us/ref/hu06/111302 </loc>
		<lastmod> 2021-11-03 14:04:17.152026 </lastmod>
	</url><url>
		<loc> https://geoconnex.us/ref/hu06/111401 </loc>
		<lastmod> 2021-11-03 14:04:17.152043 </lastmod>
	</url><url>
		<loc> https://geoconnex.us/ref/hu06/140600 </loc>
		<lastmod> 2021-11-03 14:04:17.152060 </lastmod>
	</url><url>
		<loc> https://geoconnex.us/ref/hu06/160201 </loc>
		<lastmod> 2021-11-03 14:04:17.152077 </lastmod>
	</url><url>
		<loc> https://geoconnex.us/ref/hu06/160202 </loc>
		<lastmod> 2021-11-03 14:04:17.152094 </lastmod>
	</url><url>
		<loc> https://geoconnex.us/ref/hu06/160102 </loc>
		<lastmod> 2021-11-03 14:04:17.152112 </lastmod>
	</url><url>
		<loc> https://geoconnex.us/ref/hu06/160101 </loc>
		<lastmod> 2021-11-03 14:04:17.152129 </lastmod>
	</url><url>
		<loc> https://geoconnex.us/ref/hu06/160203 </loc>
		<lastmod> 2021-11-03 14:04:17.152146 </lastmod>
	</url><url>
		<loc> https://geoconnex.us/ref/hu06/160300 </loc>
		<lastmod> 2021-11-03 14:04:17.152163 </lastmod>
	</url><url>
		<loc> https://geoconnex.us/ref/hu06/020802 </loc>
		<lastmod> 2021-11-03 14:04:17.152180 </lastmod>
	</url><url>
		<loc> https://geoconnex.us/ref/hu06/050702 </loc>
		<lastmod> 2021-11-03 14:04:17.152197 </lastmod>
	</url><url>
		<loc> https://geoconnex.us/ref/hu06/020801 </loc>
		<lastmod> 2021-11-03 14:04:17.152214 </lastmod>
	</url><url>
		<loc> https://geoconnex.us/ref/hu06/020403 </loc>
		<lastmod> 2021-11-03 14:04:17.152231 </lastmod>
	</url><url>
		<loc> https://geoconnex.us/ref/hu06/043002 </loc>
		<lastmod> 2021-11-03 14:04:17.152248 </lastmod>
	</url><url>
		<loc> https://geoconnex.us/ref/hu06/040302 </loc>
		<lastmod> 2021-11-03 14:04:17.152265 </lastmod>
	</url><url>
		<loc> https://geoconnex.us/ref/hu06/070500 </loc>
		<lastmod> 2021-11-03 14:04:17.152283 </lastmod>
	</url><url>
		<loc> https://geoconnex.us/ref/hu06/070700 </loc>
		<lastmod> 2021-11-03 14:04:17.152301 </lastmod>
	</url><url>
		<loc> https://geoconnex.us/ref/hu06/040301 </loc>
		<lastmod> 2021-11-03 14:04:17.152319 </lastmod>
	</url><url>
		<loc> https://geoconnex.us/ref/hu06/040103 </loc>
		<lastmod> 2021-11-03 14:04:17.152336 </lastmod>
	</url><url>
		<loc> https://geoconnex.us/ref/hu06/070300 </loc>
		<lastmod> 2021-11-03 14:04:17.152354 </lastmod>
	</url><url>
		<loc> https://geoconnex.us/ref/hu06/050701 </loc>
		<lastmod> 2021-11-03 14:04:17.152390 </lastmod>
	</url><url>
		<loc> https://geoconnex.us/ref/hu06/050901 </loc>
		<lastmod> 2021-11-03 14:04:17.152408 </lastmod>
	</url><url>
		<loc> https://geoconnex.us/ref/hu06/050200 </loc>
		<lastmod> 2021-11-03 14:04:17.152426 </lastmod>
	</url><url>
		<loc> https://geoconnex.us/ref/hu06/050302 </loc>
		<lastmod> 2021-11-03 14:04:17.152444 </lastmod>
	</url><url>
		<loc> https://geoconnex.us/ref/hu06/140402 </loc>
		<lastmod> 2021-11-03 14:04:17.152463 </lastmod>
	</url><url>
		<loc> https://geoconnex.us/ref/hu06/100700 </loc>
		<lastmod> 2021-11-03 14:04:17.152481 </lastmod>
	</url><url>
		<loc> https://geoconnex.us/ref/hu06/100800 </loc>
		<lastmod> 2021-11-03 14:04:17.152507 </lastmod>
	</url><url>
		<loc> https://geoconnex.us/ref/hu06/100901 </loc>
		<lastmod> 2021-11-03 14:04:17.152525 </lastmod>
	</url><url>
		<loc> https://geoconnex.us/ref/hu06/100902 </loc>
		<lastmod> 2021-11-03 14:04:17.152543 </lastmod>
	</url><url>
		<loc> https://geoconnex.us/ref/hu06/040400 </loc>
		<lastmod> 2021-11-03 14:04:17.152561 </lastmod>
	</url><url>
		<loc> https://geoconnex.us/ref/hu06/171003 </loc>
		<lastmod> 2021-11-03 14:04:17.152578 </lastmod>
	</url><url>
		<loc> https://geoconnex.us/ref/hu06/170602 </loc>
		<lastmod> 2021-11-03 14:04:17.152596 </lastmod>
	</url><url>
		<loc> https://geoconnex.us/ref/hu06/170603 </loc>
		<lastmod> 2021-11-03 14:04:17.152614 </lastmod>
	</url><url>
		<loc> https://geoconnex.us/ref/hu06/170402 </loc>
		<lastmod> 2021-11-03 14:04:17.152632 </lastmod>
	</url><url>
		<loc> https://geoconnex.us/ref/hu06/170103 </loc>
		<lastmod> 2021-11-03 14:04:17.152650 </lastmod>
	</url><url>
		<loc> https://geoconnex.us/ref/hu06/170401 </loc>
		<lastmod> 2021-11-03 14:04:17.152668 </lastmod>
	</url><url>
		<loc> https://geoconnex.us/ref/hu06/170101 </loc>
		<lastmod> 2021-11-03 14:04:17.152686 </lastmod>
	</url><url>
		<loc> https://geoconnex.us/ref/hu06/170102 </loc>
		<lastmod> 2021-11-03 14:04:17.152703 </lastmod>
	</url><url>
		<loc> https://geoconnex.us/ref/hu06/170501 </loc>
		<lastmod> 2021-11-03 14:04:17.152737 </lastmod>
	</url><url>
		<loc> https://geoconnex.us/ref/hu06/171200 </loc>
		<lastmod> 2021-11-03 14:04:17.152754 </lastmod>
	</url><url>
		<loc> https://geoconnex.us/ref/hu06/170502 </loc>
		<lastmod> 2021-11-03 14:04:17.152775 </lastmod>
	</url><url>
		<loc> https://geoconnex.us/ref/hu06/170702 </loc>
		<lastmod> 2021-11-03 14:04:17.152793 </lastmod>
	</url><url>
		<loc> https://geoconnex.us/ref/hu06/170703 </loc>
		<lastmod> 2021-11-03 14:04:17.152811 </lastmod>
	</url><url>
		<loc> https://geoconnex.us/ref/hu06/171002 </loc>
		<lastmod> 2021-11-03 14:04:17.152828 </lastmod>
	</url><url>
		<loc> https://geoconnex.us/ref/hu06/170701 </loc>
		<lastmod> 2021-11-03 14:04:17.152846 </lastmod>
	</url><url>
		<loc> https://geoconnex.us/ref/hu06/170800 </loc>
		<lastmod> 2021-11-03 14:04:17.152864 </lastmod>
	</url><url>
		<loc> https://geoconnex.us/ref/hu06/170200 </loc>
		<lastmod> 2021-11-03 14:04:17.152882 </lastmod>
	</url><url>
		<loc> https://geoconnex.us/ref/hu06/170300 </loc>
		<lastmod> 2021-11-03 14:04:17.152900 </lastmod>
	</url><url>
		<loc> https://geoconnex.us/ref/hu06/171001 </loc>
		<lastmod> 2021-11-03 14:04:17.152918 </lastmod>
	</url><url>
		<loc> https://geoconnex.us/ref/hu06/171100 </loc>
		<lastmod> 2021-11-03 14:04:17.152936 </lastmod>
	</url><url>
		<loc> https://geoconnex.us/ref/hu06/042800 </loc>
		<lastmod> 2021-11-03 14:04:17.153036 </lastmod>
	</url><url>
		<loc> https://geoconnex.us/ref/hu06/070102 </loc>
		<lastmod> 2021-11-03 14:04:17.153074 </lastmod>
	</url><url>
		<loc> https://geoconnex.us/ref/hu06/210100 </loc>
		<lastmod> 2021-11-03 14:04:17.153097 </lastmod>
	</url><url>
		<loc> https://geoconnex.us/ref/hu06/170601 </loc>
		<lastmod> 2021-11-03 14:04:17.153119 </lastmod>
	</url><url>
		<loc> https://geoconnex.us/ref/hu06/170900 </loc>
		<lastmod> 2021-11-03 14:04:17.153140 </lastmod>
	</url><url>
		<loc> https://geoconnex.us/ref/hu06/041201 </loc>
		<lastmod> 2021-11-03 14:04:17.153160 </lastmod>
	</url><url>
		<loc> https://geoconnex.us/ref/hu06/190301 </loc>
		<lastmod> 2021-11-03 14:04:17.153181 </lastmod>
	</url><url>
		<loc> https://geoconnex.us/ref/hu06/190101 </loc>
		<lastmod> 2021-11-03 14:04:17.153201 </lastmod>
	</url><url>
		<loc> https://geoconnex.us/ref/hu06/190105 </loc>
		<lastmod> 2021-11-03 14:04:17.153222 </lastmod>
	</url><url>
		<loc> https://geoconnex.us/ref/hu06/190102 </loc>
		<lastmod> 2021-11-03 14:04:17.153242 </lastmod>
	</url><url>
		<loc> https://geoconnex.us/ref/hu06/190207 </loc>
		<lastmod> 2021-11-03 14:04:17.153262 </lastmod>
	</url><url>
		<loc> https://geoconnex.us/ref/hu06/190103 </loc>
		<lastmod> 2021-11-03 14:04:17.153282 </lastmod>
	</url><url>
		<loc> https://geoconnex.us/ref/hu06/190303 </loc>
		<lastmod> 2021-11-03 14:04:17.153302 </lastmod>
	</url><url>
		<loc> https://geoconnex.us/ref/hu06/190302 </loc>
		<lastmod> 2021-11-03 14:04:17.153356 </lastmod>
	</url><url>
		<loc> https://geoconnex.us/ref/hu06/190203 </loc>
		<lastmod> 2021-11-03 14:04:17.153375 </lastmod>
	</url><url>
		<loc> https://geoconnex.us/ref/hu06/190701 </loc>
		<lastmod> 2021-11-03 14:04:17.153393 </lastmod>
	</url><url>
		<loc> https://geoconnex.us/ref/hu06/190208 </loc>
		<lastmod> 2021-11-03 14:04:17.153429 </lastmod>
	</url><url>
		<loc> https://geoconnex.us/ref/hu06/190104 </loc>
		<lastmod> 2021-11-03 14:04:17.153448 </lastmod>
	</url><url>
		<loc> https://geoconnex.us/ref/hu06/190202 </loc>
		<lastmod> 2021-11-03 14:04:17.153539 </lastmod>
	</url><url>
		<loc> https://geoconnex.us/ref/hu06/190206 </loc>
		<lastmod> 2021-11-03 14:04:17.153577 </lastmod>
	</url><url>
		<loc> https://geoconnex.us/ref/hu06/190204 </loc>
		<lastmod> 2021-11-03 14:04:17.153596 </lastmod>
	</url><url>
		<loc> https://geoconnex.us/ref/hu06/190305 </loc>
		<lastmod> 2021-11-03 14:04:17.153615 </lastmod>
	</url><url>
		<loc> https://geoconnex.us/ref/hu06/190205 </loc>
		<lastmod> 2021-11-03 14:04:17.153634 </lastmod>
	</url><url>
		<loc> https://geoconnex.us/ref/hu06/190704 </loc>
		<lastmod> 2021-11-03 14:04:17.153653 </lastmod>
	</url><url>
		<loc> https://geoconnex.us/ref/hu06/190903 </loc>
		<lastmod> 2021-11-03 14:04:17.153672 </lastmod>
	</url><url>
		<loc> https://geoconnex.us/ref/hu06/190304 </loc>
		<lastmod> 2021-11-03 14:04:17.153690 </lastmod>
	</url><url>
		<loc> https://geoconnex.us/ref/hu06/190803 </loc>
		<lastmod> 2021-11-03 14:04:17.153709 </lastmod>
	</url><url>
		<loc> https://geoconnex.us/ref/hu06/190501 </loc>
		<lastmod> 2021-11-03 14:04:17.153727 </lastmod>
	</url><url>
		<loc> https://geoconnex.us/ref/hu06/190902 </loc>
		<lastmod> 2021-11-03 14:04:17.153746 </lastmod>
	</url><url>
		<loc> https://geoconnex.us/ref/hu06/190705 </loc>
		<lastmod> 2021-11-03 14:04:17.153764 </lastmod>
	</url><url>
		<loc> https://geoconnex.us/ref/hu06/190502 </loc>
		<lastmod> 2021-11-03 14:04:17.153782 </lastmod>
	</url><url>
		<loc> https://geoconnex.us/ref/hu06/190804 </loc>
		<lastmod> 2021-11-03 14:04:17.153801 </lastmod>
	</url><url>
		<loc> https://geoconnex.us/ref/hu06/190505 </loc>
		<lastmod> 2021-11-03 14:04:17.153820 </lastmod>
	</url><url>
		<loc> https://geoconnex.us/ref/hu06/190503 </loc>
		<lastmod> 2021-11-03 14:04:17.153838 </lastmod>
	</url><url>
		<loc> https://geoconnex.us/ref/hu06/190901 </loc>
		<lastmod> 2021-11-03 14:04:17.153857 </lastmod>
	</url><url>
		<loc> https://geoconnex.us/ref/hu06/190504 </loc>
		<lastmod> 2021-11-03 14:04:17.153875 </lastmod>
	</url><url>
		<loc> https://geoconnex.us/ref/hu06/190802 </loc>
		<lastmod> 2021-11-03 14:04:17.153894 </lastmod>
	</url><url>
		<loc> https://geoconnex.us/ref/hu06/190801 </loc>
		<lastmod> 2021-11-03 14:04:17.153912 </lastmod>
	</url><url>
		<loc> https://geoconnex.us/ref/hu06/190605 </loc>
		<lastmod> 2021-11-03 14:04:17.153930 </lastmod>
	</url><url>
		<loc> https://geoconnex.us/ref/hu06/190601 </loc>
		<lastmod> 2021-11-03 14:04:17.153948 </lastmod>
	</url><url>
		<loc> https://geoconnex.us/ref/hu06/190603 </loc>
		<lastmod> 2021-11-03 14:04:17.153967 </lastmod>
	</url><url>
		<loc> https://geoconnex.us/ref/hu06/190604 </loc>
		<lastmod> 2021-11-03 14:04:17.153985 </lastmod>
	</url><url>
		<loc> https://geoconnex.us/ref/hu06/190602 </loc>
		<lastmod> 2021-11-03 14:04:17.154003 </lastmod>
	</url><url>
		<loc> https://geoconnex.us/ref/hu06/190201 </loc>
		<lastmod> 2021-11-03 14:04:17.154037 </lastmod>
	</url><url>
		<loc> https://geoconnex.us/ref/hu06/131000 </loc>
		<lastmod> 2021-11-03 14:04:17.154054 </lastmod>
	</url><url>
		<loc> https://geoconnex.us/ref/hu06/131100 </loc>
		<lastmod> 2021-11-03 14:04:17.154072 </lastmod>
	</url><url>
		<loc> https://geoconnex.us/ref/hu06/131200 </loc>
		<lastmod> 2021-11-03 14:04:17.154106 </lastmod>
	</url><url>
		<loc> https://geoconnex.us/ref/hu06/080103 </loc>
		<lastmod> 2021-11-03 14:04:17.154124 </lastmod>
	</url><url>
		<loc> https://geoconnex.us/ref/hu06/041600 </loc>
		<lastmod> 2021-11-03 14:04:17.154142 </lastmod>
	</url><url>
		<loc> https://geoconnex.us/ref/hu06/043300 </loc>
		<lastmod> 2021-11-03 14:04:17.154160 </lastmod>
	</url><url>
		<loc> https://geoconnex.us/ref/hu06/043200 </loc>
		<lastmod> 2021-11-03 14:04:17.154178 </lastmod>
	</url><url>
		<loc> https://geoconnex.us/ref/hu06/041700 </loc>
		<lastmod> 2021-11-03 14:04:17.154196 </lastmod>
	</url><url>
		<loc> https://geoconnex.us/ref/hu06/042000 </loc>
		<lastmod> 2021-11-03 14:04:17.154214 </lastmod>
	</url><url>
		<loc> https://geoconnex.us/ref/hu06/042300 </loc>
		<lastmod> 2021-11-03 14:04:17.154231 </lastmod>
	</url><url>
		<loc> https://geoconnex.us/ref/hu06/042200 </loc>
		<lastmod> 2021-11-03 14:04:17.154250 </lastmod>
	</url><url>
		<loc> https://geoconnex.us/ref/hu06/042100 </loc>
		<lastmod> 2021-11-03 14:04:17.154267 </lastmod>
	</url><url>
		<loc> https://geoconnex.us/ref/hu06/042500 </loc>
		<lastmod> 2021-11-03 14:04:17.154285 </lastmod>
	</url><url>
		<loc> https://geoconnex.us/ref/hu06/042701 </loc>
		<lastmod> 2021-11-03 14:04:17.154303 </lastmod>
	</url><url>
		<loc> https://geoconnex.us/ref/hu06/042702 </loc>
		<lastmod> 2021-11-03 14:04:17.154321 </lastmod>
	</url><url>
		<loc> https://geoconnex.us/ref/hu06/220202 </loc>
		<lastmod> 2021-11-03 14:04:17.154338 </lastmod>
	</url><url>
		<loc> https://geoconnex.us/ref/hu06/220201 </loc>
		<lastmod> 2021-11-03 14:04:17.154356 </lastmod>
	</url><url>
		<loc> https://geoconnex.us/ref/hu06/220400 </loc>
		<lastmod> 2021-11-03 14:04:17.154373 </lastmod>
	</url></ns0:urlset>