<?xml version='1.0' encoding='utf-8'?>
<ns0:urlset xmlns:ns0="http://www.sitemaps.org/schemas/sitemap/0.9">
<url>
		<loc> https://geoconnex.us/ref/aiannh/0250 </loc>
		<lastmod> 2022-05-19 03:35:38.684344 </lastmod>
	</url><url>
		<loc> https://geoconnex.us/ref/aiannh/3355 </loc>
		<lastmod> 2022-05-19 03:35:38.684396 </lastmod>
	</url><url>
		<loc> https://geoconnex.us/ref/aiannh/7075 </loc>
		<lastmod> 2022-05-19 03:35:38.684420 </lastmod>
	</url><url>
		<loc> https://geoconnex.us/ref/aiannh/7310 </loc>
		<lastmod> 2022-05-19 03:35:38.684441 </lastmod>
	</url><url>
		<loc> https://geoconnex.us/ref/aiannh/6175 </loc>
		<lastmod> 2022-05-19 03:35:38.684459 </lastmod>
	</url><url>
		<loc> https://geoconnex.us/ref/aiannh/1970 </loc>
		<lastmod> 2022-05-19 03:35:38.684478 </lastmod>
	</url><url>
		<loc> https://geoconnex.us/ref/aiannh/3145 </loc>
		<lastmod> 2022-05-19 03:35:38.684496 </lastmod>
	</url><url>
		<loc> https://geoconnex.us/ref/aiannh/3070 </loc>
		<lastmod> 2022-05-19 03:35:38.684513 </lastmod>
	</url><url>
		<loc> https://geoconnex.us/ref/aiannh/1555 </loc>
		<lastmod> 2022-05-19 03:35:38.684530 </lastmod>
	</url><url>
		<loc> https://geoconnex.us/ref/aiannh/4635 </loc>
		<lastmod> 2022-05-19 03:35:38.684547 </lastmod>
	</url><url>
		<loc> https://geoconnex.us/ref/aiannh/0440 </loc>
		<lastmod> 2022-05-19 03:35:38.684565 </lastmod>
	</url><url>
		<loc> https://geoconnex.us/ref/aiannh/6440 </loc>
		<lastmod> 2022-05-19 03:35:38.684582 </lastmod>
	</url><url>
		<loc> https://geoconnex.us/ref/aiannh/6470 </loc>
		<lastmod> 2022-05-19 03:35:38.684598 </lastmod>
	</url><url>
		<loc> https://geoconnex.us/ref/aiannh/7005 </loc>
		<lastmod> 2022-05-19 03:35:38.684614 </lastmod>
	</url><url>
		<loc> https://geoconnex.us/ref/aiannh/0780 </loc>
		<lastmod> 2022-05-19 03:35:38.684631 </lastmod>
	</url><url>
		<loc> https://geoconnex.us/ref/aiannh/3860 </loc>
		<lastmod> 2022-05-19 03:35:38.684647 </lastmod>
	</url><url>
		<loc> https://geoconnex.us/ref/aiannh/5193 </loc>
		<lastmod> 2022-05-19 03:35:38.684663 </lastmod>
	</url><url>
		<loc> https://geoconnex.us/ref/aiannh/2255 </loc>
		<lastmod> 2022-05-19 03:35:38.684680 </lastmod>
	</url><url>
		<loc> https://geoconnex.us/ref/aiannh/7440 </loc>
		<lastmod> 2022-05-19 03:35:38.684696 </lastmod>
	</url><url>
		<loc> https://geoconnex.us/ref/aiannh/6615 </loc>
		<lastmod> 2022-05-19 03:35:38.684713 </lastmod>
	</url><url>
		<loc> https://geoconnex.us/ref/aiannh/5248 </loc>
		<lastmod> 2022-05-19 03:35:38.684729 </lastmod>
	</url><url>
		<loc> https://geoconnex.us/ref/aiannh/4580 </loc>
		<lastmod> 2022-05-19 03:35:38.684746 </lastmod>
	</url><url>
		<loc> https://geoconnex.us/ref/aiannh/0620 </loc>
		<lastmod> 2022-05-19 03:35:38.684762 </lastmod>
	</url><url>
		<loc> https://geoconnex.us/ref/aiannh/0095 </loc>
		<lastmod> 2022-05-19 03:35:38.684778 </lastmod>
	</url><url>
		<loc> https://geoconnex.us/ref/aiannh/2330 </loc>
		<lastmod> 2022-05-19 03:35:38.684794 </lastmod>
	</url><url>
		<loc> https://geoconnex.us/ref/aiannh/6825 </loc>
		<lastmod> 2022-05-19 03:35:38.684810 </lastmod>
	</url><url>
		<loc> https://geoconnex.us/ref/aiannh/4110 </loc>
		<lastmod> 2022-05-19 03:35:38.684826 </lastmod>
	</url><url>
		<loc> https://geoconnex.us/ref/aiannh/1075 </loc>
		<lastmod> 2022-05-19 03:35:38.684843 </lastmod>
	</url><url>
		<loc> https://geoconnex.us/ref/aiannh/0760 </loc>
		<lastmod> 2022-05-19 03:35:38.684859 </lastmod>
	</url><url>
		<loc> https://geoconnex.us/ref/aiannh/3625 </loc>
		<lastmod> 2022-05-19 03:35:38.684876 </lastmod>
	</url><url>
		<loc> https://geoconnex.us/ref/aiannh/3100 </loc>
		<lastmod> 2022-05-19 03:35:38.684893 </lastmod>
	</url><url>
		<loc> https://geoconnex.us/ref/aiannh/1940 </loc>
		<lastmod> 2022-05-19 03:35:38.684909 </lastmod>
	</url><url>
		<loc> https://geoconnex.us/ref/aiannh/4595 </loc>
		<lastmod> 2022-05-19 03:35:38.684926 </lastmod>
	</url><url>
		<loc> https://geoconnex.us/ref/aiannh/1505 </loc>
		<lastmod> 2022-05-19 03:35:38.684942 </lastmod>
	</url><url>
		<loc> https://geoconnex.us/ref/aiannh/4200 </loc>
		<lastmod> 2022-05-19 03:35:38.684958 </lastmod>
	</url><url>
		<loc> https://geoconnex.us/ref/aiannh/3970 </loc>
		<lastmod> 2022-05-19 03:35:38.684975 </lastmod>
	</url><url>
		<loc> https://geoconnex.us/ref/aiannh/4700 </loc>
		<lastmod> 2022-05-19 03:35:38.684991 </lastmod>
	</url><url>
		<loc> https://geoconnex.us/ref/aiannh/9820 </loc>
		<lastmod> 2022-05-19 03:35:38.685007 </lastmod>
	</url><url>
		<loc> https://geoconnex.us/ref/aiannh/6290 </loc>
		<lastmod> 2022-05-19 03:35:38.685023 </lastmod>
	</url><url>
		<loc> https://geoconnex.us/ref/aiannh/9680 </loc>
		<lastmod> 2022-05-19 03:35:38.685040 </lastmod>
	</url><url>
		<loc> https://geoconnex.us/ref/aiannh/9880 </loc>
		<lastmod> 2022-05-19 03:35:38.685056 </lastmod>
	</url><url>
		<loc> https://geoconnex.us/ref/aiannh/9560 </loc>
		<lastmod> 2022-05-19 03:35:38.685072 </lastmod>
	</url><url>
		<loc> https://geoconnex.us/ref/aiannh/7540 </loc>
		<lastmod> 2022-05-19 03:35:38.685088 </lastmod>
	</url><url>
		<loc> https://geoconnex.us/ref/aiannh/6280 </loc>
		<lastmod> 2022-05-19 03:35:38.685104 </lastmod>
	</url><url>
		<loc> https://geoconnex.us/ref/aiannh/7263 </loc>
		<lastmod> 2022-05-19 03:35:38.685120 </lastmod>
	</url><url>
		<loc> https://geoconnex.us/ref/aiannh/7110 </loc>
		<lastmod> 2022-05-19 03:35:38.685137 </lastmod>
	</url><url>
		<loc> https://geoconnex.us/ref/aiannh/6795 </loc>
		<lastmod> 2022-05-19 03:35:38.685153 </lastmod>
	</url><url>
		<loc> https://geoconnex.us/ref/aiannh/7035 </loc>
		<lastmod> 2022-05-19 03:35:38.685169 </lastmod>
	</url><url>
		<loc> https://geoconnex.us/ref/aiannh/6830 </loc>
		<lastmod> 2022-05-19 03:35:38.685185 </lastmod>
	</url><url>
		<loc> https://geoconnex.us/ref/aiannh/7133 </loc>
		<lastmod> 2022-05-19 03:35:38.685201 </lastmod>
	</url><url>
		<loc> https://geoconnex.us/ref/aiannh/6480 </loc>
		<lastmod> 2022-05-19 03:35:38.685217 </lastmod>
	</url><url>
		<loc> https://geoconnex.us/ref/aiannh/6205 </loc>
		<lastmod> 2022-05-19 03:35:38.685234 </lastmod>
	</url><url>
		<loc> https://geoconnex.us/ref/aiannh/6690 </loc>
		<lastmod> 2022-05-19 03:35:38.685250 </lastmod>
	</url><url>
		<loc> https://geoconnex.us/ref/aiannh/6165 </loc>
		<lastmod> 2022-05-19 03:35:38.685267 </lastmod>
	</url><url>
		<loc> https://geoconnex.us/ref/aiannh/7470 </loc>
		<lastmod> 2022-05-19 03:35:38.685283 </lastmod>
	</url><url>
		<loc> https://geoconnex.us/ref/aiannh/4375 </loc>
		<lastmod> 2022-05-19 03:35:38.685299 </lastmod>
	</url><url>
		<loc> https://geoconnex.us/ref/aiannh/1515 </loc>
		<lastmod> 2022-05-19 03:35:38.685316 </lastmod>
	</url><url>
		<loc> https://geoconnex.us/ref/aiannh/5076 </loc>
		<lastmod> 2022-05-19 03:35:38.685332 </lastmod>
	</url><url>
		<loc> https://geoconnex.us/ref/aiannh/5026 </loc>
		<lastmod> 2022-05-19 03:35:38.685348 </lastmod>
	</url><url>
		<loc> https://geoconnex.us/ref/aiannh/5188 </loc>
		<lastmod> 2022-05-19 03:35:38.685365 </lastmod>
	</url><url>
		<loc> https://geoconnex.us/ref/aiannh/4760 </loc>
		<lastmod> 2022-05-19 03:35:38.685381 </lastmod>
	</url><url>
		<loc> https://geoconnex.us/ref/aiannh/8100 </loc>
		<lastmod> 2022-05-19 03:35:38.685397 </lastmod>
	</url><url>
		<loc> https://geoconnex.us/ref/aiannh/4680 </loc>
		<lastmod> 2022-05-19 03:35:38.685413 </lastmod>
	</url><url>
		<loc> https://geoconnex.us/ref/aiannh/4610 </loc>
		<lastmod> 2022-05-19 03:35:38.685429 </lastmod>
	</url><url>
		<loc> https://geoconnex.us/ref/aiannh/9635 </loc>
		<lastmod> 2022-05-19 03:35:38.685445 </lastmod>
	</url><url>
		<loc> https://geoconnex.us/ref/aiannh/2430 </loc>
		<lastmod> 2022-05-19 03:35:38.685461 </lastmod>
	</url><url>
		<loc> https://geoconnex.us/ref/aiannh/3940 </loc>
		<lastmod> 2022-05-19 03:35:38.685478 </lastmod>
	</url><url>
		<loc> https://geoconnex.us/ref/aiannh/9400 </loc>
		<lastmod> 2022-05-19 03:35:38.685494 </lastmod>
	</url><url>
		<loc> https://geoconnex.us/ref/aiannh/4785 </loc>
		<lastmod> 2022-05-19 03:35:38.685511 </lastmod>
	</url><url>
		<loc> https://geoconnex.us/ref/aiannh/3235 </loc>
		<lastmod> 2022-05-19 03:35:38.685528 </lastmod>
	</url><url>
		<loc> https://geoconnex.us/ref/aiannh/1860 </loc>
		<lastmod> 2022-05-19 03:35:38.685544 </lastmod>
	</url><url>
		<loc> https://geoconnex.us/ref/aiannh/6785 </loc>
		<lastmod> 2022-05-19 03:35:38.685561 </lastmod>
	</url><url>
		<loc> https://geoconnex.us/ref/aiannh/7080 </loc>
		<lastmod> 2022-05-19 03:35:38.685578 </lastmod>
	</url><url>
		<loc> https://geoconnex.us/ref/aiannh/7580 </loc>
		<lastmod> 2022-05-19 03:35:38.685595 </lastmod>
	</url><url>
		<loc> https://geoconnex.us/ref/aiannh/7765 </loc>
		<lastmod> 2022-05-19 03:35:38.685611 </lastmod>
	</url><url>
		<loc> https://geoconnex.us/ref/aiannh/6790 </loc>
		<lastmod> 2022-05-19 03:35:38.685627 </lastmod>
	</url><url>
		<loc> https://geoconnex.us/ref/aiannh/7115 </loc>
		<lastmod> 2022-05-19 03:35:38.685644 </lastmod>
	</url><url>
		<loc> https://geoconnex.us/ref/aiannh/6335 </loc>
		<lastmod> 2022-05-19 03:35:38.685660 </lastmod>
	</url><url>
		<loc> https://geoconnex.us/ref/aiannh/6730 </loc>
		<lastmod> 2022-05-19 03:35:38.685676 </lastmod>
	</url><url>
		<loc> https://geoconnex.us/ref/aiannh/7095 </loc>
		<lastmod> 2022-05-19 03:35:38.685692 </lastmod>
	</url><url>
		<loc> https://geoconnex.us/ref/aiannh/6835 </loc>
		<lastmod> 2022-05-19 03:35:38.685709 </lastmod>
	</url><url>
		<loc> https://geoconnex.us/ref/aiannh/6075 </loc>
		<lastmod> 2022-05-19 03:35:38.685725 </lastmod>
	</url><url>
		<loc> https://geoconnex.us/ref/aiannh/7430 </loc>
		<lastmod> 2022-05-19 03:35:38.685741 </lastmod>
	</url><url>
		<loc> https://geoconnex.us/ref/aiannh/6910 </loc>
		<lastmod> 2022-05-19 03:35:38.685757 </lastmod>
	</url><url>
		<loc> https://geoconnex.us/ref/aiannh/7125 </loc>
		<lastmod> 2022-05-19 03:35:38.685774 </lastmod>
	</url><url>
		<loc> https://geoconnex.us/ref/aiannh/6890 </loc>
		<lastmod> 2022-05-19 03:35:38.685790 </lastmod>
	</url><url>
		<loc> https://geoconnex.us/ref/aiannh/6240 </loc>
		<lastmod> 2022-05-19 03:35:38.685806 </lastmod>
	</url><url>
		<loc> https://geoconnex.us/ref/aiannh/1815 </loc>
		<lastmod> 2022-05-19 03:35:38.685822 </lastmod>
	</url><url>
		<loc> https://geoconnex.us/ref/aiannh/4255 </loc>
		<lastmod> 2022-05-19 03:35:38.685838 </lastmod>
	</url><url>
		<loc> https://geoconnex.us/ref/aiannh/2100 </loc>
		<lastmod> 2022-05-19 03:35:38.685855 </lastmod>
	</url><url>
		<loc> https://geoconnex.us/ref/aiannh/0690 </loc>
		<lastmod> 2022-05-19 03:35:38.685871 </lastmod>
	</url><url>
		<loc> https://geoconnex.us/ref/aiannh/5123 </loc>
		<lastmod> 2022-05-19 03:35:38.685888 </lastmod>
	</url><url>
		<loc> https://geoconnex.us/ref/aiannh/4140 </loc>
		<lastmod> 2022-05-19 03:35:38.685904 </lastmod>
	</url><url>
		<loc> https://geoconnex.us/ref/aiannh/4930 </loc>
		<lastmod> 2022-05-19 03:35:38.685920 </lastmod>
	</url><url>
		<loc> https://geoconnex.us/ref/aiannh/5098 </loc>
		<lastmod> 2022-05-19 03:35:38.685936 </lastmod>
	</url><url>
		<loc> https://geoconnex.us/ref/aiannh/5008 </loc>
		<lastmod> 2022-05-19 03:35:38.685953 </lastmod>
	</url><url>
		<loc> https://geoconnex.us/ref/aiannh/1250 </loc>
		<lastmod> 2022-05-19 03:35:38.685969 </lastmod>
	</url><url>
		<loc> https://geoconnex.us/ref/aiannh/5135 </loc>
		<lastmod> 2022-05-19 03:35:38.685986 </lastmod>
	</url><url>
		<loc> https://geoconnex.us/ref/aiannh/5177 </loc>
		<lastmod> 2022-05-19 03:35:38.686003 </lastmod>
	</url><url>
		<loc> https://geoconnex.us/ref/aiannh/5560 </loc>
		<lastmod> 2022-05-19 03:35:38.686019 </lastmod>
	</url><url>
		<loc> https://geoconnex.us/ref/aiannh/5620 </loc>
		<lastmod> 2022-05-19 03:35:38.686036 </lastmod>
	</url><url>
		<loc> https://geoconnex.us/ref/aiannh/9720 </loc>
		<lastmod> 2022-05-19 03:35:38.686052 </lastmod>
	</url><url>
		<loc> https://geoconnex.us/ref/aiannh/3185 </loc>
		<lastmod> 2022-05-19 03:35:38.686068 </lastmod>
	</url><url>
		<loc> https://geoconnex.us/ref/aiannh/1955 </loc>
		<lastmod> 2022-05-19 03:35:38.686084 </lastmod>
	</url><url>
		<loc> https://geoconnex.us/ref/aiannh/0605 </loc>
		<lastmod> 2022-05-19 03:35:38.686101 </lastmod>
	</url><url>
		<loc> https://geoconnex.us/ref/aiannh/2810 </loc>
		<lastmod> 2022-05-19 03:35:38.686117 </lastmod>
	</url><url>
		<loc> https://geoconnex.us/ref/aiannh/9100 </loc>
		<lastmod> 2022-05-19 03:35:38.686133 </lastmod>
	</url><url>
		<loc> https://geoconnex.us/ref/aiannh/2595 </loc>
		<lastmod> 2022-05-19 03:35:38.686150 </lastmod>
	</url><url>
		<loc> https://geoconnex.us/ref/aiannh/5071 </loc>
		<lastmod> 2022-05-19 03:35:38.686166 </lastmod>
	</url><url>
		<loc> https://geoconnex.us/ref/aiannh/6275 </loc>
		<lastmod> 2022-05-19 03:35:38.686182 </lastmod>
	</url><url>
		<loc> https://geoconnex.us/ref/aiannh/1355 </loc>
		<lastmod> 2022-05-19 03:35:38.686199 </lastmod>
	</url><url>
		<loc> https://geoconnex.us/ref/aiannh/7390 </loc>
		<lastmod> 2022-05-19 03:35:38.686215 </lastmod>
	</url><url>
		<loc> https://geoconnex.us/ref/aiannh/6710 </loc>
		<lastmod> 2022-05-19 03:35:38.686231 </lastmod>
	</url><url>
		<loc> https://geoconnex.us/ref/aiannh/6225 </loc>
		<lastmod> 2022-05-19 03:35:38.686248 </lastmod>
	</url><url>
		<loc> https://geoconnex.us/ref/aiannh/6595 </loc>
		<lastmod> 2022-05-19 03:35:38.686264 </lastmod>
	</url><url>
		<loc> https://geoconnex.us/ref/aiannh/7185 </loc>
		<lastmod> 2022-05-19 03:35:38.686281 </lastmod>
	</url><url>
		<loc> https://geoconnex.us/ref/aiannh/6070 </loc>
		<lastmod> 2022-05-19 03:35:38.686297 </lastmod>
	</url><url>
		<loc> https://geoconnex.us/ref/aiannh/6820 </loc>
		<lastmod> 2022-05-19 03:35:38.686313 </lastmod>
	</url><url>
		<loc> https://geoconnex.us/ref/aiannh/7755 </loc>
		<lastmod> 2022-05-19 03:35:38.686330 </lastmod>
	</url><url>
		<loc> https://geoconnex.us/ref/aiannh/6725 </loc>
		<lastmod> 2022-05-19 03:35:38.686346 </lastmod>
	</url><url>
		<loc> https://geoconnex.us/ref/aiannh/1700 </loc>
		<lastmod> 2022-05-19 03:35:38.686363 </lastmod>
	</url><url>
		<loc> https://geoconnex.us/ref/aiannh/4940 </loc>
		<lastmod> 2022-05-19 03:35:38.686380 </lastmod>
	</url><url>
		<loc> https://geoconnex.us/ref/aiannh/9675 </loc>
		<lastmod> 2022-05-19 03:35:38.686397 </lastmod>
	</url><url>
		<loc> https://geoconnex.us/ref/aiannh/1895 </loc>
		<lastmod> 2022-05-19 03:35:38.686413 </lastmod>
	</url><url>
		<loc> https://geoconnex.us/ref/aiannh/9370 </loc>
		<lastmod> 2022-05-19 03:35:38.686430 </lastmod>
	</url><url>
		<loc> https://geoconnex.us/ref/aiannh/6855 </loc>
		<lastmod> 2022-05-19 03:35:38.686446 </lastmod>
	</url><url>
		<loc> https://geoconnex.us/ref/aiannh/1560 </loc>
		<lastmod> 2022-05-19 03:35:38.686463 </lastmod>
	</url><url>
		<loc> https://geoconnex.us/ref/aiannh/0720 </loc>
		<lastmod> 2022-05-19 03:35:38.686479 </lastmod>
	</url><url>
		<loc> https://geoconnex.us/ref/aiannh/9230 </loc>
		<lastmod> 2022-05-19 03:35:38.686551 </lastmod>
	</url><url>
		<loc> https://geoconnex.us/ref/aiannh/1135 </loc>
		<lastmod> 2022-05-19 03:35:38.686568 </lastmod>
	</url><url>
		<loc> https://geoconnex.us/ref/aiannh/0110 </loc>
		<lastmod> 2022-05-19 03:35:38.686585 </lastmod>
	</url><url>
		<loc> https://geoconnex.us/ref/aiannh/0750 </loc>
		<lastmod> 2022-05-19 03:35:38.686601 </lastmod>
	</url><url>
		<loc> https://geoconnex.us/ref/aiannh/0820 </loc>
		<lastmod> 2022-05-19 03:35:38.686618 </lastmod>
	</url><url>
		<loc> https://geoconnex.us/ref/aiannh/6720 </loc>
		<lastmod> 2022-05-19 03:35:38.686634 </lastmod>
	</url><url>
		<loc> https://geoconnex.us/ref/aiannh/7740 </loc>
		<lastmod> 2022-05-19 03:35:38.686650 </lastmod>
	</url><url>
		<loc> https://geoconnex.us/ref/aiannh/6545 </loc>
		<lastmod> 2022-05-19 03:35:38.686667 </lastmod>
	</url><url>
		<loc> https://geoconnex.us/ref/aiannh/5114 </loc>
		<lastmod> 2022-05-19 03:35:38.686683 </lastmod>
	</url><url>
		<loc> https://geoconnex.us/ref/aiannh/5067 </loc>
		<lastmod> 2022-05-19 03:35:38.686699 </lastmod>
	</url><url>
		<loc> https://geoconnex.us/ref/aiannh/1395 </loc>
		<lastmod> 2022-05-19 03:35:38.686715 </lastmod>
	</url><url>
		<loc> https://geoconnex.us/ref/aiannh/0955 </loc>
		<lastmod> 2022-05-19 03:35:38.686732 </lastmod>
	</url><url>
		<loc> https://geoconnex.us/ref/aiannh/5600 </loc>
		<lastmod> 2022-05-19 03:35:38.686748 </lastmod>
	</url><url>
		<loc> https://geoconnex.us/ref/aiannh/0215 </loc>
		<lastmod> 2022-05-19 03:35:38.686764 </lastmod>
	</url><url>
		<loc> https://geoconnex.us/ref/aiannh/1775 </loc>
		<lastmod> 2022-05-19 03:35:38.686780 </lastmod>
	</url><url>
		<loc> https://geoconnex.us/ref/aiannh/5134 </loc>
		<lastmod> 2022-05-19 03:35:38.686796 </lastmod>
	</url><url>
		<loc> https://geoconnex.us/ref/aiannh/1005 </loc>
		<lastmod> 2022-05-19 03:35:38.686813 </lastmod>
	</url><url>
		<loc> https://geoconnex.us/ref/aiannh/0560 </loc>
		<lastmod> 2022-05-19 03:35:38.686829 </lastmod>
	</url><url>
		<loc> https://geoconnex.us/ref/aiannh/2535 </loc>
		<lastmod> 2022-05-19 03:35:38.686845 </lastmod>
	</url><url>
		<loc> https://geoconnex.us/ref/aiannh/6605 </loc>
		<lastmod> 2022-05-19 03:35:38.686862 </lastmod>
	</url><url>
		<loc> https://geoconnex.us/ref/aiannh/6905 </loc>
		<lastmod> 2022-05-19 03:35:38.686878 </lastmod>
	</url><url>
		<loc> https://geoconnex.us/ref/aiannh/1925 </loc>
		<lastmod> 2022-05-19 03:35:38.686895 </lastmod>
	</url><url>
		<loc> https://geoconnex.us/ref/aiannh/4545 </loc>
		<lastmod> 2022-05-19 03:35:38.686911 </lastmod>
	</url><url>
		<loc> https://geoconnex.us/ref/aiannh/5069 </loc>
		<lastmod> 2022-05-19 03:35:38.686928 </lastmod>
	</url><url>
		<loc> https://geoconnex.us/ref/aiannh/0305 </loc>
		<lastmod> 2022-05-19 03:35:38.686944 </lastmod>
	</url><url>
		<loc> https://geoconnex.us/ref/aiannh/1010 </loc>
		<lastmod> 2022-05-19 03:35:38.686960 </lastmod>
	</url><url>
		<loc> https://geoconnex.us/ref/aiannh/7665 </loc>
		<lastmod> 2022-05-19 03:35:38.686976 </lastmod>
	</url><url>
		<loc> https://geoconnex.us/ref/aiannh/3520 </loc>
		<lastmod> 2022-05-19 03:35:38.686992 </lastmod>
	</url><url>
		<loc> https://geoconnex.us/ref/aiannh/0290 </loc>
		<lastmod> 2022-05-19 03:35:38.687009 </lastmod>
	</url><url>
		<loc> https://geoconnex.us/ref/aiannh/1550 </loc>
		<lastmod> 2022-05-19 03:35:38.687025 </lastmod>
	</url><url>
		<loc> https://geoconnex.us/ref/aiannh/2015 </loc>
		<lastmod> 2022-05-19 03:35:38.687042 </lastmod>
	</url><url>
		<loc> https://geoconnex.us/ref/aiannh/7695 </loc>
		<lastmod> 2022-05-19 03:35:38.687059 </lastmod>
	</url><url>
		<loc> https://geoconnex.us/ref/aiannh/2320 </loc>
		<lastmod> 2022-05-19 03:35:38.687075 </lastmod>
	</url><url>
		<loc> https://geoconnex.us/ref/aiannh/9280 </loc>
		<lastmod> 2022-05-19 03:35:38.687092 </lastmod>
	</url><url>
		<loc> https://geoconnex.us/ref/aiannh/0020 </loc>
		<lastmod> 2022-05-19 03:35:38.687109 </lastmod>
	</url><url>
		<loc> https://geoconnex.us/ref/aiannh/0540 </loc>
		<lastmod> 2022-05-19 03:35:38.687125 </lastmod>
	</url><url>
		<loc> https://geoconnex.us/ref/aiannh/3550 </loc>
		<lastmod> 2022-05-19 03:35:38.687142 </lastmod>
	</url><url>
		<loc> https://geoconnex.us/ref/aiannh/3750 </loc>
		<lastmod> 2022-05-19 03:35:38.687158 </lastmod>
	</url><url>
		<loc> https://geoconnex.us/ref/aiannh/9815 </loc>
		<lastmod> 2022-05-19 03:35:38.687174 </lastmod>
	</url><url>
		<loc> https://geoconnex.us/ref/aiannh/0010 </loc>
		<lastmod> 2022-05-19 03:35:38.687198 </lastmod>
	</url><url>
		<loc> https://geoconnex.us/ref/aiannh/5148 </loc>
		<lastmod> 2022-05-19 03:35:38.687214 </lastmod>
	</url><url>
		<loc> https://geoconnex.us/ref/aiannh/5156 </loc>
		<lastmod> 2022-05-19 03:35:38.687230 </lastmod>
	</url><url>
		<loc> https://geoconnex.us/ref/aiannh/5009 </loc>
		<lastmod> 2022-05-19 03:35:38.687246 </lastmod>
	</url><url>
		<loc> https://geoconnex.us/ref/aiannh/5196 </loc>
		<lastmod> 2022-05-19 03:35:38.687263 </lastmod>
	</url><url>
		<loc> https://geoconnex.us/ref/aiannh/5111 </loc>
		<lastmod> 2022-05-19 03:35:38.687280 </lastmod>
	</url><url>
		<loc> https://geoconnex.us/ref/aiannh/0275 </loc>
		<lastmod> 2022-05-19 03:35:38.687297 </lastmod>
	</url><url>
		<loc> https://geoconnex.us/ref/aiannh/5251 </loc>
		<lastmod> 2022-05-19 03:35:38.687313 </lastmod>
	</url><url>
		<loc> https://geoconnex.us/ref/aiannh/5540 </loc>
		<lastmod> 2022-05-19 03:35:38.687330 </lastmod>
	</url><url>
		<loc> https://geoconnex.us/ref/aiannh/5820 </loc>
		<lastmod> 2022-05-19 03:35:38.687347 </lastmod>
	</url><url>
		<loc> https://geoconnex.us/ref/aiannh/5580 </loc>
		<lastmod> 2022-05-19 03:35:38.687363 </lastmod>
	</url><url>
		<loc> https://geoconnex.us/ref/aiannh/9515 </loc>
		<lastmod> 2022-05-19 03:35:38.687380 </lastmod>
	</url><url>
		<loc> https://geoconnex.us/ref/aiannh/9745 </loc>
		<lastmod> 2022-05-19 03:35:38.687396 </lastmod>
	</url><url>
		<loc> https://geoconnex.us/ref/aiannh/4665 </loc>
		<lastmod> 2022-05-19 03:35:38.687413 </lastmod>
	</url><url>
		<loc> https://geoconnex.us/ref/aiannh/2490 </loc>
		<lastmod> 2022-05-19 03:35:38.687429 </lastmod>
	</url><url>
		<loc> https://geoconnex.us/ref/aiannh/9150 </loc>
		<lastmod> 2022-05-19 03:35:38.687445 </lastmod>
	</url><url>
		<loc> https://geoconnex.us/ref/aiannh/5830 </loc>
		<lastmod> 2022-05-19 03:35:38.687461 </lastmod>
	</url><url>
		<loc> https://geoconnex.us/ref/aiannh/5780 </loc>
		<lastmod> 2022-05-19 03:35:38.687477 </lastmod>
	</url><url>
		<loc> https://geoconnex.us/ref/aiannh/5011 </loc>
		<lastmod> 2022-05-19 03:35:38.687493 </lastmod>
	</url><url>
		<loc> https://geoconnex.us/ref/aiannh/0240 </loc>
		<lastmod> 2022-05-19 03:35:38.687510 </lastmod>
	</url><url>
		<loc> https://geoconnex.us/ref/aiannh/0185 </loc>
		<lastmod> 2022-05-19 03:35:38.687526 </lastmod>
	</url><url>
		<loc> https://geoconnex.us/ref/aiannh/1140 </loc>
		<lastmod> 2022-05-19 03:35:38.687542 </lastmod>
	</url><url>
		<loc> https://geoconnex.us/ref/aiannh/1440 </loc>
		<lastmod> 2022-05-19 03:35:38.687558 </lastmod>
	</url><url>
		<loc> https://geoconnex.us/ref/aiannh/5740 </loc>
		<lastmod> 2022-05-19 03:35:38.687574 </lastmod>
	</url><url>
		<loc> https://geoconnex.us/ref/aiannh/6750 </loc>
		<lastmod> 2022-05-19 03:35:38.687590 </lastmod>
	</url><url>
		<loc> https://geoconnex.us/ref/aiannh/6350 </loc>
		<lastmod> 2022-05-19 03:35:38.687606 </lastmod>
	</url><url>
		<loc> https://geoconnex.us/ref/aiannh/6250 </loc>
		<lastmod> 2022-05-19 03:35:38.687623 </lastmod>
	</url><url>
		<loc> https://geoconnex.us/ref/aiannh/7050 </loc>
		<lastmod> 2022-05-19 03:35:38.687639 </lastmod>
	</url><url>
		<loc> https://geoconnex.us/ref/aiannh/7135 </loc>
		<lastmod> 2022-05-19 03:35:38.687655 </lastmod>
	</url><url>
		<loc> https://geoconnex.us/ref/aiannh/6755 </loc>
		<lastmod> 2022-05-19 03:35:38.687671 </lastmod>
	</url><url>
		<loc> https://geoconnex.us/ref/aiannh/0350 </loc>
		<lastmod> 2022-05-19 03:35:38.687687 </lastmod>
	</url><url>
		<loc> https://geoconnex.us/ref/aiannh/3265 </loc>
		<lastmod> 2022-05-19 03:35:38.687703 </lastmod>
	</url><url>
		<loc> https://geoconnex.us/ref/aiannh/4030 </loc>
		<lastmod> 2022-05-19 03:35:38.687719 </lastmod>
	</url><url>
		<loc> https://geoconnex.us/ref/aiannh/7100 </loc>
		<lastmod> 2022-05-19 03:35:38.687735 </lastmod>
	</url><url>
		<loc> https://geoconnex.us/ref/aiannh/1670 </loc>
		<lastmod> 2022-05-19 03:35:38.687752 </lastmod>
	</url><url>
		<loc> https://geoconnex.us/ref/aiannh/1260 </loc>
		<lastmod> 2022-05-19 03:35:38.687769 </lastmod>
	</url><url>
		<loc> https://geoconnex.us/ref/aiannh/3935 </loc>
		<lastmod> 2022-05-19 03:35:38.687805 </lastmod>
	</url><url>
		<loc> https://geoconnex.us/ref/aiannh/2115 </loc>
		<lastmod> 2022-05-19 03:35:38.687822 </lastmod>
	</url><url>
		<loc> https://geoconnex.us/ref/aiannh/9300 </loc>
		<lastmod> 2022-05-19 03:35:38.687839 </lastmod>
	</url><url>
		<loc> https://geoconnex.us/ref/aiannh/2505 </loc>
		<lastmod> 2022-05-19 03:35:38.687856 </lastmod>
	</url><url>
		<loc> https://geoconnex.us/ref/aiannh/6630 </loc>
		<lastmod> 2022-05-19 03:35:38.687873 </lastmod>
	</url><url>
		<loc> https://geoconnex.us/ref/aiannh/1270 </loc>
		<lastmod> 2022-05-19 03:35:38.687890 </lastmod>
	</url><url>
		<loc> https://geoconnex.us/ref/aiannh/9260 </loc>
		<lastmod> 2022-05-19 03:35:38.687906 </lastmod>
	</url><url>
		<loc> https://geoconnex.us/ref/aiannh/2555 </loc>
		<lastmod> 2022-05-19 03:35:38.687923 </lastmod>
	</url><url>
		<loc> https://geoconnex.us/ref/aiannh/4910 </loc>
		<lastmod> 2022-05-19 03:35:38.687939 </lastmod>
	</url><url>
		<loc> https://geoconnex.us/ref/aiannh/3665 </loc>
		<lastmod> 2022-05-19 03:35:38.687956 </lastmod>
	</url><url>
		<loc> https://geoconnex.us/ref/aiannh/4360 </loc>
		<lastmod> 2022-05-19 03:35:38.687972 </lastmod>
	</url><url>
		<loc> https://geoconnex.us/ref/aiannh/7745 </loc>
		<lastmod> 2022-05-19 03:35:38.687989 </lastmod>
	</url><url>
		<loc> https://geoconnex.us/ref/aiannh/2835 </loc>
		<lastmod> 2022-05-19 03:35:38.688005 </lastmod>
	</url><url>
		<loc> https://geoconnex.us/ref/aiannh/5550 </loc>
		<lastmod> 2022-05-19 03:35:38.688021 </lastmod>
	</url><url>
		<loc> https://geoconnex.us/ref/aiannh/9550 </loc>
		<lastmod> 2022-05-19 03:35:38.688037 </lastmod>
	</url><url>
		<loc> https://geoconnex.us/ref/aiannh/7275 </loc>
		<lastmod> 2022-05-19 03:35:38.688054 </lastmod>
	</url><url>
		<loc> https://geoconnex.us/ref/aiannh/6080 </loc>
		<lastmod> 2022-05-19 03:35:38.688070 </lastmod>
	</url><url>
		<loc> https://geoconnex.us/ref/aiannh/6975 </loc>
		<lastmod> 2022-05-19 03:35:38.688086 </lastmod>
	</url><url>
		<loc> https://geoconnex.us/ref/aiannh/6815 </loc>
		<lastmod> 2022-05-19 03:35:38.688103 </lastmod>
	</url><url>
		<loc> https://geoconnex.us/ref/aiannh/6895 </loc>
		<lastmod> 2022-05-19 03:35:38.688120 </lastmod>
	</url><url>
		<loc> https://geoconnex.us/ref/aiannh/4470 </loc>
		<lastmod> 2022-05-19 03:35:38.688136 </lastmod>
	</url><url>
		<loc> https://geoconnex.us/ref/aiannh/2785 </loc>
		<lastmod> 2022-05-19 03:35:38.688153 </lastmod>
	</url><url>
		<loc> https://geoconnex.us/ref/aiannh/4390 </loc>
		<lastmod> 2022-05-19 03:35:38.688169 </lastmod>
	</url><url>
		<loc> https://geoconnex.us/ref/aiannh/1185 </loc>
		<lastmod> 2022-05-19 03:35:38.688185 </lastmod>
	</url><url>
		<loc> https://geoconnex.us/ref/aiannh/5590 </loc>
		<lastmod> 2022-05-19 03:35:38.688202 </lastmod>
	</url><url>
		<loc> https://geoconnex.us/ref/aiannh/9960 </loc>
		<lastmod> 2022-05-19 03:35:38.688218 </lastmod>
	</url><url>
		<loc> https://geoconnex.us/ref/aiannh/1110 </loc>
		<lastmod> 2022-05-19 03:35:38.688236 </lastmod>
	</url><url>
		<loc> https://geoconnex.us/ref/aiannh/2075 </loc>
		<lastmod> 2022-05-19 03:35:38.688253 </lastmod>
	</url><url>
		<loc> https://geoconnex.us/ref/aiannh/3985 </loc>
		<lastmod> 2022-05-19 03:35:38.688270 </lastmod>
	</url><url>
		<loc> https://geoconnex.us/ref/aiannh/0555 </loc>
		<lastmod> 2022-05-19 03:35:38.688286 </lastmod>
	</url><url>
		<loc> https://geoconnex.us/ref/aiannh/5720 </loc>
		<lastmod> 2022-05-19 03:35:38.688303 </lastmod>
	</url><url>
		<loc> https://geoconnex.us/ref/aiannh/5955 </loc>
		<lastmod> 2022-05-19 03:35:38.688319 </lastmod>
	</url><url>
		<loc> https://geoconnex.us/ref/aiannh/6455 </loc>
		<lastmod> 2022-05-19 03:35:38.688336 </lastmod>
	</url><url>
		<loc> https://geoconnex.us/ref/aiannh/7245 </loc>
		<lastmod> 2022-05-19 03:35:38.688352 </lastmod>
	</url><url>
		<loc> https://geoconnex.us/ref/aiannh/7565 </loc>
		<lastmod> 2022-05-19 03:35:38.688369 </lastmod>
	</url><url>
		<loc> https://geoconnex.us/ref/aiannh/6100 </loc>
		<lastmod> 2022-05-19 03:35:38.688385 </lastmod>
	</url><url>
		<loc> https://geoconnex.us/ref/aiannh/7180 </loc>
		<lastmod> 2022-05-19 03:35:38.688402 </lastmod>
	</url><url>
		<loc> https://geoconnex.us/ref/aiannh/7300 </loc>
		<lastmod> 2022-05-19 03:35:38.688419 </lastmod>
	</url><url>
		<loc> https://geoconnex.us/ref/aiannh/4455 </loc>
		<lastmod> 2022-05-19 03:35:38.688435 </lastmod>
	</url><url>
		<loc> https://geoconnex.us/ref/aiannh/3955 </loc>
		<lastmod> 2022-05-19 03:35:38.688451 </lastmod>
	</url><url>
		<loc> https://geoconnex.us/ref/aiannh/2300 </loc>
		<lastmod> 2022-05-19 03:35:38.688468 </lastmod>
	</url><url>
		<loc> https://geoconnex.us/ref/aiannh/1125 </loc>
		<lastmod> 2022-05-19 03:35:38.688513 </lastmod>
	</url><url>
		<loc> https://geoconnex.us/ref/aiannh/3250 </loc>
		<lastmod> 2022-05-19 03:35:38.688530 </lastmod>
	</url><url>
		<loc> https://geoconnex.us/ref/aiannh/1310 </loc>
		<lastmod> 2022-05-19 03:35:38.688547 </lastmod>
	</url><url>
		<loc> https://geoconnex.us/ref/aiannh/0775 </loc>
		<lastmod> 2022-05-19 03:35:38.688563 </lastmod>
	</url><url>
		<loc> https://geoconnex.us/ref/aiannh/4405 </loc>
		<lastmod> 2022-05-19 03:35:38.688579 </lastmod>
	</url><url>
		<loc> https://geoconnex.us/ref/aiannh/1785 </loc>
		<lastmod> 2022-05-19 03:35:38.688596 </lastmod>
	</url><url>
		<loc> https://geoconnex.us/ref/aiannh/0400 </loc>
		<lastmod> 2022-05-19 03:35:38.688612 </lastmod>
	</url><url>
		<loc> https://geoconnex.us/ref/aiannh/5166 </loc>
		<lastmod> 2022-05-19 03:35:38.688628 </lastmod>
	</url><url>
		<loc> https://geoconnex.us/ref/aiannh/5029 </loc>
		<lastmod> 2022-05-19 03:35:38.688644 </lastmod>
	</url><url>
		<loc> https://geoconnex.us/ref/aiannh/1840 </loc>
		<lastmod> 2022-05-19 03:35:38.688661 </lastmod>
	</url><url>
		<loc> https://geoconnex.us/ref/aiannh/3400 </loc>
		<lastmod> 2022-05-19 03:35:38.688677 </lastmod>
	</url><url>
		<loc> https://geoconnex.us/ref/aiannh/2240 </loc>
		<lastmod> 2022-05-19 03:35:38.688693 </lastmod>
	</url><url>
		<loc> https://geoconnex.us/ref/aiannh/1735 </loc>
		<lastmod> 2022-05-19 03:35:38.688710 </lastmod>
	</url><url>
		<loc> https://geoconnex.us/ref/aiannh/3825 </loc>
		<lastmod> 2022-05-19 03:35:38.688727 </lastmod>
	</url><url>
		<loc> https://geoconnex.us/ref/aiannh/6430 </loc>
		<lastmod> 2022-05-19 03:35:38.688743 </lastmod>
	</url><url>
		<loc> https://geoconnex.us/ref/aiannh/6285 </loc>
		<lastmod> 2022-05-19 03:35:38.688760 </lastmod>
	</url><url>
		<loc> https://geoconnex.us/ref/aiannh/6550 </loc>
		<lastmod> 2022-05-19 03:35:38.688776 </lastmod>
	</url><url>
		<loc> https://geoconnex.us/ref/aiannh/6045 </loc>
		<lastmod> 2022-05-19 03:35:38.688793 </lastmod>
	</url><url>
		<loc> https://geoconnex.us/ref/aiannh/6105 </loc>
		<lastmod> 2022-05-19 03:35:38.688809 </lastmod>
	</url><url>
		<loc> https://geoconnex.us/ref/aiannh/6065 </loc>
		<lastmod> 2022-05-19 03:35:38.688826 </lastmod>
	</url><url>
		<loc> https://geoconnex.us/ref/aiannh/6525 </loc>
		<lastmod> 2022-05-19 03:35:38.688842 </lastmod>
	</url><url>
		<loc> https://geoconnex.us/ref/aiannh/6915 </loc>
		<lastmod> 2022-05-19 03:35:38.688859 </lastmod>
	</url><url>
		<loc> https://geoconnex.us/ref/aiannh/6965 </loc>
		<lastmod> 2022-05-19 03:35:38.688875 </lastmod>
	</url><url>
		<loc> https://geoconnex.us/ref/aiannh/7020 </loc>
		<lastmod> 2022-05-19 03:35:38.688891 </lastmod>
	</url><url>
		<loc> https://geoconnex.us/ref/aiannh/6195 </loc>
		<lastmod> 2022-05-19 03:35:38.688907 </lastmod>
	</url><url>
		<loc> https://geoconnex.us/ref/aiannh/0855 </loc>
		<lastmod> 2022-05-19 03:35:38.688923 </lastmod>
	</url><url>
		<loc> https://geoconnex.us/ref/aiannh/9580 </loc>
		<lastmod> 2022-05-19 03:35:38.688940 </lastmod>
	</url><url>
		<loc> https://geoconnex.us/ref/aiannh/4330 </loc>
		<lastmod> 2022-05-19 03:35:38.688957 </lastmod>
	</url><url>
		<loc> https://geoconnex.us/ref/aiannh/1490 </loc>
		<lastmod> 2022-05-19 03:35:38.688974 </lastmod>
	</url><url>
		<loc> https://geoconnex.us/ref/aiannh/5770 </loc>
		<lastmod> 2022-05-19 03:35:38.688990 </lastmod>
	</url><url>
		<loc> https://geoconnex.us/ref/aiannh/5198 </loc>
		<lastmod> 2022-05-19 03:35:38.689007 </lastmod>
	</url><url>
		<loc> https://geoconnex.us/ref/aiannh/0080 </loc>
		<lastmod> 2022-05-19 03:35:38.689023 </lastmod>
	</url><url>
		<loc> https://geoconnex.us/ref/aiannh/9835 </loc>
		<lastmod> 2022-05-19 03:35:38.689040 </lastmod>
	</url><url>
		<loc> https://geoconnex.us/ref/aiannh/1690 </loc>
		<lastmod> 2022-05-19 03:35:38.689056 </lastmod>
	</url><url>
		<loc> https://geoconnex.us/ref/aiannh/9800 </loc>
		<lastmod> 2022-05-19 03:35:38.689072 </lastmod>
	</url><url>
		<loc> https://geoconnex.us/ref/aiannh/4755 </loc>
		<lastmod> 2022-05-19 03:35:38.689089 </lastmod>
	</url><url>
		<loc> https://geoconnex.us/ref/aiannh/2040 </loc>
		<lastmod> 2022-05-19 03:35:38.689105 </lastmod>
	</url><url>
		<loc> https://geoconnex.us/ref/aiannh/1460 </loc>
		<lastmod> 2022-05-19 03:35:38.689121 </lastmod>
	</url><url>
		<loc> https://geoconnex.us/ref/aiannh/2990 </loc>
		<lastmod> 2022-05-19 03:35:38.689137 </lastmod>
	</url><url>
		<loc> https://geoconnex.us/ref/aiannh/2205 </loc>
		<lastmod> 2022-05-19 03:35:38.689154 </lastmod>
	</url><url>
		<loc> https://geoconnex.us/ref/aiannh/2625 </loc>
		<lastmod> 2022-05-19 03:35:38.689170 </lastmod>
	</url><url>
		<loc> https://geoconnex.us/ref/aiannh/2445 </loc>
		<lastmod> 2022-05-19 03:35:38.689187 </lastmod>
	</url><url>
		<loc> https://geoconnex.us/ref/aiannh/5271 </loc>
		<lastmod> 2022-05-19 03:35:38.689203 </lastmod>
	</url><url>
		<loc> https://geoconnex.us/ref/aiannh/5091 </loc>
		<lastmod> 2022-05-19 03:35:38.689220 </lastmod>
	</url><url>
		<loc> https://geoconnex.us/ref/aiannh/5106 </loc>
		<lastmod> 2022-05-19 03:35:38.689236 </lastmod>
	</url><url>
		<loc> https://geoconnex.us/ref/aiannh/5146 </loc>
		<lastmod> 2022-05-19 03:35:38.689253 </lastmod>
	</url><url>
		<loc> https://geoconnex.us/ref/aiannh/3415 </loc>
		<lastmod> 2022-05-19 03:35:38.689269 </lastmod>
	</url><url>
		<loc> https://geoconnex.us/ref/aiannh/5161 </loc>
		<lastmod> 2022-05-19 03:35:38.689285 </lastmod>
	</url><url>
		<loc> https://geoconnex.us/ref/aiannh/5044 </loc>
		<lastmod> 2022-05-19 03:35:38.689302 </lastmod>
	</url><url>
		<loc> https://geoconnex.us/ref/aiannh/5104 </loc>
		<lastmod> 2022-05-19 03:35:38.689318 </lastmod>
	</url><url>
		<loc> https://geoconnex.us/ref/aiannh/5053 </loc>
		<lastmod> 2022-05-19 03:35:38.689334 </lastmod>
	</url><url>
		<loc> https://geoconnex.us/ref/aiannh/5222 </loc>
		<lastmod> 2022-05-19 03:35:38.689350 </lastmod>
	</url><url>
		<loc> https://geoconnex.us/ref/aiannh/6305 </loc>
		<lastmod> 2022-05-19 03:35:38.689366 </lastmod>
	</url><url>
		<loc> https://geoconnex.us/ref/aiannh/6530 </loc>
		<lastmod> 2022-05-19 03:35:38.689383 </lastmod>
	</url><url>
		<loc> https://geoconnex.us/ref/aiannh/2560 </loc>
		<lastmod> 2022-05-19 03:35:38.689399 </lastmod>
	</url><url>
		<loc> https://geoconnex.us/ref/aiannh/3085 </loc>
		<lastmod> 2022-05-19 03:35:38.689415 </lastmod>
	</url><url>
		<loc> https://geoconnex.us/ref/aiannh/1825 </loc>
		<lastmod> 2022-05-19 03:35:38.689431 </lastmod>
	</url><url>
		<loc> https://geoconnex.us/ref/aiannh/0140 </loc>
		<lastmod> 2022-05-19 03:35:38.689447 </lastmod>
	</url><url>
		<loc> https://geoconnex.us/ref/aiannh/4015 </loc>
		<lastmod> 2022-05-19 03:35:38.689463 </lastmod>
	</url><url>
		<loc> https://geoconnex.us/ref/aiannh/1963 </loc>
		<lastmod> 2022-05-19 03:35:38.689480 </lastmod>
	</url><url>
		<loc> https://geoconnex.us/ref/aiannh/3195 </loc>
		<lastmod> 2022-05-19 03:35:38.689496 </lastmod>
	</url><url>
		<loc> https://geoconnex.us/ref/aiannh/2495 </loc>
		<lastmod> 2022-05-19 03:35:38.689512 </lastmod>
	</url><url>
		<loc> https://geoconnex.us/ref/aiannh/2147 </loc>
		<lastmod> 2022-05-19 03:35:38.689528 </lastmod>
	</url><url>
		<loc> https://geoconnex.us/ref/aiannh/6625 </loc>
		<lastmod> 2022-05-19 03:35:38.689544 </lastmod>
	</url><url>
		<loc> https://geoconnex.us/ref/aiannh/6520 </loc>
		<lastmod> 2022-05-19 03:35:38.689560 </lastmod>
	</url><url>
		<loc> https://geoconnex.us/ref/aiannh/7625 </loc>
		<lastmod> 2022-05-19 03:35:38.689576 </lastmod>
	</url><url>
		<loc> https://geoconnex.us/ref/aiannh/3030 </loc>
		<lastmod> 2022-05-19 03:35:38.689593 </lastmod>
	</url><url>
		<loc> https://geoconnex.us/ref/aiannh/0845 </loc>
		<lastmod> 2022-05-19 03:35:38.689610 </lastmod>
	</url><url>
		<loc> https://geoconnex.us/ref/aiannh/0225 </loc>
		<lastmod> 2022-05-19 03:35:38.689626 </lastmod>
	</url><url>
		<loc> https://geoconnex.us/ref/aiannh/2400 </loc>
		<lastmod> 2022-05-19 03:35:38.689643 </lastmod>
	</url><url>
		<loc> https://geoconnex.us/ref/aiannh/3870 </loc>
		<lastmod> 2022-05-19 03:35:38.689660 </lastmod>
	</url><url>
		<loc> https://geoconnex.us/ref/aiannh/3020 </loc>
		<lastmod> 2022-05-19 03:35:38.689676 </lastmod>
	</url><url>
		<loc> https://geoconnex.us/ref/aiannh/4060 </loc>
		<lastmod> 2022-05-19 03:35:38.689693 </lastmod>
	</url><url>
		<loc> https://geoconnex.us/ref/aiannh/4430 </loc>
		<lastmod> 2022-05-19 03:35:38.689709 </lastmod>
	</url><url>
		<loc> https://geoconnex.us/ref/aiannh/2715 </loc>
		<lastmod> 2022-05-19 03:35:38.689726 </lastmod>
	</url><url>
		<loc> https://geoconnex.us/ref/aiannh/0415 </loc>
		<lastmod> 2022-05-19 03:35:38.689742 </lastmod>
	</url><url>
		<loc> https://geoconnex.us/ref/aiannh/0155 </loc>
		<lastmod> 2022-05-19 03:35:38.689759 </lastmod>
	</url><url>
		<loc> https://geoconnex.us/ref/aiannh/6500 </loc>
		<lastmod> 2022-05-19 03:35:38.689788 </lastmod>
	</url><url>
		<loc> https://geoconnex.us/ref/aiannh/7085 </loc>
		<lastmod> 2022-05-19 03:35:38.689804 </lastmod>
	</url><url>
		<loc> https://geoconnex.us/ref/aiannh/6840 </loc>
		<lastmod> 2022-05-19 03:35:38.689819 </lastmod>
	</url><url>
		<loc> https://geoconnex.us/ref/aiannh/6255 </loc>
		<lastmod> 2022-05-19 03:35:38.689835 </lastmod>
	</url><url>
		<loc> https://geoconnex.us/ref/aiannh/7500 </loc>
		<lastmod> 2022-05-19 03:35:38.689851 </lastmod>
	</url><url>
		<loc> https://geoconnex.us/ref/aiannh/6865 </loc>
		<lastmod> 2022-05-19 03:35:38.689866 </lastmod>
	</url><url>
		<loc> https://geoconnex.us/ref/aiannh/7650 </loc>
		<lastmod> 2022-05-19 03:35:38.689882 </lastmod>
	</url><url>
		<loc> https://geoconnex.us/ref/aiannh/4130 </loc>
		<lastmod> 2022-05-19 03:35:38.689897 </lastmod>
	</url><url>
		<loc> https://geoconnex.us/ref/aiannh/3115 </loc>
		<lastmod> 2022-05-19 03:35:38.689913 </lastmod>
	</url><url>
		<loc> https://geoconnex.us/ref/aiannh/4625 </loc>
		<lastmod> 2022-05-19 03:35:38.689928 </lastmod>
	</url><url>
		<loc> https://geoconnex.us/ref/aiannh/3285 </loc>
		<lastmod> 2022-05-19 03:35:38.689944 </lastmod>
	</url><url>
		<loc> https://geoconnex.us/ref/aiannh/0325 </loc>
		<lastmod> 2022-05-19 03:35:38.689960 </lastmod>
	</url><url>
		<loc> https://geoconnex.us/ref/aiannh/9950 </loc>
		<lastmod> 2022-05-19 03:35:38.689975 </lastmod>
	</url><url>
		<loc> https://geoconnex.us/ref/aiannh/7415 </loc>
		<lastmod> 2022-05-19 03:35:38.689991 </lastmod>
	</url><url>
		<loc> https://geoconnex.us/ref/aiannh/1040 </loc>
		<lastmod> 2022-05-19 03:35:38.690006 </lastmod>
	</url><url>
		<loc> https://geoconnex.us/ref/aiannh/0165 </loc>
		<lastmod> 2022-05-19 03:35:38.690022 </lastmod>
	</url><url>
		<loc> https://geoconnex.us/ref/aiannh/6300 </loc>
		<lastmod> 2022-05-19 03:35:38.690037 </lastmod>
	</url><url>
		<loc> https://geoconnex.us/ref/aiannh/7250 </loc>
		<lastmod> 2022-05-19 03:35:38.690053 </lastmod>
	</url><url>
		<loc> https://geoconnex.us/ref/aiannh/6490 </loc>
		<lastmod> 2022-05-19 03:35:38.690069 </lastmod>
	</url><url>
		<loc> https://geoconnex.us/ref/aiannh/7225 </loc>
		<lastmod> 2022-05-19 03:35:38.690084 </lastmod>
	</url><url>
		<loc> https://geoconnex.us/ref/aiannh/2475 </loc>
		<lastmod> 2022-05-19 03:35:38.690100 </lastmod>
	</url><url>
		<loc> https://geoconnex.us/ref/aiannh/0575 </loc>
		<lastmod> 2022-05-19 03:35:38.690116 </lastmod>
	</url><url>
		<loc> https://geoconnex.us/ref/aiannh/2925 </loc>
		<lastmod> 2022-05-19 03:35:38.690132 </lastmod>
	</url><url>
		<loc> https://geoconnex.us/ref/aiannh/2985 </loc>
		<lastmod> 2022-05-19 03:35:38.690148 </lastmod>
	</url><url>
		<loc> https://geoconnex.us/ref/aiannh/0335 </loc>
		<lastmod> 2022-05-19 03:35:38.690164 </lastmod>
	</url><url>
		<loc> https://geoconnex.us/ref/aiannh/5730 </loc>
		<lastmod> 2022-05-19 03:35:38.690179 </lastmod>
	</url><url>
		<loc> https://geoconnex.us/ref/aiannh/3280 </loc>
		<lastmod> 2022-05-19 03:35:38.690195 </lastmod>
	</url><url>
		<loc> https://geoconnex.us/ref/aiannh/5088 </loc>
		<lastmod> 2022-05-19 03:35:38.690211 </lastmod>
	</url><url>
		<loc> https://geoconnex.us/ref/aiannh/5116 </loc>
		<lastmod> 2022-05-19 03:35:38.690227 </lastmod>
	</url><url>
		<loc> https://geoconnex.us/ref/aiannh/4500 </loc>
		<lastmod> 2022-05-19 03:35:38.690242 </lastmod>
	</url><url>
		<loc> https://geoconnex.us/ref/aiannh/1055 </loc>
		<lastmod> 2022-05-19 03:35:38.690258 </lastmod>
	</url><url>
		<loc> https://geoconnex.us/ref/aiannh/3095 </loc>
		<lastmod> 2022-05-19 03:35:38.690273 </lastmod>
	</url><url>
		<loc> https://geoconnex.us/ref/aiannh/1915 </loc>
		<lastmod> 2022-05-19 03:35:38.690289 </lastmod>
	</url><url>
		<loc> https://geoconnex.us/ref/aiannh/7315 </loc>
		<lastmod> 2022-05-19 03:35:38.690305 </lastmod>
	</url><url>
		<loc> https://geoconnex.us/ref/aiannh/7450 </loc>
		<lastmod> 2022-05-19 03:35:38.690321 </lastmod>
	</url><url>
		<loc> https://geoconnex.us/ref/aiannh/7495 </loc>
		<lastmod> 2022-05-19 03:35:38.690337 </lastmod>
	</url><url>
		<loc> https://geoconnex.us/ref/aiannh/6015 </loc>
		<lastmod> 2022-05-19 03:35:38.690353 </lastmod>
	</url><url>
		<loc> https://geoconnex.us/ref/aiannh/6860 </loc>
		<lastmod> 2022-05-19 03:35:38.690369 </lastmod>
	</url><url>
		<loc> https://geoconnex.us/ref/aiannh/2055 </loc>
		<lastmod> 2022-05-19 03:35:38.690385 </lastmod>
	</url><url>
		<loc> https://geoconnex.us/ref/aiannh/2150 </loc>
		<lastmod> 2022-05-19 03:35:38.690426 </lastmod>
	</url><url>
		<loc> https://geoconnex.us/ref/aiannh/5051 </loc>
		<lastmod> 2022-05-19 03:35:38.690442 </lastmod>
	</url><url>
		<loc> https://geoconnex.us/ref/aiannh/5239 </loc>
		<lastmod> 2022-05-19 03:35:38.690458 </lastmod>
	</url><url>
		<loc> https://geoconnex.us/ref/aiannh/5640 </loc>
		<lastmod> 2022-05-19 03:35:38.690473 </lastmod>
	</url><url>
		<loc> https://geoconnex.us/ref/aiannh/3010 </loc>
		<lastmod> 2022-05-19 03:35:38.690489 </lastmod>
	</url><url>
		<loc> https://geoconnex.us/ref/aiannh/7145 </loc>
		<lastmod> 2022-05-19 03:35:38.690504 </lastmod>
	</url><url>
		<loc> https://geoconnex.us/ref/aiannh/2070 </loc>
		<lastmod> 2022-05-19 03:35:38.690520 </lastmod>
	</url><url>
		<loc> https://geoconnex.us/ref/aiannh/0200 </loc>
		<lastmod> 2022-05-19 03:35:38.690535 </lastmod>
	</url><url>
		<loc> https://geoconnex.us/ref/aiannh/6810 </loc>
		<lastmod> 2022-05-19 03:35:38.690551 </lastmod>
	</url><url>
		<loc> https://geoconnex.us/ref/aiannh/6995 </loc>
		<lastmod> 2022-05-19 03:35:38.690567 </lastmod>
	</url><url>
		<loc> https://geoconnex.us/ref/aiannh/6365 </loc>
		<lastmod> 2022-05-19 03:35:38.690583 </lastmod>
	</url><url>
		<loc> https://geoconnex.us/ref/aiannh/2285 </loc>
		<lastmod> 2022-05-19 03:35:38.690598 </lastmod>
	</url><url>
		<loc> https://geoconnex.us/ref/aiannh/3885 </loc>
		<lastmod> 2022-05-19 03:35:38.690614 </lastmod>
	</url><url>
		<loc> https://geoconnex.us/ref/aiannh/5915 </loc>
		<lastmod> 2022-05-19 03:35:38.690630 </lastmod>
	</url><url>
		<loc> https://geoconnex.us/ref/aiannh/9975 </loc>
		<lastmod> 2022-05-19 03:35:38.690646 </lastmod>
	</url><url>
		<loc> https://geoconnex.us/ref/aiannh/2850 </loc>
		<lastmod> 2022-05-19 03:35:38.690662 </lastmod>
	</url><url>
		<loc> https://geoconnex.us/ref/aiannh/0940 </loc>
		<lastmod> 2022-05-19 03:35:38.690678 </lastmod>
	</url><url>
		<loc> https://geoconnex.us/ref/aiannh/1380 </loc>
		<lastmod> 2022-05-19 03:35:38.690694 </lastmod>
	</url><url>
		<loc> https://geoconnex.us/ref/aiannh/0265 </loc>
		<lastmod> 2022-05-19 03:35:38.690710 </lastmod>
	</url><url>
		<loc> https://geoconnex.us/ref/aiannh/4235 </loc>
		<lastmod> 2022-05-19 03:35:38.690726 </lastmod>
	</url><url>
		<loc> https://geoconnex.us/ref/aiannh/6590 </loc>
		<lastmod> 2022-05-19 03:35:38.690741 </lastmod>
	</url><url>
		<loc> https://geoconnex.us/ref/aiannh/6680 </loc>
		<lastmod> 2022-05-19 03:35:38.690757 </lastmod>
	</url><url>
		<loc> https://geoconnex.us/ref/aiannh/7130 </loc>
		<lastmod> 2022-05-19 03:35:38.690773 </lastmod>
	</url><url>
		<loc> https://geoconnex.us/ref/aiannh/7150 </loc>
		<lastmod> 2022-05-19 03:35:38.690789 </lastmod>
	</url><url>
		<loc> https://geoconnex.us/ref/aiannh/7260 </loc>
		<lastmod> 2022-05-19 03:35:38.690804 </lastmod>
	</url><url>
		<loc> https://geoconnex.us/ref/aiannh/6390 </loc>
		<lastmod> 2022-05-19 03:35:38.690820 </lastmod>
	</url><url>
		<loc> https://geoconnex.us/ref/aiannh/4290 </loc>
		<lastmod> 2022-05-19 03:35:38.690836 </lastmod>
	</url><url>
		<loc> https://geoconnex.us/ref/aiannh/2085 </loc>
		<lastmod> 2022-05-19 03:35:38.690852 </lastmod>
	</url><url>
		<loc> https://geoconnex.us/ref/aiannh/2685 </loc>
		<lastmod> 2022-05-19 03:35:38.690868 </lastmod>
	</url><url>
		<loc> https://geoconnex.us/ref/aiannh/0125 </loc>
		<lastmod> 2022-05-19 03:35:38.690884 </lastmod>
	</url><url>
		<loc> https://geoconnex.us/ref/aiannh/2820 </loc>
		<lastmod> 2022-05-19 03:35:38.690899 </lastmod>
	</url><url>
		<loc> https://geoconnex.us/ref/aiannh/6235 </loc>
		<lastmod> 2022-05-19 03:35:38.690915 </lastmod>
	</url><url>
		<loc> https://geoconnex.us/ref/aiannh/6540 </loc>
		<lastmod> 2022-05-19 03:35:38.690931 </lastmod>
	</url><url>
		<loc> https://geoconnex.us/ref/aiannh/6650 </loc>
		<lastmod> 2022-05-19 03:35:38.690947 </lastmod>
	</url><url>
		<loc> https://geoconnex.us/ref/aiannh/6265 </loc>
		<lastmod> 2022-05-19 03:35:38.690963 </lastmod>
	</url><url>
		<loc> https://geoconnex.us/ref/aiannh/1195 </loc>
		<lastmod> 2022-05-19 03:35:38.690978 </lastmod>
	</url><url>
		<loc> https://geoconnex.us/ref/aiannh/1770 </loc>
		<lastmod> 2022-05-19 03:35:38.690994 </lastmod>
	</url><url>
		<loc> https://geoconnex.us/ref/aiannh/3165 </loc>
		<lastmod> 2022-05-19 03:35:38.691010 </lastmod>
	</url><url>
		<loc> https://geoconnex.us/ref/aiannh/1625 </loc>
		<lastmod> 2022-05-19 03:35:38.691025 </lastmod>
	</url><url>
		<loc> https://geoconnex.us/ref/aiannh/3000 </loc>
		<lastmod> 2022-05-19 03:35:38.691041 </lastmod>
	</url><url>
		<loc> https://geoconnex.us/ref/aiannh/4690 </loc>
		<lastmod> 2022-05-19 03:35:38.691056 </lastmod>
	</url><url>
		<loc> https://geoconnex.us/ref/aiannh/6295 </loc>
		<lastmod> 2022-05-19 03:35:38.691072 </lastmod>
	</url><url>
		<loc> https://geoconnex.us/ref/aiannh/7065 </loc>
		<lastmod> 2022-05-19 03:35:38.691088 </lastmod>
	</url><url>
		<loc> https://geoconnex.us/ref/aiannh/7465 </loc>
		<lastmod> 2022-05-19 03:35:38.691103 </lastmod>
	</url><url>
		<loc> https://geoconnex.us/ref/aiannh/7270 </loc>
		<lastmod> 2022-05-19 03:35:38.691119 </lastmod>
	</url><url>
		<loc> https://geoconnex.us/ref/aiannh/6945 </loc>
		<lastmod> 2022-05-19 03:35:38.691134 </lastmod>
	</url><url>
		<loc> https://geoconnex.us/ref/aiannh/7605 </loc>
		<lastmod> 2022-05-19 03:35:38.691150 </lastmod>
	</url><url>
		<loc> https://geoconnex.us/ref/aiannh/7220 </loc>
		<lastmod> 2022-05-19 03:35:38.691166 </lastmod>
	</url><url>
		<loc> https://geoconnex.us/ref/aiannh/6040 </loc>
		<lastmod> 2022-05-19 03:35:38.691181 </lastmod>
	</url><url>
		<loc> https://geoconnex.us/ref/aiannh/6570 </loc>
		<lastmod> 2022-05-19 03:35:38.691197 </lastmod>
	</url><url>
		<loc> https://geoconnex.us/ref/aiannh/6405 </loc>
		<lastmod> 2022-05-19 03:35:38.691212 </lastmod>
	</url><url>
		<loc> https://geoconnex.us/ref/aiannh/7475 </loc>
		<lastmod> 2022-05-19 03:35:38.691228 </lastmod>
	</url><url>
		<loc> https://geoconnex.us/ref/aiannh/7030 </loc>
		<lastmod> 2022-05-19 03:35:38.691244 </lastmod>
	</url><url>
		<loc> https://geoconnex.us/ref/aiannh/2745 </loc>
		<lastmod> 2022-05-19 03:35:38.691260 </lastmod>
	</url><url>
		<loc> https://geoconnex.us/ref/aiannh/9963 </loc>
		<lastmod> 2022-05-19 03:35:38.691277 </lastmod>
	</url><url>
		<loc> https://geoconnex.us/ref/aiannh/1100 </loc>
		<lastmod> 2022-05-19 03:35:38.691293 </lastmod>
	</url><url>
		<loc> https://geoconnex.us/ref/aiannh/6670 </loc>
		<lastmod> 2022-05-19 03:35:38.691310 </lastmod>
	</url><url>
		<loc> https://geoconnex.us/ref/aiannh/0510 </loc>
		<lastmod> 2022-05-19 03:35:38.691326 </lastmod>
	</url><url>
		<loc> https://geoconnex.us/ref/aiannh/2510 </loc>
		<lastmod> 2022-05-19 03:35:38.691341 </lastmod>
	</url><url>
		<loc> https://geoconnex.us/ref/aiannh/2270 </loc>
		<lastmod> 2022-05-19 03:35:38.691357 </lastmod>
	</url><url>
		<loc> https://geoconnex.us/ref/aiannh/4708 </loc>
		<lastmod> 2022-05-19 03:35:38.691373 </lastmod>
	</url><url>
		<loc> https://geoconnex.us/ref/aiannh/2680 </loc>
		<lastmod> 2022-05-19 03:35:38.691389 </lastmod>
	</url><url>
		<loc> https://geoconnex.us/ref/aiannh/2315 </loc>
		<lastmod> 2022-05-19 03:35:38.691405 </lastmod>
	</url><url>
		<loc> https://geoconnex.us/ref/aiannh/3480 </loc>
		<lastmod> 2022-05-19 03:35:38.691421 </lastmod>
	</url><url>
		<loc> https://geoconnex.us/ref/aiannh/4770 </loc>
		<lastmod> 2022-05-19 03:35:38.691436 </lastmod>
	</url><url>
		<loc> https://geoconnex.us/ref/aiannh/9970 </loc>
		<lastmod> 2022-05-19 03:35:38.691452 </lastmod>
	</url><url>
		<loc> https://geoconnex.us/ref/aiannh/5181 </loc>
		<lastmod> 2022-05-19 03:35:38.691468 </lastmod>
	</url><url>
		<loc> https://geoconnex.us/ref/aiannh/5216 </loc>
		<lastmod> 2022-05-19 03:35:38.691483 </lastmod>
	</url><url>
		<loc> https://geoconnex.us/ref/aiannh/7205 </loc>
		<lastmod> 2022-05-19 03:35:38.691499 </lastmod>
	</url><url>
		<loc> https://geoconnex.us/ref/aiannh/5970 </loc>
		<lastmod> 2022-05-19 03:35:38.691514 </lastmod>
	</url><url>
		<loc> https://geoconnex.us/ref/aiannh/6990 </loc>
		<lastmod> 2022-05-19 03:35:38.691530 </lastmod>
	</url><url>
		<loc> https://geoconnex.us/ref/aiannh/6445 </loc>
		<lastmod> 2022-05-19 03:35:38.691546 </lastmod>
	</url><url>
		<loc> https://geoconnex.us/ref/aiannh/6415 </loc>
		<lastmod> 2022-05-19 03:35:38.691561 </lastmod>
	</url><url>
		<loc> https://geoconnex.us/ref/aiannh/6310 </loc>
		<lastmod> 2022-05-19 03:35:38.691577 </lastmod>
	</url><url>
		<loc> https://geoconnex.us/ref/aiannh/7070 </loc>
		<lastmod> 2022-05-19 03:35:38.691592 </lastmod>
	</url><url>
		<loc> https://geoconnex.us/ref/aiannh/7485 </loc>
		<lastmod> 2022-05-19 03:35:38.691608 </lastmod>
	</url><url>
		<loc> https://geoconnex.us/ref/aiannh/7640 </loc>
		<lastmod> 2022-05-19 03:35:38.691623 </lastmod>
	</url><url>
		<loc> https://geoconnex.us/ref/aiannh/6025 </loc>
		<lastmod> 2022-05-19 03:35:38.691639 </lastmod>
	</url><url>
		<loc> https://geoconnex.us/ref/aiannh/7055 </loc>
		<lastmod> 2022-05-19 03:35:38.691655 </lastmod>
	</url><url>
		<loc> https://geoconnex.us/ref/aiannh/6585 </loc>
		<lastmod> 2022-05-19 03:35:38.691671 </lastmod>
	</url><url>
		<loc> https://geoconnex.us/ref/aiannh/7175 </loc>
		<lastmod> 2022-05-19 03:35:38.691687 </lastmod>
	</url><url>
		<loc> https://geoconnex.us/ref/aiannh/7410 </loc>
		<lastmod> 2022-05-19 03:35:38.691703 </lastmod>
	</url><url>
		<loc> https://geoconnex.us/ref/aiannh/3340 </loc>
		<lastmod> 2022-05-19 03:35:38.691719 </lastmod>
	</url><url>
		<loc> https://geoconnex.us/ref/aiannh/3320 </loc>
		<lastmod> 2022-05-19 03:35:38.691735 </lastmod>
	</url><url>
		<loc> https://geoconnex.us/ref/aiannh/7510 </loc>
		<lastmod> 2022-05-19 03:35:38.691751 </lastmod>
	</url><url>
		<loc> https://geoconnex.us/ref/aiannh/6935 </loc>
		<lastmod> 2022-05-19 03:35:38.691767 </lastmod>
	</url><url>
		<loc> https://geoconnex.us/ref/aiannh/7040 </loc>
		<lastmod> 2022-05-19 03:35:38.691822 </lastmod>
	</url><url>
		<loc> https://geoconnex.us/ref/aiannh/7255 </loc>
		<lastmod> 2022-05-19 03:35:38.691839 </lastmod>
	</url><url>
		<loc> https://geoconnex.us/ref/aiannh/7630 </loc>
		<lastmod> 2022-05-19 03:35:38.691855 </lastmod>
	</url><url>
		<loc> https://geoconnex.us/ref/aiannh/7435 </loc>
		<lastmod> 2022-05-19 03:35:38.691871 </lastmod>
	</url><url>
		<loc> https://geoconnex.us/ref/aiannh/5061 </loc>
		<lastmod> 2022-05-19 03:35:38.691887 </lastmod>
	</url><url>
		<loc> https://geoconnex.us/ref/aiannh/5238 </loc>
		<lastmod> 2022-05-19 03:35:38.691902 </lastmod>
	</url><url>
		<loc> https://geoconnex.us/ref/aiannh/5176 </loc>
		<lastmod> 2022-05-19 03:35:38.691918 </lastmod>
	</url><url>
		<loc> https://geoconnex.us/ref/aiannh/4075 </loc>
		<lastmod> 2022-05-19 03:35:38.691934 </lastmod>
	</url><url>
		<loc> https://geoconnex.us/ref/aiannh/2910 </loc>
		<lastmod> 2022-05-19 03:35:38.691950 </lastmod>
	</url><url>
		<loc> https://geoconnex.us/ref/aiannh/3370 </loc>
		<lastmod> 2022-05-19 03:35:38.691965 </lastmod>
	</url><url>
		<loc> https://geoconnex.us/ref/aiannh/6340 </loc>
		<lastmod> 2022-05-19 03:35:38.691981 </lastmod>
	</url><url>
		<loc> https://geoconnex.us/ref/aiannh/6460 </loc>
		<lastmod> 2022-05-19 03:35:38.691997 </lastmod>
	</url><url>
		<loc> https://geoconnex.us/ref/aiannh/1610 </loc>
		<lastmod> 2022-05-19 03:35:38.692012 </lastmod>
	</url><url>
		<loc> https://geoconnex.us/ref/aiannh/3735 </loc>
		<lastmod> 2022-05-19 03:35:38.692028 </lastmod>
	</url><url>
		<loc> https://geoconnex.us/ref/aiannh/5223 </loc>
		<lastmod> 2022-05-19 03:35:38.692043 </lastmod>
	</url><url>
		<loc> https://geoconnex.us/ref/aiannh/5030 </loc>
		<lastmod> 2022-05-19 03:35:38.692059 </lastmod>
	</url><url>
		<loc> https://geoconnex.us/ref/aiannh/5046 </loc>
		<lastmod> 2022-05-19 03:35:38.692075 </lastmod>
	</url><url>
		<loc> https://geoconnex.us/ref/aiannh/3795 </loc>
		<lastmod> 2022-05-19 03:35:38.692090 </lastmod>
	</url><url>
		<loc> https://geoconnex.us/ref/aiannh/5186 </loc>
		<lastmod> 2022-05-19 03:35:38.692106 </lastmod>
	</url><url>
		<loc> https://geoconnex.us/ref/aiannh/5033 </loc>
		<lastmod> 2022-05-19 03:35:38.692123 </lastmod>
	</url><url>
		<loc> https://geoconnex.us/ref/aiannh/5101 </loc>
		<lastmod> 2022-05-19 03:35:38.692139 </lastmod>
	</url><url>
		<loc> https://geoconnex.us/ref/aiannh/3930 </loc>
		<lastmod> 2022-05-19 03:35:38.692154 </lastmod>
	</url><url>
		<loc> https://geoconnex.us/ref/aiannh/5800 </loc>
		<lastmod> 2022-05-19 03:35:38.692170 </lastmod>
	</url><url>
		<loc> https://geoconnex.us/ref/aiannh/6325 </loc>
		<lastmod> 2022-05-19 03:35:38.692186 </lastmod>
	</url><url>
		<loc> https://geoconnex.us/ref/aiannh/6575 </loc>
		<lastmod> 2022-05-19 03:35:38.692202 </lastmod>
	</url><url>
		<loc> https://geoconnex.us/ref/aiannh/6450 </loc>
		<lastmod> 2022-05-19 03:35:38.692218 </lastmod>
	</url><url>
		<loc> https://geoconnex.us/ref/aiannh/2775 </loc>
		<lastmod> 2022-05-19 03:35:38.692234 </lastmod>
	</url><url>
		<loc> https://geoconnex.us/ref/aiannh/0495 </loc>
		<lastmod> 2022-05-19 03:35:38.692249 </lastmod>
	</url><url>
		<loc> https://geoconnex.us/ref/aiannh/7530 </loc>
		<lastmod> 2022-05-19 03:35:38.692265 </lastmod>
	</url><url>
		<loc> https://geoconnex.us/ref/aiannh/1160 </loc>
		<lastmod> 2022-05-19 03:35:38.692281 </lastmod>
	</url><url>
		<loc> https://geoconnex.us/ref/aiannh/9865 </loc>
		<lastmod> 2022-05-19 03:35:38.692323 </lastmod>
	</url><url>
		<loc> https://geoconnex.us/ref/aiannh/1750 </loc>
		<lastmod> 2022-05-19 03:35:38.692339 </lastmod>
	</url><url>
		<loc> https://geoconnex.us/ref/aiannh/2190 </loc>
		<lastmod> 2022-05-19 03:35:38.692355 </lastmod>
	</url><url>
		<loc> https://geoconnex.us/ref/aiannh/4090 </loc>
		<lastmod> 2022-05-19 03:35:38.692370 </lastmod>
	</url><url>
		<loc> https://geoconnex.us/ref/aiannh/4530 </loc>
		<lastmod> 2022-05-19 03:35:38.692386 </lastmod>
	</url><url>
		<loc> https://geoconnex.us/ref/aiannh/4225 </loc>
		<lastmod> 2022-05-19 03:35:38.692402 </lastmod>
	</url><url>
		<loc> https://geoconnex.us/ref/aiannh/5056 </loc>
		<lastmod> 2022-05-19 03:35:38.692417 </lastmod>
	</url><url>
		<loc> https://geoconnex.us/ref/aiannh/1590 </loc>
		<lastmod> 2022-05-19 03:35:38.692433 </lastmod>
	</url><url>
		<loc> https://geoconnex.us/ref/aiannh/7505 </loc>
		<lastmod> 2022-05-19 03:35:38.692449 </lastmod>
	</url><url>
		<loc> https://geoconnex.us/ref/aiannh/6515 </loc>
		<lastmod> 2022-05-19 03:35:38.692464 </lastmod>
	</url><url>
		<loc> https://geoconnex.us/ref/aiannh/6125 </loc>
		<lastmod> 2022-05-19 03:35:38.692480 </lastmod>
	</url><url>
		<loc> https://geoconnex.us/ref/aiannh/6150 </loc>
		<lastmod> 2022-05-19 03:35:38.692495 </lastmod>
	</url><url>
		<loc> https://geoconnex.us/ref/aiannh/6765 </loc>
		<lastmod> 2022-05-19 03:35:38.692511 </lastmod>
	</url><url>
		<loc> https://geoconnex.us/ref/aiannh/6385 </loc>
		<lastmod> 2022-05-19 03:35:38.692527 </lastmod>
	</url><url>
		<loc> https://geoconnex.us/ref/aiannh/1410 </loc>
		<lastmod> 2022-05-19 03:35:38.692542 </lastmod>
	</url><url>
		<loc> https://geoconnex.us/ref/aiannh/3780 </loc>
		<lastmod> 2022-05-19 03:35:38.692558 </lastmod>
	</url><url>
		<loc> https://geoconnex.us/ref/aiannh/9838 </loc>
		<lastmod> 2022-05-19 03:35:38.692575 </lastmod>
	</url><url>
		<loc> https://geoconnex.us/ref/aiannh/5179 </loc>
		<lastmod> 2022-05-19 03:35:38.692590 </lastmod>
	</url><url>
		<loc> https://geoconnex.us/ref/aiannh/5083 </loc>
		<lastmod> 2022-05-19 03:35:38.692606 </lastmod>
	</url><url>
		<loc> https://geoconnex.us/ref/aiannh/5276 </loc>
		<lastmod> 2022-05-19 03:35:38.692622 </lastmod>
	</url><url>
		<loc> https://geoconnex.us/ref/aiannh/4315 </loc>
		<lastmod> 2022-05-19 03:35:38.692638 </lastmod>
	</url><url>
		<loc> https://geoconnex.us/ref/aiannh/9830 </loc>
		<lastmod> 2022-05-19 03:35:38.692654 </lastmod>
	</url><url>
		<loc> https://geoconnex.us/ref/aiannh/2375 </loc>
		<lastmod> 2022-05-19 03:35:38.692669 </lastmod>
	</url><url>
		<loc> https://geoconnex.us/ref/aiannh/3680 </loc>
		<lastmod> 2022-05-19 03:35:38.692685 </lastmod>
	</url><url>
		<loc> https://geoconnex.us/ref/aiannh/6160 </loc>
		<lastmod> 2022-05-19 03:35:38.692701 </lastmod>
	</url><url>
		<loc> https://geoconnex.us/ref/aiannh/7560 </loc>
		<lastmod> 2022-05-19 03:35:38.692716 </lastmod>
	</url><url>
		<loc> https://geoconnex.us/ref/aiannh/6685 </loc>
		<lastmod> 2022-05-19 03:35:38.692732 </lastmod>
	</url><url>
		<loc> https://geoconnex.us/ref/aiannh/6495 </loc>
		<lastmod> 2022-05-19 03:35:38.692748 </lastmod>
	</url><url>
		<loc> https://geoconnex.us/ref/aiannh/1880 </loc>
		<lastmod> 2022-05-19 03:35:38.692764 </lastmod>
	</url><url>
		<loc> https://geoconnex.us/ref/aiannh/0815 </loc>
		<lastmod> 2022-05-19 03:35:38.692779 </lastmod>
	</url><url>
		<loc> https://geoconnex.us/ref/aiannh/6740 </loc>
		<lastmod> 2022-05-19 03:35:38.692795 </lastmod>
	</url><url>
		<loc> https://geoconnex.us/ref/aiannh/4710 </loc>
		<lastmod> 2022-05-19 03:35:38.692811 </lastmod>
	</url><url>
		<loc> https://geoconnex.us/ref/aiannh/1220 </loc>
		<lastmod> 2022-05-19 03:35:38.692826 </lastmod>
	</url><url>
		<loc> https://geoconnex.us/ref/aiannh/3840 </loc>
		<lastmod> 2022-05-19 03:35:38.692842 </lastmod>
	</url><url>
		<loc> https://geoconnex.us/ref/aiannh/6620 </loc>
		<lastmod> 2022-05-19 03:35:38.692858 </lastmod>
	</url><url>
		<loc> https://geoconnex.us/ref/aiannh/1830 </loc>
		<lastmod> 2022-05-19 03:35:38.692874 </lastmod>
	</url><url>
		<loc> https://geoconnex.us/ref/aiannh/0975 </loc>
		<lastmod> 2022-05-19 03:35:38.692890 </lastmod>
	</url><url>
		<loc> https://geoconnex.us/ref/aiannh/9825 </loc>
		<lastmod> 2022-05-19 03:35:38.692906 </lastmod>
	</url><url>
		<loc> https://geoconnex.us/ref/aiannh/2865 </loc>
		<lastmod> 2022-05-19 03:35:38.692921 </lastmod>
	</url><url>
		<loc> https://geoconnex.us/ref/aiannh/6700 </loc>
		<lastmod> 2022-05-19 03:35:38.692937 </lastmod>
	</url><url>
		<loc> https://geoconnex.us/ref/aiannh/3635 </loc>
		<lastmod> 2022-05-19 03:35:38.692952 </lastmod>
	</url><url>
		<loc> https://geoconnex.us/ref/aiannh/2635 </loc>
		<lastmod> 2022-05-19 03:35:38.692968 </lastmod>
	</url><url>
		<loc> https://geoconnex.us/ref/aiannh/1655 </loc>
		<lastmod> 2022-05-19 03:35:38.692983 </lastmod>
	</url><url>
		<loc> https://geoconnex.us/ref/aiannh/2360 </loc>
		<lastmod> 2022-05-19 03:35:38.692999 </lastmod>
	</url><url>
		<loc> https://geoconnex.us/ref/aiannh/7375 </loc>
		<lastmod> 2022-05-19 03:35:38.693015 </lastmod>
	</url><url>
		<loc> https://geoconnex.us/ref/aiannh/6735 </loc>
		<lastmod> 2022-05-19 03:35:38.693031 </lastmod>
	</url><url>
		<loc> https://geoconnex.us/ref/aiannh/5004 </loc>
		<lastmod> 2022-05-19 03:35:38.693047 </lastmod>
	</url><url>
		<loc> https://geoconnex.us/ref/aiannh/9510 </loc>
		<lastmod> 2022-05-19 03:35:38.693063 </lastmod>
	</url><url>
		<loc> https://geoconnex.us/ref/aiannh/6420 </loc>
		<lastmod> 2022-05-19 03:35:38.693079 </lastmod>
	</url><url>
		<loc> https://geoconnex.us/ref/aiannh/7735 </loc>
		<lastmod> 2022-05-19 03:35:38.693094 </lastmod>
	</url><url>
		<loc> https://geoconnex.us/ref/aiannh/7645 </loc>
		<lastmod> 2022-05-19 03:35:38.693110 </lastmod>
	</url><url>
		<loc> https://geoconnex.us/ref/aiannh/9525 </loc>
		<lastmod> 2022-05-19 03:35:38.693126 </lastmod>
	</url><url>
		<loc> https://geoconnex.us/ref/aiannh/7215 </loc>
		<lastmod> 2022-05-19 03:35:38.693142 </lastmod>
	</url><url>
		<loc> https://geoconnex.us/ref/aiannh/1475 </loc>
		<lastmod> 2022-05-19 03:35:38.693157 </lastmod>
	</url><url>
		<loc> https://geoconnex.us/ref/aiannh/5031 </loc>
		<lastmod> 2022-05-19 03:35:38.693173 </lastmod>
	</url><url>
		<loc> https://geoconnex.us/ref/aiannh/1685 </loc>
		<lastmod> 2022-05-19 03:35:38.693189 </lastmod>
	</url><url>
		<loc> https://geoconnex.us/ref/aiannh/2550 </loc>
		<lastmod> 2022-05-19 03:35:38.693205 </lastmod>
	</url><url>
		<loc> https://geoconnex.us/ref/aiannh/5041 </loc>
		<lastmod> 2022-05-19 03:35:38.693220 </lastmod>
	</url><url>
		<loc> https://geoconnex.us/ref/aiannh/5138 </loc>
		<lastmod> 2022-05-19 03:35:38.693236 </lastmod>
	</url><url>
		<loc> https://geoconnex.us/ref/aiannh/5213 </loc>
		<lastmod> 2022-05-19 03:35:38.693252 </lastmod>
	</url><url>
		<loc> https://geoconnex.us/ref/aiannh/5120 </loc>
		<lastmod> 2022-05-19 03:35:38.693267 </lastmod>
	</url><url>
		<loc> https://geoconnex.us/ref/aiannh/5086 </loc>
		<lastmod> 2022-05-19 03:35:38.693283 </lastmod>
	</url><url>
		<loc> https://geoconnex.us/ref/aiannh/5133 </loc>
		<lastmod> 2022-05-19 03:35:38.693298 </lastmod>
	</url><url>
		<loc> https://geoconnex.us/ref/aiannh/5066 </loc>
		<lastmod> 2022-05-19 03:35:38.693314 </lastmod>
	</url><url>
		<loc> https://geoconnex.us/ref/aiannh/5256 </loc>
		<lastmod> 2022-05-19 03:35:38.693330 </lastmod>
	</url><url>
		<loc> https://geoconnex.us/ref/aiannh/2760 </loc>
		<lastmod> 2022-05-19 03:35:38.693345 </lastmod>
	</url><url>
		<loc> https://geoconnex.us/ref/aiannh/2695 </loc>
		<lastmod> 2022-05-19 03:35:38.693361 </lastmod>
	</url><url>
		<loc> https://geoconnex.us/ref/aiannh/3040 </loc>
		<lastmod> 2022-05-19 03:35:38.693376 </lastmod>
	</url><url>
		<loc> https://geoconnex.us/ref/aiannh/3925 </loc>
		<lastmod> 2022-05-19 03:35:38.693392 </lastmod>
	</url><url>
		<loc> https://geoconnex.us/ref/aiannh/9630 </loc>
		<lastmod> 2022-05-19 03:35:38.693408 </lastmod>
	</url><url>
		<loc> https://geoconnex.us/ref/aiannh/3565 </loc>
		<lastmod> 2022-05-19 03:35:38.693423 </lastmod>
	</url><url>
		<loc> https://geoconnex.us/ref/aiannh/2900 </loc>
		<lastmod> 2022-05-19 03:35:38.693439 </lastmod>
	</url><url>
		<loc> https://geoconnex.us/ref/aiannh/8450 </loc>
		<lastmod> 2022-05-19 03:35:38.693456 </lastmod>
	</url><url>
		<loc> https://geoconnex.us/ref/aiannh/7340 </loc>
		<lastmod> 2022-05-19 03:35:38.693472 </lastmod>
	</url><url>
		<loc> https://geoconnex.us/ref/aiannh/1850 </loc>
		<lastmod> 2022-05-19 03:35:38.693487 </lastmod>
	</url><url>
		<loc> https://geoconnex.us/ref/aiannh/2580 </loc>
		<lastmod> 2022-05-19 03:35:38.693503 </lastmod>
	</url><url>
		<loc> https://geoconnex.us/ref/aiannh/6400 </loc>
		<lastmod> 2022-05-19 03:35:38.693519 </lastmod>
	</url><url>
		<loc> https://geoconnex.us/ref/aiannh/6535 </loc>
		<lastmod> 2022-05-19 03:35:38.693534 </lastmod>
	</url><url>
		<loc> https://geoconnex.us/ref/aiannh/5670 </loc>
		<lastmod> 2022-05-19 03:35:38.693550 </lastmod>
	</url><url>
		<loc> https://geoconnex.us/ref/aiannh/2570 </loc>
		<lastmod> 2022-05-19 03:35:38.693565 </lastmod>
	</url><url>
		<loc> https://geoconnex.us/ref/aiannh/2175 </loc>
		<lastmod> 2022-05-19 03:35:38.693581 </lastmod>
	</url><url>
		<loc> https://geoconnex.us/ref/aiannh/6380 </loc>
		<lastmod> 2022-05-19 03:35:38.693596 </lastmod>
	</url><url>
		<loc> https://geoconnex.us/ref/aiannh/1280 </loc>
		<lastmod> 2022-05-19 03:35:38.693612 </lastmod>
	</url><url>
		<loc> https://geoconnex.us/ref/aiannh/3220 </loc>
		<lastmod> 2022-05-19 03:35:38.693628 </lastmod>
	</url><url>
		<loc> https://geoconnex.us/ref/aiannh/1980 </loc>
		<lastmod> 2022-05-19 03:35:38.693643 </lastmod>
	</url><url>
		<loc> https://geoconnex.us/ref/aiannh/1065 </loc>
		<lastmod> 2022-05-19 03:35:38.693659 </lastmod>
	</url><url>
		<loc> https://geoconnex.us/ref/aiannh/7570 </loc>
		<lastmod> 2022-05-19 03:35:38.693675 </lastmod>
	</url><url>
		<loc> https://geoconnex.us/ref/aiannh/6900 </loc>
		<lastmod> 2022-05-19 03:35:38.693691 </lastmod>
	</url><url>
		<loc> https://geoconnex.us/ref/aiannh/7025 </loc>
		<lastmod> 2022-05-19 03:35:38.693707 </lastmod>
	</url><url>
		<loc> https://geoconnex.us/ref/aiannh/6030 </loc>
		<lastmod> 2022-05-19 03:35:38.693722 </lastmod>
	</url><url>
		<loc> https://geoconnex.us/ref/aiannh/1960 </loc>
		<lastmod> 2022-05-19 03:35:38.693738 </lastmod>
	</url><url>
		<loc> https://geoconnex.us/ref/aiannh/4345 </loc>
		<lastmod> 2022-05-19 03:35:38.693754 </lastmod>
	</url><url>
		<loc> https://geoconnex.us/ref/aiannh/3205 </loc>
		<lastmod> 2022-05-19 03:35:38.693770 </lastmod>
	</url><url>
		<loc> https://geoconnex.us/ref/aiannh/1150 </loc>
		<lastmod> 2022-05-19 03:35:38.693785 </lastmod>
	</url><url>
		<loc> https://geoconnex.us/ref/aiannh/1995 </loc>
		<lastmod> 2022-05-19 03:35:38.693801 </lastmod>
	</url><url>
		<loc> https://geoconnex.us/ref/aiannh/1170 </loc>
		<lastmod> 2022-05-19 03:35:38.693817 </lastmod>
	</url><url>
		<loc> https://geoconnex.us/ref/aiannh/7690 </loc>
		<lastmod> 2022-05-19 03:35:38.693832 </lastmod>
	</url><url>
		<loc> https://geoconnex.us/ref/aiannh/5890 </loc>
		<lastmod> 2022-05-19 03:35:38.693848 </lastmod>
	</url><url>
		<loc> https://geoconnex.us/ref/aiannh/9850 </loc>
		<lastmod> 2022-05-19 03:35:38.693863 </lastmod>
	</url><url>
		<loc> https://geoconnex.us/ref/aiannh/0360 </loc>
		<lastmod> 2022-05-19 03:35:38.693879 </lastmod>
	</url><url>
		<loc> https://geoconnex.us/ref/aiannh/0795 </loc>
		<lastmod> 2022-05-19 03:35:38.693895 </lastmod>
	</url><url>
		<loc> https://geoconnex.us/ref/aiannh/3130 </loc>
		<lastmod> 2022-05-19 03:35:38.693911 </lastmod>
	</url><url>
		<loc> https://geoconnex.us/ref/aiannh/6257 </loc>
		<lastmod> 2022-05-19 03:35:38.693927 </lastmod>
	</url><url>
		<loc> https://geoconnex.us/ref/aiannh/1450 </loc>
		<lastmod> 2022-05-19 03:35:38.693942 </lastmod>
	</url><url>
		<loc> https://geoconnex.us/ref/aiannh/5236 </loc>
		<lastmod> 2022-05-19 03:35:38.693958 </lastmod>
	</url><url>
		<loc> https://geoconnex.us/ref/aiannh/5136 </loc>
		<lastmod> 2022-05-19 03:35:38.693973 </lastmod>
	</url><url>
		<loc> https://geoconnex.us/ref/aiannh/5139 </loc>
		<lastmod> 2022-05-19 03:35:38.693989 </lastmod>
	</url><url>
		<loc> https://geoconnex.us/ref/aiannh/5283 </loc>
		<lastmod> 2022-05-19 03:35:38.694005 </lastmod>
	</url><url>
		<loc> https://geoconnex.us/ref/aiannh/1800 </loc>
		<lastmod> 2022-05-19 03:35:38.694021 </lastmod>
	</url><url>
		<loc> https://geoconnex.us/ref/aiannh/5018 </loc>
		<lastmod> 2022-05-19 03:35:38.694036 </lastmod>
	</url><url>
		<loc> https://geoconnex.us/ref/aiannh/5199 </loc>
		<lastmod> 2022-05-19 03:35:38.694052 </lastmod>
	</url><url>
		<loc> https://geoconnex.us/ref/aiannh/3980 </loc>
		<lastmod> 2022-05-19 03:35:38.694067 </lastmod>
	</url><url>
		<loc> https://geoconnex.us/ref/aiannh/4740 </loc>
		<lastmod> 2022-05-19 03:35:38.694083 </lastmod>
	</url><url>
		<loc> https://geoconnex.us/ref/aiannh/9240 </loc>
		<lastmod> 2022-05-19 03:35:38.694099 </lastmod>
	</url><url>
		<loc> https://geoconnex.us/ref/aiannh/6360 </loc>
		<lastmod> 2022-05-19 03:35:38.694114 </lastmod>
	</url><url>
		<loc> https://geoconnex.us/ref/aiannh/7230 </loc>
		<lastmod> 2022-05-19 03:35:38.694130 </lastmod>
	</url><url>
		<loc> https://geoconnex.us/ref/aiannh/7425 </loc>
		<lastmod> 2022-05-19 03:35:38.694170 </lastmod>
	</url><url>
		<loc> https://geoconnex.us/ref/aiannh/7400 </loc>
		<lastmod> 2022-05-19 03:35:38.694186 </lastmod>
	</url><url>
		<loc> https://geoconnex.us/ref/aiannh/6845 </loc>
		<lastmod> 2022-05-19 03:35:38.694202 </lastmod>
	</url><url>
		<loc> https://geoconnex.us/ref/aiannh/6330 </loc>
		<lastmod> 2022-05-19 03:35:38.694218 </lastmod>
	</url><url>
		<loc> https://geoconnex.us/ref/aiannh/7525 </loc>
		<lastmod> 2022-05-19 03:35:38.694234 </lastmod>
	</url><url>
		<loc> https://geoconnex.us/ref/aiannh/6560 </loc>
		<lastmod> 2022-05-19 03:35:38.694249 </lastmod>
	</url><url>
		<loc> https://geoconnex.us/ref/aiannh/7305 </loc>
		<lastmod> 2022-05-19 03:35:38.694265 </lastmod>
	</url><url>
		<loc> https://geoconnex.us/ref/aiannh/5286 </loc>
		<lastmod> 2022-05-19 03:35:38.694281 </lastmod>
	</url><url>
		<loc> https://geoconnex.us/ref/aiannh/4180 </loc>
		<lastmod> 2022-05-19 03:35:38.694296 </lastmod>
	</url><url>
		<loc> https://geoconnex.us/ref/aiannh/0050 </loc>
		<lastmod> 2022-05-19 03:35:38.694312 </lastmod>
	</url><url>
		<loc> https://geoconnex.us/ref/aiannh/2460 </loc>
		<lastmod> 2022-05-19 03:35:38.694328 </lastmod>
	</url><url>
		<loc> https://geoconnex.us/ref/aiannh/4275 </loc>
		<lastmod> 2022-05-19 03:35:38.694344 </lastmod>
	</url><url>
		<loc> https://geoconnex.us/ref/aiannh/7725 </loc>
		<lastmod> 2022-05-19 03:35:38.694360 </lastmod>
	</url><url>
		<loc> https://geoconnex.us/ref/aiannh/6095 </loc>
		<lastmod> 2022-05-19 03:35:38.694376 </lastmod>
	</url><url>
		<loc> https://geoconnex.us/ref/aiannh/7555 </loc>
		<lastmod> 2022-05-19 03:35:38.694392 </lastmod>
	</url><url>
		<loc> https://geoconnex.us/ref/aiannh/7520 </loc>
		<lastmod> 2022-05-19 03:35:38.694407 </lastmod>
	</url><url>
		<loc> https://geoconnex.us/ref/aiannh/6800 </loc>
		<lastmod> 2022-05-19 03:35:38.694423 </lastmod>
	</url><url>
		<loc> https://geoconnex.us/ref/aiannh/7265 </loc>
		<lastmod> 2022-05-19 03:35:38.694439 </lastmod>
	</url><url>
		<loc> https://geoconnex.us/ref/aiannh/6190 </loc>
		<lastmod> 2022-05-19 03:35:38.694454 </lastmod>
	</url><url>
		<loc> https://geoconnex.us/ref/aiannh/6705 </loc>
		<lastmod> 2022-05-19 03:35:38.694470 </lastmod>
	</url><url>
		<loc> https://geoconnex.us/ref/aiannh/9844 </loc>
		<lastmod> 2022-05-19 03:35:38.694486 </lastmod>
	</url><url>
		<loc> https://geoconnex.us/ref/aiannh/0825 </loc>
		<lastmod> 2022-05-19 03:35:38.694502 </lastmod>
	</url><url>
		<loc> https://geoconnex.us/ref/aiannh/9967 </loc>
		<lastmod> 2022-05-19 03:35:38.694517 </lastmod>
	</url><url>
		<loc> https://geoconnex.us/ref/aiannh/0635 </loc>
		<lastmod> 2022-05-19 03:35:38.694533 </lastmod>
	</url><url>
		<loc> https://geoconnex.us/ref/aiannh/5281 </loc>
		<lastmod> 2022-05-19 03:35:38.694549 </lastmod>
	</url><url>
		<loc> https://geoconnex.us/ref/aiannh/1640 </loc>
		<lastmod> 2022-05-19 03:35:38.694564 </lastmod>
	</url><url>
		<loc> https://geoconnex.us/ref/aiannh/0435 </loc>
		<lastmod> 2022-05-19 03:35:38.694580 </lastmod>
	</url><url>
		<loc> https://geoconnex.us/ref/aiannh/4045 </loc>
		<lastmod> 2022-05-19 03:35:38.694596 </lastmod>
	</url><url>
		<loc> https://geoconnex.us/ref/aiannh/6315 </loc>
		<lastmod> 2022-05-19 03:35:38.694612 </lastmod>
	</url><url>
		<loc> https://geoconnex.us/ref/aiannh/4725 </loc>
		<lastmod> 2022-05-19 03:35:38.694627 </lastmod>
	</url><url>
		<loc> https://geoconnex.us/ref/aiannh/2145 </loc>
		<lastmod> 2022-05-19 03:35:38.694643 </lastmod>
	</url><url>
		<loc> https://geoconnex.us/ref/aiannh/1235 </loc>
		<lastmod> 2022-05-19 03:35:38.694659 </lastmod>
	</url><url>
		<loc> https://geoconnex.us/ref/aiannh/0990 </loc>
		<lastmod> 2022-05-19 03:35:38.694674 </lastmod>
	</url><url>
		<loc> https://geoconnex.us/ref/aiannh/3495 </loc>
		<lastmod> 2022-05-19 03:35:38.694690 </lastmod>
	</url><url>
		<loc> https://geoconnex.us/ref/aiannh/8750 </loc>
		<lastmod> 2022-05-19 03:35:38.694706 </lastmod>
	</url><url>
		<loc> https://geoconnex.us/ref/aiannh/4445 </loc>
		<lastmod> 2022-05-19 03:35:38.694721 </lastmod>
	</url><url>
		<loc> https://geoconnex.us/ref/aiannh/7535 </loc>
		<lastmod> 2022-05-19 03:35:38.694737 </lastmod>
	</url><url>
		<loc> https://geoconnex.us/ref/aiannh/0735 </loc>
		<lastmod> 2022-05-19 03:35:38.694752 </lastmod>
	</url><url>
		<loc> https://geoconnex.us/ref/aiannh/1545 </loc>
		<lastmod> 2022-05-19 03:35:38.694768 </lastmod>
	</url><url>
		<loc> https://geoconnex.us/ref/aiannh/2130 </loc>
		<lastmod> 2022-05-19 03:35:38.694784 </lastmod>
	</url><url>
		<loc> https://geoconnex.us/ref/aiannh/1720 </loc>
		<lastmod> 2022-05-19 03:35:38.694800 </lastmod>
	</url><url>
		<loc> https://geoconnex.us/ref/aiannh/1070 </loc>
		<lastmod> 2022-05-19 03:35:38.694815 </lastmod>
	</url><url>
		<loc> https://geoconnex.us/ref/aiannh/0120 </loc>
		<lastmod> 2022-05-19 03:35:38.694831 </lastmod>
	</url><url>
		<loc> https://geoconnex.us/ref/aiannh/3540 </loc>
		<lastmod> 2022-05-19 03:35:38.694846 </lastmod>
	</url><url>
		<loc> https://geoconnex.us/ref/aiannh/0585 </loc>
		<lastmod> 2022-05-19 03:35:38.694862 </lastmod>
	</url><url>
		<loc> https://geoconnex.us/ref/aiannh/5835 </loc>
		<lastmod> 2022-05-19 03:35:38.694877 </lastmod>
	</url><url>
		<loc> https://geoconnex.us/ref/aiannh/5810 </loc>
		<lastmod> 2022-05-19 03:35:38.694893 </lastmod>
	</url><url>
		<loc> https://geoconnex.us/ref/aiannh/0770 </loc>
		<lastmod> 2022-05-19 03:35:38.694909 </lastmod>
	</url><url>
		<loc> https://geoconnex.us/ref/aiannh/5760 </loc>
		<lastmod> 2022-05-19 03:35:38.694924 </lastmod>
	</url><url>
		<loc> https://geoconnex.us/ref/aiannh/0115 </loc>
		<lastmod> 2022-05-19 03:35:38.694940 </lastmod>
	</url><url>
		<loc> https://geoconnex.us/ref/aiannh/1530 </loc>
		<lastmod> 2022-05-19 03:35:38.694955 </lastmod>
	</url><url>
		<loc> https://geoconnex.us/ref/aiannh/6875 </loc>
		<lastmod> 2022-05-19 03:35:38.694971 </lastmod>
	</url><url>
		<loc> https://geoconnex.us/ref/aiannh/6140 </loc>
		<lastmod> 2022-05-19 03:35:38.694987 </lastmod>
	</url><url>
		<loc> https://geoconnex.us/ref/aiannh/6020 </loc>
		<lastmod> 2022-05-19 03:35:38.695003 </lastmod>
	</url><url>
		<loc> https://geoconnex.us/ref/aiannh/7235 </loc>
		<lastmod> 2022-05-19 03:35:38.695018 </lastmod>
	</url><url>
		<loc> https://geoconnex.us/ref/aiannh/3305 </loc>
		<lastmod> 2022-05-19 03:35:38.695035 </lastmod>
	</url><url>
		<loc> https://geoconnex.us/ref/aiannh/7655 </loc>
		<lastmod> 2022-05-19 03:35:38.695050 </lastmod>
	</url><url>
		<loc> https://geoconnex.us/ref/aiannh/6035 </loc>
		<lastmod> 2022-05-19 03:35:38.695066 </lastmod>
	</url><url>
		<loc> https://geoconnex.us/ref/aiannh/7420 </loc>
		<lastmod> 2022-05-19 03:35:38.695081 </lastmod>
	</url><url>
		<loc> https://geoconnex.us/ref/aiannh/6610 </loc>
		<lastmod> 2022-05-19 03:35:38.695097 </lastmod>
	</url><url>
		<loc> https://geoconnex.us/ref/aiannh/7010 </loc>
		<lastmod> 2022-05-19 03:35:38.695113 </lastmod>
	</url><url>
		<loc> https://geoconnex.us/ref/aiannh/2890 </loc>
		<lastmod> 2022-05-19 03:35:38.695128 </lastmod>
	</url><url>
		<loc> https://geoconnex.us/ref/aiannh/2340 </loc>
		<lastmod> 2022-05-19 03:35:38.695144 </lastmod>
	</url><url>
		<loc> https://geoconnex.us/ref/aiannh/5795 </loc>
		<lastmod> 2022-05-19 03:35:38.695159 </lastmod>
	</url><url>
		<loc> https://geoconnex.us/ref/aiannh/5950 </loc>
		<lastmod> 2022-05-19 03:35:38.695175 </lastmod>
	</url><url>
		<loc> https://geoconnex.us/ref/aiannh/5860 </loc>
		<lastmod> 2022-05-19 03:35:38.695191 </lastmod>
	</url><url>
		<loc> https://geoconnex.us/ref/aiannh/2415 </loc>
		<lastmod> 2022-05-19 03:35:38.695206 </lastmod>
	</url><url>
		<loc> https://geoconnex.us/ref/aiannh/9875 </loc>
		<lastmod> 2022-05-19 03:35:38.695222 </lastmod>
	</url><url>
		<loc> https://geoconnex.us/ref/aiannh/1575 </loc>
		<lastmod> 2022-05-19 03:35:38.695238 </lastmod>
	</url><url>
		<loc> https://geoconnex.us/ref/aiannh/4515 </loc>
		<lastmod> 2022-05-19 03:35:38.695254 </lastmod>
	</url><url>
		<loc> https://geoconnex.us/ref/aiannh/0965 </loc>
		<lastmod> 2022-05-19 03:35:38.695270 </lastmod>
	</url><url>
		<loc> https://geoconnex.us/ref/aiannh/0170 </loc>
		<lastmod> 2022-05-19 03:35:38.695286 </lastmod>
	</url><url>
		<loc> https://geoconnex.us/ref/aiannh/1340 </loc>
		<lastmod> 2022-05-19 03:35:38.695301 </lastmod>
	</url><url>
		<loc> https://geoconnex.us/ref/aiannh/3525 </loc>
		<lastmod> 2022-05-19 03:35:38.695317 </lastmod>
	</url><url>
		<loc> https://geoconnex.us/ref/aiannh/4095 </loc>
		<lastmod> 2022-05-19 03:35:38.695332 </lastmod>
	</url><url>
		<loc> https://geoconnex.us/ref/aiannh/0450 </loc>
		<lastmod> 2022-05-19 03:35:38.695348 </lastmod>
	</url><url>
		<loc> https://geoconnex.us/ref/aiannh/0525 </loc>
		<lastmod> 2022-05-19 03:35:38.695364 </lastmod>
	</url><url>
		<loc> https://geoconnex.us/ref/aiannh/9350 </loc>
		<lastmod> 2022-05-19 03:35:38.695379 </lastmod>
	</url><url>
		<loc> https://geoconnex.us/ref/aiannh/4300 </loc>
		<lastmod> 2022-05-19 03:35:38.695395 </lastmod>
	</url><url>
		<loc> https://geoconnex.us/ref/aiannh/3585 </loc>
		<lastmod> 2022-05-19 03:35:38.695411 </lastmod>
	</url><url>
		<loc> https://geoconnex.us/ref/aiannh/3855 </loc>
		<lastmod> 2022-05-19 03:35:38.695427 </lastmod>
	</url><url>
		<loc> https://geoconnex.us/ref/aiannh/2030 </loc>
		<lastmod> 2022-05-19 03:35:38.695442 </lastmod>
	</url><url>
		<loc> https://geoconnex.us/ref/aiannh/5700 </loc>
		<lastmod> 2022-05-19 03:35:38.695458 </lastmod>
	</url><url>
		<loc> https://geoconnex.us/ref/aiannh/5241 </loc>
		<lastmod> 2022-05-19 03:35:38.695474 </lastmod>
	</url><url>
		<loc> https://geoconnex.us/ref/aiannh/1210 </loc>
		<lastmod> 2022-05-19 03:35:38.695490 </lastmod>
	</url><url>
		<loc> https://geoconnex.us/ref/aiannh/4560 </loc>
		<lastmod> 2022-05-19 03:35:38.695505 </lastmod>
	</url><url>
		<loc> https://geoconnex.us/ref/aiannh/3460 </loc>
		<lastmod> 2022-05-19 03:35:38.695521 </lastmod>
	</url><url>
		<loc> https://geoconnex.us/ref/aiannh/0695 </loc>
		<lastmod> 2022-05-19 03:35:38.695536 </lastmod>
	</url><url>
		<loc> https://geoconnex.us/ref/aiannh/5690 </loc>
		<lastmod> 2022-05-19 03:35:38.695553 </lastmod>
	</url><url>
		<loc> https://geoconnex.us/ref/aiannh/8300 </loc>
		<lastmod> 2022-05-19 03:35:38.695569 </lastmod>
	</url><url>
		<loc> https://geoconnex.us/ref/aiannh/6850 </loc>
		<lastmod> 2022-05-19 03:35:38.695585 </lastmod>
	</url><url>
		<loc> https://geoconnex.us/ref/aiannh/1400 </loc>
		<lastmod> 2022-05-19 03:35:38.695600 </lastmod>
	</url><url>
		<loc> https://geoconnex.us/ref/aiannh/2980 </loc>
		<lastmod> 2022-05-19 03:35:38.695616 </lastmod>
	</url><url>
		<loc> https://geoconnex.us/ref/aiannh/4000 </loc>
		<lastmod> 2022-05-19 03:35:38.695631 </lastmod>
	</url><url>
		<loc> https://geoconnex.us/ref/aiannh/4170 </loc>
		<lastmod> 2022-05-19 03:35:38.695647 </lastmod>
	</url><url>
		<loc> https://geoconnex.us/ref/aiannh/0680 </loc>
		<lastmod> 2022-05-19 03:35:38.695664 </lastmod>
	</url><url>
		<loc> https://geoconnex.us/ref/aiannh/0705 </loc>
		<lastmod> 2022-05-19 03:35:38.695680 </lastmod>
	</url><url>
		<loc> https://geoconnex.us/ref/aiannh/5043 </loc>
		<lastmod> 2022-05-19 03:35:38.695696 </lastmod>
	</url><url>
		<loc> https://geoconnex.us/ref/aiannh/5003 </loc>
		<lastmod> 2022-05-19 03:35:38.695712 </lastmod>
	</url><url>
		<loc> https://geoconnex.us/ref/aiannh/1370 </loc>
		<lastmod> 2022-05-19 03:35:38.695728 </lastmod>
	</url><url>
		<loc> https://geoconnex.us/ref/aiannh/3445 </loc>
		<lastmod> 2022-05-19 03:35:38.695743 </lastmod>
	</url><url>
		<loc> https://geoconnex.us/ref/aiannh/5201 </loc>
		<lastmod> 2022-05-19 03:35:38.695759 </lastmod>
	</url><url>
		<loc> https://geoconnex.us/ref/aiannh/1365 </loc>
		<lastmod> 2022-05-19 03:35:38.695786 </lastmod>
	</url></ns0:urlset>