<?xml version='1.0' encoding='utf-8'?>
<ns0:urlset xmlns:ns0="http://www.sitemaps.org/schemas/sitemap/0.9">
<url>
		<loc> https://geoconnex.us/ref/aiannh/0250 </loc>
		<lastmod> 2022-02-25 15:47:00.418277 </lastmod>
	</url><url>
		<loc> https://geoconnex.us/ref/aiannh/3355 </loc>
		<lastmod> 2022-02-25 15:47:00.418331 </lastmod>
	</url><url>
		<loc> https://geoconnex.us/ref/aiannh/7075 </loc>
		<lastmod> 2022-02-25 15:47:00.418356 </lastmod>
	</url><url>
		<loc> https://geoconnex.us/ref/aiannh/7310 </loc>
		<lastmod> 2022-02-25 15:47:00.418377 </lastmod>
	</url><url>
		<loc> https://geoconnex.us/ref/aiannh/6175 </loc>
		<lastmod> 2022-02-25 15:47:00.418395 </lastmod>
	</url><url>
		<loc> https://geoconnex.us/ref/aiannh/1970 </loc>
		<lastmod> 2022-02-25 15:47:00.418413 </lastmod>
	</url><url>
		<loc> https://geoconnex.us/ref/aiannh/3145 </loc>
		<lastmod> 2022-02-25 15:47:00.418433 </lastmod>
	</url><url>
		<loc> https://geoconnex.us/ref/aiannh/3070 </loc>
		<lastmod> 2022-02-25 15:47:00.418450 </lastmod>
	</url><url>
		<loc> https://geoconnex.us/ref/aiannh/1555 </loc>
		<lastmod> 2022-02-25 15:47:00.418468 </lastmod>
	</url><url>
		<loc> https://geoconnex.us/ref/aiannh/4635 </loc>
		<lastmod> 2022-02-25 15:47:00.418486 </lastmod>
	</url><url>
		<loc> https://geoconnex.us/ref/aiannh/0440 </loc>
		<lastmod> 2022-02-25 15:47:00.418503 </lastmod>
	</url><url>
		<loc> https://geoconnex.us/ref/aiannh/6440 </loc>
		<lastmod> 2022-02-25 15:47:00.418520 </lastmod>
	</url><url>
		<loc> https://geoconnex.us/ref/aiannh/6470 </loc>
		<lastmod> 2022-02-25 15:47:00.418538 </lastmod>
	</url><url>
		<loc> https://geoconnex.us/ref/aiannh/7005 </loc>
		<lastmod> 2022-02-25 15:47:00.418555 </lastmod>
	</url><url>
		<loc> https://geoconnex.us/ref/aiannh/0780 </loc>
		<lastmod> 2022-02-25 15:47:00.418572 </lastmod>
	</url><url>
		<loc> https://geoconnex.us/ref/aiannh/3860 </loc>
		<lastmod> 2022-02-25 15:47:00.418589 </lastmod>
	</url><url>
		<loc> https://geoconnex.us/ref/aiannh/5193 </loc>
		<lastmod> 2022-02-25 15:47:00.418606 </lastmod>
	</url><url>
		<loc> https://geoconnex.us/ref/aiannh/2255 </loc>
		<lastmod> 2022-02-25 15:47:00.418624 </lastmod>
	</url><url>
		<loc> https://geoconnex.us/ref/aiannh/7440 </loc>
		<lastmod> 2022-02-25 15:47:00.418641 </lastmod>
	</url><url>
		<loc> https://geoconnex.us/ref/aiannh/6615 </loc>
		<lastmod> 2022-02-25 15:47:00.418658 </lastmod>
	</url><url>
		<loc> https://geoconnex.us/ref/aiannh/5248 </loc>
		<lastmod> 2022-02-25 15:47:00.418718 </lastmod>
	</url><url>
		<loc> https://geoconnex.us/ref/aiannh/4580 </loc>
		<lastmod> 2022-02-25 15:47:00.418739 </lastmod>
	</url><url>
		<loc> https://geoconnex.us/ref/aiannh/0620 </loc>
		<lastmod> 2022-02-25 15:47:00.418756 </lastmod>
	</url><url>
		<loc> https://geoconnex.us/ref/aiannh/0095 </loc>
		<lastmod> 2022-02-25 15:47:00.418774 </lastmod>
	</url><url>
		<loc> https://geoconnex.us/ref/aiannh/2330 </loc>
		<lastmod> 2022-02-25 15:47:00.418791 </lastmod>
	</url><url>
		<loc> https://geoconnex.us/ref/aiannh/6825 </loc>
		<lastmod> 2022-02-25 15:47:00.418808 </lastmod>
	</url><url>
		<loc> https://geoconnex.us/ref/aiannh/4110 </loc>
		<lastmod> 2022-02-25 15:47:00.418826 </lastmod>
	</url><url>
		<loc> https://geoconnex.us/ref/aiannh/1075 </loc>
		<lastmod> 2022-02-25 15:47:00.418844 </lastmod>
	</url><url>
		<loc> https://geoconnex.us/ref/aiannh/0760 </loc>
		<lastmod> 2022-02-25 15:47:00.418861 </lastmod>
	</url><url>
		<loc> https://geoconnex.us/ref/aiannh/3625 </loc>
		<lastmod> 2022-02-25 15:47:00.418878 </lastmod>
	</url><url>
		<loc> https://geoconnex.us/ref/aiannh/3100 </loc>
		<lastmod> 2022-02-25 15:47:00.418895 </lastmod>
	</url><url>
		<loc> https://geoconnex.us/ref/aiannh/1940 </loc>
		<lastmod> 2022-02-25 15:47:00.418912 </lastmod>
	</url><url>
		<loc> https://geoconnex.us/ref/aiannh/4595 </loc>
		<lastmod> 2022-02-25 15:47:00.418929 </lastmod>
	</url><url>
		<loc> https://geoconnex.us/ref/aiannh/1505 </loc>
		<lastmod> 2022-02-25 15:47:00.418946 </lastmod>
	</url><url>
		<loc> https://geoconnex.us/ref/aiannh/4200 </loc>
		<lastmod> 2022-02-25 15:47:00.418963 </lastmod>
	</url><url>
		<loc> https://geoconnex.us/ref/aiannh/3970 </loc>
		<lastmod> 2022-02-25 15:47:00.418980 </lastmod>
	</url><url>
		<loc> https://geoconnex.us/ref/aiannh/4700 </loc>
		<lastmod> 2022-02-25 15:47:00.418998 </lastmod>
	</url><url>
		<loc> https://geoconnex.us/ref/aiannh/9820 </loc>
		<lastmod> 2022-02-25 15:47:00.419015 </lastmod>
	</url><url>
		<loc> https://geoconnex.us/ref/aiannh/6290 </loc>
		<lastmod> 2022-02-25 15:47:00.419032 </lastmod>
	</url><url>
		<loc> https://geoconnex.us/ref/aiannh/9680 </loc>
		<lastmod> 2022-02-25 15:47:00.419049 </lastmod>
	</url><url>
		<loc> https://geoconnex.us/ref/aiannh/9880 </loc>
		<lastmod> 2022-02-25 15:47:00.419065 </lastmod>
	</url><url>
		<loc> https://geoconnex.us/ref/aiannh/9560 </loc>
		<lastmod> 2022-02-25 15:47:00.419082 </lastmod>
	</url><url>
		<loc> https://geoconnex.us/ref/aiannh/7540 </loc>
		<lastmod> 2022-02-25 15:47:00.419099 </lastmod>
	</url><url>
		<loc> https://geoconnex.us/ref/aiannh/6280 </loc>
		<lastmod> 2022-02-25 15:47:00.419116 </lastmod>
	</url><url>
		<loc> https://geoconnex.us/ref/aiannh/7263 </loc>
		<lastmod> 2022-02-25 15:47:00.419132 </lastmod>
	</url><url>
		<loc> https://geoconnex.us/ref/aiannh/7110 </loc>
		<lastmod> 2022-02-25 15:47:00.419150 </lastmod>
	</url><url>
		<loc> https://geoconnex.us/ref/aiannh/6795 </loc>
		<lastmod> 2022-02-25 15:47:00.419166 </lastmod>
	</url><url>
		<loc> https://geoconnex.us/ref/aiannh/7035 </loc>
		<lastmod> 2022-02-25 15:47:00.419183 </lastmod>
	</url><url>
		<loc> https://geoconnex.us/ref/aiannh/6830 </loc>
		<lastmod> 2022-02-25 15:47:00.419200 </lastmod>
	</url><url>
		<loc> https://geoconnex.us/ref/aiannh/7133 </loc>
		<lastmod> 2022-02-25 15:47:00.419217 </lastmod>
	</url><url>
		<loc> https://geoconnex.us/ref/aiannh/6480 </loc>
		<lastmod> 2022-02-25 15:47:00.419234 </lastmod>
	</url><url>
		<loc> https://geoconnex.us/ref/aiannh/6205 </loc>
		<lastmod> 2022-02-25 15:47:00.419250 </lastmod>
	</url><url>
		<loc> https://geoconnex.us/ref/aiannh/6690 </loc>
		<lastmod> 2022-02-25 15:47:00.419267 </lastmod>
	</url><url>
		<loc> https://geoconnex.us/ref/aiannh/6165 </loc>
		<lastmod> 2022-02-25 15:47:00.419284 </lastmod>
	</url><url>
		<loc> https://geoconnex.us/ref/aiannh/7470 </loc>
		<lastmod> 2022-02-25 15:47:00.419301 </lastmod>
	</url><url>
		<loc> https://geoconnex.us/ref/aiannh/4375 </loc>
		<lastmod> 2022-02-25 15:47:00.419318 </lastmod>
	</url><url>
		<loc> https://geoconnex.us/ref/aiannh/1515 </loc>
		<lastmod> 2022-02-25 15:47:00.419335 </lastmod>
	</url><url>
		<loc> https://geoconnex.us/ref/aiannh/5076 </loc>
		<lastmod> 2022-02-25 15:47:00.419352 </lastmod>
	</url><url>
		<loc> https://geoconnex.us/ref/aiannh/5026 </loc>
		<lastmod> 2022-02-25 15:47:00.419369 </lastmod>
	</url><url>
		<loc> https://geoconnex.us/ref/aiannh/5188 </loc>
		<lastmod> 2022-02-25 15:47:00.419386 </lastmod>
	</url><url>
		<loc> https://geoconnex.us/ref/aiannh/4760 </loc>
		<lastmod> 2022-02-25 15:47:00.419403 </lastmod>
	</url><url>
		<loc> https://geoconnex.us/ref/aiannh/8100 </loc>
		<lastmod> 2022-02-25 15:47:00.419419 </lastmod>
	</url><url>
		<loc> https://geoconnex.us/ref/aiannh/4680 </loc>
		<lastmod> 2022-02-25 15:47:00.419441 </lastmod>
	</url><url>
		<loc> https://geoconnex.us/ref/aiannh/4610 </loc>
		<lastmod> 2022-02-25 15:47:00.419459 </lastmod>
	</url><url>
		<loc> https://geoconnex.us/ref/aiannh/9635 </loc>
		<lastmod> 2022-02-25 15:47:00.419476 </lastmod>
	</url><url>
		<loc> https://geoconnex.us/ref/aiannh/2430 </loc>
		<lastmod> 2022-02-25 15:47:00.419493 </lastmod>
	</url><url>
		<loc> https://geoconnex.us/ref/aiannh/3940 </loc>
		<lastmod> 2022-02-25 15:47:00.419510 </lastmod>
	</url><url>
		<loc> https://geoconnex.us/ref/aiannh/9400 </loc>
		<lastmod> 2022-02-25 15:47:00.419526 </lastmod>
	</url><url>
		<loc> https://geoconnex.us/ref/aiannh/4785 </loc>
		<lastmod> 2022-02-25 15:47:00.419543 </lastmod>
	</url><url>
		<loc> https://geoconnex.us/ref/aiannh/3235 </loc>
		<lastmod> 2022-02-25 15:47:00.419561 </lastmod>
	</url><url>
		<loc> https://geoconnex.us/ref/aiannh/1860 </loc>
		<lastmod> 2022-02-25 15:47:00.419578 </lastmod>
	</url><url>
		<loc> https://geoconnex.us/ref/aiannh/6785 </loc>
		<lastmod> 2022-02-25 15:47:00.419595 </lastmod>
	</url><url>
		<loc> https://geoconnex.us/ref/aiannh/7080 </loc>
		<lastmod> 2022-02-25 15:47:00.419630 </lastmod>
	</url><url>
		<loc> https://geoconnex.us/ref/aiannh/7580 </loc>
		<lastmod> 2022-02-25 15:47:00.419648 </lastmod>
	</url><url>
		<loc> https://geoconnex.us/ref/aiannh/7765 </loc>
		<lastmod> 2022-02-25 15:47:00.419667 </lastmod>
	</url><url>
		<loc> https://geoconnex.us/ref/aiannh/6790 </loc>
		<lastmod> 2022-02-25 15:47:00.419685 </lastmod>
	</url><url>
		<loc> https://geoconnex.us/ref/aiannh/7115 </loc>
		<lastmod> 2022-02-25 15:47:00.419703 </lastmod>
	</url><url>
		<loc> https://geoconnex.us/ref/aiannh/6335 </loc>
		<lastmod> 2022-02-25 15:47:00.419738 </lastmod>
	</url><url>
		<loc> https://geoconnex.us/ref/aiannh/6730 </loc>
		<lastmod> 2022-02-25 15:47:00.419775 </lastmod>
	</url><url>
		<loc> https://geoconnex.us/ref/aiannh/7095 </loc>
		<lastmod> 2022-02-25 15:47:00.419794 </lastmod>
	</url><url>
		<loc> https://geoconnex.us/ref/aiannh/6835 </loc>
		<lastmod> 2022-02-25 15:47:00.419814 </lastmod>
	</url><url>
		<loc> https://geoconnex.us/ref/aiannh/6075 </loc>
		<lastmod> 2022-02-25 15:47:00.419832 </lastmod>
	</url><url>
		<loc> https://geoconnex.us/ref/aiannh/7430 </loc>
		<lastmod> 2022-02-25 15:47:00.419851 </lastmod>
	</url><url>
		<loc> https://geoconnex.us/ref/aiannh/6910 </loc>
		<lastmod> 2022-02-25 15:47:00.419870 </lastmod>
	</url><url>
		<loc> https://geoconnex.us/ref/aiannh/7125 </loc>
		<lastmod> 2022-02-25 15:47:00.419889 </lastmod>
	</url><url>
		<loc> https://geoconnex.us/ref/aiannh/6890 </loc>
		<lastmod> 2022-02-25 15:47:00.419908 </lastmod>
	</url><url>
		<loc> https://geoconnex.us/ref/aiannh/6240 </loc>
		<lastmod> 2022-02-25 15:47:00.419926 </lastmod>
	</url><url>
		<loc> https://geoconnex.us/ref/aiannh/1815 </loc>
		<lastmod> 2022-02-25 15:47:00.419945 </lastmod>
	</url><url>
		<loc> https://geoconnex.us/ref/aiannh/4255 </loc>
		<lastmod> 2022-02-25 15:47:00.419964 </lastmod>
	</url><url>
		<loc> https://geoconnex.us/ref/aiannh/2100 </loc>
		<lastmod> 2022-02-25 15:47:00.419983 </lastmod>
	</url><url>
		<loc> https://geoconnex.us/ref/aiannh/0690 </loc>
		<lastmod> 2022-02-25 15:47:00.420002 </lastmod>
	</url><url>
		<loc> https://geoconnex.us/ref/aiannh/5123 </loc>
		<lastmod> 2022-02-25 15:47:00.420054 </lastmod>
	</url><url>
		<loc> https://geoconnex.us/ref/aiannh/4140 </loc>
		<lastmod> 2022-02-25 15:47:00.420072 </lastmod>
	</url><url>
		<loc> https://geoconnex.us/ref/aiannh/4930 </loc>
		<lastmod> 2022-02-25 15:47:00.420106 </lastmod>
	</url><url>
		<loc> https://geoconnex.us/ref/aiannh/5098 </loc>
		<lastmod> 2022-02-25 15:47:00.420140 </lastmod>
	</url><url>
		<loc> https://geoconnex.us/ref/aiannh/5008 </loc>
		<lastmod> 2022-02-25 15:47:00.420166 </lastmod>
	</url><url>
		<loc> https://geoconnex.us/ref/aiannh/1250 </loc>
		<lastmod> 2022-02-25 15:47:00.420199 </lastmod>
	</url><url>
		<loc> https://geoconnex.us/ref/aiannh/5135 </loc>
		<lastmod> 2022-02-25 15:47:00.420215 </lastmod>
	</url><url>
		<loc> https://geoconnex.us/ref/aiannh/5177 </loc>
		<lastmod> 2022-02-25 15:47:00.420233 </lastmod>
	</url><url>
		<loc> https://geoconnex.us/ref/aiannh/5560 </loc>
		<lastmod> 2022-02-25 15:47:00.420250 </lastmod>
	</url><url>
		<loc> https://geoconnex.us/ref/aiannh/5620 </loc>
		<lastmod> 2022-02-25 15:47:00.420268 </lastmod>
	</url><url>
		<loc> https://geoconnex.us/ref/aiannh/9720 </loc>
		<lastmod> 2022-02-25 15:47:00.420285 </lastmod>
	</url><url>
		<loc> https://geoconnex.us/ref/aiannh/3185 </loc>
		<lastmod> 2022-02-25 15:47:00.420302 </lastmod>
	</url><url>
		<loc> https://geoconnex.us/ref/aiannh/1955 </loc>
		<lastmod> 2022-02-25 15:47:00.420319 </lastmod>
	</url><url>
		<loc> https://geoconnex.us/ref/aiannh/0605 </loc>
		<lastmod> 2022-02-25 15:47:00.420336 </lastmod>
	</url><url>
		<loc> https://geoconnex.us/ref/aiannh/2810 </loc>
		<lastmod> 2022-02-25 15:47:00.420353 </lastmod>
	</url><url>
		<loc> https://geoconnex.us/ref/aiannh/9100 </loc>
		<lastmod> 2022-02-25 15:47:00.420370 </lastmod>
	</url><url>
		<loc> https://geoconnex.us/ref/aiannh/2595 </loc>
		<lastmod> 2022-02-25 15:47:00.420387 </lastmod>
	</url><url>
		<loc> https://geoconnex.us/ref/aiannh/5071 </loc>
		<lastmod> 2022-02-25 15:47:00.420405 </lastmod>
	</url><url>
		<loc> https://geoconnex.us/ref/aiannh/6275 </loc>
		<lastmod> 2022-02-25 15:47:00.420422 </lastmod>
	</url><url>
		<loc> https://geoconnex.us/ref/aiannh/1355 </loc>
		<lastmod> 2022-02-25 15:47:00.420438 </lastmod>
	</url><url>
		<loc> https://geoconnex.us/ref/aiannh/7390 </loc>
		<lastmod> 2022-02-25 15:47:00.420456 </lastmod>
	</url><url>
		<loc> https://geoconnex.us/ref/aiannh/6710 </loc>
		<lastmod> 2022-02-25 15:47:00.420472 </lastmod>
	</url><url>
		<loc> https://geoconnex.us/ref/aiannh/6225 </loc>
		<lastmod> 2022-02-25 15:47:00.420489 </lastmod>
	</url><url>
		<loc> https://geoconnex.us/ref/aiannh/6595 </loc>
		<lastmod> 2022-02-25 15:47:00.420506 </lastmod>
	</url><url>
		<loc> https://geoconnex.us/ref/aiannh/7185 </loc>
		<lastmod> 2022-02-25 15:47:00.420523 </lastmod>
	</url><url>
		<loc> https://geoconnex.us/ref/aiannh/6070 </loc>
		<lastmod> 2022-02-25 15:47:00.420539 </lastmod>
	</url><url>
		<loc> https://geoconnex.us/ref/aiannh/6820 </loc>
		<lastmod> 2022-02-25 15:47:00.420556 </lastmod>
	</url><url>
		<loc> https://geoconnex.us/ref/aiannh/7755 </loc>
		<lastmod> 2022-02-25 15:47:00.420590 </lastmod>
	</url><url>
		<loc> https://geoconnex.us/ref/aiannh/6725 </loc>
		<lastmod> 2022-02-25 15:47:00.420608 </lastmod>
	</url><url>
		<loc> https://geoconnex.us/ref/aiannh/1700 </loc>
		<lastmod> 2022-02-25 15:47:00.420625 </lastmod>
	</url><url>
		<loc> https://geoconnex.us/ref/aiannh/4940 </loc>
		<lastmod> 2022-02-25 15:47:00.420642 </lastmod>
	</url><url>
		<loc> https://geoconnex.us/ref/aiannh/9675 </loc>
		<lastmod> 2022-02-25 15:47:00.420659 </lastmod>
	</url><url>
		<loc> https://geoconnex.us/ref/aiannh/1895 </loc>
		<lastmod> 2022-02-25 15:47:00.420676 </lastmod>
	</url><url>
		<loc> https://geoconnex.us/ref/aiannh/9370 </loc>
		<lastmod> 2022-02-25 15:47:00.420693 </lastmod>
	</url><url>
		<loc> https://geoconnex.us/ref/aiannh/6855 </loc>
		<lastmod> 2022-02-25 15:47:00.420711 </lastmod>
	</url><url>
		<loc> https://geoconnex.us/ref/aiannh/1560 </loc>
		<lastmod> 2022-02-25 15:47:00.420728 </lastmod>
	</url><url>
		<loc> https://geoconnex.us/ref/aiannh/0720 </loc>
		<lastmod> 2022-02-25 15:47:00.420746 </lastmod>
	</url><url>
		<loc> https://geoconnex.us/ref/aiannh/9230 </loc>
		<lastmod> 2022-02-25 15:47:00.420828 </lastmod>
	</url><url>
		<loc> https://geoconnex.us/ref/aiannh/1135 </loc>
		<lastmod> 2022-02-25 15:47:00.420849 </lastmod>
	</url><url>
		<loc> https://geoconnex.us/ref/aiannh/0110 </loc>
		<lastmod> 2022-02-25 15:47:00.420866 </lastmod>
	</url><url>
		<loc> https://geoconnex.us/ref/aiannh/0750 </loc>
		<lastmod> 2022-02-25 15:47:00.420884 </lastmod>
	</url><url>
		<loc> https://geoconnex.us/ref/aiannh/0820 </loc>
		<lastmod> 2022-02-25 15:47:00.420902 </lastmod>
	</url><url>
		<loc> https://geoconnex.us/ref/aiannh/6720 </loc>
		<lastmod> 2022-02-25 15:47:00.420919 </lastmod>
	</url><url>
		<loc> https://geoconnex.us/ref/aiannh/7740 </loc>
		<lastmod> 2022-02-25 15:47:00.420963 </lastmod>
	</url><url>
		<loc> https://geoconnex.us/ref/aiannh/6545 </loc>
		<lastmod> 2022-02-25 15:47:00.420989 </lastmod>
	</url><url>
		<loc> https://geoconnex.us/ref/aiannh/5114 </loc>
		<lastmod> 2022-02-25 15:47:00.421006 </lastmod>
	</url><url>
		<loc> https://geoconnex.us/ref/aiannh/5067 </loc>
		<lastmod> 2022-02-25 15:47:00.421041 </lastmod>
	</url><url>
		<loc> https://geoconnex.us/ref/aiannh/1395 </loc>
		<lastmod> 2022-02-25 15:47:00.421059 </lastmod>
	</url><url>
		<loc> https://geoconnex.us/ref/aiannh/0955 </loc>
		<lastmod> 2022-02-25 15:47:00.421077 </lastmod>
	</url><url>
		<loc> https://geoconnex.us/ref/aiannh/5600 </loc>
		<lastmod> 2022-02-25 15:47:00.421095 </lastmod>
	</url><url>
		<loc> https://geoconnex.us/ref/aiannh/0215 </loc>
		<lastmod> 2022-02-25 15:47:00.421113 </lastmod>
	</url><url>
		<loc> https://geoconnex.us/ref/aiannh/1775 </loc>
		<lastmod> 2022-02-25 15:47:00.421131 </lastmod>
	</url><url>
		<loc> https://geoconnex.us/ref/aiannh/5134 </loc>
		<lastmod> 2022-02-25 15:47:00.421149 </lastmod>
	</url><url>
		<loc> https://geoconnex.us/ref/aiannh/1005 </loc>
		<lastmod> 2022-02-25 15:47:00.421168 </lastmod>
	</url><url>
		<loc> https://geoconnex.us/ref/aiannh/0560 </loc>
		<lastmod> 2022-02-25 15:47:00.421186 </lastmod>
	</url><url>
		<loc> https://geoconnex.us/ref/aiannh/2535 </loc>
		<lastmod> 2022-02-25 15:47:00.421204 </lastmod>
	</url><url>
		<loc> https://geoconnex.us/ref/aiannh/6605 </loc>
		<lastmod> 2022-02-25 15:47:00.421222 </lastmod>
	</url><url>
		<loc> https://geoconnex.us/ref/aiannh/6905 </loc>
		<lastmod> 2022-02-25 15:47:00.421256 </lastmod>
	</url><url>
		<loc> https://geoconnex.us/ref/aiannh/1925 </loc>
		<lastmod> 2022-02-25 15:47:00.421291 </lastmod>
	</url><url>
		<loc> https://geoconnex.us/ref/aiannh/4545 </loc>
		<lastmod> 2022-02-25 15:47:00.421308 </lastmod>
	</url><url>
		<loc> https://geoconnex.us/ref/aiannh/5069 </loc>
		<lastmod> 2022-02-25 15:47:00.421325 </lastmod>
	</url><url>
		<loc> https://geoconnex.us/ref/aiannh/0305 </loc>
		<lastmod> 2022-02-25 15:47:00.421342 </lastmod>
	</url><url>
		<loc> https://geoconnex.us/ref/aiannh/1010 </loc>
		<lastmod> 2022-02-25 15:47:00.421473 </lastmod>
	</url><url>
		<loc> https://geoconnex.us/ref/aiannh/7665 </loc>
		<lastmod> 2022-02-25 15:47:00.421513 </lastmod>
	</url><url>
		<loc> https://geoconnex.us/ref/aiannh/3520 </loc>
		<lastmod> 2022-02-25 15:47:00.421536 </lastmod>
	</url><url>
		<loc> https://geoconnex.us/ref/aiannh/0290 </loc>
		<lastmod> 2022-02-25 15:47:00.421558 </lastmod>
	</url><url>
		<loc> https://geoconnex.us/ref/aiannh/1550 </loc>
		<lastmod> 2022-02-25 15:47:00.421578 </lastmod>
	</url><url>
		<loc> https://geoconnex.us/ref/aiannh/2015 </loc>
		<lastmod> 2022-02-25 15:47:00.421599 </lastmod>
	</url><url>
		<loc> https://geoconnex.us/ref/aiannh/7695 </loc>
		<lastmod> 2022-02-25 15:47:00.421620 </lastmod>
	</url><url>
		<loc> https://geoconnex.us/ref/aiannh/2320 </loc>
		<lastmod> 2022-02-25 15:47:00.421640 </lastmod>
	</url><url>
		<loc> https://geoconnex.us/ref/aiannh/9280 </loc>
		<lastmod> 2022-02-25 15:47:00.421660 </lastmod>
	</url><url>
		<loc> https://geoconnex.us/ref/aiannh/0020 </loc>
		<lastmod> 2022-02-25 15:47:00.421680 </lastmod>
	</url><url>
		<loc> https://geoconnex.us/ref/aiannh/0540 </loc>
		<lastmod> 2022-02-25 15:47:00.421700 </lastmod>
	</url><url>
		<loc> https://geoconnex.us/ref/aiannh/3550 </loc>
		<lastmod> 2022-02-25 15:47:00.421721 </lastmod>
	</url><url>
		<loc> https://geoconnex.us/ref/aiannh/3750 </loc>
		<lastmod> 2022-02-25 15:47:00.421779 </lastmod>
	</url><url>
		<loc> https://geoconnex.us/ref/aiannh/9815 </loc>
		<lastmod> 2022-02-25 15:47:00.421797 </lastmod>
	</url><url>
		<loc> https://geoconnex.us/ref/aiannh/0010 </loc>
		<lastmod> 2022-02-25 15:47:00.421815 </lastmod>
	</url><url>
		<loc> https://geoconnex.us/ref/aiannh/5148 </loc>
		<lastmod> 2022-02-25 15:47:00.421833 </lastmod>
	</url><url>
		<loc> https://geoconnex.us/ref/aiannh/5156 </loc>
		<lastmod> 2022-02-25 15:47:00.421851 </lastmod>
	</url><url>
		<loc> https://geoconnex.us/ref/aiannh/5009 </loc>
		<lastmod> 2022-02-25 15:47:00.421869 </lastmod>
	</url><url>
		<loc> https://geoconnex.us/ref/aiannh/5196 </loc>
		<lastmod> 2022-02-25 15:47:00.421887 </lastmod>
	</url><url>
		<loc> https://geoconnex.us/ref/aiannh/5111 </loc>
		<lastmod> 2022-02-25 15:47:00.421920 </lastmod>
	</url><url>
		<loc> https://geoconnex.us/ref/aiannh/0275 </loc>
		<lastmod> 2022-02-25 15:47:00.421938 </lastmod>
	</url><url>
		<loc> https://geoconnex.us/ref/aiannh/5251 </loc>
		<lastmod> 2022-02-25 15:47:00.421956 </lastmod>
	</url><url>
		<loc> https://geoconnex.us/ref/aiannh/5540 </loc>
		<lastmod> 2022-02-25 15:47:00.421973 </lastmod>
	</url><url>
		<loc> https://geoconnex.us/ref/aiannh/5820 </loc>
		<lastmod> 2022-02-25 15:47:00.421990 </lastmod>
	</url><url>
		<loc> https://geoconnex.us/ref/aiannh/5580 </loc>
		<lastmod> 2022-02-25 15:47:00.422008 </lastmod>
	</url><url>
		<loc> https://geoconnex.us/ref/aiannh/9515 </loc>
		<lastmod> 2022-02-25 15:47:00.422025 </lastmod>
	</url><url>
		<loc> https://geoconnex.us/ref/aiannh/9745 </loc>
		<lastmod> 2022-02-25 15:47:00.422042 </lastmod>
	</url><url>
		<loc> https://geoconnex.us/ref/aiannh/4665 </loc>
		<lastmod> 2022-02-25 15:47:00.422059 </lastmod>
	</url><url>
		<loc> https://geoconnex.us/ref/aiannh/2490 </loc>
		<lastmod> 2022-02-25 15:47:00.422076 </lastmod>
	</url><url>
		<loc> https://geoconnex.us/ref/aiannh/9150 </loc>
		<lastmod> 2022-02-25 15:47:00.422094 </lastmod>
	</url><url>
		<loc> https://geoconnex.us/ref/aiannh/5830 </loc>
		<lastmod> 2022-02-25 15:47:00.422112 </lastmod>
	</url><url>
		<loc> https://geoconnex.us/ref/aiannh/5780 </loc>
		<lastmod> 2022-02-25 15:47:00.422141 </lastmod>
	</url><url>
		<loc> https://geoconnex.us/ref/aiannh/5011 </loc>
		<lastmod> 2022-02-25 15:47:00.422159 </lastmod>
	</url><url>
		<loc> https://geoconnex.us/ref/aiannh/0240 </loc>
		<lastmod> 2022-02-25 15:47:00.422177 </lastmod>
	</url><url>
		<loc> https://geoconnex.us/ref/aiannh/0185 </loc>
		<lastmod> 2022-02-25 15:47:00.422195 </lastmod>
	</url><url>
		<loc> https://geoconnex.us/ref/aiannh/1140 </loc>
		<lastmod> 2022-02-25 15:47:00.422218 </lastmod>
	</url><url>
		<loc> https://geoconnex.us/ref/aiannh/1440 </loc>
		<lastmod> 2022-02-25 15:47:00.422235 </lastmod>
	</url><url>
		<loc> https://geoconnex.us/ref/aiannh/5740 </loc>
		<lastmod> 2022-02-25 15:47:00.422253 </lastmod>
	</url><url>
		<loc> https://geoconnex.us/ref/aiannh/6750 </loc>
		<lastmod> 2022-02-25 15:47:00.422271 </lastmod>
	</url><url>
		<loc> https://geoconnex.us/ref/aiannh/6350 </loc>
		<lastmod> 2022-02-25 15:47:00.422288 </lastmod>
	</url><url>
		<loc> https://geoconnex.us/ref/aiannh/6250 </loc>
		<lastmod> 2022-02-25 15:47:00.422306 </lastmod>
	</url><url>
		<loc> https://geoconnex.us/ref/aiannh/7050 </loc>
		<lastmod> 2022-02-25 15:47:00.422323 </lastmod>
	</url><url>
		<loc> https://geoconnex.us/ref/aiannh/7135 </loc>
		<lastmod> 2022-02-25 15:47:00.422341 </lastmod>
	</url><url>
		<loc> https://geoconnex.us/ref/aiannh/6755 </loc>
		<lastmod> 2022-02-25 15:47:00.422359 </lastmod>
	</url><url>
		<loc> https://geoconnex.us/ref/aiannh/0350 </loc>
		<lastmod> 2022-02-25 15:47:00.422376 </lastmod>
	</url><url>
		<loc> https://geoconnex.us/ref/aiannh/3265 </loc>
		<lastmod> 2022-02-25 15:47:00.422393 </lastmod>
	</url><url>
		<loc> https://geoconnex.us/ref/aiannh/4030 </loc>
		<lastmod> 2022-02-25 15:47:00.422411 </lastmod>
	</url><url>
		<loc> https://geoconnex.us/ref/aiannh/7100 </loc>
		<lastmod> 2022-02-25 15:47:00.422428 </lastmod>
	</url><url>
		<loc> https://geoconnex.us/ref/aiannh/1670 </loc>
		<lastmod> 2022-02-25 15:47:00.422445 </lastmod>
	</url><url>
		<loc> https://geoconnex.us/ref/aiannh/1260 </loc>
		<lastmod> 2022-02-25 15:47:00.422463 </lastmod>
	</url><url>
		<loc> https://geoconnex.us/ref/aiannh/3935 </loc>
		<lastmod> 2022-02-25 15:47:00.422481 </lastmod>
	</url><url>
		<loc> https://geoconnex.us/ref/aiannh/2115 </loc>
		<lastmod> 2022-02-25 15:47:00.422498 </lastmod>
	</url><url>
		<loc> https://geoconnex.us/ref/aiannh/9300 </loc>
		<lastmod> 2022-02-25 15:47:00.422515 </lastmod>
	</url><url>
		<loc> https://geoconnex.us/ref/aiannh/2505 </loc>
		<lastmod> 2022-02-25 15:47:00.422533 </lastmod>
	</url><url>
		<loc> https://geoconnex.us/ref/aiannh/6630 </loc>
		<lastmod> 2022-02-25 15:47:00.422551 </lastmod>
	</url><url>
		<loc> https://geoconnex.us/ref/aiannh/1270 </loc>
		<lastmod> 2022-02-25 15:47:00.422570 </lastmod>
	</url><url>
		<loc> https://geoconnex.us/ref/aiannh/9260 </loc>
		<lastmod> 2022-02-25 15:47:00.422588 </lastmod>
	</url><url>
		<loc> https://geoconnex.us/ref/aiannh/2555 </loc>
		<lastmod> 2022-02-25 15:47:00.422606 </lastmod>
	</url><url>
		<loc> https://geoconnex.us/ref/aiannh/4910 </loc>
		<lastmod> 2022-02-25 15:47:00.422624 </lastmod>
	</url><url>
		<loc> https://geoconnex.us/ref/aiannh/3665 </loc>
		<lastmod> 2022-02-25 15:47:00.422642 </lastmod>
	</url><url>
		<loc> https://geoconnex.us/ref/aiannh/4360 </loc>
		<lastmod> 2022-02-25 15:47:00.422659 </lastmod>
	</url><url>
		<loc> https://geoconnex.us/ref/aiannh/7745 </loc>
		<lastmod> 2022-02-25 15:47:00.422699 </lastmod>
	</url><url>
		<loc> https://geoconnex.us/ref/aiannh/2835 </loc>
		<lastmod> 2022-02-25 15:47:00.422719 </lastmod>
	</url><url>
		<loc> https://geoconnex.us/ref/aiannh/5550 </loc>
		<lastmod> 2022-02-25 15:47:00.422736 </lastmod>
	</url><url>
		<loc> https://geoconnex.us/ref/aiannh/9550 </loc>
		<lastmod> 2022-02-25 15:47:00.422754 </lastmod>
	</url><url>
		<loc> https://geoconnex.us/ref/aiannh/7275 </loc>
		<lastmod> 2022-02-25 15:47:00.422772 </lastmod>
	</url><url>
		<loc> https://geoconnex.us/ref/aiannh/6080 </loc>
		<lastmod> 2022-02-25 15:47:00.422790 </lastmod>
	</url><url>
		<loc> https://geoconnex.us/ref/aiannh/6975 </loc>
		<lastmod> 2022-02-25 15:47:00.422807 </lastmod>
	</url><url>
		<loc> https://geoconnex.us/ref/aiannh/6815 </loc>
		<lastmod> 2022-02-25 15:47:00.422825 </lastmod>
	</url><url>
		<loc> https://geoconnex.us/ref/aiannh/6895 </loc>
		<lastmod> 2022-02-25 15:47:00.422843 </lastmod>
	</url><url>
		<loc> https://geoconnex.us/ref/aiannh/4470 </loc>
		<lastmod> 2022-02-25 15:47:00.422860 </lastmod>
	</url><url>
		<loc> https://geoconnex.us/ref/aiannh/2785 </loc>
		<lastmod> 2022-02-25 15:47:00.422877 </lastmod>
	</url><url>
		<loc> https://geoconnex.us/ref/aiannh/4390 </loc>
		<lastmod> 2022-02-25 15:47:00.422895 </lastmod>
	</url><url>
		<loc> https://geoconnex.us/ref/aiannh/1185 </loc>
		<lastmod> 2022-02-25 15:47:00.422912 </lastmod>
	</url><url>
		<loc> https://geoconnex.us/ref/aiannh/5590 </loc>
		<lastmod> 2022-02-25 15:47:00.422929 </lastmod>
	</url><url>
		<loc> https://geoconnex.us/ref/aiannh/9960 </loc>
		<lastmod> 2022-02-25 15:47:00.422947 </lastmod>
	</url><url>
		<loc> https://geoconnex.us/ref/aiannh/1110 </loc>
		<lastmod> 2022-02-25 15:47:00.422964 </lastmod>
	</url><url>
		<loc> https://geoconnex.us/ref/aiannh/2075 </loc>
		<lastmod> 2022-02-25 15:47:00.422982 </lastmod>
	</url><url>
		<loc> https://geoconnex.us/ref/aiannh/3985 </loc>
		<lastmod> 2022-02-25 15:47:00.422999 </lastmod>
	</url><url>
		<loc> https://geoconnex.us/ref/aiannh/0555 </loc>
		<lastmod> 2022-02-25 15:47:00.423016 </lastmod>
	</url><url>
		<loc> https://geoconnex.us/ref/aiannh/5720 </loc>
		<lastmod> 2022-02-25 15:47:00.423033 </lastmod>
	</url><url>
		<loc> https://geoconnex.us/ref/aiannh/5955 </loc>
		<lastmod> 2022-02-25 15:47:00.423052 </lastmod>
	</url><url>
		<loc> https://geoconnex.us/ref/aiannh/6455 </loc>
		<lastmod> 2022-02-25 15:47:00.423070 </lastmod>
	</url><url>
		<loc> https://geoconnex.us/ref/aiannh/7245 </loc>
		<lastmod> 2022-02-25 15:47:00.423088 </lastmod>
	</url><url>
		<loc> https://geoconnex.us/ref/aiannh/7565 </loc>
		<lastmod> 2022-02-25 15:47:00.423106 </lastmod>
	</url><url>
		<loc> https://geoconnex.us/ref/aiannh/6100 </loc>
		<lastmod> 2022-02-25 15:47:00.423123 </lastmod>
	</url><url>
		<loc> https://geoconnex.us/ref/aiannh/7180 </loc>
		<lastmod> 2022-02-25 15:47:00.423141 </lastmod>
	</url><url>
		<loc> https://geoconnex.us/ref/aiannh/7300 </loc>
		<lastmod> 2022-02-25 15:47:00.423159 </lastmod>
	</url><url>
		<loc> https://geoconnex.us/ref/aiannh/4455 </loc>
		<lastmod> 2022-02-25 15:47:00.423176 </lastmod>
	</url><url>
		<loc> https://geoconnex.us/ref/aiannh/3955 </loc>
		<lastmod> 2022-02-25 15:47:00.423194 </lastmod>
	</url><url>
		<loc> https://geoconnex.us/ref/aiannh/2300 </loc>
		<lastmod> 2022-02-25 15:47:00.423211 </lastmod>
	</url><url>
		<loc> https://geoconnex.us/ref/aiannh/1125 </loc>
		<lastmod> 2022-02-25 15:47:00.423260 </lastmod>
	</url><url>
		<loc> https://geoconnex.us/ref/aiannh/3250 </loc>
		<lastmod> 2022-02-25 15:47:00.423281 </lastmod>
	</url><url>
		<loc> https://geoconnex.us/ref/aiannh/1310 </loc>
		<lastmod> 2022-02-25 15:47:00.423299 </lastmod>
	</url><url>
		<loc> https://geoconnex.us/ref/aiannh/0775 </loc>
		<lastmod> 2022-02-25 15:47:00.423317 </lastmod>
	</url><url>
		<loc> https://geoconnex.us/ref/aiannh/4405 </loc>
		<lastmod> 2022-02-25 15:47:00.423334 </lastmod>
	</url><url>
		<loc> https://geoconnex.us/ref/aiannh/1785 </loc>
		<lastmod> 2022-02-25 15:47:00.423351 </lastmod>
	</url><url>
		<loc> https://geoconnex.us/ref/aiannh/0400 </loc>
		<lastmod> 2022-02-25 15:47:00.423369 </lastmod>
	</url><url>
		<loc> https://geoconnex.us/ref/aiannh/5166 </loc>
		<lastmod> 2022-02-25 15:47:00.423386 </lastmod>
	</url><url>
		<loc> https://geoconnex.us/ref/aiannh/5029 </loc>
		<lastmod> 2022-02-25 15:47:00.423404 </lastmod>
	</url><url>
		<loc> https://geoconnex.us/ref/aiannh/1840 </loc>
		<lastmod> 2022-02-25 15:47:00.423421 </lastmod>
	</url><url>
		<loc> https://geoconnex.us/ref/aiannh/3400 </loc>
		<lastmod> 2022-02-25 15:47:00.423438 </lastmod>
	</url><url>
		<loc> https://geoconnex.us/ref/aiannh/2240 </loc>
		<lastmod> 2022-02-25 15:47:00.423456 </lastmod>
	</url><url>
		<loc> https://geoconnex.us/ref/aiannh/1735 </loc>
		<lastmod> 2022-02-25 15:47:00.423473 </lastmod>
	</url><url>
		<loc> https://geoconnex.us/ref/aiannh/3825 </loc>
		<lastmod> 2022-02-25 15:47:00.423490 </lastmod>
	</url><url>
		<loc> https://geoconnex.us/ref/aiannh/6430 </loc>
		<lastmod> 2022-02-25 15:47:00.423507 </lastmod>
	</url><url>
		<loc> https://geoconnex.us/ref/aiannh/6285 </loc>
		<lastmod> 2022-02-25 15:47:00.423524 </lastmod>
	</url><url>
		<loc> https://geoconnex.us/ref/aiannh/6550 </loc>
		<lastmod> 2022-02-25 15:47:00.423543 </lastmod>
	</url><url>
		<loc> https://geoconnex.us/ref/aiannh/6045 </loc>
		<lastmod> 2022-02-25 15:47:00.423561 </lastmod>
	</url><url>
		<loc> https://geoconnex.us/ref/aiannh/6105 </loc>
		<lastmod> 2022-02-25 15:47:00.423579 </lastmod>
	</url><url>
		<loc> https://geoconnex.us/ref/aiannh/6065 </loc>
		<lastmod> 2022-02-25 15:47:00.423597 </lastmod>
	</url><url>
		<loc> https://geoconnex.us/ref/aiannh/6525 </loc>
		<lastmod> 2022-02-25 15:47:00.423615 </lastmod>
	</url><url>
		<loc> https://geoconnex.us/ref/aiannh/6915 </loc>
		<lastmod> 2022-02-25 15:47:00.423633 </lastmod>
	</url><url>
		<loc> https://geoconnex.us/ref/aiannh/6965 </loc>
		<lastmod> 2022-02-25 15:47:00.423651 </lastmod>
	</url><url>
		<loc> https://geoconnex.us/ref/aiannh/7020 </loc>
		<lastmod> 2022-02-25 15:47:00.423670 </lastmod>
	</url><url>
		<loc> https://geoconnex.us/ref/aiannh/6195 </loc>
		<lastmod> 2022-02-25 15:47:00.423687 </lastmod>
	</url><url>
		<loc> https://geoconnex.us/ref/aiannh/0855 </loc>
		<lastmod> 2022-02-25 15:47:00.423705 </lastmod>
	</url><url>
		<loc> https://geoconnex.us/ref/aiannh/9580 </loc>
		<lastmod> 2022-02-25 15:47:00.423723 </lastmod>
	</url><url>
		<loc> https://geoconnex.us/ref/aiannh/4330 </loc>
		<lastmod> 2022-02-25 15:47:00.423741 </lastmod>
	</url><url>
		<loc> https://geoconnex.us/ref/aiannh/1490 </loc>
		<lastmod> 2022-02-25 15:47:00.423758 </lastmod>
	</url><url>
		<loc> https://geoconnex.us/ref/aiannh/5770 </loc>
		<lastmod> 2022-02-25 15:47:00.423776 </lastmod>
	</url><url>
		<loc> https://geoconnex.us/ref/aiannh/5198 </loc>
		<lastmod> 2022-02-25 15:47:00.423810 </lastmod>
	</url><url>
		<loc> https://geoconnex.us/ref/aiannh/0080 </loc>
		<lastmod> 2022-02-25 15:47:00.423827 </lastmod>
	</url><url>
		<loc> https://geoconnex.us/ref/aiannh/9835 </loc>
		<lastmod> 2022-02-25 15:47:00.423844 </lastmod>
	</url><url>
		<loc> https://geoconnex.us/ref/aiannh/1690 </loc>
		<lastmod> 2022-02-25 15:47:00.423861 </lastmod>
	</url><url>
		<loc> https://geoconnex.us/ref/aiannh/9800 </loc>
		<lastmod> 2022-02-25 15:47:00.423879 </lastmod>
	</url><url>
		<loc> https://geoconnex.us/ref/aiannh/4755 </loc>
		<lastmod> 2022-02-25 15:47:00.423897 </lastmod>
	</url><url>
		<loc> https://geoconnex.us/ref/aiannh/2040 </loc>
		<lastmod> 2022-02-25 15:47:00.423915 </lastmod>
	</url><url>
		<loc> https://geoconnex.us/ref/aiannh/1460 </loc>
		<lastmod> 2022-02-25 15:47:00.423932 </lastmod>
	</url><url>
		<loc> https://geoconnex.us/ref/aiannh/2990 </loc>
		<lastmod> 2022-02-25 15:47:00.423950 </lastmod>
	</url><url>
		<loc> https://geoconnex.us/ref/aiannh/2205 </loc>
		<lastmod> 2022-02-25 15:47:00.423967 </lastmod>
	</url><url>
		<loc> https://geoconnex.us/ref/aiannh/2625 </loc>
		<lastmod> 2022-02-25 15:47:00.423984 </lastmod>
	</url><url>
		<loc> https://geoconnex.us/ref/aiannh/2445 </loc>
		<lastmod> 2022-02-25 15:47:00.424001 </lastmod>
	</url><url>
		<loc> https://geoconnex.us/ref/aiannh/5271 </loc>
		<lastmod> 2022-02-25 15:47:00.424019 </lastmod>
	</url><url>
		<loc> https://geoconnex.us/ref/aiannh/5091 </loc>
		<lastmod> 2022-02-25 15:47:00.424037 </lastmod>
	</url><url>
		<loc> https://geoconnex.us/ref/aiannh/5106 </loc>
		<lastmod> 2022-02-25 15:47:00.424054 </lastmod>
	</url><url>
		<loc> https://geoconnex.us/ref/aiannh/5146 </loc>
		<lastmod> 2022-02-25 15:47:00.424071 </lastmod>
	</url><url>
		<loc> https://geoconnex.us/ref/aiannh/3415 </loc>
		<lastmod> 2022-02-25 15:47:00.424089 </lastmod>
	</url><url>
		<loc> https://geoconnex.us/ref/aiannh/5161 </loc>
		<lastmod> 2022-02-25 15:47:00.424106 </lastmod>
	</url><url>
		<loc> https://geoconnex.us/ref/aiannh/5044 </loc>
		<lastmod> 2022-02-25 15:47:00.424124 </lastmod>
	</url><url>
		<loc> https://geoconnex.us/ref/aiannh/5104 </loc>
		<lastmod> 2022-02-25 15:47:00.424141 </lastmod>
	</url><url>
		<loc> https://geoconnex.us/ref/aiannh/5053 </loc>
		<lastmod> 2022-02-25 15:47:00.424158 </lastmod>
	</url><url>
		<loc> https://geoconnex.us/ref/aiannh/5222 </loc>
		<lastmod> 2022-02-25 15:47:00.424176 </lastmod>
	</url><url>
		<loc> https://geoconnex.us/ref/aiannh/6305 </loc>
		<lastmod> 2022-02-25 15:47:00.424193 </lastmod>
	</url><url>
		<loc> https://geoconnex.us/ref/aiannh/6530 </loc>
		<lastmod> 2022-02-25 15:47:00.424211 </lastmod>
	</url><url>
		<loc> https://geoconnex.us/ref/aiannh/2560 </loc>
		<lastmod> 2022-02-25 15:47:00.424228 </lastmod>
	</url><url>
		<loc> https://geoconnex.us/ref/aiannh/3085 </loc>
		<lastmod> 2022-02-25 15:47:00.424246 </lastmod>
	</url><url>
		<loc> https://geoconnex.us/ref/aiannh/1825 </loc>
		<lastmod> 2022-02-25 15:47:00.424263 </lastmod>
	</url><url>
		<loc> https://geoconnex.us/ref/aiannh/0140 </loc>
		<lastmod> 2022-02-25 15:47:00.424280 </lastmod>
	</url><url>
		<loc> https://geoconnex.us/ref/aiannh/4015 </loc>
		<lastmod> 2022-02-25 15:47:00.424298 </lastmod>
	</url><url>
		<loc> https://geoconnex.us/ref/aiannh/1963 </loc>
		<lastmod> 2022-02-25 15:47:00.424315 </lastmod>
	</url><url>
		<loc> https://geoconnex.us/ref/aiannh/3195 </loc>
		<lastmod> 2022-02-25 15:47:00.424333 </lastmod>
	</url><url>
		<loc> https://geoconnex.us/ref/aiannh/2495 </loc>
		<lastmod> 2022-02-25 15:47:00.424351 </lastmod>
	</url><url>
		<loc> https://geoconnex.us/ref/aiannh/2147 </loc>
		<lastmod> 2022-02-25 15:47:00.424368 </lastmod>
	</url><url>
		<loc> https://geoconnex.us/ref/aiannh/6625 </loc>
		<lastmod> 2022-02-25 15:47:00.424385 </lastmod>
	</url><url>
		<loc> https://geoconnex.us/ref/aiannh/6520 </loc>
		<lastmod> 2022-02-25 15:47:00.424403 </lastmod>
	</url><url>
		<loc> https://geoconnex.us/ref/aiannh/7625 </loc>
		<lastmod> 2022-02-25 15:47:00.424420 </lastmod>
	</url><url>
		<loc> https://geoconnex.us/ref/aiannh/3030 </loc>
		<lastmod> 2022-02-25 15:47:00.424438 </lastmod>
	</url><url>
		<loc> https://geoconnex.us/ref/aiannh/0845 </loc>
		<lastmod> 2022-02-25 15:47:00.424455 </lastmod>
	</url><url>
		<loc> https://geoconnex.us/ref/aiannh/0225 </loc>
		<lastmod> 2022-02-25 15:47:00.424472 </lastmod>
	</url><url>
		<loc> https://geoconnex.us/ref/aiannh/2400 </loc>
		<lastmod> 2022-02-25 15:47:00.424490 </lastmod>
	</url><url>
		<loc> https://geoconnex.us/ref/aiannh/3870 </loc>
		<lastmod> 2022-02-25 15:47:00.424507 </lastmod>
	</url><url>
		<loc> https://geoconnex.us/ref/aiannh/3020 </loc>
		<lastmod> 2022-02-25 15:47:00.424524 </lastmod>
	</url><url>
		<loc> https://geoconnex.us/ref/aiannh/4060 </loc>
		<lastmod> 2022-02-25 15:47:00.424541 </lastmod>
	</url><url>
		<loc> https://geoconnex.us/ref/aiannh/4430 </loc>
		<lastmod> 2022-02-25 15:47:00.424558 </lastmod>
	</url><url>
		<loc> https://geoconnex.us/ref/aiannh/2715 </loc>
		<lastmod> 2022-02-25 15:47:00.424576 </lastmod>
	</url><url>
		<loc> https://geoconnex.us/ref/aiannh/0415 </loc>
		<lastmod> 2022-02-25 15:47:00.424593 </lastmod>
	</url><url>
		<loc> https://geoconnex.us/ref/aiannh/0155 </loc>
		<lastmod> 2022-02-25 15:47:00.424610 </lastmod>
	</url><url>
		<loc> https://geoconnex.us/ref/aiannh/6500 </loc>
		<lastmod> 2022-02-25 15:47:00.424628 </lastmod>
	</url><url>
		<loc> https://geoconnex.us/ref/aiannh/7085 </loc>
		<lastmod> 2022-02-25 15:47:00.424645 </lastmod>
	</url><url>
		<loc> https://geoconnex.us/ref/aiannh/6840 </loc>
		<lastmod> 2022-02-25 15:47:00.424663 </lastmod>
	</url><url>
		<loc> https://geoconnex.us/ref/aiannh/6255 </loc>
		<lastmod> 2022-02-25 15:47:00.424681 </lastmod>
	</url><url>
		<loc> https://geoconnex.us/ref/aiannh/7500 </loc>
		<lastmod> 2022-02-25 15:47:00.424698 </lastmod>
	</url><url>
		<loc> https://geoconnex.us/ref/aiannh/6865 </loc>
		<lastmod> 2022-02-25 15:47:00.424715 </lastmod>
	</url><url>
		<loc> https://geoconnex.us/ref/aiannh/7650 </loc>
		<lastmod> 2022-02-25 15:47:00.424733 </lastmod>
	</url><url>
		<loc> https://geoconnex.us/ref/aiannh/4130 </loc>
		<lastmod> 2022-02-25 15:47:00.424751 </lastmod>
	</url><url>
		<loc> https://geoconnex.us/ref/aiannh/3115 </loc>
		<lastmod> 2022-02-25 15:47:00.424769 </lastmod>
	</url><url>
		<loc> https://geoconnex.us/ref/aiannh/4625 </loc>
		<lastmod> 2022-02-25 15:47:00.424786 </lastmod>
	</url><url>
		<loc> https://geoconnex.us/ref/aiannh/3285 </loc>
		<lastmod> 2022-02-25 15:47:00.424804 </lastmod>
	</url><url>
		<loc> https://geoconnex.us/ref/aiannh/0325 </loc>
		<lastmod> 2022-02-25 15:47:00.424821 </lastmod>
	</url><url>
		<loc> https://geoconnex.us/ref/aiannh/9950 </loc>
		<lastmod> 2022-02-25 15:47:00.424838 </lastmod>
	</url><url>
		<loc> https://geoconnex.us/ref/aiannh/7415 </loc>
		<lastmod> 2022-02-25 15:47:00.424856 </lastmod>
	</url><url>
		<loc> https://geoconnex.us/ref/aiannh/1040 </loc>
		<lastmod> 2022-02-25 15:47:00.424873 </lastmod>
	</url><url>
		<loc> https://geoconnex.us/ref/aiannh/0165 </loc>
		<lastmod> 2022-02-25 15:47:00.424890 </lastmod>
	</url><url>
		<loc> https://geoconnex.us/ref/aiannh/6300 </loc>
		<lastmod> 2022-02-25 15:47:00.424907 </lastmod>
	</url><url>
		<loc> https://geoconnex.us/ref/aiannh/7250 </loc>
		<lastmod> 2022-02-25 15:47:00.424924 </lastmod>
	</url><url>
		<loc> https://geoconnex.us/ref/aiannh/6490 </loc>
		<lastmod> 2022-02-25 15:47:00.424959 </lastmod>
	</url><url>
		<loc> https://geoconnex.us/ref/aiannh/7225 </loc>
		<lastmod> 2022-02-25 15:47:00.424977 </lastmod>
	</url><url>
		<loc> https://geoconnex.us/ref/aiannh/2475 </loc>
		<lastmod> 2022-02-25 15:47:00.424995 </lastmod>
	</url><url>
		<loc> https://geoconnex.us/ref/aiannh/0575 </loc>
		<lastmod> 2022-02-25 15:47:00.425013 </lastmod>
	</url><url>
		<loc> https://geoconnex.us/ref/aiannh/2925 </loc>
		<lastmod> 2022-02-25 15:47:00.425031 </lastmod>
	</url><url>
		<loc> https://geoconnex.us/ref/aiannh/2985 </loc>
		<lastmod> 2022-02-25 15:47:00.425048 </lastmod>
	</url><url>
		<loc> https://geoconnex.us/ref/aiannh/0335 </loc>
		<lastmod> 2022-02-25 15:47:00.425066 </lastmod>
	</url><url>
		<loc> https://geoconnex.us/ref/aiannh/5730 </loc>
		<lastmod> 2022-02-25 15:47:00.425084 </lastmod>
	</url><url>
		<loc> https://geoconnex.us/ref/aiannh/3280 </loc>
		<lastmod> 2022-02-25 15:47:00.425101 </lastmod>
	</url><url>
		<loc> https://geoconnex.us/ref/aiannh/5088 </loc>
		<lastmod> 2022-02-25 15:47:00.425119 </lastmod>
	</url><url>
		<loc> https://geoconnex.us/ref/aiannh/5116 </loc>
		<lastmod> 2022-02-25 15:47:00.425136 </lastmod>
	</url><url>
		<loc> https://geoconnex.us/ref/aiannh/4500 </loc>
		<lastmod> 2022-02-25 15:47:00.425155 </lastmod>
	</url><url>
		<loc> https://geoconnex.us/ref/aiannh/1055 </loc>
		<lastmod> 2022-02-25 15:47:00.425173 </lastmod>
	</url><url>
		<loc> https://geoconnex.us/ref/aiannh/3095 </loc>
		<lastmod> 2022-02-25 15:47:00.425191 </lastmod>
	</url><url>
		<loc> https://geoconnex.us/ref/aiannh/1915 </loc>
		<lastmod> 2022-02-25 15:47:00.425210 </lastmod>
	</url><url>
		<loc> https://geoconnex.us/ref/aiannh/7315 </loc>
		<lastmod> 2022-02-25 15:47:00.425228 </lastmod>
	</url><url>
		<loc> https://geoconnex.us/ref/aiannh/7450 </loc>
		<lastmod> 2022-02-25 15:47:00.425247 </lastmod>
	</url><url>
		<loc> https://geoconnex.us/ref/aiannh/7495 </loc>
		<lastmod> 2022-02-25 15:47:00.425282 </lastmod>
	</url><url>
		<loc> https://geoconnex.us/ref/aiannh/6015 </loc>
		<lastmod> 2022-02-25 15:47:00.425300 </lastmod>
	</url><url>
		<loc> https://geoconnex.us/ref/aiannh/6860 </loc>
		<lastmod> 2022-02-25 15:47:00.425317 </lastmod>
	</url><url>
		<loc> https://geoconnex.us/ref/aiannh/2055 </loc>
		<lastmod> 2022-02-25 15:47:00.425335 </lastmod>
	</url><url>
		<loc> https://geoconnex.us/ref/aiannh/2150 </loc>
		<lastmod> 2022-02-25 15:47:00.425384 </lastmod>
	</url><url>
		<loc> https://geoconnex.us/ref/aiannh/5051 </loc>
		<lastmod> 2022-02-25 15:47:00.425404 </lastmod>
	</url><url>
		<loc> https://geoconnex.us/ref/aiannh/5239 </loc>
		<lastmod> 2022-02-25 15:47:00.425421 </lastmod>
	</url><url>
		<loc> https://geoconnex.us/ref/aiannh/5640 </loc>
		<lastmod> 2022-02-25 15:47:00.425438 </lastmod>
	</url><url>
		<loc> https://geoconnex.us/ref/aiannh/3010 </loc>
		<lastmod> 2022-02-25 15:47:00.425455 </lastmod>
	</url><url>
		<loc> https://geoconnex.us/ref/aiannh/7145 </loc>
		<lastmod> 2022-02-25 15:47:00.425472 </lastmod>
	</url><url>
		<loc> https://geoconnex.us/ref/aiannh/2070 </loc>
		<lastmod> 2022-02-25 15:47:00.425489 </lastmod>
	</url><url>
		<loc> https://geoconnex.us/ref/aiannh/0200 </loc>
		<lastmod> 2022-02-25 15:47:00.425505 </lastmod>
	</url><url>
		<loc> https://geoconnex.us/ref/aiannh/6810 </loc>
		<lastmod> 2022-02-25 15:47:00.425522 </lastmod>
	</url><url>
		<loc> https://geoconnex.us/ref/aiannh/6995 </loc>
		<lastmod> 2022-02-25 15:47:00.425539 </lastmod>
	</url><url>
		<loc> https://geoconnex.us/ref/aiannh/6365 </loc>
		<lastmod> 2022-02-25 15:47:00.425556 </lastmod>
	</url><url>
		<loc> https://geoconnex.us/ref/aiannh/2285 </loc>
		<lastmod> 2022-02-25 15:47:00.425572 </lastmod>
	</url><url>
		<loc> https://geoconnex.us/ref/aiannh/3885 </loc>
		<lastmod> 2022-02-25 15:47:00.425589 </lastmod>
	</url><url>
		<loc> https://geoconnex.us/ref/aiannh/5915 </loc>
		<lastmod> 2022-02-25 15:47:00.425605 </lastmod>
	</url><url>
		<loc> https://geoconnex.us/ref/aiannh/9975 </loc>
		<lastmod> 2022-02-25 15:47:00.425622 </lastmod>
	</url><url>
		<loc> https://geoconnex.us/ref/aiannh/2850 </loc>
		<lastmod> 2022-02-25 15:47:00.425639 </lastmod>
	</url><url>
		<loc> https://geoconnex.us/ref/aiannh/0940 </loc>
		<lastmod> 2022-02-25 15:47:00.425656 </lastmod>
	</url><url>
		<loc> https://geoconnex.us/ref/aiannh/1380 </loc>
		<lastmod> 2022-02-25 15:47:00.425674 </lastmod>
	</url><url>
		<loc> https://geoconnex.us/ref/aiannh/0265 </loc>
		<lastmod> 2022-02-25 15:47:00.425708 </lastmod>
	</url><url>
		<loc> https://geoconnex.us/ref/aiannh/4235 </loc>
		<lastmod> 2022-02-25 15:47:00.425725 </lastmod>
	</url><url>
		<loc> https://geoconnex.us/ref/aiannh/6590 </loc>
		<lastmod> 2022-02-25 15:47:00.425742 </lastmod>
	</url><url>
		<loc> https://geoconnex.us/ref/aiannh/6680 </loc>
		<lastmod> 2022-02-25 15:47:00.425759 </lastmod>
	</url><url>
		<loc> https://geoconnex.us/ref/aiannh/7130 </loc>
		<lastmod> 2022-02-25 15:47:00.425776 </lastmod>
	</url><url>
		<loc> https://geoconnex.us/ref/aiannh/7150 </loc>
		<lastmod> 2022-02-25 15:47:00.425794 </lastmod>
	</url><url>
		<loc> https://geoconnex.us/ref/aiannh/7260 </loc>
		<lastmod> 2022-02-25 15:47:00.425811 </lastmod>
	</url><url>
		<loc> https://geoconnex.us/ref/aiannh/6390 </loc>
		<lastmod> 2022-02-25 15:47:00.425828 </lastmod>
	</url><url>
		<loc> https://geoconnex.us/ref/aiannh/4290 </loc>
		<lastmod> 2022-02-25 15:47:00.425845 </lastmod>
	</url><url>
		<loc> https://geoconnex.us/ref/aiannh/2085 </loc>
		<lastmod> 2022-02-25 15:47:00.425862 </lastmod>
	</url><url>
		<loc> https://geoconnex.us/ref/aiannh/2685 </loc>
		<lastmod> 2022-02-25 15:47:00.425879 </lastmod>
	</url><url>
		<loc> https://geoconnex.us/ref/aiannh/0125 </loc>
		<lastmod> 2022-02-25 15:47:00.425896 </lastmod>
	</url><url>
		<loc> https://geoconnex.us/ref/aiannh/2820 </loc>
		<lastmod> 2022-02-25 15:47:00.425913 </lastmod>
	</url><url>
		<loc> https://geoconnex.us/ref/aiannh/6235 </loc>
		<lastmod> 2022-02-25 15:47:00.425929 </lastmod>
	</url><url>
		<loc> https://geoconnex.us/ref/aiannh/6540 </loc>
		<lastmod> 2022-02-25 15:47:00.425946 </lastmod>
	</url><url>
		<loc> https://geoconnex.us/ref/aiannh/6650 </loc>
		<lastmod> 2022-02-25 15:47:00.425963 </lastmod>
	</url><url>
		<loc> https://geoconnex.us/ref/aiannh/6265 </loc>
		<lastmod> 2022-02-25 15:47:00.425980 </lastmod>
	</url><url>
		<loc> https://geoconnex.us/ref/aiannh/1195 </loc>
		<lastmod> 2022-02-25 15:47:00.425996 </lastmod>
	</url><url>
		<loc> https://geoconnex.us/ref/aiannh/1770 </loc>
		<lastmod> 2022-02-25 15:47:00.426012 </lastmod>
	</url><url>
		<loc> https://geoconnex.us/ref/aiannh/3165 </loc>
		<lastmod> 2022-02-25 15:47:00.426029 </lastmod>
	</url><url>
		<loc> https://geoconnex.us/ref/aiannh/1625 </loc>
		<lastmod> 2022-02-25 15:47:00.426046 </lastmod>
	</url><url>
		<loc> https://geoconnex.us/ref/aiannh/3000 </loc>
		<lastmod> 2022-02-25 15:47:00.426062 </lastmod>
	</url><url>
		<loc> https://geoconnex.us/ref/aiannh/4690 </loc>
		<lastmod> 2022-02-25 15:47:00.426079 </lastmod>
	</url><url>
		<loc> https://geoconnex.us/ref/aiannh/6295 </loc>
		<lastmod> 2022-02-25 15:47:00.426095 </lastmod>
	</url><url>
		<loc> https://geoconnex.us/ref/aiannh/7065 </loc>
		<lastmod> 2022-02-25 15:47:00.426111 </lastmod>
	</url><url>
		<loc> https://geoconnex.us/ref/aiannh/7465 </loc>
		<lastmod> 2022-02-25 15:47:00.426145 </lastmod>
	</url><url>
		<loc> https://geoconnex.us/ref/aiannh/7270 </loc>
		<lastmod> 2022-02-25 15:47:00.426163 </lastmod>
	</url><url>
		<loc> https://geoconnex.us/ref/aiannh/6945 </loc>
		<lastmod> 2022-02-25 15:47:00.426181 </lastmod>
	</url><url>
		<loc> https://geoconnex.us/ref/aiannh/7605 </loc>
		<lastmod> 2022-02-25 15:47:00.426198 </lastmod>
	</url><url>
		<loc> https://geoconnex.us/ref/aiannh/7220 </loc>
		<lastmod> 2022-02-25 15:47:00.426216 </lastmod>
	</url><url>
		<loc> https://geoconnex.us/ref/aiannh/6040 </loc>
		<lastmod> 2022-02-25 15:47:00.426234 </lastmod>
	</url><url>
		<loc> https://geoconnex.us/ref/aiannh/6570 </loc>
		<lastmod> 2022-02-25 15:47:00.426251 </lastmod>
	</url><url>
		<loc> https://geoconnex.us/ref/aiannh/6405 </loc>
		<lastmod> 2022-02-25 15:47:00.426268 </lastmod>
	</url><url>
		<loc> https://geoconnex.us/ref/aiannh/7475 </loc>
		<lastmod> 2022-02-25 15:47:00.426286 </lastmod>
	</url><url>
		<loc> https://geoconnex.us/ref/aiannh/7030 </loc>
		<lastmod> 2022-02-25 15:47:00.426303 </lastmod>
	</url><url>
		<loc> https://geoconnex.us/ref/aiannh/2745 </loc>
		<lastmod> 2022-02-25 15:47:00.426320 </lastmod>
	</url><url>
		<loc> https://geoconnex.us/ref/aiannh/9963 </loc>
		<lastmod> 2022-02-25 15:47:00.426337 </lastmod>
	</url><url>
		<loc> https://geoconnex.us/ref/aiannh/1100 </loc>
		<lastmod> 2022-02-25 15:47:00.426354 </lastmod>
	</url><url>
		<loc> https://geoconnex.us/ref/aiannh/6670 </loc>
		<lastmod> 2022-02-25 15:47:00.426388 </lastmod>
	</url><url>
		<loc> https://geoconnex.us/ref/aiannh/0510 </loc>
		<lastmod> 2022-02-25 15:47:00.426404 </lastmod>
	</url><url>
		<loc> https://geoconnex.us/ref/aiannh/2510 </loc>
		<lastmod> 2022-02-25 15:47:00.426421 </lastmod>
	</url><url>
		<loc> https://geoconnex.us/ref/aiannh/2270 </loc>
		<lastmod> 2022-02-25 15:47:00.426438 </lastmod>
	</url><url>
		<loc> https://geoconnex.us/ref/aiannh/4708 </loc>
		<lastmod> 2022-02-25 15:47:00.426454 </lastmod>
	</url><url>
		<loc> https://geoconnex.us/ref/aiannh/2680 </loc>
		<lastmod> 2022-02-25 15:47:00.426471 </lastmod>
	</url><url>
		<loc> https://geoconnex.us/ref/aiannh/2315 </loc>
		<lastmod> 2022-02-25 15:47:00.426487 </lastmod>
	</url><url>
		<loc> https://geoconnex.us/ref/aiannh/3480 </loc>
		<lastmod> 2022-02-25 15:47:00.426503 </lastmod>
	</url><url>
		<loc> https://geoconnex.us/ref/aiannh/4770 </loc>
		<lastmod> 2022-02-25 15:47:00.426520 </lastmod>
	</url><url>
		<loc> https://geoconnex.us/ref/aiannh/9970 </loc>
		<lastmod> 2022-02-25 15:47:00.426537 </lastmod>
	</url><url>
		<loc> https://geoconnex.us/ref/aiannh/5181 </loc>
		<lastmod> 2022-02-25 15:47:00.426553 </lastmod>
	</url><url>
		<loc> https://geoconnex.us/ref/aiannh/5216 </loc>
		<lastmod> 2022-02-25 15:47:00.426570 </lastmod>
	</url><url>
		<loc> https://geoconnex.us/ref/aiannh/7205 </loc>
		<lastmod> 2022-02-25 15:47:00.426586 </lastmod>
	</url><url>
		<loc> https://geoconnex.us/ref/aiannh/5970 </loc>
		<lastmod> 2022-02-25 15:47:00.426620 </lastmod>
	</url><url>
		<loc> https://geoconnex.us/ref/aiannh/6990 </loc>
		<lastmod> 2022-02-25 15:47:00.426636 </lastmod>
	</url><url>
		<loc> https://geoconnex.us/ref/aiannh/6445 </loc>
		<lastmod> 2022-02-25 15:47:00.426653 </lastmod>
	</url><url>
		<loc> https://geoconnex.us/ref/aiannh/6415 </loc>
		<lastmod> 2022-02-25 15:47:00.426713 </lastmod>
	</url><url>
		<loc> https://geoconnex.us/ref/aiannh/6310 </loc>
		<lastmod> 2022-02-25 15:47:00.426736 </lastmod>
	</url><url>
		<loc> https://geoconnex.us/ref/aiannh/7070 </loc>
		<lastmod> 2022-02-25 15:47:00.426754 </lastmod>
	</url><url>
		<loc> https://geoconnex.us/ref/aiannh/7485 </loc>
		<lastmod> 2022-02-25 15:47:00.426772 </lastmod>
	</url><url>
		<loc> https://geoconnex.us/ref/aiannh/7640 </loc>
		<lastmod> 2022-02-25 15:47:00.426807 </lastmod>
	</url><url>
		<loc> https://geoconnex.us/ref/aiannh/6025 </loc>
		<lastmod> 2022-02-25 15:47:00.426824 </lastmod>
	</url><url>
		<loc> https://geoconnex.us/ref/aiannh/7055 </loc>
		<lastmod> 2022-02-25 15:47:00.426841 </lastmod>
	</url><url>
		<loc> https://geoconnex.us/ref/aiannh/6585 </loc>
		<lastmod> 2022-02-25 15:47:00.426859 </lastmod>
	</url><url>
		<loc> https://geoconnex.us/ref/aiannh/7175 </loc>
		<lastmod> 2022-02-25 15:47:00.426876 </lastmod>
	</url><url>
		<loc> https://geoconnex.us/ref/aiannh/7410 </loc>
		<lastmod> 2022-02-25 15:47:00.426893 </lastmod>
	</url><url>
		<loc> https://geoconnex.us/ref/aiannh/3340 </loc>
		<lastmod> 2022-02-25 15:47:00.426910 </lastmod>
	</url><url>
		<loc> https://geoconnex.us/ref/aiannh/3320 </loc>
		<lastmod> 2022-02-25 15:47:00.426928 </lastmod>
	</url><url>
		<loc> https://geoconnex.us/ref/aiannh/7510 </loc>
		<lastmod> 2022-02-25 15:47:00.426945 </lastmod>
	</url><url>
		<loc> https://geoconnex.us/ref/aiannh/6935 </loc>
		<lastmod> 2022-02-25 15:47:00.426962 </lastmod>
	</url><url>
		<loc> https://geoconnex.us/ref/aiannh/7040 </loc>
		<lastmod> 2022-02-25 15:47:00.426979 </lastmod>
	</url><url>
		<loc> https://geoconnex.us/ref/aiannh/7255 </loc>
		<lastmod> 2022-02-25 15:47:00.426996 </lastmod>
	</url><url>
		<loc> https://geoconnex.us/ref/aiannh/7630 </loc>
		<lastmod> 2022-02-25 15:47:00.427013 </lastmod>
	</url><url>
		<loc> https://geoconnex.us/ref/aiannh/7435 </loc>
		<lastmod> 2022-02-25 15:47:00.427030 </lastmod>
	</url><url>
		<loc> https://geoconnex.us/ref/aiannh/5061 </loc>
		<lastmod> 2022-02-25 15:47:00.427047 </lastmod>
	</url><url>
		<loc> https://geoconnex.us/ref/aiannh/5238 </loc>
		<lastmod> 2022-02-25 15:47:00.427064 </lastmod>
	</url><url>
		<loc> https://geoconnex.us/ref/aiannh/5176 </loc>
		<lastmod> 2022-02-25 15:47:00.427081 </lastmod>
	</url><url>
		<loc> https://geoconnex.us/ref/aiannh/4075 </loc>
		<lastmod> 2022-02-25 15:47:00.427098 </lastmod>
	</url><url>
		<loc> https://geoconnex.us/ref/aiannh/2910 </loc>
		<lastmod> 2022-02-25 15:47:00.427115 </lastmod>
	</url><url>
		<loc> https://geoconnex.us/ref/aiannh/3370 </loc>
		<lastmod> 2022-02-25 15:47:00.427132 </lastmod>
	</url><url>
		<loc> https://geoconnex.us/ref/aiannh/6340 </loc>
		<lastmod> 2022-02-25 15:47:00.427148 </lastmod>
	</url><url>
		<loc> https://geoconnex.us/ref/aiannh/6460 </loc>
		<lastmod> 2022-02-25 15:47:00.427165 </lastmod>
	</url><url>
		<loc> https://geoconnex.us/ref/aiannh/1610 </loc>
		<lastmod> 2022-02-25 15:47:00.427182 </lastmod>
	</url><url>
		<loc> https://geoconnex.us/ref/aiannh/3735 </loc>
		<lastmod> 2022-02-25 15:47:00.427198 </lastmod>
	</url><url>
		<loc> https://geoconnex.us/ref/aiannh/5223 </loc>
		<lastmod> 2022-02-25 15:47:00.427216 </lastmod>
	</url><url>
		<loc> https://geoconnex.us/ref/aiannh/5030 </loc>
		<lastmod> 2022-02-25 15:47:00.427234 </lastmod>
	</url><url>
		<loc> https://geoconnex.us/ref/aiannh/5046 </loc>
		<lastmod> 2022-02-25 15:47:00.427251 </lastmod>
	</url><url>
		<loc> https://geoconnex.us/ref/aiannh/3795 </loc>
		<lastmod> 2022-02-25 15:47:00.427269 </lastmod>
	</url><url>
		<loc> https://geoconnex.us/ref/aiannh/5186 </loc>
		<lastmod> 2022-02-25 15:47:00.427287 </lastmod>
	</url><url>
		<loc> https://geoconnex.us/ref/aiannh/5033 </loc>
		<lastmod> 2022-02-25 15:47:00.427304 </lastmod>
	</url><url>
		<loc> https://geoconnex.us/ref/aiannh/5101 </loc>
		<lastmod> 2022-02-25 15:47:00.427321 </lastmod>
	</url><url>
		<loc> https://geoconnex.us/ref/aiannh/3930 </loc>
		<lastmod> 2022-02-25 15:47:00.427339 </lastmod>
	</url><url>
		<loc> https://geoconnex.us/ref/aiannh/5800 </loc>
		<lastmod> 2022-02-25 15:47:00.427356 </lastmod>
	</url><url>
		<loc> https://geoconnex.us/ref/aiannh/6325 </loc>
		<lastmod> 2022-02-25 15:47:00.427373 </lastmod>
	</url><url>
		<loc> https://geoconnex.us/ref/aiannh/6575 </loc>
		<lastmod> 2022-02-25 15:47:00.427390 </lastmod>
	</url><url>
		<loc> https://geoconnex.us/ref/aiannh/6450 </loc>
		<lastmod> 2022-02-25 15:47:00.427407 </lastmod>
	</url><url>
		<loc> https://geoconnex.us/ref/aiannh/2775 </loc>
		<lastmod> 2022-02-25 15:47:00.427423 </lastmod>
	</url><url>
		<loc> https://geoconnex.us/ref/aiannh/0495 </loc>
		<lastmod> 2022-02-25 15:47:00.427440 </lastmod>
	</url><url>
		<loc> https://geoconnex.us/ref/aiannh/7530 </loc>
		<lastmod> 2022-02-25 15:47:00.427457 </lastmod>
	</url><url>
		<loc> https://geoconnex.us/ref/aiannh/1160 </loc>
		<lastmod> 2022-02-25 15:47:00.427475 </lastmod>
	</url><url>
		<loc> https://geoconnex.us/ref/aiannh/9865 </loc>
		<lastmod> 2022-02-25 15:47:00.427521 </lastmod>
	</url><url>
		<loc> https://geoconnex.us/ref/aiannh/1750 </loc>
		<lastmod> 2022-02-25 15:47:00.427540 </lastmod>
	</url><url>
		<loc> https://geoconnex.us/ref/aiannh/2190 </loc>
		<lastmod> 2022-02-25 15:47:00.427556 </lastmod>
	</url><url>
		<loc> https://geoconnex.us/ref/aiannh/4090 </loc>
		<lastmod> 2022-02-25 15:47:00.427573 </lastmod>
	</url><url>
		<loc> https://geoconnex.us/ref/aiannh/4530 </loc>
		<lastmod> 2022-02-25 15:47:00.427590 </lastmod>
	</url><url>
		<loc> https://geoconnex.us/ref/aiannh/4225 </loc>
		<lastmod> 2022-02-25 15:47:00.427606 </lastmod>
	</url><url>
		<loc> https://geoconnex.us/ref/aiannh/5056 </loc>
		<lastmod> 2022-02-25 15:47:00.427622 </lastmod>
	</url><url>
		<loc> https://geoconnex.us/ref/aiannh/1590 </loc>
		<lastmod> 2022-02-25 15:47:00.427639 </lastmod>
	</url><url>
		<loc> https://geoconnex.us/ref/aiannh/7505 </loc>
		<lastmod> 2022-02-25 15:47:00.427655 </lastmod>
	</url><url>
		<loc> https://geoconnex.us/ref/aiannh/6515 </loc>
		<lastmod> 2022-02-25 15:47:00.427671 </lastmod>
	</url><url>
		<loc> https://geoconnex.us/ref/aiannh/6125 </loc>
		<lastmod> 2022-02-25 15:47:00.427687 </lastmod>
	</url><url>
		<loc> https://geoconnex.us/ref/aiannh/6150 </loc>
		<lastmod> 2022-02-25 15:47:00.427703 </lastmod>
	</url><url>
		<loc> https://geoconnex.us/ref/aiannh/6765 </loc>
		<lastmod> 2022-02-25 15:47:00.427720 </lastmod>
	</url><url>
		<loc> https://geoconnex.us/ref/aiannh/6385 </loc>
		<lastmod> 2022-02-25 15:47:00.427737 </lastmod>
	</url><url>
		<loc> https://geoconnex.us/ref/aiannh/1410 </loc>
		<lastmod> 2022-02-25 15:47:00.427753 </lastmod>
	</url><url>
		<loc> https://geoconnex.us/ref/aiannh/3780 </loc>
		<lastmod> 2022-02-25 15:47:00.427770 </lastmod>
	</url><url>
		<loc> https://geoconnex.us/ref/aiannh/9838 </loc>
		<lastmod> 2022-02-25 15:47:00.427786 </lastmod>
	</url><url>
		<loc> https://geoconnex.us/ref/aiannh/5179 </loc>
		<lastmod> 2022-02-25 15:47:00.427803 </lastmod>
	</url><url>
		<loc> https://geoconnex.us/ref/aiannh/5083 </loc>
		<lastmod> 2022-02-25 15:47:00.427821 </lastmod>
	</url><url>
		<loc> https://geoconnex.us/ref/aiannh/5276 </loc>
		<lastmod> 2022-02-25 15:47:00.427838 </lastmod>
	</url><url>
		<loc> https://geoconnex.us/ref/aiannh/4315 </loc>
		<lastmod> 2022-02-25 15:47:00.427855 </lastmod>
	</url><url>
		<loc> https://geoconnex.us/ref/aiannh/9830 </loc>
		<lastmod> 2022-02-25 15:47:00.427871 </lastmod>
	</url><url>
		<loc> https://geoconnex.us/ref/aiannh/2375 </loc>
		<lastmod> 2022-02-25 15:47:00.427889 </lastmod>
	</url><url>
		<loc> https://geoconnex.us/ref/aiannh/3680 </loc>
		<lastmod> 2022-02-25 15:47:00.427922 </lastmod>
	</url><url>
		<loc> https://geoconnex.us/ref/aiannh/6160 </loc>
		<lastmod> 2022-02-25 15:47:00.427939 </lastmod>
	</url><url>
		<loc> https://geoconnex.us/ref/aiannh/7560 </loc>
		<lastmod> 2022-02-25 15:47:00.427956 </lastmod>
	</url><url>
		<loc> https://geoconnex.us/ref/aiannh/6685 </loc>
		<lastmod> 2022-02-25 15:47:00.427973 </lastmod>
	</url><url>
		<loc> https://geoconnex.us/ref/aiannh/6495 </loc>
		<lastmod> 2022-02-25 15:47:00.427989 </lastmod>
	</url><url>
		<loc> https://geoconnex.us/ref/aiannh/1880 </loc>
		<lastmod> 2022-02-25 15:47:00.428006 </lastmod>
	</url><url>
		<loc> https://geoconnex.us/ref/aiannh/0815 </loc>
		<lastmod> 2022-02-25 15:47:00.428022 </lastmod>
	</url><url>
		<loc> https://geoconnex.us/ref/aiannh/6740 </loc>
		<lastmod> 2022-02-25 15:47:00.428039 </lastmod>
	</url><url>
		<loc> https://geoconnex.us/ref/aiannh/4710 </loc>
		<lastmod> 2022-02-25 15:47:00.428055 </lastmod>
	</url><url>
		<loc> https://geoconnex.us/ref/aiannh/1220 </loc>
		<lastmod> 2022-02-25 15:47:00.428072 </lastmod>
	</url><url>
		<loc> https://geoconnex.us/ref/aiannh/3840 </loc>
		<lastmod> 2022-02-25 15:47:00.428088 </lastmod>
	</url><url>
		<loc> https://geoconnex.us/ref/aiannh/6620 </loc>
		<lastmod> 2022-02-25 15:47:00.428105 </lastmod>
	</url><url>
		<loc> https://geoconnex.us/ref/aiannh/1830 </loc>
		<lastmod> 2022-02-25 15:47:00.428121 </lastmod>
	</url><url>
		<loc> https://geoconnex.us/ref/aiannh/0975 </loc>
		<lastmod> 2022-02-25 15:47:00.428137 </lastmod>
	</url><url>
		<loc> https://geoconnex.us/ref/aiannh/9825 </loc>
		<lastmod> 2022-02-25 15:47:00.428154 </lastmod>
	</url><url>
		<loc> https://geoconnex.us/ref/aiannh/2865 </loc>
		<lastmod> 2022-02-25 15:47:00.428170 </lastmod>
	</url><url>
		<loc> https://geoconnex.us/ref/aiannh/6700 </loc>
		<lastmod> 2022-02-25 15:47:00.428186 </lastmod>
	</url><url>
		<loc> https://geoconnex.us/ref/aiannh/3635 </loc>
		<lastmod> 2022-02-25 15:47:00.428203 </lastmod>
	</url><url>
		<loc> https://geoconnex.us/ref/aiannh/2635 </loc>
		<lastmod> 2022-02-25 15:47:00.428220 </lastmod>
	</url><url>
		<loc> https://geoconnex.us/ref/aiannh/1655 </loc>
		<lastmod> 2022-02-25 15:47:00.428236 </lastmod>
	</url><url>
		<loc> https://geoconnex.us/ref/aiannh/2360 </loc>
		<lastmod> 2022-02-25 15:47:00.428253 </lastmod>
	</url><url>
		<loc> https://geoconnex.us/ref/aiannh/7375 </loc>
		<lastmod> 2022-02-25 15:47:00.428269 </lastmod>
	</url><url>
		<loc> https://geoconnex.us/ref/aiannh/6735 </loc>
		<lastmod> 2022-02-25 15:47:00.428286 </lastmod>
	</url><url>
		<loc> https://geoconnex.us/ref/aiannh/5004 </loc>
		<lastmod> 2022-02-25 15:47:00.428303 </lastmod>
	</url><url>
		<loc> https://geoconnex.us/ref/aiannh/9510 </loc>
		<lastmod> 2022-02-25 15:47:00.428319 </lastmod>
	</url><url>
		<loc> https://geoconnex.us/ref/aiannh/6420 </loc>
		<lastmod> 2022-02-25 15:47:00.428336 </lastmod>
	</url><url>
		<loc> https://geoconnex.us/ref/aiannh/7735 </loc>
		<lastmod> 2022-02-25 15:47:00.428353 </lastmod>
	</url><url>
		<loc> https://geoconnex.us/ref/aiannh/7645 </loc>
		<lastmod> 2022-02-25 15:47:00.428387 </lastmod>
	</url><url>
		<loc> https://geoconnex.us/ref/aiannh/9525 </loc>
		<lastmod> 2022-02-25 15:47:00.428404 </lastmod>
	</url><url>
		<loc> https://geoconnex.us/ref/aiannh/7215 </loc>
		<lastmod> 2022-02-25 15:47:00.428421 </lastmod>
	</url><url>
		<loc> https://geoconnex.us/ref/aiannh/1475 </loc>
		<lastmod> 2022-02-25 15:47:00.428438 </lastmod>
	</url><url>
		<loc> https://geoconnex.us/ref/aiannh/5031 </loc>
		<lastmod> 2022-02-25 15:47:00.428455 </lastmod>
	</url><url>
		<loc> https://geoconnex.us/ref/aiannh/1685 </loc>
		<lastmod> 2022-02-25 15:47:00.428472 </lastmod>
	</url><url>
		<loc> https://geoconnex.us/ref/aiannh/2550 </loc>
		<lastmod> 2022-02-25 15:47:00.428488 </lastmod>
	</url><url>
		<loc> https://geoconnex.us/ref/aiannh/5041 </loc>
		<lastmod> 2022-02-25 15:47:00.428505 </lastmod>
	</url><url>
		<loc> https://geoconnex.us/ref/aiannh/5138 </loc>
		<lastmod> 2022-02-25 15:47:00.428523 </lastmod>
	</url><url>
		<loc> https://geoconnex.us/ref/aiannh/5213 </loc>
		<lastmod> 2022-02-25 15:47:00.428540 </lastmod>
	</url><url>
		<loc> https://geoconnex.us/ref/aiannh/5120 </loc>
		<lastmod> 2022-02-25 15:47:00.428557 </lastmod>
	</url><url>
		<loc> https://geoconnex.us/ref/aiannh/5086 </loc>
		<lastmod> 2022-02-25 15:47:00.428574 </lastmod>
	</url><url>
		<loc> https://geoconnex.us/ref/aiannh/5133 </loc>
		<lastmod> 2022-02-25 15:47:00.428606 </lastmod>
	</url><url>
		<loc> https://geoconnex.us/ref/aiannh/5066 </loc>
		<lastmod> 2022-02-25 15:47:00.428623 </lastmod>
	</url><url>
		<loc> https://geoconnex.us/ref/aiannh/5256 </loc>
		<lastmod> 2022-02-25 15:47:00.428640 </lastmod>
	</url><url>
		<loc> https://geoconnex.us/ref/aiannh/2760 </loc>
		<lastmod> 2022-02-25 15:47:00.428657 </lastmod>
	</url><url>
		<loc> https://geoconnex.us/ref/aiannh/2695 </loc>
		<lastmod> 2022-02-25 15:47:00.428673 </lastmod>
	</url><url>
		<loc> https://geoconnex.us/ref/aiannh/3040 </loc>
		<lastmod> 2022-02-25 15:47:00.428707 </lastmod>
	</url><url>
		<loc> https://geoconnex.us/ref/aiannh/3925 </loc>
		<lastmod> 2022-02-25 15:47:00.428740 </lastmod>
	</url><url>
		<loc> https://geoconnex.us/ref/aiannh/9630 </loc>
		<lastmod> 2022-02-25 15:47:00.428757 </lastmod>
	</url><url>
		<loc> https://geoconnex.us/ref/aiannh/3565 </loc>
		<lastmod> 2022-02-25 15:47:00.428774 </lastmod>
	</url><url>
		<loc> https://geoconnex.us/ref/aiannh/2900 </loc>
		<lastmod> 2022-02-25 15:47:00.428790 </lastmod>
	</url><url>
		<loc> https://geoconnex.us/ref/aiannh/8450 </loc>
		<lastmod> 2022-02-25 15:47:00.428807 </lastmod>
	</url><url>
		<loc> https://geoconnex.us/ref/aiannh/7340 </loc>
		<lastmod> 2022-02-25 15:47:00.428842 </lastmod>
	</url><url>
		<loc> https://geoconnex.us/ref/aiannh/1850 </loc>
		<lastmod> 2022-02-25 15:47:00.428859 </lastmod>
	</url><url>
		<loc> https://geoconnex.us/ref/aiannh/2580 </loc>
		<lastmod> 2022-02-25 15:47:00.428876 </lastmod>
	</url><url>
		<loc> https://geoconnex.us/ref/aiannh/6400 </loc>
		<lastmod> 2022-02-25 15:47:00.428893 </lastmod>
	</url><url>
		<loc> https://geoconnex.us/ref/aiannh/6535 </loc>
		<lastmod> 2022-02-25 15:47:00.428910 </lastmod>
	</url><url>
		<loc> https://geoconnex.us/ref/aiannh/5670 </loc>
		<lastmod> 2022-02-25 15:47:00.428962 </lastmod>
	</url><url>
		<loc> https://geoconnex.us/ref/aiannh/2570 </loc>
		<lastmod> 2022-02-25 15:47:00.429002 </lastmod>
	</url><url>
		<loc> https://geoconnex.us/ref/aiannh/2175 </loc>
		<lastmod> 2022-02-25 15:47:00.429021 </lastmod>
	</url><url>
		<loc> https://geoconnex.us/ref/aiannh/6380 </loc>
		<lastmod> 2022-02-25 15:47:00.429055 </lastmod>
	</url><url>
		<loc> https://geoconnex.us/ref/aiannh/1280 </loc>
		<lastmod> 2022-02-25 15:47:00.429073 </lastmod>
	</url><url>
		<loc> https://geoconnex.us/ref/aiannh/3220 </loc>
		<lastmod> 2022-02-25 15:47:00.429091 </lastmod>
	</url><url>
		<loc> https://geoconnex.us/ref/aiannh/1980 </loc>
		<lastmod> 2022-02-25 15:47:00.429110 </lastmod>
	</url><url>
		<loc> https://geoconnex.us/ref/aiannh/1065 </loc>
		<lastmod> 2022-02-25 15:47:00.429128 </lastmod>
	</url><url>
		<loc> https://geoconnex.us/ref/aiannh/7570 </loc>
		<lastmod> 2022-02-25 15:47:00.429146 </lastmod>
	</url><url>
		<loc> https://geoconnex.us/ref/aiannh/6900 </loc>
		<lastmod> 2022-02-25 15:47:00.429170 </lastmod>
	</url><url>
		<loc> https://geoconnex.us/ref/aiannh/7025 </loc>
		<lastmod> 2022-02-25 15:47:00.429190 </lastmod>
	</url><url>
		<loc> https://geoconnex.us/ref/aiannh/6030 </loc>
		<lastmod> 2022-02-25 15:47:00.429208 </lastmod>
	</url><url>
		<loc> https://geoconnex.us/ref/aiannh/1960 </loc>
		<lastmod> 2022-02-25 15:47:00.429227 </lastmod>
	</url><url>
		<loc> https://geoconnex.us/ref/aiannh/4345 </loc>
		<lastmod> 2022-02-25 15:47:00.429245 </lastmod>
	</url><url>
		<loc> https://geoconnex.us/ref/aiannh/3205 </loc>
		<lastmod> 2022-02-25 15:47:00.429283 </lastmod>
	</url><url>
		<loc> https://geoconnex.us/ref/aiannh/1150 </loc>
		<lastmod> 2022-02-25 15:47:00.429333 </lastmod>
	</url><url>
		<loc> https://geoconnex.us/ref/aiannh/1995 </loc>
		<lastmod> 2022-02-25 15:47:00.429349 </lastmod>
	</url><url>
		<loc> https://geoconnex.us/ref/aiannh/1170 </loc>
		<lastmod> 2022-02-25 15:47:00.429366 </lastmod>
	</url><url>
		<loc> https://geoconnex.us/ref/aiannh/7690 </loc>
		<lastmod> 2022-02-25 15:47:00.429383 </lastmod>
	</url><url>
		<loc> https://geoconnex.us/ref/aiannh/5890 </loc>
		<lastmod> 2022-02-25 15:47:00.429400 </lastmod>
	</url><url>
		<loc> https://geoconnex.us/ref/aiannh/9850 </loc>
		<lastmod> 2022-02-25 15:47:00.429417 </lastmod>
	</url><url>
		<loc> https://geoconnex.us/ref/aiannh/0360 </loc>
		<lastmod> 2022-02-25 15:47:00.429433 </lastmod>
	</url><url>
		<loc> https://geoconnex.us/ref/aiannh/0795 </loc>
		<lastmod> 2022-02-25 15:47:00.429450 </lastmod>
	</url><url>
		<loc> https://geoconnex.us/ref/aiannh/3130 </loc>
		<lastmod> 2022-02-25 15:47:00.429467 </lastmod>
	</url><url>
		<loc> https://geoconnex.us/ref/aiannh/6257 </loc>
		<lastmod> 2022-02-25 15:47:00.429484 </lastmod>
	</url><url>
		<loc> https://geoconnex.us/ref/aiannh/1450 </loc>
		<lastmod> 2022-02-25 15:47:00.429518 </lastmod>
	</url><url>
		<loc> https://geoconnex.us/ref/aiannh/5236 </loc>
		<lastmod> 2022-02-25 15:47:00.429535 </lastmod>
	</url><url>
		<loc> https://geoconnex.us/ref/aiannh/5136 </loc>
		<lastmod> 2022-02-25 15:47:00.429552 </lastmod>
	</url><url>
		<loc> https://geoconnex.us/ref/aiannh/5139 </loc>
		<lastmod> 2022-02-25 15:47:00.429569 </lastmod>
	</url><url>
		<loc> https://geoconnex.us/ref/aiannh/5283 </loc>
		<lastmod> 2022-02-25 15:47:00.429586 </lastmod>
	</url><url>
		<loc> https://geoconnex.us/ref/aiannh/1800 </loc>
		<lastmod> 2022-02-25 15:47:00.429603 </lastmod>
	</url><url>
		<loc> https://geoconnex.us/ref/aiannh/5018 </loc>
		<lastmod> 2022-02-25 15:47:00.429620 </lastmod>
	</url><url>
		<loc> https://geoconnex.us/ref/aiannh/5199 </loc>
		<lastmod> 2022-02-25 15:47:00.429637 </lastmod>
	</url><url>
		<loc> https://geoconnex.us/ref/aiannh/3980 </loc>
		<lastmod> 2022-02-25 15:47:00.429654 </lastmod>
	</url><url>
		<loc> https://geoconnex.us/ref/aiannh/4740 </loc>
		<lastmod> 2022-02-25 15:47:00.429672 </lastmod>
	</url><url>
		<loc> https://geoconnex.us/ref/aiannh/9240 </loc>
		<lastmod> 2022-02-25 15:47:00.429689 </lastmod>
	</url><url>
		<loc> https://geoconnex.us/ref/aiannh/6360 </loc>
		<lastmod> 2022-02-25 15:47:00.429722 </lastmod>
	</url><url>
		<loc> https://geoconnex.us/ref/aiannh/7230 </loc>
		<lastmod> 2022-02-25 15:47:00.429739 </lastmod>
	</url><url>
		<loc> https://geoconnex.us/ref/aiannh/7425 </loc>
		<lastmod> 2022-02-25 15:47:00.429780 </lastmod>
	</url><url>
		<loc> https://geoconnex.us/ref/aiannh/7400 </loc>
		<lastmod> 2022-02-25 15:47:00.429798 </lastmod>
	</url><url>
		<loc> https://geoconnex.us/ref/aiannh/6845 </loc>
		<lastmod> 2022-02-25 15:47:00.429832 </lastmod>
	</url><url>
		<loc> https://geoconnex.us/ref/aiannh/6330 </loc>
		<lastmod> 2022-02-25 15:47:00.429864 </lastmod>
	</url><url>
		<loc> https://geoconnex.us/ref/aiannh/7525 </loc>
		<lastmod> 2022-02-25 15:47:00.429882 </lastmod>
	</url><url>
		<loc> https://geoconnex.us/ref/aiannh/6560 </loc>
		<lastmod> 2022-02-25 15:47:00.429899 </lastmod>
	</url><url>
		<loc> https://geoconnex.us/ref/aiannh/7305 </loc>
		<lastmod> 2022-02-25 15:47:00.429915 </lastmod>
	</url><url>
		<loc> https://geoconnex.us/ref/aiannh/5286 </loc>
		<lastmod> 2022-02-25 15:47:00.429950 </lastmod>
	</url><url>
		<loc> https://geoconnex.us/ref/aiannh/4180 </loc>
		<lastmod> 2022-02-25 15:47:00.429967 </lastmod>
	</url><url>
		<loc> https://geoconnex.us/ref/aiannh/0050 </loc>
		<lastmod> 2022-02-25 15:47:00.429984 </lastmod>
	</url><url>
		<loc> https://geoconnex.us/ref/aiannh/2460 </loc>
		<lastmod> 2022-02-25 15:47:00.430001 </lastmod>
	</url><url>
		<loc> https://geoconnex.us/ref/aiannh/4275 </loc>
		<lastmod> 2022-02-25 15:47:00.430018 </lastmod>
	</url><url>
		<loc> https://geoconnex.us/ref/aiannh/7725 </loc>
		<lastmod> 2022-02-25 15:47:00.430035 </lastmod>
	</url><url>
		<loc> https://geoconnex.us/ref/aiannh/6095 </loc>
		<lastmod> 2022-02-25 15:47:00.430052 </lastmod>
	</url><url>
		<loc> https://geoconnex.us/ref/aiannh/7555 </loc>
		<lastmod> 2022-02-25 15:47:00.430069 </lastmod>
	</url><url>
		<loc> https://geoconnex.us/ref/aiannh/7520 </loc>
		<lastmod> 2022-02-25 15:47:00.430086 </lastmod>
	</url><url>
		<loc> https://geoconnex.us/ref/aiannh/6800 </loc>
		<lastmod> 2022-02-25 15:47:00.430103 </lastmod>
	</url><url>
		<loc> https://geoconnex.us/ref/aiannh/7265 </loc>
		<lastmod> 2022-02-25 15:47:00.430120 </lastmod>
	</url><url>
		<loc> https://geoconnex.us/ref/aiannh/6190 </loc>
		<lastmod> 2022-02-25 15:47:00.430137 </lastmod>
	</url><url>
		<loc> https://geoconnex.us/ref/aiannh/6705 </loc>
		<lastmod> 2022-02-25 15:47:00.430154 </lastmod>
	</url><url>
		<loc> https://geoconnex.us/ref/aiannh/9844 </loc>
		<lastmod> 2022-02-25 15:47:00.430188 </lastmod>
	</url><url>
		<loc> https://geoconnex.us/ref/aiannh/0825 </loc>
		<lastmod> 2022-02-25 15:47:00.430205 </lastmod>
	</url><url>
		<loc> https://geoconnex.us/ref/aiannh/9967 </loc>
		<lastmod> 2022-02-25 15:47:00.430222 </lastmod>
	</url><url>
		<loc> https://geoconnex.us/ref/aiannh/0635 </loc>
		<lastmod> 2022-02-25 15:47:00.430238 </lastmod>
	</url><url>
		<loc> https://geoconnex.us/ref/aiannh/5281 </loc>
		<lastmod> 2022-02-25 15:47:00.430255 </lastmod>
	</url><url>
		<loc> https://geoconnex.us/ref/aiannh/1640 </loc>
		<lastmod> 2022-02-25 15:47:00.430271 </lastmod>
	</url><url>
		<loc> https://geoconnex.us/ref/aiannh/0435 </loc>
		<lastmod> 2022-02-25 15:47:00.430288 </lastmod>
	</url><url>
		<loc> https://geoconnex.us/ref/aiannh/4045 </loc>
		<lastmod> 2022-02-25 15:47:00.430305 </lastmod>
	</url><url>
		<loc> https://geoconnex.us/ref/aiannh/6315 </loc>
		<lastmod> 2022-02-25 15:47:00.430322 </lastmod>
	</url><url>
		<loc> https://geoconnex.us/ref/aiannh/4725 </loc>
		<lastmod> 2022-02-25 15:47:00.430339 </lastmod>
	</url><url>
		<loc> https://geoconnex.us/ref/aiannh/2145 </loc>
		<lastmod> 2022-02-25 15:47:00.430356 </lastmod>
	</url><url>
		<loc> https://geoconnex.us/ref/aiannh/1235 </loc>
		<lastmod> 2022-02-25 15:47:00.430372 </lastmod>
	</url><url>
		<loc> https://geoconnex.us/ref/aiannh/0990 </loc>
		<lastmod> 2022-02-25 15:47:00.430389 </lastmod>
	</url><url>
		<loc> https://geoconnex.us/ref/aiannh/3495 </loc>
		<lastmod> 2022-02-25 15:47:00.430405 </lastmod>
	</url><url>
		<loc> https://geoconnex.us/ref/aiannh/8750 </loc>
		<lastmod> 2022-02-25 15:47:00.430422 </lastmod>
	</url><url>
		<loc> https://geoconnex.us/ref/aiannh/4445 </loc>
		<lastmod> 2022-02-25 15:47:00.430439 </lastmod>
	</url><url>
		<loc> https://geoconnex.us/ref/aiannh/7535 </loc>
		<lastmod> 2022-02-25 15:47:00.430456 </lastmod>
	</url><url>
		<loc> https://geoconnex.us/ref/aiannh/0735 </loc>
		<lastmod> 2022-02-25 15:47:00.430473 </lastmod>
	</url><url>
		<loc> https://geoconnex.us/ref/aiannh/1545 </loc>
		<lastmod> 2022-02-25 15:47:00.430489 </lastmod>
	</url><url>
		<loc> https://geoconnex.us/ref/aiannh/2130 </loc>
		<lastmod> 2022-02-25 15:47:00.430506 </lastmod>
	</url><url>
		<loc> https://geoconnex.us/ref/aiannh/1720 </loc>
		<lastmod> 2022-02-25 15:47:00.430523 </lastmod>
	</url><url>
		<loc> https://geoconnex.us/ref/aiannh/1070 </loc>
		<lastmod> 2022-02-25 15:47:00.430540 </lastmod>
	</url><url>
		<loc> https://geoconnex.us/ref/aiannh/0120 </loc>
		<lastmod> 2022-02-25 15:47:00.430556 </lastmod>
	</url><url>
		<loc> https://geoconnex.us/ref/aiannh/3540 </loc>
		<lastmod> 2022-02-25 15:47:00.430573 </lastmod>
	</url><url>
		<loc> https://geoconnex.us/ref/aiannh/0585 </loc>
		<lastmod> 2022-02-25 15:47:00.430590 </lastmod>
	</url><url>
		<loc> https://geoconnex.us/ref/aiannh/5835 </loc>
		<lastmod> 2022-02-25 15:47:00.430606 </lastmod>
	</url><url>
		<loc> https://geoconnex.us/ref/aiannh/5810 </loc>
		<lastmod> 2022-02-25 15:47:00.430641 </lastmod>
	</url><url>
		<loc> https://geoconnex.us/ref/aiannh/0770 </loc>
		<lastmod> 2022-02-25 15:47:00.430658 </lastmod>
	</url><url>
		<loc> https://geoconnex.us/ref/aiannh/5760 </loc>
		<lastmod> 2022-02-25 15:47:00.430696 </lastmod>
	</url><url>
		<loc> https://geoconnex.us/ref/aiannh/0115 </loc>
		<lastmod> 2022-02-25 15:47:00.430715 </lastmod>
	</url><url>
		<loc> https://geoconnex.us/ref/aiannh/1530 </loc>
		<lastmod> 2022-02-25 15:47:00.430732 </lastmod>
	</url><url>
		<loc> https://geoconnex.us/ref/aiannh/6875 </loc>
		<lastmod> 2022-02-25 15:47:00.430749 </lastmod>
	</url><url>
		<loc> https://geoconnex.us/ref/aiannh/6140 </loc>
		<lastmod> 2022-02-25 15:47:00.430767 </lastmod>
	</url><url>
		<loc> https://geoconnex.us/ref/aiannh/6020 </loc>
		<lastmod> 2022-02-25 15:47:00.430784 </lastmod>
	</url><url>
		<loc> https://geoconnex.us/ref/aiannh/7235 </loc>
		<lastmod> 2022-02-25 15:47:00.430817 </lastmod>
	</url><url>
		<loc> https://geoconnex.us/ref/aiannh/3305 </loc>
		<lastmod> 2022-02-25 15:47:00.430834 </lastmod>
	</url><url>
		<loc> https://geoconnex.us/ref/aiannh/7655 </loc>
		<lastmod> 2022-02-25 15:47:00.430852 </lastmod>
	</url><url>
		<loc> https://geoconnex.us/ref/aiannh/6035 </loc>
		<lastmod> 2022-02-25 15:47:00.430869 </lastmod>
	</url><url>
		<loc> https://geoconnex.us/ref/aiannh/7420 </loc>
		<lastmod> 2022-02-25 15:47:00.430886 </lastmod>
	</url><url>
		<loc> https://geoconnex.us/ref/aiannh/6610 </loc>
		<lastmod> 2022-02-25 15:47:00.430902 </lastmod>
	</url><url>
		<loc> https://geoconnex.us/ref/aiannh/7010 </loc>
		<lastmod> 2022-02-25 15:47:00.430919 </lastmod>
	</url><url>
		<loc> https://geoconnex.us/ref/aiannh/2890 </loc>
		<lastmod> 2022-02-25 15:47:00.430936 </lastmod>
	</url><url>
		<loc> https://geoconnex.us/ref/aiannh/2340 </loc>
		<lastmod> 2022-02-25 15:47:00.430971 </lastmod>
	</url><url>
		<loc> https://geoconnex.us/ref/aiannh/5795 </loc>
		<lastmod> 2022-02-25 15:47:00.431004 </lastmod>
	</url><url>
		<loc> https://geoconnex.us/ref/aiannh/5950 </loc>
		<lastmod> 2022-02-25 15:47:00.431021 </lastmod>
	</url><url>
		<loc> https://geoconnex.us/ref/aiannh/5860 </loc>
		<lastmod> 2022-02-25 15:47:00.431038 </lastmod>
	</url><url>
		<loc> https://geoconnex.us/ref/aiannh/2415 </loc>
		<lastmod> 2022-02-25 15:47:00.431072 </lastmod>
	</url><url>
		<loc> https://geoconnex.us/ref/aiannh/9875 </loc>
		<lastmod> 2022-02-25 15:47:00.431089 </lastmod>
	</url><url>
		<loc> https://geoconnex.us/ref/aiannh/1575 </loc>
		<lastmod> 2022-02-25 15:47:00.431107 </lastmod>
	</url><url>
		<loc> https://geoconnex.us/ref/aiannh/4515 </loc>
		<lastmod> 2022-02-25 15:47:00.431124 </lastmod>
	</url><url>
		<loc> https://geoconnex.us/ref/aiannh/0965 </loc>
		<lastmod> 2022-02-25 15:47:00.431142 </lastmod>
	</url><url>
		<loc> https://geoconnex.us/ref/aiannh/0170 </loc>
		<lastmod> 2022-02-25 15:47:00.431159 </lastmod>
	</url><url>
		<loc> https://geoconnex.us/ref/aiannh/1340 </loc>
		<lastmod> 2022-02-25 15:47:00.431176 </lastmod>
	</url><url>
		<loc> https://geoconnex.us/ref/aiannh/3525 </loc>
		<lastmod> 2022-02-25 15:47:00.431193 </lastmod>
	</url><url>
		<loc> https://geoconnex.us/ref/aiannh/4095 </loc>
		<lastmod> 2022-02-25 15:47:00.431210 </lastmod>
	</url><url>
		<loc> https://geoconnex.us/ref/aiannh/0450 </loc>
		<lastmod> 2022-02-25 15:47:00.431227 </lastmod>
	</url><url>
		<loc> https://geoconnex.us/ref/aiannh/0525 </loc>
		<lastmod> 2022-02-25 15:47:00.431245 </lastmod>
	</url><url>
		<loc> https://geoconnex.us/ref/aiannh/9350 </loc>
		<lastmod> 2022-02-25 15:47:00.431262 </lastmod>
	</url><url>
		<loc> https://geoconnex.us/ref/aiannh/4300 </loc>
		<lastmod> 2022-02-25 15:47:00.431279 </lastmod>
	</url><url>
		<loc> https://geoconnex.us/ref/aiannh/3585 </loc>
		<lastmod> 2022-02-25 15:47:00.431313 </lastmod>
	</url><url>
		<loc> https://geoconnex.us/ref/aiannh/3855 </loc>
		<lastmod> 2022-02-25 15:47:00.431330 </lastmod>
	</url><url>
		<loc> https://geoconnex.us/ref/aiannh/2030 </loc>
		<lastmod> 2022-02-25 15:47:00.431347 </lastmod>
	</url><url>
		<loc> https://geoconnex.us/ref/aiannh/5700 </loc>
		<lastmod> 2022-02-25 15:47:00.431364 </lastmod>
	</url><url>
		<loc> https://geoconnex.us/ref/aiannh/5241 </loc>
		<lastmod> 2022-02-25 15:47:00.431381 </lastmod>
	</url><url>
		<loc> https://geoconnex.us/ref/aiannh/1210 </loc>
		<lastmod> 2022-02-25 15:47:00.431398 </lastmod>
	</url><url>
		<loc> https://geoconnex.us/ref/aiannh/4560 </loc>
		<lastmod> 2022-02-25 15:47:00.431496 </lastmod>
	</url><url>
		<loc> https://geoconnex.us/ref/aiannh/3460 </loc>
		<lastmod> 2022-02-25 15:47:00.431527 </lastmod>
	</url><url>
		<loc> https://geoconnex.us/ref/aiannh/0695 </loc>
		<lastmod> 2022-02-25 15:47:00.431549 </lastmod>
	</url><url>
		<loc> https://geoconnex.us/ref/aiannh/5690 </loc>
		<lastmod> 2022-02-25 15:47:00.431570 </lastmod>
	</url><url>
		<loc> https://geoconnex.us/ref/aiannh/8300 </loc>
		<lastmod> 2022-02-25 15:47:00.431590 </lastmod>
	</url><url>
		<loc> https://geoconnex.us/ref/aiannh/6850 </loc>
		<lastmod> 2022-02-25 15:47:00.431609 </lastmod>
	</url><url>
		<loc> https://geoconnex.us/ref/aiannh/1400 </loc>
		<lastmod> 2022-02-25 15:47:00.431629 </lastmod>
	</url><url>
		<loc> https://geoconnex.us/ref/aiannh/2980 </loc>
		<lastmod> 2022-02-25 15:47:00.431649 </lastmod>
	</url><url>
		<loc> https://geoconnex.us/ref/aiannh/4000 </loc>
		<lastmod> 2022-02-25 15:47:00.431669 </lastmod>
	</url><url>
		<loc> https://geoconnex.us/ref/aiannh/4170 </loc>
		<lastmod> 2022-02-25 15:47:00.431689 </lastmod>
	</url><url>
		<loc> https://geoconnex.us/ref/aiannh/0680 </loc>
		<lastmod> 2022-02-25 15:47:00.431709 </lastmod>
	</url><url>
		<loc> https://geoconnex.us/ref/aiannh/0705 </loc>
		<lastmod> 2022-02-25 15:47:00.431729 </lastmod>
	</url><url>
		<loc> https://geoconnex.us/ref/aiannh/5043 </loc>
		<lastmod> 2022-02-25 15:47:00.431749 </lastmod>
	</url><url>
		<loc> https://geoconnex.us/ref/aiannh/5003 </loc>
		<lastmod> 2022-02-25 15:47:00.431769 </lastmod>
	</url><url>
		<loc> https://geoconnex.us/ref/aiannh/1370 </loc>
		<lastmod> 2022-02-25 15:47:00.431813 </lastmod>
	</url><url>
		<loc> https://geoconnex.us/ref/aiannh/3445 </loc>
		<lastmod> 2022-02-25 15:47:00.431831 </lastmod>
	</url><url>
		<loc> https://geoconnex.us/ref/aiannh/5201 </loc>
		<lastmod> 2022-02-25 15:47:00.431848 </lastmod>
	</url><url>
		<loc> https://geoconnex.us/ref/aiannh/1365 </loc>
		<lastmod> 2022-02-25 15:47:00.431865 </lastmod>
	</url></ns0:urlset>