<ns0:urlset xmlns:ns0="http://www.sitemaps.org/schemas/sitemap/0.9">
<url>
		<loc> https://geoconnex.us/ref/hu02/07 </loc>
		<lastmod> 2021-11-16 02:07:01.512801 </lastmod>
	</url><url>
		<loc> https://geoconnex.us/ref/hu02/09 </loc>
		<lastmod> 2021-11-16 02:07:01.512857 </lastmod>
	</url><url>
		<loc> https://geoconnex.us/ref/hu02/18 </loc>
		<lastmod> 2021-11-16 02:07:01.512882 </lastmod>
	</url><url>
		<loc> https://geoconnex.us/ref/hu02/14 </loc>
		<lastmod> 2021-11-16 02:07:01.512901 </lastmod>
	</url><url>
		<loc> https://geoconnex.us/ref/hu02/20 </loc>
		<lastmod> 2021-11-16 02:07:01.512920 </lastmod>
	</url><url>
		<loc> https://geoconnex.us/ref/hu02/17 </loc>
		<lastmod> 2021-11-16 02:07:01.512938 </lastmod>
	</url><url>
		<loc> https://geoconnex.us/ref/hu02/05 </loc>
		<lastmod> 2021-11-16 02:07:01.512955 </lastmod>
	</url><url>
		<loc> https://geoconnex.us/ref/hu02/01 </loc>
		<lastmod> 2021-11-16 02:07:01.512973 </lastmod>
	</url><url>
		<loc> https://geoconnex.us/ref/hu02/12 </loc>
		<lastmod> 2021-11-16 02:07:01.512990 </lastmod>
	</url><url>
		<loc> https://geoconnex.us/ref/hu02/15 </loc>
		<lastmod> 2021-11-16 02:07:01.513007 </lastmod>
	</url><url>
		<loc> https://geoconnex.us/ref/hu02/02 </loc>
		<lastmod> 2021-11-16 02:07:01.513024 </lastmod>
	</url><url>
		<loc> https://geoconnex.us/ref/hu02/08 </loc>
		<lastmod> 2021-11-16 02:07:01.513041 </lastmod>
	</url><url>
		<loc> https://geoconnex.us/ref/hu02/21 </loc>
		<lastmod> 2021-11-16 02:07:01.513057 </lastmod>
	</url><url>
		<loc> https://geoconnex.us/ref/hu02/11 </loc>
		<lastmod> 2021-11-16 02:07:01.513074 </lastmod>
	</url><url>
		<loc> https://geoconnex.us/ref/hu02/03 </loc>
		<lastmod> 2021-11-16 02:07:01.513090 </lastmod>
	</url><url>
		<loc> https://geoconnex.us/ref/hu02/06 </loc>
		<lastmod> 2021-11-16 02:07:01.513106 </lastmod>
	</url><url>
		<loc> https://geoconnex.us/ref/hu02/22 </loc>
		<lastmod> 2021-11-16 02:07:01.513122 </lastmod>
	</url><url>
		<loc> https://geoconnex.us/ref/hu02/13 </loc>
		<lastmod> 2021-11-16 02:07:01.513139 </lastmod>
	</url><url>
		<loc> https://geoconnex.us/ref/hu02/16 </loc>
		<lastmod> 2021-11-16 02:07:01.513156 </lastmod>
	</url><url>
		<loc> https://geoconnex.us/ref/hu02/10 </loc>
		<lastmod> 2021-11-16 02:07:01.513172 </lastmod>
	</url><url>
		<loc> https://geoconnex.us/ref/hu02/04 </loc>
		<lastmod> 2021-11-16 02:07:01.513188 </lastmod>
	</url><url>
		<loc> https://geoconnex.us/ref/hu02/19 </loc>
		<lastmod> 2021-11-16 02:07:01.513205 </lastmod>
	</url></ns0:urlset>