<?xml version='1.0' encoding='utf-8'?>
<ns0:urlset xmlns:ns0="http://www.sitemaps.org/schemas/sitemap/0.9">
<url>
		<loc> https://geoconnex.us/ref/hu02/07 </loc>
		<lastmod> 2022-08-22 15:27:35.659004 </lastmod>
	</url><url>
		<loc> https://geoconnex.us/ref/hu02/09 </loc>
		<lastmod> 2022-08-22 15:27:35.659036 </lastmod>
	</url><url>
		<loc> https://geoconnex.us/ref/hu02/18 </loc>
		<lastmod> 2022-08-22 15:27:35.659054 </lastmod>
	</url><url>
		<loc> https://geoconnex.us/ref/hu02/14 </loc>
		<lastmod> 2022-08-22 15:27:35.659069 </lastmod>
	</url><url>
		<loc> https://geoconnex.us/ref/hu02/20 </loc>
		<lastmod> 2022-08-22 15:27:35.659084 </lastmod>
	</url><url>
		<loc> https://geoconnex.us/ref/hu02/17 </loc>
		<lastmod> 2022-08-22 15:27:35.659097 </lastmod>
	</url><url>
		<loc> https://geoconnex.us/ref/hu02/05 </loc>
		<lastmod> 2022-08-22 15:27:35.659111 </lastmod>
	</url><url>
		<loc> https://geoconnex.us/ref/hu02/01 </loc>
		<lastmod> 2022-08-22 15:27:35.659125 </lastmod>
	</url><url>
		<loc> https://geoconnex.us/ref/hu02/12 </loc>
		<lastmod> 2022-08-22 15:27:35.659139 </lastmod>
	</url><url>
		<loc> https://geoconnex.us/ref/hu02/15 </loc>
		<lastmod> 2022-08-22 15:27:35.659152 </lastmod>
	</url><url>
		<loc> https://geoconnex.us/ref/hu02/02 </loc>
		<lastmod> 2022-08-22 15:27:35.659166 </lastmod>
	</url><url>
		<loc> https://geoconnex.us/ref/hu02/08 </loc>
		<lastmod> 2022-08-22 15:27:35.659179 </lastmod>
	</url><url>
		<loc> https://geoconnex.us/ref/hu02/21 </loc>
		<lastmod> 2022-08-22 15:27:35.659192 </lastmod>
	</url><url>
		<loc> https://geoconnex.us/ref/hu02/11 </loc>
		<lastmod> 2022-08-22 15:27:35.659205 </lastmod>
	</url><url>
		<loc> https://geoconnex.us/ref/hu02/03 </loc>
		<lastmod> 2022-08-22 15:27:35.659218 </lastmod>
	</url><url>
		<loc> https://geoconnex.us/ref/hu02/06 </loc>
		<lastmod> 2022-08-22 15:27:35.659231 </lastmod>
	</url><url>
		<loc> https://geoconnex.us/ref/hu02/22 </loc>
		<lastmod> 2022-08-22 15:27:35.659244 </lastmod>
	</url><url>
		<loc> https://geoconnex.us/ref/hu02/13 </loc>
		<lastmod> 2022-08-22 15:27:35.659257 </lastmod>
	</url><url>
		<loc> https://geoconnex.us/ref/hu02/16 </loc>
		<lastmod> 2022-08-22 15:27:35.659270 </lastmod>
	</url><url>
		<loc> https://geoconnex.us/ref/hu02/10 </loc>
		<lastmod> 2022-08-22 15:27:35.659283 </lastmod>
	</url><url>
		<loc> https://geoconnex.us/ref/hu02/04 </loc>
		<lastmod> 2022-08-22 15:27:35.659296 </lastmod>
	</url><url>
		<loc> https://geoconnex.us/ref/hu02/19 </loc>
		<lastmod> 2022-08-22 15:27:35.659309 </lastmod>
	</url></ns0:urlset>