<?xml version='1.0' encoding='utf-8'?>
<ns0:urlset xmlns:ns0="http://www.sitemaps.org/schemas/sitemap/0.9">
<url>
		<loc> https://geoconnex.us/ref/hu02/07 </loc>
		<lastmod> 2022-05-19 20:23:22.167966 </lastmod>
	</url><url>
		<loc> https://geoconnex.us/ref/hu02/09 </loc>
		<lastmod> 2022-05-19 20:23:22.168003 </lastmod>
	</url><url>
		<loc> https://geoconnex.us/ref/hu02/18 </loc>
		<lastmod> 2022-05-19 20:23:22.168023 </lastmod>
	</url><url>
		<loc> https://geoconnex.us/ref/hu02/14 </loc>
		<lastmod> 2022-05-19 20:23:22.168039 </lastmod>
	</url><url>
		<loc> https://geoconnex.us/ref/hu02/20 </loc>
		<lastmod> 2022-05-19 20:23:22.168054 </lastmod>
	</url><url>
		<loc> https://geoconnex.us/ref/hu02/17 </loc>
		<lastmod> 2022-05-19 20:23:22.168069 </lastmod>
	</url><url>
		<loc> https://geoconnex.us/ref/hu02/05 </loc>
		<lastmod> 2022-05-19 20:23:22.168084 </lastmod>
	</url><url>
		<loc> https://geoconnex.us/ref/hu02/01 </loc>
		<lastmod> 2022-05-19 20:23:22.168098 </lastmod>
	</url><url>
		<loc> https://geoconnex.us/ref/hu02/12 </loc>
		<lastmod> 2022-05-19 20:23:22.168112 </lastmod>
	</url><url>
		<loc> https://geoconnex.us/ref/hu02/15 </loc>
		<lastmod> 2022-05-19 20:23:22.168126 </lastmod>
	</url><url>
		<loc> https://geoconnex.us/ref/hu02/02 </loc>
		<lastmod> 2022-05-19 20:23:22.168140 </lastmod>
	</url><url>
		<loc> https://geoconnex.us/ref/hu02/08 </loc>
		<lastmod> 2022-05-19 20:23:22.168154 </lastmod>
	</url><url>
		<loc> https://geoconnex.us/ref/hu02/21 </loc>
		<lastmod> 2022-05-19 20:23:22.168168 </lastmod>
	</url><url>
		<loc> https://geoconnex.us/ref/hu02/11 </loc>
		<lastmod> 2022-05-19 20:23:22.168181 </lastmod>
	</url><url>
		<loc> https://geoconnex.us/ref/hu02/03 </loc>
		<lastmod> 2022-05-19 20:23:22.168195 </lastmod>
	</url><url>
		<loc> https://geoconnex.us/ref/hu02/06 </loc>
		<lastmod> 2022-05-19 20:23:22.168209 </lastmod>
	</url><url>
		<loc> https://geoconnex.us/ref/hu02/22 </loc>
		<lastmod> 2022-05-19 20:23:22.168222 </lastmod>
	</url><url>
		<loc> https://geoconnex.us/ref/hu02/13 </loc>
		<lastmod> 2022-05-19 20:23:22.168236 </lastmod>
	</url><url>
		<loc> https://geoconnex.us/ref/hu02/16 </loc>
		<lastmod> 2022-05-19 20:23:22.168249 </lastmod>
	</url><url>
		<loc> https://geoconnex.us/ref/hu02/10 </loc>
		<lastmod> 2022-05-19 20:23:22.168263 </lastmod>
	</url><url>
		<loc> https://geoconnex.us/ref/hu02/04 </loc>
		<lastmod> 2022-05-19 20:23:22.168276 </lastmod>
	</url><url>
		<loc> https://geoconnex.us/ref/hu02/19 </loc>
		<lastmod> 2022-05-19 20:23:22.168290 </lastmod>
	</url></ns0:urlset>