<ns0:urlset xmlns:ns0="http://www.sitemaps.org/schemas/sitemap/0.9">
<url>
		<loc> https://geoconnex.us/ref/hu02/07 </loc>
		<lastmod> 2021-11-03 19:37:22.246055 </lastmod>
	</url><url>
		<loc> https://geoconnex.us/ref/hu02/09 </loc>
		<lastmod> 2021-11-03 19:37:22.246107 </lastmod>
	</url><url>
		<loc> https://geoconnex.us/ref/hu02/18 </loc>
		<lastmod> 2021-11-03 19:37:22.246137 </lastmod>
	</url><url>
		<loc> https://geoconnex.us/ref/hu02/14 </loc>
		<lastmod> 2021-11-03 19:37:22.246161 </lastmod>
	</url><url>
		<loc> https://geoconnex.us/ref/hu02/20 </loc>
		<lastmod> 2021-11-03 19:37:22.246185 </lastmod>
	</url><url>
		<loc> https://geoconnex.us/ref/hu02/17 </loc>
		<lastmod> 2021-11-03 19:37:22.246207 </lastmod>
	</url><url>
		<loc> https://geoconnex.us/ref/hu02/05 </loc>
		<lastmod> 2021-11-03 19:37:22.246229 </lastmod>
	</url><url>
		<loc> https://geoconnex.us/ref/hu02/01 </loc>
		<lastmod> 2021-11-03 19:37:22.246251 </lastmod>
	</url><url>
		<loc> https://geoconnex.us/ref/hu02/12 </loc>
		<lastmod> 2021-11-03 19:37:22.246272 </lastmod>
	</url><url>
		<loc> https://geoconnex.us/ref/hu02/15 </loc>
		<lastmod> 2021-11-03 19:37:22.246293 </lastmod>
	</url><url>
		<loc> https://geoconnex.us/ref/hu02/02 </loc>
		<lastmod> 2021-11-03 19:37:22.246314 </lastmod>
	</url><url>
		<loc> https://geoconnex.us/ref/hu02/08 </loc>
		<lastmod> 2021-11-03 19:37:22.246333 </lastmod>
	</url><url>
		<loc> https://geoconnex.us/ref/hu02/21 </loc>
		<lastmod> 2021-11-03 19:37:22.246353 </lastmod>
	</url><url>
		<loc> https://geoconnex.us/ref/hu02/11 </loc>
		<lastmod> 2021-11-03 19:37:22.246373 </lastmod>
	</url><url>
		<loc> https://geoconnex.us/ref/hu02/03 </loc>
		<lastmod> 2021-11-03 19:37:22.246393 </lastmod>
	</url><url>
		<loc> https://geoconnex.us/ref/hu02/06 </loc>
		<lastmod> 2021-11-03 19:37:22.246413 </lastmod>
	</url><url>
		<loc> https://geoconnex.us/ref/hu02/22 </loc>
		<lastmod> 2021-11-03 19:37:22.246433 </lastmod>
	</url><url>
		<loc> https://geoconnex.us/ref/hu02/13 </loc>
		<lastmod> 2021-11-03 19:37:22.246453 </lastmod>
	</url><url>
		<loc> https://geoconnex.us/ref/hu02/16 </loc>
		<lastmod> 2021-11-03 19:37:22.246473 </lastmod>
	</url><url>
		<loc> https://geoconnex.us/ref/hu02/10 </loc>
		<lastmod> 2021-11-03 19:37:22.246493 </lastmod>
	</url><url>
		<loc> https://geoconnex.us/ref/hu02/04 </loc>
		<lastmod> 2021-11-03 19:37:22.246513 </lastmod>
	</url><url>
		<loc> https://geoconnex.us/ref/hu02/19 </loc>
		<lastmod> 2021-11-03 19:37:22.246533 </lastmod>
	</url></ns0:urlset>