<?xml version='1.0' encoding='utf-8'?>
<ns0:urlset xmlns:ns0="http://www.sitemaps.org/schemas/sitemap/0.9">
<url>
		<loc> https://geoconnex.us/ref/hu04/0315 </loc>
		<lastmod> 2022-11-10 15:17:14.330218 </lastmod>
	</url><url>
		<loc> https://geoconnex.us/ref/hu04/0314 </loc>
		<lastmod> 2022-11-10 15:17:14.330248 </lastmod>
	</url><url>
		<loc> https://geoconnex.us/ref/hu04/0316 </loc>
		<lastmod> 2022-11-10 15:17:14.330266 </lastmod>
	</url><url>
		<loc> https://geoconnex.us/ref/hu04/0603 </loc>
		<lastmod> 2022-11-10 15:17:14.330280 </lastmod>
	</url><url>
		<loc> https://geoconnex.us/ref/hu04/0802 </loc>
		<lastmod> 2022-11-10 15:17:14.330294 </lastmod>
	</url><url>
		<loc> https://geoconnex.us/ref/hu04/1101 </loc>
		<lastmod> 2022-11-10 15:17:14.330307 </lastmod>
	</url><url>
		<loc> https://geoconnex.us/ref/hu04/1111 </loc>
		<lastmod> 2022-11-10 15:17:14.330323 </lastmod>
	</url><url>
		<loc> https://geoconnex.us/ref/hu04/2203 </loc>
		<lastmod> 2022-11-10 15:17:14.330337 </lastmod>
	</url><url>
		<loc> https://geoconnex.us/ref/hu04/1503 </loc>
		<lastmod> 2022-11-10 15:17:14.330350 </lastmod>
	</url><url>
		<loc> https://geoconnex.us/ref/hu04/1506 </loc>
		<lastmod> 2022-11-10 15:17:14.330363 </lastmod>
	</url><url>
		<loc> https://geoconnex.us/ref/hu04/1507 </loc>
		<lastmod> 2022-11-10 15:17:14.330377 </lastmod>
	</url><url>
		<loc> https://geoconnex.us/ref/hu04/1505 </loc>
		<lastmod> 2022-11-10 15:17:14.330391 </lastmod>
	</url><url>
		<loc> https://geoconnex.us/ref/hu04/1508 </loc>
		<lastmod> 2022-11-10 15:17:14.330404 </lastmod>
	</url><url>
		<loc> https://geoconnex.us/ref/hu04/1502 </loc>
		<lastmod> 2022-11-10 15:17:14.330418 </lastmod>
	</url><url>
		<loc> https://geoconnex.us/ref/hu04/1501 </loc>
		<lastmod> 2022-11-10 15:17:14.330431 </lastmod>
	</url><url>
		<loc> https://geoconnex.us/ref/hu04/1407 </loc>
		<lastmod> 2022-11-10 15:17:14.330445 </lastmod>
	</url><url>
		<loc> https://geoconnex.us/ref/hu04/1801 </loc>
		<lastmod> 2022-11-10 15:17:14.330459 </lastmod>
	</url><url>
		<loc> https://geoconnex.us/ref/hu04/1802 </loc>
		<lastmod> 2022-11-10 15:17:14.330474 </lastmod>
	</url><url>
		<loc> https://geoconnex.us/ref/hu04/1803 </loc>
		<lastmod> 2022-11-10 15:17:14.330487 </lastmod>
	</url><url>
		<loc> https://geoconnex.us/ref/hu04/1804 </loc>
		<lastmod> 2022-11-10 15:17:14.330500 </lastmod>
	</url><url>
		<loc> https://geoconnex.us/ref/hu04/1805 </loc>
		<lastmod> 2022-11-10 15:17:14.330514 </lastmod>
	</url><url>
		<loc> https://geoconnex.us/ref/hu04/1806 </loc>
		<lastmod> 2022-11-10 15:17:14.330527 </lastmod>
	</url><url>
		<loc> https://geoconnex.us/ref/hu04/1807 </loc>
		<lastmod> 2022-11-10 15:17:14.330540 </lastmod>
	</url><url>
		<loc> https://geoconnex.us/ref/hu04/1809 </loc>
		<lastmod> 2022-11-10 15:17:14.330553 </lastmod>
	</url><url>
		<loc> https://geoconnex.us/ref/hu04/1810 </loc>
		<lastmod> 2022-11-10 15:17:14.330566 </lastmod>
	</url><url>
		<loc> https://geoconnex.us/ref/hu04/1606 </loc>
		<lastmod> 2022-11-10 15:17:14.330579 </lastmod>
	</url><url>
		<loc> https://geoconnex.us/ref/hu04/1808 </loc>
		<lastmod> 2022-11-10 15:17:14.330593 </lastmod>
	</url><url>
		<loc> https://geoconnex.us/ref/hu04/0101 </loc>
		<lastmod> 2022-11-10 15:17:14.330606 </lastmod>
	</url><url>
		<loc> https://geoconnex.us/ref/hu04/1102 </loc>
		<lastmod> 2022-11-10 15:17:14.330619 </lastmod>
	</url><url>
		<loc> https://geoconnex.us/ref/hu04/1401 </loc>
		<lastmod> 2022-11-10 15:17:14.330632 </lastmod>
	</url><url>
		<loc> https://geoconnex.us/ref/hu04/1402 </loc>
		<lastmod> 2022-11-10 15:17:14.330645 </lastmod>
	</url><url>
		<loc> https://geoconnex.us/ref/hu04/1025 </loc>
		<lastmod> 2022-11-10 15:17:14.330659 </lastmod>
	</url><url>
		<loc> https://geoconnex.us/ref/hu04/1019 </loc>
		<lastmod> 2022-11-10 15:17:14.330672 </lastmod>
	</url><url>
		<loc> https://geoconnex.us/ref/hu04/1018 </loc>
		<lastmod> 2022-11-10 15:17:14.330685 </lastmod>
	</url><url>
		<loc> https://geoconnex.us/ref/hu04/1403 </loc>
		<lastmod> 2022-11-10 15:17:14.330698 </lastmod>
	</url><url>
		<loc> https://geoconnex.us/ref/hu04/1405 </loc>
		<lastmod> 2022-11-10 15:17:14.330711 </lastmod>
	</url><url>
		<loc> https://geoconnex.us/ref/hu04/0108 </loc>
		<lastmod> 2022-11-10 15:17:14.330724 </lastmod>
	</url><url>
		<loc> https://geoconnex.us/ref/hu04/0110 </loc>
		<lastmod> 2022-11-10 15:17:14.330738 </lastmod>
	</url><url>
		<loc> https://geoconnex.us/ref/hu04/0308 </loc>
		<lastmod> 2022-11-10 15:17:14.330751 </lastmod>
	</url><url>
		<loc> https://geoconnex.us/ref/hu04/0309 </loc>
		<lastmod> 2022-11-10 15:17:14.330764 </lastmod>
	</url><url>
		<loc> https://geoconnex.us/ref/hu04/0310 </loc>
		<lastmod> 2022-11-10 15:17:14.330777 </lastmod>
	</url><url>
		<loc> https://geoconnex.us/ref/hu04/0311 </loc>
		<lastmod> 2022-11-10 15:17:14.330791 </lastmod>
	</url><url>
		<loc> https://geoconnex.us/ref/hu04/0307 </loc>
		<lastmod> 2022-11-10 15:17:14.330804 </lastmod>
	</url><url>
		<loc> https://geoconnex.us/ref/hu04/0312 </loc>
		<lastmod> 2022-11-10 15:17:14.330817 </lastmod>
	</url><url>
		<loc> https://geoconnex.us/ref/hu04/0313 </loc>
		<lastmod> 2022-11-10 15:17:14.330830 </lastmod>
	</url><url>
		<loc> https://geoconnex.us/ref/hu04/0306 </loc>
		<lastmod> 2022-11-10 15:17:14.330843 </lastmod>
	</url><url>
		<loc> https://geoconnex.us/ref/hu04/0602 </loc>
		<lastmod> 2022-11-10 15:17:14.330857 </lastmod>
	</url><url>
		<loc> https://geoconnex.us/ref/hu04/2201 </loc>
		<lastmod> 2022-11-10 15:17:14.330870 </lastmod>
	</url><url>
		<loc> https://geoconnex.us/ref/hu04/2001 </loc>
		<lastmod> 2022-11-10 15:17:14.330883 </lastmod>
	</url><url>
		<loc> https://geoconnex.us/ref/hu04/2002 </loc>
		<lastmod> 2022-11-10 15:17:14.330896 </lastmod>
	</url><url>
		<loc> https://geoconnex.us/ref/hu04/2003 </loc>
		<lastmod> 2022-11-10 15:17:14.330909 </lastmod>
	</url><url>
		<loc> https://geoconnex.us/ref/hu04/2004 </loc>
		<lastmod> 2022-11-10 15:17:14.330923 </lastmod>
	</url><url>
		<loc> https://geoconnex.us/ref/hu04/2005 </loc>
		<lastmod> 2022-11-10 15:17:14.330936 </lastmod>
	</url><url>
		<loc> https://geoconnex.us/ref/hu04/2006 </loc>
		<lastmod> 2022-11-10 15:17:14.330949 </lastmod>
	</url><url>
		<loc> https://geoconnex.us/ref/hu04/2007 </loc>
		<lastmod> 2022-11-10 15:17:14.330967 </lastmod>
	</url><url>
		<loc> https://geoconnex.us/ref/hu04/2008 </loc>
		<lastmod> 2022-11-10 15:17:14.330981 </lastmod>
	</url><url>
		<loc> https://geoconnex.us/ref/hu04/0706 </loc>
		<lastmod> 2022-11-10 15:17:14.330994 </lastmod>
	</url><url>
		<loc> https://geoconnex.us/ref/hu04/0710 </loc>
		<lastmod> 2022-11-10 15:17:14.331007 </lastmod>
	</url><url>
		<loc> https://geoconnex.us/ref/hu04/1023 </loc>
		<lastmod> 2022-11-10 15:17:14.331020 </lastmod>
	</url><url>
		<loc> https://geoconnex.us/ref/hu04/0713 </loc>
		<lastmod> 2022-11-10 15:17:14.331033 </lastmod>
	</url><url>
		<loc> https://geoconnex.us/ref/hu04/0708 </loc>
		<lastmod> 2022-11-10 15:17:14.331046 </lastmod>
	</url><url>
		<loc> https://geoconnex.us/ref/hu04/0712 </loc>
		<lastmod> 2022-11-10 15:17:14.331059 </lastmod>
	</url><url>
		<loc> https://geoconnex.us/ref/hu04/0711 </loc>
		<lastmod> 2022-11-10 15:17:14.331072 </lastmod>
	</url><url>
		<loc> https://geoconnex.us/ref/hu04/0714 </loc>
		<lastmod> 2022-11-10 15:17:14.331085 </lastmod>
	</url><url>
		<loc> https://geoconnex.us/ref/hu04/0709 </loc>
		<lastmod> 2022-11-10 15:17:14.331098 </lastmod>
	</url><url>
		<loc> https://geoconnex.us/ref/hu04/0404 </loc>
		<lastmod> 2022-11-10 15:17:14.331111 </lastmod>
	</url><url>
		<loc> https://geoconnex.us/ref/hu04/0512 </loc>
		<lastmod> 2022-11-10 15:17:14.331124 </lastmod>
	</url><url>
		<loc> https://geoconnex.us/ref/hu04/0405 </loc>
		<lastmod> 2022-11-10 15:17:14.331137 </lastmod>
	</url><url>
		<loc> https://geoconnex.us/ref/hu04/1027 </loc>
		<lastmod> 2022-11-10 15:17:14.331150 </lastmod>
	</url><url>
		<loc> https://geoconnex.us/ref/hu04/1103 </loc>
		<lastmod> 2022-11-10 15:17:14.331163 </lastmod>
	</url><url>
		<loc> https://geoconnex.us/ref/hu04/1026 </loc>
		<lastmod> 2022-11-10 15:17:14.331177 </lastmod>
	</url><url>
		<loc> https://geoconnex.us/ref/hu04/0510 </loc>
		<lastmod> 2022-11-10 15:17:14.331190 </lastmod>
	</url><url>
		<loc> https://geoconnex.us/ref/hu04/0511 </loc>
		<lastmod> 2022-11-10 15:17:14.331203 </lastmod>
	</url><url>
		<loc> https://geoconnex.us/ref/hu04/0514 </loc>
		<lastmod> 2022-11-10 15:17:14.331217 </lastmod>
	</url><url>
		<loc> https://geoconnex.us/ref/hu04/0805 </loc>
		<lastmod> 2022-11-10 15:17:14.331230 </lastmod>
	</url><url>
		<loc> https://geoconnex.us/ref/hu04/0807 </loc>
		<lastmod> 2022-11-10 15:17:14.331244 </lastmod>
	</url><url>
		<loc> https://geoconnex.us/ref/hu04/0809 </loc>
		<lastmod> 2022-11-10 15:17:14.331257 </lastmod>
	</url><url>
		<loc> https://geoconnex.us/ref/hu04/0804 </loc>
		<lastmod> 2022-11-10 15:17:14.331270 </lastmod>
	</url><url>
		<loc> https://geoconnex.us/ref/hu04/0806 </loc>
		<lastmod> 2022-11-10 15:17:14.331283 </lastmod>
	</url><url>
		<loc> https://geoconnex.us/ref/hu04/0803 </loc>
		<lastmod> 2022-11-10 15:17:14.331296 </lastmod>
	</url><url>
		<loc> https://geoconnex.us/ref/hu04/0107 </loc>
		<lastmod> 2022-11-10 15:17:14.331309 </lastmod>
	</url><url>
		<loc> https://geoconnex.us/ref/hu04/0206 </loc>
		<lastmod> 2022-11-10 15:17:14.331322 </lastmod>
	</url><url>
		<loc> https://geoconnex.us/ref/hu04/0207 </loc>
		<lastmod> 2022-11-10 15:17:14.331335 </lastmod>
	</url><url>
		<loc> https://geoconnex.us/ref/hu04/0105 </loc>
		<lastmod> 2022-11-10 15:17:14.331348 </lastmod>
	</url><url>
		<loc> https://geoconnex.us/ref/hu04/0103 </loc>
		<lastmod> 2022-11-10 15:17:14.331361 </lastmod>
	</url><url>
		<loc> https://geoconnex.us/ref/hu04/0104 </loc>
		<lastmod> 2022-11-10 15:17:14.331375 </lastmod>
	</url><url>
		<loc> https://geoconnex.us/ref/hu04/0402 </loc>
		<lastmod> 2022-11-10 15:17:14.331388 </lastmod>
	</url><url>
		<loc> https://geoconnex.us/ref/hu04/0406 </loc>
		<lastmod> 2022-11-10 15:17:14.331401 </lastmod>
	</url><url>
		<loc> https://geoconnex.us/ref/hu04/0407 </loc>
		<lastmod> 2022-11-10 15:17:14.331414 </lastmod>
	</url><url>
		<loc> https://geoconnex.us/ref/hu04/0409 </loc>
		<lastmod> 2022-11-10 15:17:14.331428 </lastmod>
	</url><url>
		<loc> https://geoconnex.us/ref/hu04/0408 </loc>
		<lastmod> 2022-11-10 15:17:14.331442 </lastmod>
	</url><url>
		<loc> https://geoconnex.us/ref/hu04/0701 </loc>
		<lastmod> 2022-11-10 15:17:14.331455 </lastmod>
	</url><url>
		<loc> https://geoconnex.us/ref/hu04/0903 </loc>
		<lastmod> 2022-11-10 15:17:14.331468 </lastmod>
	</url><url>
		<loc> https://geoconnex.us/ref/hu04/0702 </loc>
		<lastmod> 2022-11-10 15:17:14.331481 </lastmod>
	</url><url>
		<loc> https://geoconnex.us/ref/hu04/0902 </loc>
		<lastmod> 2022-11-10 15:17:14.331494 </lastmod>
	</url><url>
		<loc> https://geoconnex.us/ref/hu04/0704 </loc>
		<lastmod> 2022-11-10 15:17:14.331507 </lastmod>
	</url><url>
		<loc> https://geoconnex.us/ref/hu04/1028 </loc>
		<lastmod> 2022-11-10 15:17:14.331521 </lastmod>
	</url><url>
		<loc> https://geoconnex.us/ref/hu04/1029 </loc>
		<lastmod> 2022-11-10 15:17:14.331534 </lastmod>
	</url><url>
		<loc> https://geoconnex.us/ref/hu04/1030 </loc>
		<lastmod> 2022-11-10 15:17:14.331547 </lastmod>
	</url><url>
		<loc> https://geoconnex.us/ref/hu04/1024 </loc>
		<lastmod> 2022-11-10 15:17:14.331560 </lastmod>
	</url><url>
		<loc> https://geoconnex.us/ref/hu04/2202 </loc>
		<lastmod> 2022-11-10 15:17:14.331573 </lastmod>
	</url><url>
		<loc> https://geoconnex.us/ref/hu04/0317 </loc>
		<lastmod> 2022-11-10 15:17:14.331586 </lastmod>
	</url><url>
		<loc> https://geoconnex.us/ref/hu04/0318 </loc>
		<lastmod> 2022-11-10 15:17:14.331599 </lastmod>
	</url><url>
		<loc> https://geoconnex.us/ref/hu04/0904 </loc>
		<lastmod> 2022-11-10 15:17:14.331613 </lastmod>
	</url><url>
		<loc> https://geoconnex.us/ref/hu04/1002 </loc>
		<lastmod> 2022-11-10 15:17:14.331626 </lastmod>
	</url><url>
		<loc> https://geoconnex.us/ref/hu04/1003 </loc>
		<lastmod> 2022-11-10 15:17:14.331639 </lastmod>
	</url><url>
		<loc> https://geoconnex.us/ref/hu04/1004 </loc>
		<lastmod> 2022-11-10 15:17:14.331652 </lastmod>
	</url><url>
		<loc> https://geoconnex.us/ref/hu04/1005 </loc>
		<lastmod> 2022-11-10 15:17:14.331665 </lastmod>
	</url><url>
		<loc> https://geoconnex.us/ref/hu04/1010 </loc>
		<lastmod> 2022-11-10 15:17:14.331678 </lastmod>
	</url><url>
		<loc> https://geoconnex.us/ref/hu04/1006 </loc>
		<lastmod> 2022-11-10 15:17:14.331692 </lastmod>
	</url><url>
		<loc> https://geoconnex.us/ref/hu04/1011 </loc>
		<lastmod> 2022-11-10 15:17:14.331704 </lastmod>
	</url><url>
		<loc> https://geoconnex.us/ref/hu04/0302 </loc>
		<lastmod> 2022-11-10 15:17:14.331717 </lastmod>
	</url><url>
		<loc> https://geoconnex.us/ref/hu04/0303 </loc>
		<lastmod> 2022-11-10 15:17:14.331731 </lastmod>
	</url><url>
		<loc> https://geoconnex.us/ref/hu04/0601 </loc>
		<lastmod> 2022-11-10 15:17:14.331744 </lastmod>
	</url><url>
		<loc> https://geoconnex.us/ref/hu04/0301 </loc>
		<lastmod> 2022-11-10 15:17:14.331757 </lastmod>
	</url><url>
		<loc> https://geoconnex.us/ref/hu04/0505 </loc>
		<lastmod> 2022-11-10 15:17:14.331770 </lastmod>
	</url><url>
		<loc> https://geoconnex.us/ref/hu04/0901 </loc>
		<lastmod> 2022-11-10 15:17:14.331783 </lastmod>
	</url><url>
		<loc> https://geoconnex.us/ref/hu04/1015 </loc>
		<lastmod> 2022-11-10 15:17:14.331796 </lastmod>
	</url><url>
		<loc> https://geoconnex.us/ref/hu04/1020 </loc>
		<lastmod> 2022-11-10 15:17:14.331809 </lastmod>
	</url><url>
		<loc> https://geoconnex.us/ref/hu04/1021 </loc>
		<lastmod> 2022-11-10 15:17:14.331823 </lastmod>
	</url><url>
		<loc> https://geoconnex.us/ref/hu04/1022 </loc>
		<lastmod> 2022-11-10 15:17:14.331836 </lastmod>
	</url><url>
		<loc> https://geoconnex.us/ref/hu04/1017 </loc>
		<lastmod> 2022-11-10 15:17:14.331849 </lastmod>
	</url><url>
		<loc> https://geoconnex.us/ref/hu04/1012 </loc>
		<lastmod> 2022-11-10 15:17:14.331862 </lastmod>
	</url><url>
		<loc> https://geoconnex.us/ref/hu04/0106 </loc>
		<lastmod> 2022-11-10 15:17:14.331876 </lastmod>
	</url><url>
		<loc> https://geoconnex.us/ref/hu04/0202 </loc>
		<lastmod> 2022-11-10 15:17:14.331889 </lastmod>
	</url><url>
		<loc> https://geoconnex.us/ref/hu04/1108 </loc>
		<lastmod> 2022-11-10 15:17:14.331902 </lastmod>
	</url><url>
		<loc> https://geoconnex.us/ref/hu04/1302 </loc>
		<lastmod> 2022-11-10 15:17:14.331915 </lastmod>
	</url><url>
		<loc> https://geoconnex.us/ref/hu04/1303 </loc>
		<lastmod> 2022-11-10 15:17:14.331928 </lastmod>
	</url><url>
		<loc> https://geoconnex.us/ref/hu04/1306 </loc>
		<lastmod> 2022-11-10 15:17:14.331971 </lastmod>
	</url><url>
		<loc> https://geoconnex.us/ref/hu04/1504 </loc>
		<lastmod> 2022-11-10 15:17:14.331985 </lastmod>
	</url><url>
		<loc> https://geoconnex.us/ref/hu04/1301 </loc>
		<lastmod> 2022-11-10 15:17:14.331998 </lastmod>
	</url><url>
		<loc> https://geoconnex.us/ref/hu04/1408 </loc>
		<lastmod> 2022-11-10 15:17:14.332012 </lastmod>
	</url><url>
		<loc> https://geoconnex.us/ref/hu04/1104 </loc>
		<lastmod> 2022-11-10 15:17:14.332025 </lastmod>
	</url><url>
		<loc> https://geoconnex.us/ref/hu04/1604 </loc>
		<lastmod> 2022-11-10 15:17:14.332038 </lastmod>
	</url><url>
		<loc> https://geoconnex.us/ref/hu04/1605 </loc>
		<lastmod> 2022-11-10 15:17:14.332051 </lastmod>
	</url><url>
		<loc> https://geoconnex.us/ref/hu04/0414 </loc>
		<lastmod> 2022-11-10 15:17:14.332064 </lastmod>
	</url><url>
		<loc> https://geoconnex.us/ref/hu04/0203 </loc>
		<lastmod> 2022-11-10 15:17:14.332078 </lastmod>
	</url><url>
		<loc> https://geoconnex.us/ref/hu04/0411 </loc>
		<lastmod> 2022-11-10 15:17:14.332091 </lastmod>
	</url><url>
		<loc> https://geoconnex.us/ref/hu04/0504 </loc>
		<lastmod> 2022-11-10 15:17:14.332104 </lastmod>
	</url><url>
		<loc> https://geoconnex.us/ref/hu04/0506 </loc>
		<lastmod> 2022-11-10 15:17:14.332117 </lastmod>
	</url><url>
		<loc> https://geoconnex.us/ref/hu04/0508 </loc>
		<lastmod> 2022-11-10 15:17:14.332130 </lastmod>
	</url><url>
		<loc> https://geoconnex.us/ref/hu04/0410 </loc>
		<lastmod> 2022-11-10 15:17:14.332144 </lastmod>
	</url><url>
		<loc> https://geoconnex.us/ref/hu04/1105 </loc>
		<lastmod> 2022-11-10 15:17:14.332157 </lastmod>
	</url><url>
		<loc> https://geoconnex.us/ref/hu04/1106 </loc>
		<lastmod> 2022-11-10 15:17:14.332170 </lastmod>
	</url><url>
		<loc> https://geoconnex.us/ref/hu04/1107 </loc>
		<lastmod> 2022-11-10 15:17:14.332183 </lastmod>
	</url><url>
		<loc> https://geoconnex.us/ref/hu04/1110 </loc>
		<lastmod> 2022-11-10 15:17:14.332196 </lastmod>
	</url><url>
		<loc> https://geoconnex.us/ref/hu04/1112 </loc>
		<lastmod> 2022-11-10 15:17:14.332209 </lastmod>
	</url><url>
		<loc> https://geoconnex.us/ref/hu04/1109 </loc>
		<lastmod> 2022-11-10 15:17:14.332222 </lastmod>
	</url><url>
		<loc> https://geoconnex.us/ref/hu04/0501 </loc>
		<lastmod> 2022-11-10 15:17:14.332235 </lastmod>
	</url><url>
		<loc> https://geoconnex.us/ref/hu04/0205 </loc>
		<lastmod> 2022-11-10 15:17:14.332248 </lastmod>
	</url><url>
		<loc> https://geoconnex.us/ref/hu04/0413 </loc>
		<lastmod> 2022-11-10 15:17:14.332261 </lastmod>
	</url><url>
		<loc> https://geoconnex.us/ref/hu04/2101 </loc>
		<lastmod> 2022-11-10 15:17:14.332274 </lastmod>
	</url><url>
		<loc> https://geoconnex.us/ref/hu04/2102 </loc>
		<lastmod> 2022-11-10 15:17:14.332287 </lastmod>
	</url><url>
		<loc> https://geoconnex.us/ref/hu04/0109 </loc>
		<lastmod> 2022-11-10 15:17:14.332301 </lastmod>
	</url><url>
		<loc> https://geoconnex.us/ref/hu04/0305 </loc>
		<lastmod> 2022-11-10 15:17:14.332314 </lastmod>
	</url><url>
		<loc> https://geoconnex.us/ref/hu04/0304 </loc>
		<lastmod> 2022-11-10 15:17:14.332327 </lastmod>
	</url><url>
		<loc> https://geoconnex.us/ref/hu04/1013 </loc>
		<lastmod> 2022-11-10 15:17:14.332340 </lastmod>
	</url><url>
		<loc> https://geoconnex.us/ref/hu04/1016 </loc>
		<lastmod> 2022-11-10 15:17:14.332353 </lastmod>
	</url><url>
		<loc> https://geoconnex.us/ref/hu04/1014 </loc>
		<lastmod> 2022-11-10 15:17:14.332366 </lastmod>
	</url><url>
		<loc> https://geoconnex.us/ref/hu04/0513 </loc>
		<lastmod> 2022-11-10 15:17:14.332379 </lastmod>
	</url><url>
		<loc> https://geoconnex.us/ref/hu04/0604 </loc>
		<lastmod> 2022-11-10 15:17:14.332392 </lastmod>
	</url><url>
		<loc> https://geoconnex.us/ref/hu04/0801 </loc>
		<lastmod> 2022-11-10 15:17:14.332405 </lastmod>
	</url><url>
		<loc> https://geoconnex.us/ref/hu04/1202 </loc>
		<lastmod> 2022-11-10 15:17:14.332418 </lastmod>
	</url><url>
		<loc> https://geoconnex.us/ref/hu04/1203 </loc>
		<lastmod> 2022-11-10 15:17:14.332431 </lastmod>
	</url><url>
		<loc> https://geoconnex.us/ref/hu04/1204 </loc>
		<lastmod> 2022-11-10 15:17:14.332459 </lastmod>
	</url><url>
		<loc> https://geoconnex.us/ref/hu04/1205 </loc>
		<lastmod> 2022-11-10 15:17:14.332474 </lastmod>
	</url><url>
		<loc> https://geoconnex.us/ref/hu04/1206 </loc>
		<lastmod> 2022-11-10 15:17:14.332487 </lastmod>
	</url><url>
		<loc> https://geoconnex.us/ref/hu04/1207 </loc>
		<lastmod> 2022-11-10 15:17:14.332501 </lastmod>
	</url><url>
		<loc> https://geoconnex.us/ref/hu04/1208 </loc>
		<lastmod> 2022-11-10 15:17:14.332514 </lastmod>
	</url><url>
		<loc> https://geoconnex.us/ref/hu04/1209 </loc>
		<lastmod> 2022-11-10 15:17:14.332527 </lastmod>
	</url><url>
		<loc> https://geoconnex.us/ref/hu04/1210 </loc>
		<lastmod> 2022-11-10 15:17:14.332540 </lastmod>
	</url><url>
		<loc> https://geoconnex.us/ref/hu04/1211 </loc>
		<lastmod> 2022-11-10 15:17:14.332553 </lastmod>
	</url><url>
		<loc> https://geoconnex.us/ref/hu04/1304 </loc>
		<lastmod> 2022-11-10 15:17:14.332567 </lastmod>
	</url><url>
		<loc> https://geoconnex.us/ref/hu04/1307 </loc>
		<lastmod> 2022-11-10 15:17:14.332580 </lastmod>
	</url><url>
		<loc> https://geoconnex.us/ref/hu04/1114 </loc>
		<lastmod> 2022-11-10 15:17:14.332593 </lastmod>
	</url><url>
		<loc> https://geoconnex.us/ref/hu04/1201 </loc>
		<lastmod> 2022-11-10 15:17:14.332606 </lastmod>
	</url><url>
		<loc> https://geoconnex.us/ref/hu04/1309 </loc>
		<lastmod> 2022-11-10 15:17:14.332619 </lastmod>
	</url><url>
		<loc> https://geoconnex.us/ref/hu04/1305 </loc>
		<lastmod> 2022-11-10 15:17:14.332632 </lastmod>
	</url><url>
		<loc> https://geoconnex.us/ref/hu04/1113 </loc>
		<lastmod> 2022-11-10 15:17:14.332645 </lastmod>
	</url><url>
		<loc> https://geoconnex.us/ref/hu04/1406 </loc>
		<lastmod> 2022-11-10 15:17:14.332658 </lastmod>
	</url><url>
		<loc> https://geoconnex.us/ref/hu04/1602 </loc>
		<lastmod> 2022-11-10 15:17:14.332671 </lastmod>
	</url><url>
		<loc> https://geoconnex.us/ref/hu04/1601 </loc>
		<lastmod> 2022-11-10 15:17:14.332685 </lastmod>
	</url><url>
		<loc> https://geoconnex.us/ref/hu04/1603 </loc>
		<lastmod> 2022-11-10 15:17:14.332698 </lastmod>
	</url><url>
		<loc> https://geoconnex.us/ref/hu04/0208 </loc>
		<lastmod> 2022-11-10 15:17:14.332711 </lastmod>
	</url><url>
		<loc> https://geoconnex.us/ref/hu04/0507 </loc>
		<lastmod> 2022-11-10 15:17:14.332724 </lastmod>
	</url><url>
		<loc> https://geoconnex.us/ref/hu04/0204 </loc>
		<lastmod> 2022-11-10 15:17:14.332737 </lastmod>
	</url><url>
		<loc> https://geoconnex.us/ref/hu04/0403 </loc>
		<lastmod> 2022-11-10 15:17:14.332750 </lastmod>
	</url><url>
		<loc> https://geoconnex.us/ref/hu04/0705 </loc>
		<lastmod> 2022-11-10 15:17:14.332763 </lastmod>
	</url><url>
		<loc> https://geoconnex.us/ref/hu04/0707 </loc>
		<lastmod> 2022-11-10 15:17:14.332775 </lastmod>
	</url><url>
		<loc> https://geoconnex.us/ref/hu04/0401 </loc>
		<lastmod> 2022-11-10 15:17:14.332789 </lastmod>
	</url><url>
		<loc> https://geoconnex.us/ref/hu04/0703 </loc>
		<lastmod> 2022-11-10 15:17:14.332802 </lastmod>
	</url><url>
		<loc> https://geoconnex.us/ref/hu04/0509 </loc>
		<lastmod> 2022-11-10 15:17:14.332815 </lastmod>
	</url><url>
		<loc> https://geoconnex.us/ref/hu04/0502 </loc>
		<lastmod> 2022-11-10 15:17:14.332828 </lastmod>
	</url><url>
		<loc> https://geoconnex.us/ref/hu04/0503 </loc>
		<lastmod> 2022-11-10 15:17:14.332841 </lastmod>
	</url><url>
		<loc> https://geoconnex.us/ref/hu04/1404 </loc>
		<lastmod> 2022-11-10 15:17:14.332854 </lastmod>
	</url><url>
		<loc> https://geoconnex.us/ref/hu04/1007 </loc>
		<lastmod> 2022-11-10 15:17:14.332867 </lastmod>
	</url><url>
		<loc> https://geoconnex.us/ref/hu04/1008 </loc>
		<lastmod> 2022-11-10 15:17:14.332880 </lastmod>
	</url><url>
		<loc> https://geoconnex.us/ref/hu04/1009 </loc>
		<lastmod> 2022-11-10 15:17:14.332893 </lastmod>
	</url><url>
		<loc> https://geoconnex.us/ref/hu04/1710 </loc>
		<lastmod> 2022-11-10 15:17:14.332906 </lastmod>
	</url><url>
		<loc> https://geoconnex.us/ref/hu04/1706 </loc>
		<lastmod> 2022-11-10 15:17:14.332919 </lastmod>
	</url><url>
		<loc> https://geoconnex.us/ref/hu04/1701 </loc>
		<lastmod> 2022-11-10 15:17:14.332932 </lastmod>
	</url><url>
		<loc> https://geoconnex.us/ref/hu04/1704 </loc>
		<lastmod> 2022-11-10 15:17:14.332945 </lastmod>
	</url><url>
		<loc> https://geoconnex.us/ref/hu04/1705 </loc>
		<lastmod> 2022-11-10 15:17:14.332958 </lastmod>
	</url><url>
		<loc> https://geoconnex.us/ref/hu04/1712 </loc>
		<lastmod> 2022-11-10 15:17:14.332972 </lastmod>
	</url><url>
		<loc> https://geoconnex.us/ref/hu04/1707 </loc>
		<lastmod> 2022-11-10 15:17:14.332985 </lastmod>
	</url><url>
		<loc> https://geoconnex.us/ref/hu04/1708 </loc>
		<lastmod> 2022-11-10 15:17:14.332998 </lastmod>
	</url><url>
		<loc> https://geoconnex.us/ref/hu04/1702 </loc>
		<lastmod> 2022-11-10 15:17:14.333011 </lastmod>
	</url><url>
		<loc> https://geoconnex.us/ref/hu04/1703 </loc>
		<lastmod> 2022-11-10 15:17:14.333024 </lastmod>
	</url><url>
		<loc> https://geoconnex.us/ref/hu04/1711 </loc>
		<lastmod> 2022-11-10 15:17:14.333037 </lastmod>
	</url><url>
		<loc> https://geoconnex.us/ref/hu04/1709 </loc>
		<lastmod> 2022-11-10 15:17:14.333050 </lastmod>
	</url><url>
		<loc> https://geoconnex.us/ref/hu04/0808 </loc>
		<lastmod> 2022-11-10 15:17:14.333063 </lastmod>
	</url><url>
		<loc> https://geoconnex.us/ref/hu04/0102 </loc>
		<lastmod> 2022-11-10 15:17:14.333076 </lastmod>
	</url><url>
		<loc> https://geoconnex.us/ref/hu04/1308 </loc>
		<lastmod> 2022-11-10 15:17:14.333089 </lastmod>
	</url><url>
		<loc> https://geoconnex.us/ref/hu04/0412 </loc>
		<lastmod> 2022-11-10 15:17:14.333102 </lastmod>
	</url><url>
		<loc> https://geoconnex.us/ref/hu04/1901 </loc>
		<lastmod> 2022-11-10 15:17:14.333115 </lastmod>
	</url><url>
		<loc> https://geoconnex.us/ref/hu04/1902 </loc>
		<lastmod> 2022-11-10 15:17:14.333128 </lastmod>
	</url><url>
		<loc> https://geoconnex.us/ref/hu04/1903 </loc>
		<lastmod> 2022-11-10 15:17:14.333141 </lastmod>
	</url><url>
		<loc> https://geoconnex.us/ref/hu04/1907 </loc>
		<lastmod> 2022-11-10 15:17:14.333154 </lastmod>
	</url><url>
		<loc> https://geoconnex.us/ref/hu04/1909 </loc>
		<lastmod> 2022-11-10 15:17:14.333167 </lastmod>
	</url><url>
		<loc> https://geoconnex.us/ref/hu04/1905 </loc>
		<lastmod> 2022-11-10 15:17:14.333180 </lastmod>
	</url><url>
		<loc> https://geoconnex.us/ref/hu04/1908 </loc>
		<lastmod> 2022-11-10 15:17:14.333193 </lastmod>
	</url><url>
		<loc> https://geoconnex.us/ref/hu04/1906 </loc>
		<lastmod> 2022-11-10 15:17:14.333207 </lastmod>
	</url><url>
		<loc> https://geoconnex.us/ref/hu04/1310 </loc>
		<lastmod> 2022-11-10 15:17:14.333220 </lastmod>
	</url><url>
		<loc> https://geoconnex.us/ref/hu04/1311 </loc>
		<lastmod> 2022-11-10 15:17:14.333233 </lastmod>
	</url><url>
		<loc> https://geoconnex.us/ref/hu04/1312 </loc>
		<lastmod> 2022-11-10 15:17:14.333246 </lastmod>
	</url><url>
		<loc> https://geoconnex.us/ref/hu04/0416 </loc>
		<lastmod> 2022-11-10 15:17:14.333259 </lastmod>
	</url><url>
		<loc> https://geoconnex.us/ref/hu04/0433 </loc>
		<lastmod> 2022-11-10 15:17:14.333272 </lastmod>
	</url><url>
		<loc> https://geoconnex.us/ref/hu04/0432 </loc>
		<lastmod> 2022-11-10 15:17:14.333285 </lastmod>
	</url><url>
		<loc> https://geoconnex.us/ref/hu04/0417 </loc>
		<lastmod> 2022-11-10 15:17:14.333298 </lastmod>
	</url><url>
		<loc> https://geoconnex.us/ref/hu04/0419 </loc>
		<lastmod> 2022-11-10 15:17:14.333311 </lastmod>
	</url><url>
		<loc> https://geoconnex.us/ref/hu04/0420 </loc>
		<lastmod> 2022-11-10 15:17:14.333324 </lastmod>
	</url><url>
		<loc> https://geoconnex.us/ref/hu04/0423 </loc>
		<lastmod> 2022-11-10 15:17:14.333337 </lastmod>
	</url><url>
		<loc> https://geoconnex.us/ref/hu04/0422 </loc>
		<lastmod> 2022-11-10 15:17:14.333351 </lastmod>
	</url><url>
		<loc> https://geoconnex.us/ref/hu04/0421 </loc>
		<lastmod> 2022-11-10 15:17:14.333364 </lastmod>
	</url><url>
		<loc> https://geoconnex.us/ref/hu04/0425 </loc>
		<lastmod> 2022-11-10 15:17:14.333377 </lastmod>
	</url><url>
		<loc> https://geoconnex.us/ref/hu04/0426 </loc>
		<lastmod> 2022-11-10 15:17:14.333391 </lastmod>
	</url><url>
		<loc> https://geoconnex.us/ref/hu04/0424 </loc>
		<lastmod> 2022-11-10 15:17:14.333404 </lastmod>
	</url><url>
		<loc> https://geoconnex.us/ref/hu04/0418 </loc>
		<lastmod> 2022-11-10 15:17:14.333417 </lastmod>
	</url><url>
		<loc> https://geoconnex.us/ref/hu04/0427 </loc>
		<lastmod> 2022-11-10 15:17:14.333430 </lastmod>
	</url><url>
		<loc> https://geoconnex.us/ref/hu04/0428 </loc>
		<lastmod> 2022-11-10 15:17:14.333443 </lastmod>
	</url><url>
		<loc> https://geoconnex.us/ref/hu04/0429 </loc>
		<lastmod> 2022-11-10 15:17:14.333456 </lastmod>
	</url><url>
		<loc> https://geoconnex.us/ref/hu04/0430 </loc>
		<lastmod> 2022-11-10 15:17:14.333469 </lastmod>
	</url><url>
		<loc> https://geoconnex.us/ref/hu04/0431 </loc>
		<lastmod> 2022-11-10 15:17:14.333482 </lastmod>
	</url><url>
		<loc> https://geoconnex.us/ref/hu04/2204 </loc>
		<lastmod> 2022-11-10 15:17:14.333495 </lastmod>
	</url></ns0:urlset>