<?xml version='1.0' encoding='utf-8'?>
<ns0:urlset xmlns:ns0="http://www.sitemaps.org/schemas/sitemap/0.9">
<url>
		<loc> https://geoconnex.us/ref/hu04/0315 </loc>
		<lastmod> 2021-11-03 17:23:58.192499 </lastmod>
	</url><url>
		<loc> https://geoconnex.us/ref/hu04/0314 </loc>
		<lastmod> 2021-11-03 17:23:58.192563 </lastmod>
	</url><url>
		<loc> https://geoconnex.us/ref/hu04/0316 </loc>
		<lastmod> 2021-11-03 17:23:58.192601 </lastmod>
	</url><url>
		<loc> https://geoconnex.us/ref/hu04/0603 </loc>
		<lastmod> 2021-11-03 17:23:58.192633 </lastmod>
	</url><url>
		<loc> https://geoconnex.us/ref/hu04/0802 </loc>
		<lastmod> 2021-11-03 17:23:58.192664 </lastmod>
	</url><url>
		<loc> https://geoconnex.us/ref/hu04/1101 </loc>
		<lastmod> 2021-11-03 17:23:58.192695 </lastmod>
	</url><url>
		<loc> https://geoconnex.us/ref/hu04/1111 </loc>
		<lastmod> 2021-11-03 17:23:58.192724 </lastmod>
	</url><url>
		<loc> https://geoconnex.us/ref/hu04/2203 </loc>
		<lastmod> 2021-11-03 17:23:58.192753 </lastmod>
	</url><url>
		<loc> https://geoconnex.us/ref/hu04/1503 </loc>
		<lastmod> 2021-11-03 17:23:58.192781 </lastmod>
	</url><url>
		<loc> https://geoconnex.us/ref/hu04/1506 </loc>
		<lastmod> 2021-11-03 17:23:58.192809 </lastmod>
	</url><url>
		<loc> https://geoconnex.us/ref/hu04/1507 </loc>
		<lastmod> 2021-11-03 17:23:58.192838 </lastmod>
	</url><url>
		<loc> https://geoconnex.us/ref/hu04/1505 </loc>
		<lastmod> 2021-11-03 17:23:58.192867 </lastmod>
	</url><url>
		<loc> https://geoconnex.us/ref/hu04/1508 </loc>
		<lastmod> 2021-11-03 17:23:58.192895 </lastmod>
	</url><url>
		<loc> https://geoconnex.us/ref/hu04/1502 </loc>
		<lastmod> 2021-11-03 17:23:58.192923 </lastmod>
	</url><url>
		<loc> https://geoconnex.us/ref/hu04/1501 </loc>
		<lastmod> 2021-11-03 17:23:58.192951 </lastmod>
	</url><url>
		<loc> https://geoconnex.us/ref/hu04/1407 </loc>
		<lastmod> 2021-11-03 17:23:58.192979 </lastmod>
	</url><url>
		<loc> https://geoconnex.us/ref/hu04/1801 </loc>
		<lastmod> 2021-11-03 17:23:58.193006 </lastmod>
	</url><url>
		<loc> https://geoconnex.us/ref/hu04/1802 </loc>
		<lastmod> 2021-11-03 17:23:58.193035 </lastmod>
	</url><url>
		<loc> https://geoconnex.us/ref/hu04/1803 </loc>
		<lastmod> 2021-11-03 17:23:58.193063 </lastmod>
	</url><url>
		<loc> https://geoconnex.us/ref/hu04/1804 </loc>
		<lastmod> 2021-11-03 17:23:58.193090 </lastmod>
	</url><url>
		<loc> https://geoconnex.us/ref/hu04/1805 </loc>
		<lastmod> 2021-11-03 17:23:58.193118 </lastmod>
	</url><url>
		<loc> https://geoconnex.us/ref/hu04/1806 </loc>
		<lastmod> 2021-11-03 17:23:58.193146 </lastmod>
	</url><url>
		<loc> https://geoconnex.us/ref/hu04/1807 </loc>
		<lastmod> 2021-11-03 17:23:58.193173 </lastmod>
	</url><url>
		<loc> https://geoconnex.us/ref/hu04/1809 </loc>
		<lastmod> 2021-11-03 17:23:58.193200 </lastmod>
	</url><url>
		<loc> https://geoconnex.us/ref/hu04/1810 </loc>
		<lastmod> 2021-11-03 17:23:58.193228 </lastmod>
	</url><url>
		<loc> https://geoconnex.us/ref/hu04/1606 </loc>
		<lastmod> 2021-11-03 17:23:58.193256 </lastmod>
	</url><url>
		<loc> https://geoconnex.us/ref/hu04/1808 </loc>
		<lastmod> 2021-11-03 17:23:58.193283 </lastmod>
	</url><url>
		<loc> https://geoconnex.us/ref/hu04/0101 </loc>
		<lastmod> 2021-11-03 17:23:58.193312 </lastmod>
	</url><url>
		<loc> https://geoconnex.us/ref/hu04/1102 </loc>
		<lastmod> 2021-11-03 17:23:58.193339 </lastmod>
	</url><url>
		<loc> https://geoconnex.us/ref/hu04/1401 </loc>
		<lastmod> 2021-11-03 17:23:58.193367 </lastmod>
	</url><url>
		<loc> https://geoconnex.us/ref/hu04/1402 </loc>
		<lastmod> 2021-11-03 17:23:58.193394 </lastmod>
	</url><url>
		<loc> https://geoconnex.us/ref/hu04/1025 </loc>
		<lastmod> 2021-11-03 17:23:58.193422 </lastmod>
	</url><url>
		<loc> https://geoconnex.us/ref/hu04/1019 </loc>
		<lastmod> 2021-11-03 17:23:58.193450 </lastmod>
	</url><url>
		<loc> https://geoconnex.us/ref/hu04/1018 </loc>
		<lastmod> 2021-11-03 17:23:58.193477 </lastmod>
	</url><url>
		<loc> https://geoconnex.us/ref/hu04/1403 </loc>
		<lastmod> 2021-11-03 17:23:58.193505 </lastmod>
	</url><url>
		<loc> https://geoconnex.us/ref/hu04/1405 </loc>
		<lastmod> 2021-11-03 17:23:58.193533 </lastmod>
	</url><url>
		<loc> https://geoconnex.us/ref/hu04/0108 </loc>
		<lastmod> 2021-11-03 17:23:58.193561 </lastmod>
	</url><url>
		<loc> https://geoconnex.us/ref/hu04/0110 </loc>
		<lastmod> 2021-11-03 17:23:58.193589 </lastmod>
	</url><url>
		<loc> https://geoconnex.us/ref/hu04/0308 </loc>
		<lastmod> 2021-11-03 17:23:58.193617 </lastmod>
	</url><url>
		<loc> https://geoconnex.us/ref/hu04/0309 </loc>
		<lastmod> 2021-11-03 17:23:58.193645 </lastmod>
	</url><url>
		<loc> https://geoconnex.us/ref/hu04/0310 </loc>
		<lastmod> 2021-11-03 17:23:58.193673 </lastmod>
	</url><url>
		<loc> https://geoconnex.us/ref/hu04/0311 </loc>
		<lastmod> 2021-11-03 17:23:58.193700 </lastmod>
	</url><url>
		<loc> https://geoconnex.us/ref/hu04/0307 </loc>
		<lastmod> 2021-11-03 17:23:58.193728 </lastmod>
	</url><url>
		<loc> https://geoconnex.us/ref/hu04/0312 </loc>
		<lastmod> 2021-11-03 17:23:58.193755 </lastmod>
	</url><url>
		<loc> https://geoconnex.us/ref/hu04/0313 </loc>
		<lastmod> 2021-11-03 17:23:58.193783 </lastmod>
	</url><url>
		<loc> https://geoconnex.us/ref/hu04/0306 </loc>
		<lastmod> 2021-11-03 17:23:58.193811 </lastmod>
	</url><url>
		<loc> https://geoconnex.us/ref/hu04/0602 </loc>
		<lastmod> 2021-11-03 17:23:58.193839 </lastmod>
	</url><url>
		<loc> https://geoconnex.us/ref/hu04/2201 </loc>
		<lastmod> 2021-11-03 17:23:58.193866 </lastmod>
	</url><url>
		<loc> https://geoconnex.us/ref/hu04/2001 </loc>
		<lastmod> 2021-11-03 17:23:58.193894 </lastmod>
	</url><url>
		<loc> https://geoconnex.us/ref/hu04/2002 </loc>
		<lastmod> 2021-11-03 17:23:58.193922 </lastmod>
	</url><url>
		<loc> https://geoconnex.us/ref/hu04/2003 </loc>
		<lastmod> 2021-11-03 17:23:58.193949 </lastmod>
	</url><url>
		<loc> https://geoconnex.us/ref/hu04/2004 </loc>
		<lastmod> 2021-11-03 17:23:58.193977 </lastmod>
	</url><url>
		<loc> https://geoconnex.us/ref/hu04/2005 </loc>
		<lastmod> 2021-11-03 17:23:58.194004 </lastmod>
	</url><url>
		<loc> https://geoconnex.us/ref/hu04/2006 </loc>
		<lastmod> 2021-11-03 17:23:58.194032 </lastmod>
	</url><url>
		<loc> https://geoconnex.us/ref/hu04/2007 </loc>
		<lastmod> 2021-11-03 17:23:58.194060 </lastmod>
	</url><url>
		<loc> https://geoconnex.us/ref/hu04/2008 </loc>
		<lastmod> 2021-11-03 17:23:58.194087 </lastmod>
	</url><url>
		<loc> https://geoconnex.us/ref/hu04/0706 </loc>
		<lastmod> 2021-11-03 17:23:58.194114 </lastmod>
	</url><url>
		<loc> https://geoconnex.us/ref/hu04/0710 </loc>
		<lastmod> 2021-11-03 17:23:58.194142 </lastmod>
	</url><url>
		<loc> https://geoconnex.us/ref/hu04/1023 </loc>
		<lastmod> 2021-11-03 17:23:58.194170 </lastmod>
	</url><url>
		<loc> https://geoconnex.us/ref/hu04/0713 </loc>
		<lastmod> 2021-11-03 17:23:58.194197 </lastmod>
	</url><url>
		<loc> https://geoconnex.us/ref/hu04/0708 </loc>
		<lastmod> 2021-11-03 17:23:58.194225 </lastmod>
	</url><url>
		<loc> https://geoconnex.us/ref/hu04/0712 </loc>
		<lastmod> 2021-11-03 17:23:58.194253 </lastmod>
	</url><url>
		<loc> https://geoconnex.us/ref/hu04/0711 </loc>
		<lastmod> 2021-11-03 17:23:58.194281 </lastmod>
	</url><url>
		<loc> https://geoconnex.us/ref/hu04/0714 </loc>
		<lastmod> 2021-11-03 17:23:58.194309 </lastmod>
	</url><url>
		<loc> https://geoconnex.us/ref/hu04/0709 </loc>
		<lastmod> 2021-11-03 17:23:58.194337 </lastmod>
	</url><url>
		<loc> https://geoconnex.us/ref/hu04/0404 </loc>
		<lastmod> 2021-11-03 17:23:58.194365 </lastmod>
	</url><url>
		<loc> https://geoconnex.us/ref/hu04/0512 </loc>
		<lastmod> 2021-11-03 17:23:58.194392 </lastmod>
	</url><url>
		<loc> https://geoconnex.us/ref/hu04/0405 </loc>
		<lastmod> 2021-11-03 17:23:58.194420 </lastmod>
	</url><url>
		<loc> https://geoconnex.us/ref/hu04/1027 </loc>
		<lastmod> 2021-11-03 17:23:58.194448 </lastmod>
	</url><url>
		<loc> https://geoconnex.us/ref/hu04/1103 </loc>
		<lastmod> 2021-11-03 17:23:58.194476 </lastmod>
	</url><url>
		<loc> https://geoconnex.us/ref/hu04/1026 </loc>
		<lastmod> 2021-11-03 17:23:58.194503 </lastmod>
	</url><url>
		<loc> https://geoconnex.us/ref/hu04/0510 </loc>
		<lastmod> 2021-11-03 17:23:58.194531 </lastmod>
	</url><url>
		<loc> https://geoconnex.us/ref/hu04/0511 </loc>
		<lastmod> 2021-11-03 17:23:58.194559 </lastmod>
	</url><url>
		<loc> https://geoconnex.us/ref/hu04/0514 </loc>
		<lastmod> 2021-11-03 17:23:58.194587 </lastmod>
	</url><url>
		<loc> https://geoconnex.us/ref/hu04/0805 </loc>
		<lastmod> 2021-11-03 17:23:58.194615 </lastmod>
	</url><url>
		<loc> https://geoconnex.us/ref/hu04/0807 </loc>
		<lastmod> 2021-11-03 17:23:58.194643 </lastmod>
	</url><url>
		<loc> https://geoconnex.us/ref/hu04/0809 </loc>
		<lastmod> 2021-11-03 17:23:58.194670 </lastmod>
	</url><url>
		<loc> https://geoconnex.us/ref/hu04/0804 </loc>
		<lastmod> 2021-11-03 17:23:58.194698 </lastmod>
	</url><url>
		<loc> https://geoconnex.us/ref/hu04/0806 </loc>
		<lastmod> 2021-11-03 17:23:58.194725 </lastmod>
	</url><url>
		<loc> https://geoconnex.us/ref/hu04/0803 </loc>
		<lastmod> 2021-11-03 17:23:58.194753 </lastmod>
	</url><url>
		<loc> https://geoconnex.us/ref/hu04/0107 </loc>
		<lastmod> 2021-11-03 17:23:58.194780 </lastmod>
	</url><url>
		<loc> https://geoconnex.us/ref/hu04/0206 </loc>
		<lastmod> 2021-11-03 17:23:58.194808 </lastmod>
	</url><url>
		<loc> https://geoconnex.us/ref/hu04/0207 </loc>
		<lastmod> 2021-11-03 17:23:58.194835 </lastmod>
	</url><url>
		<loc> https://geoconnex.us/ref/hu04/0105 </loc>
		<lastmod> 2021-11-03 17:23:58.194863 </lastmod>
	</url><url>
		<loc> https://geoconnex.us/ref/hu04/0103 </loc>
		<lastmod> 2021-11-03 17:23:58.194890 </lastmod>
	</url><url>
		<loc> https://geoconnex.us/ref/hu04/0104 </loc>
		<lastmod> 2021-11-03 17:23:58.194918 </lastmod>
	</url><url>
		<loc> https://geoconnex.us/ref/hu04/0402 </loc>
		<lastmod> 2021-11-03 17:23:58.194997 </lastmod>
	</url><url>
		<loc> https://geoconnex.us/ref/hu04/0406 </loc>
		<lastmod> 2021-11-03 17:23:58.195030 </lastmod>
	</url><url>
		<loc> https://geoconnex.us/ref/hu04/0407 </loc>
		<lastmod> 2021-11-03 17:23:58.195058 </lastmod>
	</url><url>
		<loc> https://geoconnex.us/ref/hu04/0409 </loc>
		<lastmod> 2021-11-03 17:23:58.195086 </lastmod>
	</url><url>
		<loc> https://geoconnex.us/ref/hu04/0408 </loc>
		<lastmod> 2021-11-03 17:23:58.195114 </lastmod>
	</url><url>
		<loc> https://geoconnex.us/ref/hu04/0701 </loc>
		<lastmod> 2021-11-03 17:23:58.195196 </lastmod>
	</url><url>
		<loc> https://geoconnex.us/ref/hu04/0903 </loc>
		<lastmod> 2021-11-03 17:23:58.195373 </lastmod>
	</url><url>
		<loc> https://geoconnex.us/ref/hu04/0702 </loc>
		<lastmod> 2021-11-03 17:23:58.195408 </lastmod>
	</url><url>
		<loc> https://geoconnex.us/ref/hu04/0902 </loc>
		<lastmod> 2021-11-03 17:23:58.195437 </lastmod>
	</url><url>
		<loc> https://geoconnex.us/ref/hu04/0704 </loc>
		<lastmod> 2021-11-03 17:23:58.195466 </lastmod>
	</url><url>
		<loc> https://geoconnex.us/ref/hu04/1028 </loc>
		<lastmod> 2021-11-03 17:23:58.195495 </lastmod>
	</url><url>
		<loc> https://geoconnex.us/ref/hu04/1029 </loc>
		<lastmod> 2021-11-03 17:23:58.195523 </lastmod>
	</url><url>
		<loc> https://geoconnex.us/ref/hu04/1030 </loc>
		<lastmod> 2021-11-03 17:23:58.195551 </lastmod>
	</url><url>
		<loc> https://geoconnex.us/ref/hu04/1024 </loc>
		<lastmod> 2021-11-03 17:23:58.195579 </lastmod>
	</url><url>
		<loc> https://geoconnex.us/ref/hu04/2202 </loc>
		<lastmod> 2021-11-03 17:23:58.195606 </lastmod>
	</url><url>
		<loc> https://geoconnex.us/ref/hu04/0317 </loc>
		<lastmod> 2021-11-03 17:23:58.195634 </lastmod>
	</url><url>
		<loc> https://geoconnex.us/ref/hu04/0318 </loc>
		<lastmod> 2021-11-03 17:23:58.195661 </lastmod>
	</url><url>
		<loc> https://geoconnex.us/ref/hu04/0904 </loc>
		<lastmod> 2021-11-03 17:23:58.195688 </lastmod>
	</url><url>
		<loc> https://geoconnex.us/ref/hu04/1002 </loc>
		<lastmod> 2021-11-03 17:23:58.195716 </lastmod>
	</url><url>
		<loc> https://geoconnex.us/ref/hu04/1003 </loc>
		<lastmod> 2021-11-03 17:23:58.195743 </lastmod>
	</url><url>
		<loc> https://geoconnex.us/ref/hu04/1004 </loc>
		<lastmod> 2021-11-03 17:23:58.195771 </lastmod>
	</url><url>
		<loc> https://geoconnex.us/ref/hu04/1005 </loc>
		<lastmod> 2021-11-03 17:23:58.195800 </lastmod>
	</url><url>
		<loc> https://geoconnex.us/ref/hu04/1010 </loc>
		<lastmod> 2021-11-03 17:23:58.195828 </lastmod>
	</url><url>
		<loc> https://geoconnex.us/ref/hu04/1006 </loc>
		<lastmod> 2021-11-03 17:23:58.195857 </lastmod>
	</url><url>
		<loc> https://geoconnex.us/ref/hu04/1011 </loc>
		<lastmod> 2021-11-03 17:23:58.195885 </lastmod>
	</url><url>
		<loc> https://geoconnex.us/ref/hu04/0302 </loc>
		<lastmod> 2021-11-03 17:23:58.195912 </lastmod>
	</url><url>
		<loc> https://geoconnex.us/ref/hu04/0303 </loc>
		<lastmod> 2021-11-03 17:23:58.195939 </lastmod>
	</url><url>
		<loc> https://geoconnex.us/ref/hu04/0601 </loc>
		<lastmod> 2021-11-03 17:23:58.195967 </lastmod>
	</url><url>
		<loc> https://geoconnex.us/ref/hu04/0301 </loc>
		<lastmod> 2021-11-03 17:23:58.195995 </lastmod>
	</url><url>
		<loc> https://geoconnex.us/ref/hu04/0505 </loc>
		<lastmod> 2021-11-03 17:23:58.196022 </lastmod>
	</url><url>
		<loc> https://geoconnex.us/ref/hu04/0901 </loc>
		<lastmod> 2021-11-03 17:23:58.196050 </lastmod>
	</url><url>
		<loc> https://geoconnex.us/ref/hu04/1015 </loc>
		<lastmod> 2021-11-03 17:23:58.196077 </lastmod>
	</url><url>
		<loc> https://geoconnex.us/ref/hu04/1020 </loc>
		<lastmod> 2021-11-03 17:23:58.196105 </lastmod>
	</url><url>
		<loc> https://geoconnex.us/ref/hu04/1021 </loc>
		<lastmod> 2021-11-03 17:23:58.196133 </lastmod>
	</url><url>
		<loc> https://geoconnex.us/ref/hu04/1022 </loc>
		<lastmod> 2021-11-03 17:23:58.196160 </lastmod>
	</url><url>
		<loc> https://geoconnex.us/ref/hu04/1017 </loc>
		<lastmod> 2021-11-03 17:23:58.196187 </lastmod>
	</url><url>
		<loc> https://geoconnex.us/ref/hu04/1012 </loc>
		<lastmod> 2021-11-03 17:23:58.196216 </lastmod>
	</url><url>
		<loc> https://geoconnex.us/ref/hu04/0106 </loc>
		<lastmod> 2021-11-03 17:23:58.196244 </lastmod>
	</url><url>
		<loc> https://geoconnex.us/ref/hu04/0202 </loc>
		<lastmod> 2021-11-03 17:23:58.196271 </lastmod>
	</url><url>
		<loc> https://geoconnex.us/ref/hu04/1108 </loc>
		<lastmod> 2021-11-03 17:23:58.196299 </lastmod>
	</url><url>
		<loc> https://geoconnex.us/ref/hu04/1302 </loc>
		<lastmod> 2021-11-03 17:23:58.196326 </lastmod>
	</url><url>
		<loc> https://geoconnex.us/ref/hu04/1303 </loc>
		<lastmod> 2021-11-03 17:23:58.196355 </lastmod>
	</url><url>
		<loc> https://geoconnex.us/ref/hu04/1306 </loc>
		<lastmod> 2021-11-03 17:23:58.196450 </lastmod>
	</url><url>
		<loc> https://geoconnex.us/ref/hu04/1504 </loc>
		<lastmod> 2021-11-03 17:23:58.196479 </lastmod>
	</url><url>
		<loc> https://geoconnex.us/ref/hu04/1301 </loc>
		<lastmod> 2021-11-03 17:23:58.196507 </lastmod>
	</url><url>
		<loc> https://geoconnex.us/ref/hu04/1408 </loc>
		<lastmod> 2021-11-03 17:23:58.196534 </lastmod>
	</url><url>
		<loc> https://geoconnex.us/ref/hu04/1104 </loc>
		<lastmod> 2021-11-03 17:23:58.196562 </lastmod>
	</url><url>
		<loc> https://geoconnex.us/ref/hu04/1604 </loc>
		<lastmod> 2021-11-03 17:23:58.196590 </lastmod>
	</url><url>
		<loc> https://geoconnex.us/ref/hu04/1605 </loc>
		<lastmod> 2021-11-03 17:23:58.196618 </lastmod>
	</url><url>
		<loc> https://geoconnex.us/ref/hu04/0414 </loc>
		<lastmod> 2021-11-03 17:23:58.196646 </lastmod>
	</url><url>
		<loc> https://geoconnex.us/ref/hu04/0203 </loc>
		<lastmod> 2021-11-03 17:23:58.196673 </lastmod>
	</url><url>
		<loc> https://geoconnex.us/ref/hu04/0411 </loc>
		<lastmod> 2021-11-03 17:23:58.196701 </lastmod>
	</url><url>
		<loc> https://geoconnex.us/ref/hu04/0504 </loc>
		<lastmod> 2021-11-03 17:23:58.196728 </lastmod>
	</url><url>
		<loc> https://geoconnex.us/ref/hu04/0506 </loc>
		<lastmod> 2021-11-03 17:23:58.196756 </lastmod>
	</url><url>
		<loc> https://geoconnex.us/ref/hu04/0508 </loc>
		<lastmod> 2021-11-03 17:23:58.196784 </lastmod>
	</url><url>
		<loc> https://geoconnex.us/ref/hu04/0410 </loc>
		<lastmod> 2021-11-03 17:23:58.196811 </lastmod>
	</url><url>
		<loc> https://geoconnex.us/ref/hu04/1105 </loc>
		<lastmod> 2021-11-03 17:23:58.196839 </lastmod>
	</url><url>
		<loc> https://geoconnex.us/ref/hu04/1106 </loc>
		<lastmod> 2021-11-03 17:23:58.196867 </lastmod>
	</url><url>
		<loc> https://geoconnex.us/ref/hu04/1107 </loc>
		<lastmod> 2021-11-03 17:23:58.196894 </lastmod>
	</url><url>
		<loc> https://geoconnex.us/ref/hu04/1110 </loc>
		<lastmod> 2021-11-03 17:23:58.196922 </lastmod>
	</url><url>
		<loc> https://geoconnex.us/ref/hu04/1112 </loc>
		<lastmod> 2021-11-03 17:23:58.196949 </lastmod>
	</url><url>
		<loc> https://geoconnex.us/ref/hu04/1109 </loc>
		<lastmod> 2021-11-03 17:23:58.196977 </lastmod>
	</url><url>
		<loc> https://geoconnex.us/ref/hu04/0501 </loc>
		<lastmod> 2021-11-03 17:23:58.197004 </lastmod>
	</url><url>
		<loc> https://geoconnex.us/ref/hu04/0205 </loc>
		<lastmod> 2021-11-03 17:23:58.197032 </lastmod>
	</url><url>
		<loc> https://geoconnex.us/ref/hu04/0413 </loc>
		<lastmod> 2021-11-03 17:23:58.197060 </lastmod>
	</url><url>
		<loc> https://geoconnex.us/ref/hu04/2101 </loc>
		<lastmod> 2021-11-03 17:23:58.197088 </lastmod>
	</url><url>
		<loc> https://geoconnex.us/ref/hu04/2102 </loc>
		<lastmod> 2021-11-03 17:23:58.197116 </lastmod>
	</url><url>
		<loc> https://geoconnex.us/ref/hu04/0109 </loc>
		<lastmod> 2021-11-03 17:23:58.197143 </lastmod>
	</url><url>
		<loc> https://geoconnex.us/ref/hu04/0305 </loc>
		<lastmod> 2021-11-03 17:23:58.197177 </lastmod>
	</url><url>
		<loc> https://geoconnex.us/ref/hu04/0304 </loc>
		<lastmod> 2021-11-03 17:23:58.197206 </lastmod>
	</url><url>
		<loc> https://geoconnex.us/ref/hu04/1013 </loc>
		<lastmod> 2021-11-03 17:23:58.197233 </lastmod>
	</url><url>
		<loc> https://geoconnex.us/ref/hu04/1016 </loc>
		<lastmod> 2021-11-03 17:23:58.197261 </lastmod>
	</url><url>
		<loc> https://geoconnex.us/ref/hu04/1014 </loc>
		<lastmod> 2021-11-03 17:23:58.197288 </lastmod>
	</url><url>
		<loc> https://geoconnex.us/ref/hu04/0513 </loc>
		<lastmod> 2021-11-03 17:23:58.197316 </lastmod>
	</url><url>
		<loc> https://geoconnex.us/ref/hu04/0604 </loc>
		<lastmod> 2021-11-03 17:23:58.197343 </lastmod>
	</url><url>
		<loc> https://geoconnex.us/ref/hu04/0801 </loc>
		<lastmod> 2021-11-03 17:23:58.197370 </lastmod>
	</url><url>
		<loc> https://geoconnex.us/ref/hu04/1202 </loc>
		<lastmod> 2021-11-03 17:23:58.197398 </lastmod>
	</url><url>
		<loc> https://geoconnex.us/ref/hu04/1203 </loc>
		<lastmod> 2021-11-03 17:23:58.197426 </lastmod>
	</url><url>
		<loc> https://geoconnex.us/ref/hu04/1204 </loc>
		<lastmod> 2021-11-03 17:23:58.197454 </lastmod>
	</url><url>
		<loc> https://geoconnex.us/ref/hu04/1205 </loc>
		<lastmod> 2021-11-03 17:23:58.197481 </lastmod>
	</url><url>
		<loc> https://geoconnex.us/ref/hu04/1206 </loc>
		<lastmod> 2021-11-03 17:23:58.197509 </lastmod>
	</url><url>
		<loc> https://geoconnex.us/ref/hu04/1207 </loc>
		<lastmod> 2021-11-03 17:23:58.197536 </lastmod>
	</url><url>
		<loc> https://geoconnex.us/ref/hu04/1208 </loc>
		<lastmod> 2021-11-03 17:23:58.197563 </lastmod>
	</url><url>
		<loc> https://geoconnex.us/ref/hu04/1209 </loc>
		<lastmod> 2021-11-03 17:23:58.197591 </lastmod>
	</url><url>
		<loc> https://geoconnex.us/ref/hu04/1210 </loc>
		<lastmod> 2021-11-03 17:23:58.197618 </lastmod>
	</url><url>
		<loc> https://geoconnex.us/ref/hu04/1211 </loc>
		<lastmod> 2021-11-03 17:23:58.197646 </lastmod>
	</url><url>
		<loc> https://geoconnex.us/ref/hu04/1304 </loc>
		<lastmod> 2021-11-03 17:23:58.197674 </lastmod>
	</url><url>
		<loc> https://geoconnex.us/ref/hu04/1307 </loc>
		<lastmod> 2021-11-03 17:23:58.197701 </lastmod>
	</url><url>
		<loc> https://geoconnex.us/ref/hu04/1114 </loc>
		<lastmod> 2021-11-03 17:23:58.197729 </lastmod>
	</url><url>
		<loc> https://geoconnex.us/ref/hu04/1201 </loc>
		<lastmod> 2021-11-03 17:23:58.197757 </lastmod>
	</url><url>
		<loc> https://geoconnex.us/ref/hu04/1309 </loc>
		<lastmod> 2021-11-03 17:23:58.197784 </lastmod>
	</url><url>
		<loc> https://geoconnex.us/ref/hu04/1305 </loc>
		<lastmod> 2021-11-03 17:23:58.197812 </lastmod>
	</url><url>
		<loc> https://geoconnex.us/ref/hu04/1113 </loc>
		<lastmod> 2021-11-03 17:23:58.197839 </lastmod>
	</url><url>
		<loc> https://geoconnex.us/ref/hu04/1406 </loc>
		<lastmod> 2021-11-03 17:23:58.197866 </lastmod>
	</url><url>
		<loc> https://geoconnex.us/ref/hu04/1602 </loc>
		<lastmod> 2021-11-03 17:23:58.197894 </lastmod>
	</url><url>
		<loc> https://geoconnex.us/ref/hu04/1601 </loc>
		<lastmod> 2021-11-03 17:23:58.197922 </lastmod>
	</url><url>
		<loc> https://geoconnex.us/ref/hu04/1603 </loc>
		<lastmod> 2021-11-03 17:23:58.197949 </lastmod>
	</url><url>
		<loc> https://geoconnex.us/ref/hu04/0208 </loc>
		<lastmod> 2021-11-03 17:23:58.197977 </lastmod>
	</url><url>
		<loc> https://geoconnex.us/ref/hu04/0507 </loc>
		<lastmod> 2021-11-03 17:23:58.198004 </lastmod>
	</url><url>
		<loc> https://geoconnex.us/ref/hu04/0204 </loc>
		<lastmod> 2021-11-03 17:23:58.198032 </lastmod>
	</url><url>
		<loc> https://geoconnex.us/ref/hu04/0403 </loc>
		<lastmod> 2021-11-03 17:23:58.198059 </lastmod>
	</url><url>
		<loc> https://geoconnex.us/ref/hu04/0705 </loc>
		<lastmod> 2021-11-03 17:23:58.198086 </lastmod>
	</url><url>
		<loc> https://geoconnex.us/ref/hu04/0707 </loc>
		<lastmod> 2021-11-03 17:23:58.198114 </lastmod>
	</url><url>
		<loc> https://geoconnex.us/ref/hu04/0401 </loc>
		<lastmod> 2021-11-03 17:23:58.198142 </lastmod>
	</url><url>
		<loc> https://geoconnex.us/ref/hu04/0703 </loc>
		<lastmod> 2021-11-03 17:23:58.198170 </lastmod>
	</url><url>
		<loc> https://geoconnex.us/ref/hu04/0509 </loc>
		<lastmod> 2021-11-03 17:23:58.198198 </lastmod>
	</url><url>
		<loc> https://geoconnex.us/ref/hu04/0502 </loc>
		<lastmod> 2021-11-03 17:23:58.198225 </lastmod>
	</url><url>
		<loc> https://geoconnex.us/ref/hu04/0503 </loc>
		<lastmod> 2021-11-03 17:23:58.198253 </lastmod>
	</url><url>
		<loc> https://geoconnex.us/ref/hu04/1404 </loc>
		<lastmod> 2021-11-03 17:23:58.198281 </lastmod>
	</url><url>
		<loc> https://geoconnex.us/ref/hu04/1007 </loc>
		<lastmod> 2021-11-03 17:23:58.198308 </lastmod>
	</url><url>
		<loc> https://geoconnex.us/ref/hu04/1008 </loc>
		<lastmod> 2021-11-03 17:23:58.198336 </lastmod>
	</url><url>
		<loc> https://geoconnex.us/ref/hu04/1009 </loc>
		<lastmod> 2021-11-03 17:23:58.198364 </lastmod>
	</url><url>
		<loc> https://geoconnex.us/ref/hu04/1710 </loc>
		<lastmod> 2021-11-03 17:23:58.198391 </lastmod>
	</url><url>
		<loc> https://geoconnex.us/ref/hu04/1706 </loc>
		<lastmod> 2021-11-03 17:23:58.198419 </lastmod>
	</url><url>
		<loc> https://geoconnex.us/ref/hu04/1701 </loc>
		<lastmod> 2021-11-03 17:23:58.198446 </lastmod>
	</url><url>
		<loc> https://geoconnex.us/ref/hu04/1704 </loc>
		<lastmod> 2021-11-03 17:23:58.198474 </lastmod>
	</url><url>
		<loc> https://geoconnex.us/ref/hu04/1705 </loc>
		<lastmod> 2021-11-03 17:23:58.198502 </lastmod>
	</url><url>
		<loc> https://geoconnex.us/ref/hu04/1712 </loc>
		<lastmod> 2021-11-03 17:23:58.198530 </lastmod>
	</url><url>
		<loc> https://geoconnex.us/ref/hu04/1707 </loc>
		<lastmod> 2021-11-03 17:23:58.198558 </lastmod>
	</url><url>
		<loc> https://geoconnex.us/ref/hu04/1708 </loc>
		<lastmod> 2021-11-03 17:23:58.198586 </lastmod>
	</url><url>
		<loc> https://geoconnex.us/ref/hu04/1702 </loc>
		<lastmod> 2021-11-03 17:23:58.198613 </lastmod>
	</url><url>
		<loc> https://geoconnex.us/ref/hu04/1703 </loc>
		<lastmod> 2021-11-03 17:23:58.198641 </lastmod>
	</url><url>
		<loc> https://geoconnex.us/ref/hu04/1711 </loc>
		<lastmod> 2021-11-03 17:23:58.198668 </lastmod>
	</url><url>
		<loc> https://geoconnex.us/ref/hu04/1709 </loc>
		<lastmod> 2021-11-03 17:23:58.198696 </lastmod>
	</url><url>
		<loc> https://geoconnex.us/ref/hu04/0808 </loc>
		<lastmod> 2021-11-03 17:23:58.198724 </lastmod>
	</url><url>
		<loc> https://geoconnex.us/ref/hu04/0102 </loc>
		<lastmod> 2021-11-03 17:23:58.198751 </lastmod>
	</url><url>
		<loc> https://geoconnex.us/ref/hu04/1308 </loc>
		<lastmod> 2021-11-03 17:23:58.198779 </lastmod>
	</url><url>
		<loc> https://geoconnex.us/ref/hu04/0412 </loc>
		<lastmod> 2021-11-03 17:23:58.198807 </lastmod>
	</url><url>
		<loc> https://geoconnex.us/ref/hu04/1901 </loc>
		<lastmod> 2021-11-03 17:23:58.198834 </lastmod>
	</url><url>
		<loc> https://geoconnex.us/ref/hu04/1902 </loc>
		<lastmod> 2021-11-03 17:23:58.198862 </lastmod>
	</url><url>
		<loc> https://geoconnex.us/ref/hu04/1903 </loc>
		<lastmod> 2021-11-03 17:23:58.198890 </lastmod>
	</url><url>
		<loc> https://geoconnex.us/ref/hu04/1907 </loc>
		<lastmod> 2021-11-03 17:23:58.198918 </lastmod>
	</url><url>
		<loc> https://geoconnex.us/ref/hu04/1909 </loc>
		<lastmod> 2021-11-03 17:23:58.198972 </lastmod>
	</url><url>
		<loc> https://geoconnex.us/ref/hu04/1905 </loc>
		<lastmod> 2021-11-03 17:23:58.199002 </lastmod>
	</url><url>
		<loc> https://geoconnex.us/ref/hu04/1908 </loc>
		<lastmod> 2021-11-03 17:23:58.199030 </lastmod>
	</url><url>
		<loc> https://geoconnex.us/ref/hu04/1906 </loc>
		<lastmod> 2021-11-03 17:23:58.199058 </lastmod>
	</url><url>
		<loc> https://geoconnex.us/ref/hu04/1310 </loc>
		<lastmod> 2021-11-03 17:23:58.199085 </lastmod>
	</url><url>
		<loc> https://geoconnex.us/ref/hu04/1311 </loc>
		<lastmod> 2021-11-03 17:23:58.199113 </lastmod>
	</url><url>
		<loc> https://geoconnex.us/ref/hu04/1312 </loc>
		<lastmod> 2021-11-03 17:23:58.199141 </lastmod>
	</url><url>
		<loc> https://geoconnex.us/ref/hu04/0416 </loc>
		<lastmod> 2021-11-03 17:23:58.199168 </lastmod>
	</url><url>
		<loc> https://geoconnex.us/ref/hu04/0433 </loc>
		<lastmod> 2021-11-03 17:23:58.199196 </lastmod>
	</url><url>
		<loc> https://geoconnex.us/ref/hu04/0432 </loc>
		<lastmod> 2021-11-03 17:23:58.199223 </lastmod>
	</url><url>
		<loc> https://geoconnex.us/ref/hu04/0417 </loc>
		<lastmod> 2021-11-03 17:23:58.199251 </lastmod>
	</url><url>
		<loc> https://geoconnex.us/ref/hu04/0419 </loc>
		<lastmod> 2021-11-03 17:23:58.199290 </lastmod>
	</url><url>
		<loc> https://geoconnex.us/ref/hu04/0420 </loc>
		<lastmod> 2021-11-03 17:23:58.199305 </lastmod>
	</url><url>
		<loc> https://geoconnex.us/ref/hu04/0423 </loc>
		<lastmod> 2021-11-03 17:23:58.199321 </lastmod>
	</url><url>
		<loc> https://geoconnex.us/ref/hu04/0422 </loc>
		<lastmod> 2021-11-03 17:23:58.199336 </lastmod>
	</url><url>
		<loc> https://geoconnex.us/ref/hu04/0421 </loc>
		<lastmod> 2021-11-03 17:23:58.199365 </lastmod>
	</url><url>
		<loc> https://geoconnex.us/ref/hu04/0425 </loc>
		<lastmod> 2021-11-03 17:23:58.199383 </lastmod>
	</url><url>
		<loc> https://geoconnex.us/ref/hu04/0426 </loc>
		<lastmod> 2021-11-03 17:23:58.199417 </lastmod>
	</url><url>
		<loc> https://geoconnex.us/ref/hu04/0424 </loc>
		<lastmod> 2021-11-03 17:23:58.199433 </lastmod>
	</url><url>
		<loc> https://geoconnex.us/ref/hu04/0418 </loc>
		<lastmod> 2021-11-03 17:23:58.199450 </lastmod>
	</url><url>
		<loc> https://geoconnex.us/ref/hu04/0427 </loc>
		<lastmod> 2021-11-03 17:23:58.199467 </lastmod>
	</url><url>
		<loc> https://geoconnex.us/ref/hu04/0428 </loc>
		<lastmod> 2021-11-03 17:23:58.199484 </lastmod>
	</url><url>
		<loc> https://geoconnex.us/ref/hu04/0429 </loc>
		<lastmod> 2021-11-03 17:23:58.199500 </lastmod>
	</url><url>
		<loc> https://geoconnex.us/ref/hu04/0430 </loc>
		<lastmod> 2021-11-03 17:23:58.199517 </lastmod>
	</url><url>
		<loc> https://geoconnex.us/ref/hu04/0431 </loc>
		<lastmod> 2021-11-03 17:23:58.199534 </lastmod>
	</url><url>
		<loc> https://geoconnex.us/ref/hu04/2204 </loc>
		<lastmod> 2021-11-03 17:23:58.199562 </lastmod>
	</url></ns0:urlset>