<?xml version='1.0' encoding='utf-8'?>
<ns0:urlset xmlns:ns0="http://www.sitemaps.org/schemas/sitemap/0.9">
<url>
		<loc> https://geoconnex.us/ref/hu04/0315 </loc>
		<lastmod> 2023-06-07 18:21:17.724842 </lastmod>
	</url><url>
		<loc> https://geoconnex.us/ref/hu04/0314 </loc>
		<lastmod> 2023-06-07 18:21:17.724881 </lastmod>
	</url><url>
		<loc> https://geoconnex.us/ref/hu04/0316 </loc>
		<lastmod> 2023-06-07 18:21:17.724904 </lastmod>
	</url><url>
		<loc> https://geoconnex.us/ref/hu04/0603 </loc>
		<lastmod> 2023-06-07 18:21:17.724925 </lastmod>
	</url><url>
		<loc> https://geoconnex.us/ref/hu04/0802 </loc>
		<lastmod> 2023-06-07 18:21:17.724943 </lastmod>
	</url><url>
		<loc> https://geoconnex.us/ref/hu04/1101 </loc>
		<lastmod> 2023-06-07 18:21:17.724963 </lastmod>
	</url><url>
		<loc> https://geoconnex.us/ref/hu04/1111 </loc>
		<lastmod> 2023-06-07 18:21:17.724981 </lastmod>
	</url><url>
		<loc> https://geoconnex.us/ref/hu04/2203 </loc>
		<lastmod> 2023-06-07 18:21:17.724999 </lastmod>
	</url><url>
		<loc> https://geoconnex.us/ref/hu04/1503 </loc>
		<lastmod> 2023-06-07 18:21:17.725017 </lastmod>
	</url><url>
		<loc> https://geoconnex.us/ref/hu04/1506 </loc>
		<lastmod> 2023-06-07 18:21:17.725035 </lastmod>
	</url><url>
		<loc> https://geoconnex.us/ref/hu04/1507 </loc>
		<lastmod> 2023-06-07 18:21:17.725053 </lastmod>
	</url><url>
		<loc> https://geoconnex.us/ref/hu04/1505 </loc>
		<lastmod> 2023-06-07 18:21:17.725071 </lastmod>
	</url><url>
		<loc> https://geoconnex.us/ref/hu04/1508 </loc>
		<lastmod> 2023-06-07 18:21:17.725089 </lastmod>
	</url><url>
		<loc> https://geoconnex.us/ref/hu04/1502 </loc>
		<lastmod> 2023-06-07 18:21:17.725106 </lastmod>
	</url><url>
		<loc> https://geoconnex.us/ref/hu04/1501 </loc>
		<lastmod> 2023-06-07 18:21:17.725124 </lastmod>
	</url><url>
		<loc> https://geoconnex.us/ref/hu04/1407 </loc>
		<lastmod> 2023-06-07 18:21:17.725142 </lastmod>
	</url><url>
		<loc> https://geoconnex.us/ref/hu04/1801 </loc>
		<lastmod> 2023-06-07 18:21:17.725160 </lastmod>
	</url><url>
		<loc> https://geoconnex.us/ref/hu04/1802 </loc>
		<lastmod> 2023-06-07 18:21:17.725178 </lastmod>
	</url><url>
		<loc> https://geoconnex.us/ref/hu04/1803 </loc>
		<lastmod> 2023-06-07 18:21:17.725195 </lastmod>
	</url><url>
		<loc> https://geoconnex.us/ref/hu04/1804 </loc>
		<lastmod> 2023-06-07 18:21:17.725213 </lastmod>
	</url><url>
		<loc> https://geoconnex.us/ref/hu04/1805 </loc>
		<lastmod> 2023-06-07 18:21:17.725231 </lastmod>
	</url><url>
		<loc> https://geoconnex.us/ref/hu04/1806 </loc>
		<lastmod> 2023-06-07 18:21:17.725248 </lastmod>
	</url><url>
		<loc> https://geoconnex.us/ref/hu04/1807 </loc>
		<lastmod> 2023-06-07 18:21:17.725266 </lastmod>
	</url><url>
		<loc> https://geoconnex.us/ref/hu04/1809 </loc>
		<lastmod> 2023-06-07 18:21:17.725283 </lastmod>
	</url><url>
		<loc> https://geoconnex.us/ref/hu04/1810 </loc>
		<lastmod> 2023-06-07 18:21:17.725301 </lastmod>
	</url><url>
		<loc> https://geoconnex.us/ref/hu04/1606 </loc>
		<lastmod> 2023-06-07 18:21:17.725318 </lastmod>
	</url><url>
		<loc> https://geoconnex.us/ref/hu04/1808 </loc>
		<lastmod> 2023-06-07 18:21:17.725336 </lastmod>
	</url><url>
		<loc> https://geoconnex.us/ref/hu04/0101 </loc>
		<lastmod> 2023-06-07 18:21:17.725354 </lastmod>
	</url><url>
		<loc> https://geoconnex.us/ref/hu04/1102 </loc>
		<lastmod> 2023-06-07 18:21:17.725371 </lastmod>
	</url><url>
		<loc> https://geoconnex.us/ref/hu04/1401 </loc>
		<lastmod> 2023-06-07 18:21:17.725389 </lastmod>
	</url><url>
		<loc> https://geoconnex.us/ref/hu04/1402 </loc>
		<lastmod> 2023-06-07 18:21:17.725407 </lastmod>
	</url><url>
		<loc> https://geoconnex.us/ref/hu04/1025 </loc>
		<lastmod> 2023-06-07 18:21:17.725424 </lastmod>
	</url><url>
		<loc> https://geoconnex.us/ref/hu04/1019 </loc>
		<lastmod> 2023-06-07 18:21:17.725441 </lastmod>
	</url><url>
		<loc> https://geoconnex.us/ref/hu04/1018 </loc>
		<lastmod> 2023-06-07 18:21:17.725459 </lastmod>
	</url><url>
		<loc> https://geoconnex.us/ref/hu04/1403 </loc>
		<lastmod> 2023-06-07 18:21:17.725476 </lastmod>
	</url><url>
		<loc> https://geoconnex.us/ref/hu04/1405 </loc>
		<lastmod> 2023-06-07 18:21:17.725494 </lastmod>
	</url><url>
		<loc> https://geoconnex.us/ref/hu04/0108 </loc>
		<lastmod> 2023-06-07 18:21:17.725511 </lastmod>
	</url><url>
		<loc> https://geoconnex.us/ref/hu04/0110 </loc>
		<lastmod> 2023-06-07 18:21:17.725529 </lastmod>
	</url><url>
		<loc> https://geoconnex.us/ref/hu04/0308 </loc>
		<lastmod> 2023-06-07 18:21:17.725547 </lastmod>
	</url><url>
		<loc> https://geoconnex.us/ref/hu04/0309 </loc>
		<lastmod> 2023-06-07 18:21:17.725565 </lastmod>
	</url><url>
		<loc> https://geoconnex.us/ref/hu04/0310 </loc>
		<lastmod> 2023-06-07 18:21:17.725582 </lastmod>
	</url><url>
		<loc> https://geoconnex.us/ref/hu04/0311 </loc>
		<lastmod> 2023-06-07 18:21:17.725600 </lastmod>
	</url><url>
		<loc> https://geoconnex.us/ref/hu04/0307 </loc>
		<lastmod> 2023-06-07 18:21:17.725617 </lastmod>
	</url><url>
		<loc> https://geoconnex.us/ref/hu04/0312 </loc>
		<lastmod> 2023-06-07 18:21:17.725635 </lastmod>
	</url><url>
		<loc> https://geoconnex.us/ref/hu04/0313 </loc>
		<lastmod> 2023-06-07 18:21:17.725653 </lastmod>
	</url><url>
		<loc> https://geoconnex.us/ref/hu04/0306 </loc>
		<lastmod> 2023-06-07 18:21:17.725670 </lastmod>
	</url><url>
		<loc> https://geoconnex.us/ref/hu04/0602 </loc>
		<lastmod> 2023-06-07 18:21:17.725688 </lastmod>
	</url><url>
		<loc> https://geoconnex.us/ref/hu04/2201 </loc>
		<lastmod> 2023-06-07 18:21:17.725706 </lastmod>
	</url><url>
		<loc> https://geoconnex.us/ref/hu04/2001 </loc>
		<lastmod> 2023-06-07 18:21:17.725723 </lastmod>
	</url><url>
		<loc> https://geoconnex.us/ref/hu04/2002 </loc>
		<lastmod> 2023-06-07 18:21:17.725741 </lastmod>
	</url><url>
		<loc> https://geoconnex.us/ref/hu04/2003 </loc>
		<lastmod> 2023-06-07 18:21:17.725758 </lastmod>
	</url><url>
		<loc> https://geoconnex.us/ref/hu04/2004 </loc>
		<lastmod> 2023-06-07 18:21:17.725787 </lastmod>
	</url><url>
		<loc> https://geoconnex.us/ref/hu04/2005 </loc>
		<lastmod> 2023-06-07 18:21:17.725803 </lastmod>
	</url><url>
		<loc> https://geoconnex.us/ref/hu04/2006 </loc>
		<lastmod> 2023-06-07 18:21:17.725820 </lastmod>
	</url><url>
		<loc> https://geoconnex.us/ref/hu04/2007 </loc>
		<lastmod> 2023-06-07 18:21:17.725881 </lastmod>
	</url><url>
		<loc> https://geoconnex.us/ref/hu04/2008 </loc>
		<lastmod> 2023-06-07 18:21:17.725899 </lastmod>
	</url><url>
		<loc> https://geoconnex.us/ref/hu04/0706 </loc>
		<lastmod> 2023-06-07 18:21:17.725917 </lastmod>
	</url><url>
		<loc> https://geoconnex.us/ref/hu04/0710 </loc>
		<lastmod> 2023-06-07 18:21:17.725935 </lastmod>
	</url><url>
		<loc> https://geoconnex.us/ref/hu04/1023 </loc>
		<lastmod> 2023-06-07 18:21:17.725952 </lastmod>
	</url><url>
		<loc> https://geoconnex.us/ref/hu04/0713 </loc>
		<lastmod> 2023-06-07 18:21:17.725971 </lastmod>
	</url><url>
		<loc> https://geoconnex.us/ref/hu04/0708 </loc>
		<lastmod> 2023-06-07 18:21:17.725988 </lastmod>
	</url><url>
		<loc> https://geoconnex.us/ref/hu04/0712 </loc>
		<lastmod> 2023-06-07 18:21:17.726006 </lastmod>
	</url><url>
		<loc> https://geoconnex.us/ref/hu04/0711 </loc>
		<lastmod> 2023-06-07 18:21:17.726024 </lastmod>
	</url><url>
		<loc> https://geoconnex.us/ref/hu04/0714 </loc>
		<lastmod> 2023-06-07 18:21:17.726042 </lastmod>
	</url><url>
		<loc> https://geoconnex.us/ref/hu04/0709 </loc>
		<lastmod> 2023-06-07 18:21:17.726060 </lastmod>
	</url><url>
		<loc> https://geoconnex.us/ref/hu04/0404 </loc>
		<lastmod> 2023-06-07 18:21:17.726077 </lastmod>
	</url><url>
		<loc> https://geoconnex.us/ref/hu04/0512 </loc>
		<lastmod> 2023-06-07 18:21:17.726095 </lastmod>
	</url><url>
		<loc> https://geoconnex.us/ref/hu04/0405 </loc>
		<lastmod> 2023-06-07 18:21:17.726114 </lastmod>
	</url><url>
		<loc> https://geoconnex.us/ref/hu04/1027 </loc>
		<lastmod> 2023-06-07 18:21:17.726131 </lastmod>
	</url><url>
		<loc> https://geoconnex.us/ref/hu04/1103 </loc>
		<lastmod> 2023-06-07 18:21:17.726149 </lastmod>
	</url><url>
		<loc> https://geoconnex.us/ref/hu04/1026 </loc>
		<lastmod> 2023-06-07 18:21:17.726167 </lastmod>
	</url><url>
		<loc> https://geoconnex.us/ref/hu04/0510 </loc>
		<lastmod> 2023-06-07 18:21:17.726185 </lastmod>
	</url><url>
		<loc> https://geoconnex.us/ref/hu04/0511 </loc>
		<lastmod> 2023-06-07 18:21:17.726203 </lastmod>
	</url><url>
		<loc> https://geoconnex.us/ref/hu04/0514 </loc>
		<lastmod> 2023-06-07 18:21:17.726222 </lastmod>
	</url><url>
		<loc> https://geoconnex.us/ref/hu04/0805 </loc>
		<lastmod> 2023-06-07 18:21:17.726240 </lastmod>
	</url><url>
		<loc> https://geoconnex.us/ref/hu04/0807 </loc>
		<lastmod> 2023-06-07 18:21:17.726258 </lastmod>
	</url><url>
		<loc> https://geoconnex.us/ref/hu04/0809 </loc>
		<lastmod> 2023-06-07 18:21:17.726276 </lastmod>
	</url><url>
		<loc> https://geoconnex.us/ref/hu04/0804 </loc>
		<lastmod> 2023-06-07 18:21:17.726294 </lastmod>
	</url><url>
		<loc> https://geoconnex.us/ref/hu04/0806 </loc>
		<lastmod> 2023-06-07 18:21:17.726312 </lastmod>
	</url><url>
		<loc> https://geoconnex.us/ref/hu04/0803 </loc>
		<lastmod> 2023-06-07 18:21:17.726330 </lastmod>
	</url><url>
		<loc> https://geoconnex.us/ref/hu04/0107 </loc>
		<lastmod> 2023-06-07 18:21:17.726348 </lastmod>
	</url><url>
		<loc> https://geoconnex.us/ref/hu04/0206 </loc>
		<lastmod> 2023-06-07 18:21:17.726365 </lastmod>
	</url><url>
		<loc> https://geoconnex.us/ref/hu04/0207 </loc>
		<lastmod> 2023-06-07 18:21:17.726383 </lastmod>
	</url><url>
		<loc> https://geoconnex.us/ref/hu04/0105 </loc>
		<lastmod> 2023-06-07 18:21:17.726401 </lastmod>
	</url><url>
		<loc> https://geoconnex.us/ref/hu04/0103 </loc>
		<lastmod> 2023-06-07 18:21:17.726419 </lastmod>
	</url><url>
		<loc> https://geoconnex.us/ref/hu04/0104 </loc>
		<lastmod> 2023-06-07 18:21:17.726437 </lastmod>
	</url><url>
		<loc> https://geoconnex.us/ref/hu04/0402 </loc>
		<lastmod> 2023-06-07 18:21:17.726455 </lastmod>
	</url><url>
		<loc> https://geoconnex.us/ref/hu04/0406 </loc>
		<lastmod> 2023-06-07 18:21:17.726473 </lastmod>
	</url><url>
		<loc> https://geoconnex.us/ref/hu04/0407 </loc>
		<lastmod> 2023-06-07 18:21:17.726491 </lastmod>
	</url><url>
		<loc> https://geoconnex.us/ref/hu04/0409 </loc>
		<lastmod> 2023-06-07 18:21:17.726510 </lastmod>
	</url><url>
		<loc> https://geoconnex.us/ref/hu04/0408 </loc>
		<lastmod> 2023-06-07 18:21:17.726528 </lastmod>
	</url><url>
		<loc> https://geoconnex.us/ref/hu04/0701 </loc>
		<lastmod> 2023-06-07 18:21:17.726546 </lastmod>
	</url><url>
		<loc> https://geoconnex.us/ref/hu04/0903 </loc>
		<lastmod> 2023-06-07 18:21:17.726564 </lastmod>
	</url><url>
		<loc> https://geoconnex.us/ref/hu04/0702 </loc>
		<lastmod> 2023-06-07 18:21:17.726583 </lastmod>
	</url><url>
		<loc> https://geoconnex.us/ref/hu04/0902 </loc>
		<lastmod> 2023-06-07 18:21:17.726601 </lastmod>
	</url><url>
		<loc> https://geoconnex.us/ref/hu04/0704 </loc>
		<lastmod> 2023-06-07 18:21:17.726619 </lastmod>
	</url><url>
		<loc> https://geoconnex.us/ref/hu04/1028 </loc>
		<lastmod> 2023-06-07 18:21:17.726637 </lastmod>
	</url><url>
		<loc> https://geoconnex.us/ref/hu04/1029 </loc>
		<lastmod> 2023-06-07 18:21:17.726654 </lastmod>
	</url><url>
		<loc> https://geoconnex.us/ref/hu04/1030 </loc>
		<lastmod> 2023-06-07 18:21:17.726673 </lastmod>
	</url><url>
		<loc> https://geoconnex.us/ref/hu04/1024 </loc>
		<lastmod> 2023-06-07 18:21:17.726690 </lastmod>
	</url><url>
		<loc> https://geoconnex.us/ref/hu04/2202 </loc>
		<lastmod> 2023-06-07 18:21:17.726708 </lastmod>
	</url><url>
		<loc> https://geoconnex.us/ref/hu04/0317 </loc>
		<lastmod> 2023-06-07 18:21:17.726726 </lastmod>
	</url><url>
		<loc> https://geoconnex.us/ref/hu04/0318 </loc>
		<lastmod> 2023-06-07 18:21:17.726744 </lastmod>
	</url><url>
		<loc> https://geoconnex.us/ref/hu04/0904 </loc>
		<lastmod> 2023-06-07 18:21:17.726762 </lastmod>
	</url><url>
		<loc> https://geoconnex.us/ref/hu04/1002 </loc>
		<lastmod> 2023-06-07 18:21:17.726780 </lastmod>
	</url><url>
		<loc> https://geoconnex.us/ref/hu04/1003 </loc>
		<lastmod> 2023-06-07 18:21:17.726798 </lastmod>
	</url><url>
		<loc> https://geoconnex.us/ref/hu04/1004 </loc>
		<lastmod> 2023-06-07 18:21:17.726816 </lastmod>
	</url><url>
		<loc> https://geoconnex.us/ref/hu04/1005 </loc>
		<lastmod> 2023-06-07 18:21:17.726834 </lastmod>
	</url><url>
		<loc> https://geoconnex.us/ref/hu04/1010 </loc>
		<lastmod> 2023-06-07 18:21:17.726852 </lastmod>
	</url><url>
		<loc> https://geoconnex.us/ref/hu04/1006 </loc>
		<lastmod> 2023-06-07 18:21:17.726870 </lastmod>
	</url><url>
		<loc> https://geoconnex.us/ref/hu04/1011 </loc>
		<lastmod> 2023-06-07 18:21:17.726888 </lastmod>
	</url><url>
		<loc> https://geoconnex.us/ref/hu04/0302 </loc>
		<lastmod> 2023-06-07 18:21:17.726906 </lastmod>
	</url><url>
		<loc> https://geoconnex.us/ref/hu04/0303 </loc>
		<lastmod> 2023-06-07 18:21:17.726924 </lastmod>
	</url><url>
		<loc> https://geoconnex.us/ref/hu04/0601 </loc>
		<lastmod> 2023-06-07 18:21:17.726942 </lastmod>
	</url><url>
		<loc> https://geoconnex.us/ref/hu04/0301 </loc>
		<lastmod> 2023-06-07 18:21:17.726960 </lastmod>
	</url><url>
		<loc> https://geoconnex.us/ref/hu04/0505 </loc>
		<lastmod> 2023-06-07 18:21:17.726977 </lastmod>
	</url><url>
		<loc> https://geoconnex.us/ref/hu04/0901 </loc>
		<lastmod> 2023-06-07 18:21:17.727006 </lastmod>
	</url><url>
		<loc> https://geoconnex.us/ref/hu04/1015 </loc>
		<lastmod> 2023-06-07 18:21:17.727023 </lastmod>
	</url><url>
		<loc> https://geoconnex.us/ref/hu04/1020 </loc>
		<lastmod> 2023-06-07 18:21:17.727040 </lastmod>
	</url><url>
		<loc> https://geoconnex.us/ref/hu04/1021 </loc>
		<lastmod> 2023-06-07 18:21:17.727057 </lastmod>
	</url><url>
		<loc> https://geoconnex.us/ref/hu04/1022 </loc>
		<lastmod> 2023-06-07 18:21:17.727074 </lastmod>
	</url><url>
		<loc> https://geoconnex.us/ref/hu04/1017 </loc>
		<lastmod> 2023-06-07 18:21:17.727091 </lastmod>
	</url><url>
		<loc> https://geoconnex.us/ref/hu04/1012 </loc>
		<lastmod> 2023-06-07 18:21:17.727108 </lastmod>
	</url><url>
		<loc> https://geoconnex.us/ref/hu04/0106 </loc>
		<lastmod> 2023-06-07 18:21:17.727124 </lastmod>
	</url><url>
		<loc> https://geoconnex.us/ref/hu04/0202 </loc>
		<lastmod> 2023-06-07 18:21:17.727141 </lastmod>
	</url><url>
		<loc> https://geoconnex.us/ref/hu04/1108 </loc>
		<lastmod> 2023-06-07 18:21:17.727157 </lastmod>
	</url><url>
		<loc> https://geoconnex.us/ref/hu04/1302 </loc>
		<lastmod> 2023-06-07 18:21:17.727174 </lastmod>
	</url><url>
		<loc> https://geoconnex.us/ref/hu04/1303 </loc>
		<lastmod> 2023-06-07 18:21:17.727191 </lastmod>
	</url><url>
		<loc> https://geoconnex.us/ref/hu04/1306 </loc>
		<lastmod> 2023-06-07 18:21:17.727246 </lastmod>
	</url><url>
		<loc> https://geoconnex.us/ref/hu04/1504 </loc>
		<lastmod> 2023-06-07 18:21:17.727264 </lastmod>
	</url><url>
		<loc> https://geoconnex.us/ref/hu04/1301 </loc>
		<lastmod> 2023-06-07 18:21:17.727280 </lastmod>
	</url><url>
		<loc> https://geoconnex.us/ref/hu04/1408 </loc>
		<lastmod> 2023-06-07 18:21:17.727297 </lastmod>
	</url><url>
		<loc> https://geoconnex.us/ref/hu04/1104 </loc>
		<lastmod> 2023-06-07 18:21:17.727313 </lastmod>
	</url><url>
		<loc> https://geoconnex.us/ref/hu04/1604 </loc>
		<lastmod> 2023-06-07 18:21:17.727330 </lastmod>
	</url><url>
		<loc> https://geoconnex.us/ref/hu04/1605 </loc>
		<lastmod> 2023-06-07 18:21:17.727346 </lastmod>
	</url><url>
		<loc> https://geoconnex.us/ref/hu04/0414 </loc>
		<lastmod> 2023-06-07 18:21:17.727362 </lastmod>
	</url><url>
		<loc> https://geoconnex.us/ref/hu04/0203 </loc>
		<lastmod> 2023-06-07 18:21:17.727379 </lastmod>
	</url><url>
		<loc> https://geoconnex.us/ref/hu04/0411 </loc>
		<lastmod> 2023-06-07 18:21:17.727395 </lastmod>
	</url><url>
		<loc> https://geoconnex.us/ref/hu04/0504 </loc>
		<lastmod> 2023-06-07 18:21:17.727412 </lastmod>
	</url><url>
		<loc> https://geoconnex.us/ref/hu04/0506 </loc>
		<lastmod> 2023-06-07 18:21:17.727429 </lastmod>
	</url><url>
		<loc> https://geoconnex.us/ref/hu04/0508 </loc>
		<lastmod> 2023-06-07 18:21:17.727445 </lastmod>
	</url><url>
		<loc> https://geoconnex.us/ref/hu04/0410 </loc>
		<lastmod> 2023-06-07 18:21:17.727462 </lastmod>
	</url><url>
		<loc> https://geoconnex.us/ref/hu04/1105 </loc>
		<lastmod> 2023-06-07 18:21:17.727479 </lastmod>
	</url><url>
		<loc> https://geoconnex.us/ref/hu04/1106 </loc>
		<lastmod> 2023-06-07 18:21:17.727495 </lastmod>
	</url><url>
		<loc> https://geoconnex.us/ref/hu04/1107 </loc>
		<lastmod> 2023-06-07 18:21:17.727512 </lastmod>
	</url><url>
		<loc> https://geoconnex.us/ref/hu04/1110 </loc>
		<lastmod> 2023-06-07 18:21:17.727528 </lastmod>
	</url><url>
		<loc> https://geoconnex.us/ref/hu04/1112 </loc>
		<lastmod> 2023-06-07 18:21:17.727545 </lastmod>
	</url><url>
		<loc> https://geoconnex.us/ref/hu04/1109 </loc>
		<lastmod> 2023-06-07 18:21:17.727563 </lastmod>
	</url><url>
		<loc> https://geoconnex.us/ref/hu04/0501 </loc>
		<lastmod> 2023-06-07 18:21:17.727579 </lastmod>
	</url><url>
		<loc> https://geoconnex.us/ref/hu04/0205 </loc>
		<lastmod> 2023-06-07 18:21:17.727596 </lastmod>
	</url><url>
		<loc> https://geoconnex.us/ref/hu04/0413 </loc>
		<lastmod> 2023-06-07 18:21:17.727613 </lastmod>
	</url><url>
		<loc> https://geoconnex.us/ref/hu04/2101 </loc>
		<lastmod> 2023-06-07 18:21:17.727630 </lastmod>
	</url><url>
		<loc> https://geoconnex.us/ref/hu04/2102 </loc>
		<lastmod> 2023-06-07 18:21:17.727646 </lastmod>
	</url><url>
		<loc> https://geoconnex.us/ref/hu04/0109 </loc>
		<lastmod> 2023-06-07 18:21:17.727663 </lastmod>
	</url><url>
		<loc> https://geoconnex.us/ref/hu04/0305 </loc>
		<lastmod> 2023-06-07 18:21:17.727679 </lastmod>
	</url><url>
		<loc> https://geoconnex.us/ref/hu04/0304 </loc>
		<lastmod> 2023-06-07 18:21:17.727696 </lastmod>
	</url><url>
		<loc> https://geoconnex.us/ref/hu04/1013 </loc>
		<lastmod> 2023-06-07 18:21:17.727713 </lastmod>
	</url><url>
		<loc> https://geoconnex.us/ref/hu04/1016 </loc>
		<lastmod> 2023-06-07 18:21:17.727729 </lastmod>
	</url><url>
		<loc> https://geoconnex.us/ref/hu04/1014 </loc>
		<lastmod> 2023-06-07 18:21:17.727746 </lastmod>
	</url><url>
		<loc> https://geoconnex.us/ref/hu04/0513 </loc>
		<lastmod> 2023-06-07 18:21:17.727763 </lastmod>
	</url><url>
		<loc> https://geoconnex.us/ref/hu04/0604 </loc>
		<lastmod> 2023-06-07 18:21:17.727780 </lastmod>
	</url><url>
		<loc> https://geoconnex.us/ref/hu04/0801 </loc>
		<lastmod> 2023-06-07 18:21:17.727797 </lastmod>
	</url><url>
		<loc> https://geoconnex.us/ref/hu04/1202 </loc>
		<lastmod> 2023-06-07 18:21:17.727813 </lastmod>
	</url><url>
		<loc> https://geoconnex.us/ref/hu04/1203 </loc>
		<lastmod> 2023-06-07 18:21:17.727830 </lastmod>
	</url><url>
		<loc> https://geoconnex.us/ref/hu04/1204 </loc>
		<lastmod> 2023-06-07 18:21:17.727847 </lastmod>
	</url><url>
		<loc> https://geoconnex.us/ref/hu04/1205 </loc>
		<lastmod> 2023-06-07 18:21:17.727863 </lastmod>
	</url><url>
		<loc> https://geoconnex.us/ref/hu04/1206 </loc>
		<lastmod> 2023-06-07 18:21:17.727880 </lastmod>
	</url><url>
		<loc> https://geoconnex.us/ref/hu04/1207 </loc>
		<lastmod> 2023-06-07 18:21:17.727897 </lastmod>
	</url><url>
		<loc> https://geoconnex.us/ref/hu04/1208 </loc>
		<lastmod> 2023-06-07 18:21:17.727914 </lastmod>
	</url><url>
		<loc> https://geoconnex.us/ref/hu04/1209 </loc>
		<lastmod> 2023-06-07 18:21:17.727930 </lastmod>
	</url><url>
		<loc> https://geoconnex.us/ref/hu04/1210 </loc>
		<lastmod> 2023-06-07 18:21:17.727947 </lastmod>
	</url><url>
		<loc> https://geoconnex.us/ref/hu04/1211 </loc>
		<lastmod> 2023-06-07 18:21:17.727963 </lastmod>
	</url><url>
		<loc> https://geoconnex.us/ref/hu04/1304 </loc>
		<lastmod> 2023-06-07 18:21:17.727980 </lastmod>
	</url><url>
		<loc> https://geoconnex.us/ref/hu04/1307 </loc>
		<lastmod> 2023-06-07 18:21:17.727997 </lastmod>
	</url><url>
		<loc> https://geoconnex.us/ref/hu04/1114 </loc>
		<lastmod> 2023-06-07 18:21:17.728014 </lastmod>
	</url><url>
		<loc> https://geoconnex.us/ref/hu04/1201 </loc>
		<lastmod> 2023-06-07 18:21:17.728032 </lastmod>
	</url><url>
		<loc> https://geoconnex.us/ref/hu04/1309 </loc>
		<lastmod> 2023-06-07 18:21:17.728048 </lastmod>
	</url><url>
		<loc> https://geoconnex.us/ref/hu04/1305 </loc>
		<lastmod> 2023-06-07 18:21:17.728065 </lastmod>
	</url><url>
		<loc> https://geoconnex.us/ref/hu04/1113 </loc>
		<lastmod> 2023-06-07 18:21:17.728081 </lastmod>
	</url><url>
		<loc> https://geoconnex.us/ref/hu04/1406 </loc>
		<lastmod> 2023-06-07 18:21:17.728098 </lastmod>
	</url><url>
		<loc> https://geoconnex.us/ref/hu04/1602 </loc>
		<lastmod> 2023-06-07 18:21:17.728114 </lastmod>
	</url><url>
		<loc> https://geoconnex.us/ref/hu04/1601 </loc>
		<lastmod> 2023-06-07 18:21:17.728131 </lastmod>
	</url><url>
		<loc> https://geoconnex.us/ref/hu04/1603 </loc>
		<lastmod> 2023-06-07 18:21:17.728147 </lastmod>
	</url><url>
		<loc> https://geoconnex.us/ref/hu04/0208 </loc>
		<lastmod> 2023-06-07 18:21:17.728164 </lastmod>
	</url><url>
		<loc> https://geoconnex.us/ref/hu04/0507 </loc>
		<lastmod> 2023-06-07 18:21:17.728180 </lastmod>
	</url><url>
		<loc> https://geoconnex.us/ref/hu04/0204 </loc>
		<lastmod> 2023-06-07 18:21:17.728196 </lastmod>
	</url><url>
		<loc> https://geoconnex.us/ref/hu04/0403 </loc>
		<lastmod> 2023-06-07 18:21:17.728213 </lastmod>
	</url><url>
		<loc> https://geoconnex.us/ref/hu04/0705 </loc>
		<lastmod> 2023-06-07 18:21:17.728229 </lastmod>
	</url><url>
		<loc> https://geoconnex.us/ref/hu04/0707 </loc>
		<lastmod> 2023-06-07 18:21:17.728246 </lastmod>
	</url><url>
		<loc> https://geoconnex.us/ref/hu04/0401 </loc>
		<lastmod> 2023-06-07 18:21:17.728262 </lastmod>
	</url><url>
		<loc> https://geoconnex.us/ref/hu04/0703 </loc>
		<lastmod> 2023-06-07 18:21:17.728278 </lastmod>
	</url><url>
		<loc> https://geoconnex.us/ref/hu04/0509 </loc>
		<lastmod> 2023-06-07 18:21:17.728295 </lastmod>
	</url><url>
		<loc> https://geoconnex.us/ref/hu04/0502 </loc>
		<lastmod> 2023-06-07 18:21:17.728312 </lastmod>
	</url><url>
		<loc> https://geoconnex.us/ref/hu04/0503 </loc>
		<lastmod> 2023-06-07 18:21:17.728328 </lastmod>
	</url><url>
		<loc> https://geoconnex.us/ref/hu04/1404 </loc>
		<lastmod> 2023-06-07 18:21:17.728345 </lastmod>
	</url><url>
		<loc> https://geoconnex.us/ref/hu04/1007 </loc>
		<lastmod> 2023-06-07 18:21:17.728362 </lastmod>
	</url><url>
		<loc> https://geoconnex.us/ref/hu04/1008 </loc>
		<lastmod> 2023-06-07 18:21:17.728379 </lastmod>
	</url><url>
		<loc> https://geoconnex.us/ref/hu04/1009 </loc>
		<lastmod> 2023-06-07 18:21:17.728395 </lastmod>
	</url><url>
		<loc> https://geoconnex.us/ref/hu04/1710 </loc>
		<lastmod> 2023-06-07 18:21:17.728412 </lastmod>
	</url><url>
		<loc> https://geoconnex.us/ref/hu04/1706 </loc>
		<lastmod> 2023-06-07 18:21:17.728428 </lastmod>
	</url><url>
		<loc> https://geoconnex.us/ref/hu04/1701 </loc>
		<lastmod> 2023-06-07 18:21:17.728445 </lastmod>
	</url><url>
		<loc> https://geoconnex.us/ref/hu04/1704 </loc>
		<lastmod> 2023-06-07 18:21:17.728461 </lastmod>
	</url><url>
		<loc> https://geoconnex.us/ref/hu04/1705 </loc>
		<lastmod> 2023-06-07 18:21:17.728478 </lastmod>
	</url><url>
		<loc> https://geoconnex.us/ref/hu04/1712 </loc>
		<lastmod> 2023-06-07 18:21:17.728495 </lastmod>
	</url><url>
		<loc> https://geoconnex.us/ref/hu04/1707 </loc>
		<lastmod> 2023-06-07 18:21:17.728512 </lastmod>
	</url><url>
		<loc> https://geoconnex.us/ref/hu04/1708 </loc>
		<lastmod> 2023-06-07 18:21:17.728528 </lastmod>
	</url><url>
		<loc> https://geoconnex.us/ref/hu04/1702 </loc>
		<lastmod> 2023-06-07 18:21:17.728545 </lastmod>
	</url><url>
		<loc> https://geoconnex.us/ref/hu04/1703 </loc>
		<lastmod> 2023-06-07 18:21:17.728561 </lastmod>
	</url><url>
		<loc> https://geoconnex.us/ref/hu04/1711 </loc>
		<lastmod> 2023-06-07 18:21:17.728578 </lastmod>
	</url><url>
		<loc> https://geoconnex.us/ref/hu04/1709 </loc>
		<lastmod> 2023-06-07 18:21:17.728594 </lastmod>
	</url><url>
		<loc> https://geoconnex.us/ref/hu04/0808 </loc>
		<lastmod> 2023-06-07 18:21:17.728611 </lastmod>
	</url><url>
		<loc> https://geoconnex.us/ref/hu04/0102 </loc>
		<lastmod> 2023-06-07 18:21:17.728627 </lastmod>
	</url><url>
		<loc> https://geoconnex.us/ref/hu04/1308 </loc>
		<lastmod> 2023-06-07 18:21:17.728643 </lastmod>
	</url><url>
		<loc> https://geoconnex.us/ref/hu04/0412 </loc>
		<lastmod> 2023-06-07 18:21:17.728660 </lastmod>
	</url><url>
		<loc> https://geoconnex.us/ref/hu04/1901 </loc>
		<lastmod> 2023-06-07 18:21:17.728676 </lastmod>
	</url><url>
		<loc> https://geoconnex.us/ref/hu04/1902 </loc>
		<lastmod> 2023-06-07 18:21:17.728692 </lastmod>
	</url><url>
		<loc> https://geoconnex.us/ref/hu04/1903 </loc>
		<lastmod> 2023-06-07 18:21:17.728709 </lastmod>
	</url><url>
		<loc> https://geoconnex.us/ref/hu04/1907 </loc>
		<lastmod> 2023-06-07 18:21:17.728725 </lastmod>
	</url><url>
		<loc> https://geoconnex.us/ref/hu04/1909 </loc>
		<lastmod> 2023-06-07 18:21:17.728741 </lastmod>
	</url><url>
		<loc> https://geoconnex.us/ref/hu04/1905 </loc>
		<lastmod> 2023-06-07 18:21:17.728758 </lastmod>
	</url><url>
		<loc> https://geoconnex.us/ref/hu04/1908 </loc>
		<lastmod> 2023-06-07 18:21:17.728775 </lastmod>
	</url><url>
		<loc> https://geoconnex.us/ref/hu04/1906 </loc>
		<lastmod> 2023-06-07 18:21:17.728791 </lastmod>
	</url><url>
		<loc> https://geoconnex.us/ref/hu04/1310 </loc>
		<lastmod> 2023-06-07 18:21:17.728808 </lastmod>
	</url><url>
		<loc> https://geoconnex.us/ref/hu04/1311 </loc>
		<lastmod> 2023-06-07 18:21:17.728825 </lastmod>
	</url><url>
		<loc> https://geoconnex.us/ref/hu04/1312 </loc>
		<lastmod> 2023-06-07 18:21:17.728842 </lastmod>
	</url><url>
		<loc> https://geoconnex.us/ref/hu04/0416 </loc>
		<lastmod> 2023-06-07 18:21:17.728858 </lastmod>
	</url><url>
		<loc> https://geoconnex.us/ref/hu04/0433 </loc>
		<lastmod> 2023-06-07 18:21:17.728875 </lastmod>
	</url><url>
		<loc> https://geoconnex.us/ref/hu04/0432 </loc>
		<lastmod> 2023-06-07 18:21:17.728891 </lastmod>
	</url><url>
		<loc> https://geoconnex.us/ref/hu04/0417 </loc>
		<lastmod> 2023-06-07 18:21:17.728908 </lastmod>
	</url><url>
		<loc> https://geoconnex.us/ref/hu04/0419 </loc>
		<lastmod> 2023-06-07 18:21:17.728924 </lastmod>
	</url><url>
		<loc> https://geoconnex.us/ref/hu04/0420 </loc>
		<lastmod> 2023-06-07 18:21:17.728940 </lastmod>
	</url><url>
		<loc> https://geoconnex.us/ref/hu04/0423 </loc>
		<lastmod> 2023-06-07 18:21:17.728957 </lastmod>
	</url><url>
		<loc> https://geoconnex.us/ref/hu04/0422 </loc>
		<lastmod> 2023-06-07 18:21:17.728973 </lastmod>
	</url><url>
		<loc> https://geoconnex.us/ref/hu04/0421 </loc>
		<lastmod> 2023-06-07 18:21:17.728990 </lastmod>
	</url><url>
		<loc> https://geoconnex.us/ref/hu04/0425 </loc>
		<lastmod> 2023-06-07 18:21:17.729007 </lastmod>
	</url><url>
		<loc> https://geoconnex.us/ref/hu04/0426 </loc>
		<lastmod> 2023-06-07 18:21:17.729023 </lastmod>
	</url><url>
		<loc> https://geoconnex.us/ref/hu04/0424 </loc>
		<lastmod> 2023-06-07 18:21:17.729039 </lastmod>
	</url><url>
		<loc> https://geoconnex.us/ref/hu04/0418 </loc>
		<lastmod> 2023-06-07 18:21:17.729056 </lastmod>
	</url><url>
		<loc> https://geoconnex.us/ref/hu04/0427 </loc>
		<lastmod> 2023-06-07 18:21:17.729072 </lastmod>
	</url><url>
		<loc> https://geoconnex.us/ref/hu04/0428 </loc>
		<lastmod> 2023-06-07 18:21:17.729088 </lastmod>
	</url><url>
		<loc> https://geoconnex.us/ref/hu04/0429 </loc>
		<lastmod> 2023-06-07 18:21:17.729105 </lastmod>
	</url><url>
		<loc> https://geoconnex.us/ref/hu04/0430 </loc>
		<lastmod> 2023-06-07 18:21:17.729121 </lastmod>
	</url><url>
		<loc> https://geoconnex.us/ref/hu04/0431 </loc>
		<lastmod> 2023-06-07 18:21:17.729138 </lastmod>
	</url><url>
		<loc> https://geoconnex.us/ref/hu04/2204 </loc>
		<lastmod> 2023-06-07 18:21:17.729155 </lastmod>
	</url></ns0:urlset>