<?xml version='1.0' encoding='utf-8'?>
<ns0:urlset xmlns:ns0="http://www.sitemaps.org/schemas/sitemap/0.9">
<url>
		<loc> https://geoconnex.us/ref/hu04/0315 </loc>
		<lastmod> 2022-11-10 14:31:58.368208 </lastmod>
	</url><url>
		<loc> https://geoconnex.us/ref/hu04/0314 </loc>
		<lastmod> 2022-11-10 14:31:58.368238 </lastmod>
	</url><url>
		<loc> https://geoconnex.us/ref/hu04/0316 </loc>
		<lastmod> 2022-11-10 14:31:58.368256 </lastmod>
	</url><url>
		<loc> https://geoconnex.us/ref/hu04/0603 </loc>
		<lastmod> 2022-11-10 14:31:58.368272 </lastmod>
	</url><url>
		<loc> https://geoconnex.us/ref/hu04/0802 </loc>
		<lastmod> 2022-11-10 14:31:58.368286 </lastmod>
	</url><url>
		<loc> https://geoconnex.us/ref/hu04/1101 </loc>
		<lastmod> 2022-11-10 14:31:58.368300 </lastmod>
	</url><url>
		<loc> https://geoconnex.us/ref/hu04/1111 </loc>
		<lastmod> 2022-11-10 14:31:58.368314 </lastmod>
	</url><url>
		<loc> https://geoconnex.us/ref/hu04/2203 </loc>
		<lastmod> 2022-11-10 14:31:58.368328 </lastmod>
	</url><url>
		<loc> https://geoconnex.us/ref/hu04/1503 </loc>
		<lastmod> 2022-11-10 14:31:58.368341 </lastmod>
	</url><url>
		<loc> https://geoconnex.us/ref/hu04/1506 </loc>
		<lastmod> 2022-11-10 14:31:58.368354 </lastmod>
	</url><url>
		<loc> https://geoconnex.us/ref/hu04/1507 </loc>
		<lastmod> 2022-11-10 14:31:58.368368 </lastmod>
	</url><url>
		<loc> https://geoconnex.us/ref/hu04/1505 </loc>
		<lastmod> 2022-11-10 14:31:58.368381 </lastmod>
	</url><url>
		<loc> https://geoconnex.us/ref/hu04/1508 </loc>
		<lastmod> 2022-11-10 14:31:58.368394 </lastmod>
	</url><url>
		<loc> https://geoconnex.us/ref/hu04/1502 </loc>
		<lastmod> 2022-11-10 14:31:58.368408 </lastmod>
	</url><url>
		<loc> https://geoconnex.us/ref/hu04/1501 </loc>
		<lastmod> 2022-11-10 14:31:58.368421 </lastmod>
	</url><url>
		<loc> https://geoconnex.us/ref/hu04/1407 </loc>
		<lastmod> 2022-11-10 14:31:58.368434 </lastmod>
	</url><url>
		<loc> https://geoconnex.us/ref/hu04/1801 </loc>
		<lastmod> 2022-11-10 14:31:58.368447 </lastmod>
	</url><url>
		<loc> https://geoconnex.us/ref/hu04/1802 </loc>
		<lastmod> 2022-11-10 14:31:58.368461 </lastmod>
	</url><url>
		<loc> https://geoconnex.us/ref/hu04/1803 </loc>
		<lastmod> 2022-11-10 14:31:58.368474 </lastmod>
	</url><url>
		<loc> https://geoconnex.us/ref/hu04/1804 </loc>
		<lastmod> 2022-11-10 14:31:58.368487 </lastmod>
	</url><url>
		<loc> https://geoconnex.us/ref/hu04/1805 </loc>
		<lastmod> 2022-11-10 14:31:58.368500 </lastmod>
	</url><url>
		<loc> https://geoconnex.us/ref/hu04/1806 </loc>
		<lastmod> 2022-11-10 14:31:58.368513 </lastmod>
	</url><url>
		<loc> https://geoconnex.us/ref/hu04/1807 </loc>
		<lastmod> 2022-11-10 14:31:58.368527 </lastmod>
	</url><url>
		<loc> https://geoconnex.us/ref/hu04/1809 </loc>
		<lastmod> 2022-11-10 14:31:58.368540 </lastmod>
	</url><url>
		<loc> https://geoconnex.us/ref/hu04/1810 </loc>
		<lastmod> 2022-11-10 14:31:58.368553 </lastmod>
	</url><url>
		<loc> https://geoconnex.us/ref/hu04/1606 </loc>
		<lastmod> 2022-11-10 14:31:58.368566 </lastmod>
	</url><url>
		<loc> https://geoconnex.us/ref/hu04/1808 </loc>
		<lastmod> 2022-11-10 14:31:58.368579 </lastmod>
	</url><url>
		<loc> https://geoconnex.us/ref/hu04/0101 </loc>
		<lastmod> 2022-11-10 14:31:58.368593 </lastmod>
	</url><url>
		<loc> https://geoconnex.us/ref/hu04/1102 </loc>
		<lastmod> 2022-11-10 14:31:58.368606 </lastmod>
	</url><url>
		<loc> https://geoconnex.us/ref/hu04/1401 </loc>
		<lastmod> 2022-11-10 14:31:58.368619 </lastmod>
	</url><url>
		<loc> https://geoconnex.us/ref/hu04/1402 </loc>
		<lastmod> 2022-11-10 14:31:58.368632 </lastmod>
	</url><url>
		<loc> https://geoconnex.us/ref/hu04/1025 </loc>
		<lastmod> 2022-11-10 14:31:58.368645 </lastmod>
	</url><url>
		<loc> https://geoconnex.us/ref/hu04/1019 </loc>
		<lastmod> 2022-11-10 14:31:58.368659 </lastmod>
	</url><url>
		<loc> https://geoconnex.us/ref/hu04/1018 </loc>
		<lastmod> 2022-11-10 14:31:58.368672 </lastmod>
	</url><url>
		<loc> https://geoconnex.us/ref/hu04/1403 </loc>
		<lastmod> 2022-11-10 14:31:58.368685 </lastmod>
	</url><url>
		<loc> https://geoconnex.us/ref/hu04/1405 </loc>
		<lastmod> 2022-11-10 14:31:58.368699 </lastmod>
	</url><url>
		<loc> https://geoconnex.us/ref/hu04/0108 </loc>
		<lastmod> 2022-11-10 14:31:58.368712 </lastmod>
	</url><url>
		<loc> https://geoconnex.us/ref/hu04/0110 </loc>
		<lastmod> 2022-11-10 14:31:58.368725 </lastmod>
	</url><url>
		<loc> https://geoconnex.us/ref/hu04/0308 </loc>
		<lastmod> 2022-11-10 14:31:58.368738 </lastmod>
	</url><url>
		<loc> https://geoconnex.us/ref/hu04/0309 </loc>
		<lastmod> 2022-11-10 14:31:58.368752 </lastmod>
	</url><url>
		<loc> https://geoconnex.us/ref/hu04/0310 </loc>
		<lastmod> 2022-11-10 14:31:58.368765 </lastmod>
	</url><url>
		<loc> https://geoconnex.us/ref/hu04/0311 </loc>
		<lastmod> 2022-11-10 14:31:58.368778 </lastmod>
	</url><url>
		<loc> https://geoconnex.us/ref/hu04/0307 </loc>
		<lastmod> 2022-11-10 14:31:58.368791 </lastmod>
	</url><url>
		<loc> https://geoconnex.us/ref/hu04/0312 </loc>
		<lastmod> 2022-11-10 14:31:58.368804 </lastmod>
	</url><url>
		<loc> https://geoconnex.us/ref/hu04/0313 </loc>
		<lastmod> 2022-11-10 14:31:58.368817 </lastmod>
	</url><url>
		<loc> https://geoconnex.us/ref/hu04/0306 </loc>
		<lastmod> 2022-11-10 14:31:58.368831 </lastmod>
	</url><url>
		<loc> https://geoconnex.us/ref/hu04/0602 </loc>
		<lastmod> 2022-11-10 14:31:58.368844 </lastmod>
	</url><url>
		<loc> https://geoconnex.us/ref/hu04/2201 </loc>
		<lastmod> 2022-11-10 14:31:58.368857 </lastmod>
	</url><url>
		<loc> https://geoconnex.us/ref/hu04/2001 </loc>
		<lastmod> 2022-11-10 14:31:58.368870 </lastmod>
	</url><url>
		<loc> https://geoconnex.us/ref/hu04/2002 </loc>
		<lastmod> 2022-11-10 14:31:58.368883 </lastmod>
	</url><url>
		<loc> https://geoconnex.us/ref/hu04/2003 </loc>
		<lastmod> 2022-11-10 14:31:58.368896 </lastmod>
	</url><url>
		<loc> https://geoconnex.us/ref/hu04/2004 </loc>
		<lastmod> 2022-11-10 14:31:58.368910 </lastmod>
	</url><url>
		<loc> https://geoconnex.us/ref/hu04/2005 </loc>
		<lastmod> 2022-11-10 14:31:58.368923 </lastmod>
	</url><url>
		<loc> https://geoconnex.us/ref/hu04/2006 </loc>
		<lastmod> 2022-11-10 14:31:58.368936 </lastmod>
	</url><url>
		<loc> https://geoconnex.us/ref/hu04/2007 </loc>
		<lastmod> 2022-11-10 14:31:58.368949 </lastmod>
	</url><url>
		<loc> https://geoconnex.us/ref/hu04/2008 </loc>
		<lastmod> 2022-11-10 14:31:58.368962 </lastmod>
	</url><url>
		<loc> https://geoconnex.us/ref/hu04/0706 </loc>
		<lastmod> 2022-11-10 14:31:58.368976 </lastmod>
	</url><url>
		<loc> https://geoconnex.us/ref/hu04/0710 </loc>
		<lastmod> 2022-11-10 14:31:58.368989 </lastmod>
	</url><url>
		<loc> https://geoconnex.us/ref/hu04/1023 </loc>
		<lastmod> 2022-11-10 14:31:58.369002 </lastmod>
	</url><url>
		<loc> https://geoconnex.us/ref/hu04/0713 </loc>
		<lastmod> 2022-11-10 14:31:58.369015 </lastmod>
	</url><url>
		<loc> https://geoconnex.us/ref/hu04/0708 </loc>
		<lastmod> 2022-11-10 14:31:58.369028 </lastmod>
	</url><url>
		<loc> https://geoconnex.us/ref/hu04/0712 </loc>
		<lastmod> 2022-11-10 14:31:58.369041 </lastmod>
	</url><url>
		<loc> https://geoconnex.us/ref/hu04/0711 </loc>
		<lastmod> 2022-11-10 14:31:58.369054 </lastmod>
	</url><url>
		<loc> https://geoconnex.us/ref/hu04/0714 </loc>
		<lastmod> 2022-11-10 14:31:58.369067 </lastmod>
	</url><url>
		<loc> https://geoconnex.us/ref/hu04/0709 </loc>
		<lastmod> 2022-11-10 14:31:58.369081 </lastmod>
	</url><url>
		<loc> https://geoconnex.us/ref/hu04/0404 </loc>
		<lastmod> 2022-11-10 14:31:58.369094 </lastmod>
	</url><url>
		<loc> https://geoconnex.us/ref/hu04/0512 </loc>
		<lastmod> 2022-11-10 14:31:58.369107 </lastmod>
	</url><url>
		<loc> https://geoconnex.us/ref/hu04/0405 </loc>
		<lastmod> 2022-11-10 14:31:58.369120 </lastmod>
	</url><url>
		<loc> https://geoconnex.us/ref/hu04/1027 </loc>
		<lastmod> 2022-11-10 14:31:58.369133 </lastmod>
	</url><url>
		<loc> https://geoconnex.us/ref/hu04/1103 </loc>
		<lastmod> 2022-11-10 14:31:58.369146 </lastmod>
	</url><url>
		<loc> https://geoconnex.us/ref/hu04/1026 </loc>
		<lastmod> 2022-11-10 14:31:58.369159 </lastmod>
	</url><url>
		<loc> https://geoconnex.us/ref/hu04/0510 </loc>
		<lastmod> 2022-11-10 14:31:58.369172 </lastmod>
	</url><url>
		<loc> https://geoconnex.us/ref/hu04/0511 </loc>
		<lastmod> 2022-11-10 14:31:58.369185 </lastmod>
	</url><url>
		<loc> https://geoconnex.us/ref/hu04/0514 </loc>
		<lastmod> 2022-11-10 14:31:58.369199 </lastmod>
	</url><url>
		<loc> https://geoconnex.us/ref/hu04/0805 </loc>
		<lastmod> 2022-11-10 14:31:58.369212 </lastmod>
	</url><url>
		<loc> https://geoconnex.us/ref/hu04/0807 </loc>
		<lastmod> 2022-11-10 14:31:58.369225 </lastmod>
	</url><url>
		<loc> https://geoconnex.us/ref/hu04/0809 </loc>
		<lastmod> 2022-11-10 14:31:58.369238 </lastmod>
	</url><url>
		<loc> https://geoconnex.us/ref/hu04/0804 </loc>
		<lastmod> 2022-11-10 14:31:58.369251 </lastmod>
	</url><url>
		<loc> https://geoconnex.us/ref/hu04/0806 </loc>
		<lastmod> 2022-11-10 14:31:58.369264 </lastmod>
	</url><url>
		<loc> https://geoconnex.us/ref/hu04/0803 </loc>
		<lastmod> 2022-11-10 14:31:58.369277 </lastmod>
	</url><url>
		<loc> https://geoconnex.us/ref/hu04/0107 </loc>
		<lastmod> 2022-11-10 14:31:58.369290 </lastmod>
	</url><url>
		<loc> https://geoconnex.us/ref/hu04/0206 </loc>
		<lastmod> 2022-11-10 14:31:58.369304 </lastmod>
	</url><url>
		<loc> https://geoconnex.us/ref/hu04/0207 </loc>
		<lastmod> 2022-11-10 14:31:58.369317 </lastmod>
	</url><url>
		<loc> https://geoconnex.us/ref/hu04/0105 </loc>
		<lastmod> 2022-11-10 14:31:58.369331 </lastmod>
	</url><url>
		<loc> https://geoconnex.us/ref/hu04/0103 </loc>
		<lastmod> 2022-11-10 14:31:58.369344 </lastmod>
	</url><url>
		<loc> https://geoconnex.us/ref/hu04/0104 </loc>
		<lastmod> 2022-11-10 14:31:58.369358 </lastmod>
	</url><url>
		<loc> https://geoconnex.us/ref/hu04/0402 </loc>
		<lastmod> 2022-11-10 14:31:58.369371 </lastmod>
	</url><url>
		<loc> https://geoconnex.us/ref/hu04/0406 </loc>
		<lastmod> 2022-11-10 14:31:58.369384 </lastmod>
	</url><url>
		<loc> https://geoconnex.us/ref/hu04/0407 </loc>
		<lastmod> 2022-11-10 14:31:58.369397 </lastmod>
	</url><url>
		<loc> https://geoconnex.us/ref/hu04/0409 </loc>
		<lastmod> 2022-11-10 14:31:58.369410 </lastmod>
	</url><url>
		<loc> https://geoconnex.us/ref/hu04/0408 </loc>
		<lastmod> 2022-11-10 14:31:58.369424 </lastmod>
	</url><url>
		<loc> https://geoconnex.us/ref/hu04/0701 </loc>
		<lastmod> 2022-11-10 14:31:58.369437 </lastmod>
	</url><url>
		<loc> https://geoconnex.us/ref/hu04/0903 </loc>
		<lastmod> 2022-11-10 14:31:58.369450 </lastmod>
	</url><url>
		<loc> https://geoconnex.us/ref/hu04/0702 </loc>
		<lastmod> 2022-11-10 14:31:58.369463 </lastmod>
	</url><url>
		<loc> https://geoconnex.us/ref/hu04/0902 </loc>
		<lastmod> 2022-11-10 14:31:58.369476 </lastmod>
	</url><url>
		<loc> https://geoconnex.us/ref/hu04/0704 </loc>
		<lastmod> 2022-11-10 14:31:58.369489 </lastmod>
	</url><url>
		<loc> https://geoconnex.us/ref/hu04/1028 </loc>
		<lastmod> 2022-11-10 14:31:58.369502 </lastmod>
	</url><url>
		<loc> https://geoconnex.us/ref/hu04/1029 </loc>
		<lastmod> 2022-11-10 14:31:58.369515 </lastmod>
	</url><url>
		<loc> https://geoconnex.us/ref/hu04/1030 </loc>
		<lastmod> 2022-11-10 14:31:58.369528 </lastmod>
	</url><url>
		<loc> https://geoconnex.us/ref/hu04/1024 </loc>
		<lastmod> 2022-11-10 14:31:58.369541 </lastmod>
	</url><url>
		<loc> https://geoconnex.us/ref/hu04/2202 </loc>
		<lastmod> 2022-11-10 14:31:58.369554 </lastmod>
	</url><url>
		<loc> https://geoconnex.us/ref/hu04/0317 </loc>
		<lastmod> 2022-11-10 14:31:58.369567 </lastmod>
	</url><url>
		<loc> https://geoconnex.us/ref/hu04/0318 </loc>
		<lastmod> 2022-11-10 14:31:58.369581 </lastmod>
	</url><url>
		<loc> https://geoconnex.us/ref/hu04/0904 </loc>
		<lastmod> 2022-11-10 14:31:58.369594 </lastmod>
	</url><url>
		<loc> https://geoconnex.us/ref/hu04/1002 </loc>
		<lastmod> 2022-11-10 14:31:58.369607 </lastmod>
	</url><url>
		<loc> https://geoconnex.us/ref/hu04/1003 </loc>
		<lastmod> 2022-11-10 14:31:58.369620 </lastmod>
	</url><url>
		<loc> https://geoconnex.us/ref/hu04/1004 </loc>
		<lastmod> 2022-11-10 14:31:58.369633 </lastmod>
	</url><url>
		<loc> https://geoconnex.us/ref/hu04/1005 </loc>
		<lastmod> 2022-11-10 14:31:58.369647 </lastmod>
	</url><url>
		<loc> https://geoconnex.us/ref/hu04/1010 </loc>
		<lastmod> 2022-11-10 14:31:58.369660 </lastmod>
	</url><url>
		<loc> https://geoconnex.us/ref/hu04/1006 </loc>
		<lastmod> 2022-11-10 14:31:58.369673 </lastmod>
	</url><url>
		<loc> https://geoconnex.us/ref/hu04/1011 </loc>
		<lastmod> 2022-11-10 14:31:58.369687 </lastmod>
	</url><url>
		<loc> https://geoconnex.us/ref/hu04/0302 </loc>
		<lastmod> 2022-11-10 14:31:58.369700 </lastmod>
	</url><url>
		<loc> https://geoconnex.us/ref/hu04/0303 </loc>
		<lastmod> 2022-11-10 14:31:58.369713 </lastmod>
	</url><url>
		<loc> https://geoconnex.us/ref/hu04/0601 </loc>
		<lastmod> 2022-11-10 14:31:58.369726 </lastmod>
	</url><url>
		<loc> https://geoconnex.us/ref/hu04/0301 </loc>
		<lastmod> 2022-11-10 14:31:58.369740 </lastmod>
	</url><url>
		<loc> https://geoconnex.us/ref/hu04/0505 </loc>
		<lastmod> 2022-11-10 14:31:58.369753 </lastmod>
	</url><url>
		<loc> https://geoconnex.us/ref/hu04/0901 </loc>
		<lastmod> 2022-11-10 14:31:58.369766 </lastmod>
	</url><url>
		<loc> https://geoconnex.us/ref/hu04/1015 </loc>
		<lastmod> 2022-11-10 14:31:58.369779 </lastmod>
	</url><url>
		<loc> https://geoconnex.us/ref/hu04/1020 </loc>
		<lastmod> 2022-11-10 14:31:58.369792 </lastmod>
	</url><url>
		<loc> https://geoconnex.us/ref/hu04/1021 </loc>
		<lastmod> 2022-11-10 14:31:58.369805 </lastmod>
	</url><url>
		<loc> https://geoconnex.us/ref/hu04/1022 </loc>
		<lastmod> 2022-11-10 14:31:58.369819 </lastmod>
	</url><url>
		<loc> https://geoconnex.us/ref/hu04/1017 </loc>
		<lastmod> 2022-11-10 14:31:58.369832 </lastmod>
	</url><url>
		<loc> https://geoconnex.us/ref/hu04/1012 </loc>
		<lastmod> 2022-11-10 14:31:58.369845 </lastmod>
	</url><url>
		<loc> https://geoconnex.us/ref/hu04/0106 </loc>
		<lastmod> 2022-11-10 14:31:58.369858 </lastmod>
	</url><url>
		<loc> https://geoconnex.us/ref/hu04/0202 </loc>
		<lastmod> 2022-11-10 14:31:58.369871 </lastmod>
	</url><url>
		<loc> https://geoconnex.us/ref/hu04/1108 </loc>
		<lastmod> 2022-11-10 14:31:58.369884 </lastmod>
	</url><url>
		<loc> https://geoconnex.us/ref/hu04/1302 </loc>
		<lastmod> 2022-11-10 14:31:58.369897 </lastmod>
	</url><url>
		<loc> https://geoconnex.us/ref/hu04/1303 </loc>
		<lastmod> 2022-11-10 14:31:58.369911 </lastmod>
	</url><url>
		<loc> https://geoconnex.us/ref/hu04/1306 </loc>
		<lastmod> 2022-11-10 14:31:58.369955 </lastmod>
	</url><url>
		<loc> https://geoconnex.us/ref/hu04/1504 </loc>
		<lastmod> 2022-11-10 14:31:58.369969 </lastmod>
	</url><url>
		<loc> https://geoconnex.us/ref/hu04/1301 </loc>
		<lastmod> 2022-11-10 14:31:58.369983 </lastmod>
	</url><url>
		<loc> https://geoconnex.us/ref/hu04/1408 </loc>
		<lastmod> 2022-11-10 14:31:58.369996 </lastmod>
	</url><url>
		<loc> https://geoconnex.us/ref/hu04/1104 </loc>
		<lastmod> 2022-11-10 14:31:58.370010 </lastmod>
	</url><url>
		<loc> https://geoconnex.us/ref/hu04/1604 </loc>
		<lastmod> 2022-11-10 14:31:58.370023 </lastmod>
	</url><url>
		<loc> https://geoconnex.us/ref/hu04/1605 </loc>
		<lastmod> 2022-11-10 14:31:58.370036 </lastmod>
	</url><url>
		<loc> https://geoconnex.us/ref/hu04/0414 </loc>
		<lastmod> 2022-11-10 14:31:58.370049 </lastmod>
	</url><url>
		<loc> https://geoconnex.us/ref/hu04/0203 </loc>
		<lastmod> 2022-11-10 14:31:58.370063 </lastmod>
	</url><url>
		<loc> https://geoconnex.us/ref/hu04/0411 </loc>
		<lastmod> 2022-11-10 14:31:58.370076 </lastmod>
	</url><url>
		<loc> https://geoconnex.us/ref/hu04/0504 </loc>
		<lastmod> 2022-11-10 14:31:58.370089 </lastmod>
	</url><url>
		<loc> https://geoconnex.us/ref/hu04/0506 </loc>
		<lastmod> 2022-11-10 14:31:58.370103 </lastmod>
	</url><url>
		<loc> https://geoconnex.us/ref/hu04/0508 </loc>
		<lastmod> 2022-11-10 14:31:58.370116 </lastmod>
	</url><url>
		<loc> https://geoconnex.us/ref/hu04/0410 </loc>
		<lastmod> 2022-11-10 14:31:58.370129 </lastmod>
	</url><url>
		<loc> https://geoconnex.us/ref/hu04/1105 </loc>
		<lastmod> 2022-11-10 14:31:58.370143 </lastmod>
	</url><url>
		<loc> https://geoconnex.us/ref/hu04/1106 </loc>
		<lastmod> 2022-11-10 14:31:58.370156 </lastmod>
	</url><url>
		<loc> https://geoconnex.us/ref/hu04/1107 </loc>
		<lastmod> 2022-11-10 14:31:58.370169 </lastmod>
	</url><url>
		<loc> https://geoconnex.us/ref/hu04/1110 </loc>
		<lastmod> 2022-11-10 14:31:58.370182 </lastmod>
	</url><url>
		<loc> https://geoconnex.us/ref/hu04/1112 </loc>
		<lastmod> 2022-11-10 14:31:58.370195 </lastmod>
	</url><url>
		<loc> https://geoconnex.us/ref/hu04/1109 </loc>
		<lastmod> 2022-11-10 14:31:58.370208 </lastmod>
	</url><url>
		<loc> https://geoconnex.us/ref/hu04/0501 </loc>
		<lastmod> 2022-11-10 14:31:58.370222 </lastmod>
	</url><url>
		<loc> https://geoconnex.us/ref/hu04/0205 </loc>
		<lastmod> 2022-11-10 14:31:58.370235 </lastmod>
	</url><url>
		<loc> https://geoconnex.us/ref/hu04/0413 </loc>
		<lastmod> 2022-11-10 14:31:58.370248 </lastmod>
	</url><url>
		<loc> https://geoconnex.us/ref/hu04/2101 </loc>
		<lastmod> 2022-11-10 14:31:58.370261 </lastmod>
	</url><url>
		<loc> https://geoconnex.us/ref/hu04/2102 </loc>
		<lastmod> 2022-11-10 14:31:58.370275 </lastmod>
	</url><url>
		<loc> https://geoconnex.us/ref/hu04/0109 </loc>
		<lastmod> 2022-11-10 14:31:58.370288 </lastmod>
	</url><url>
		<loc> https://geoconnex.us/ref/hu04/0305 </loc>
		<lastmod> 2022-11-10 14:31:58.370301 </lastmod>
	</url><url>
		<loc> https://geoconnex.us/ref/hu04/0304 </loc>
		<lastmod> 2022-11-10 14:31:58.370314 </lastmod>
	</url><url>
		<loc> https://geoconnex.us/ref/hu04/1013 </loc>
		<lastmod> 2022-11-10 14:31:58.370327 </lastmod>
	</url><url>
		<loc> https://geoconnex.us/ref/hu04/1016 </loc>
		<lastmod> 2022-11-10 14:31:58.370346 </lastmod>
	</url><url>
		<loc> https://geoconnex.us/ref/hu04/1014 </loc>
		<lastmod> 2022-11-10 14:31:58.370359 </lastmod>
	</url><url>
		<loc> https://geoconnex.us/ref/hu04/0513 </loc>
		<lastmod> 2022-11-10 14:31:58.370373 </lastmod>
	</url><url>
		<loc> https://geoconnex.us/ref/hu04/0604 </loc>
		<lastmod> 2022-11-10 14:31:58.370386 </lastmod>
	</url><url>
		<loc> https://geoconnex.us/ref/hu04/0801 </loc>
		<lastmod> 2022-11-10 14:31:58.370399 </lastmod>
	</url><url>
		<loc> https://geoconnex.us/ref/hu04/1202 </loc>
		<lastmod> 2022-11-10 14:31:58.370413 </lastmod>
	</url><url>
		<loc> https://geoconnex.us/ref/hu04/1203 </loc>
		<lastmod> 2022-11-10 14:31:58.370426 </lastmod>
	</url><url>
		<loc> https://geoconnex.us/ref/hu04/1204 </loc>
		<lastmod> 2022-11-10 14:31:58.370439 </lastmod>
	</url><url>
		<loc> https://geoconnex.us/ref/hu04/1205 </loc>
		<lastmod> 2022-11-10 14:31:58.370453 </lastmod>
	</url><url>
		<loc> https://geoconnex.us/ref/hu04/1206 </loc>
		<lastmod> 2022-11-10 14:31:58.370466 </lastmod>
	</url><url>
		<loc> https://geoconnex.us/ref/hu04/1207 </loc>
		<lastmod> 2022-11-10 14:31:58.370479 </lastmod>
	</url><url>
		<loc> https://geoconnex.us/ref/hu04/1208 </loc>
		<lastmod> 2022-11-10 14:31:58.370492 </lastmod>
	</url><url>
		<loc> https://geoconnex.us/ref/hu04/1209 </loc>
		<lastmod> 2022-11-10 14:31:58.370505 </lastmod>
	</url><url>
		<loc> https://geoconnex.us/ref/hu04/1210 </loc>
		<lastmod> 2022-11-10 14:31:58.370519 </lastmod>
	</url><url>
		<loc> https://geoconnex.us/ref/hu04/1211 </loc>
		<lastmod> 2022-11-10 14:31:58.370532 </lastmod>
	</url><url>
		<loc> https://geoconnex.us/ref/hu04/1304 </loc>
		<lastmod> 2022-11-10 14:31:58.370545 </lastmod>
	</url><url>
		<loc> https://geoconnex.us/ref/hu04/1307 </loc>
		<lastmod> 2022-11-10 14:31:58.370558 </lastmod>
	</url><url>
		<loc> https://geoconnex.us/ref/hu04/1114 </loc>
		<lastmod> 2022-11-10 14:31:58.370572 </lastmod>
	</url><url>
		<loc> https://geoconnex.us/ref/hu04/1201 </loc>
		<lastmod> 2022-11-10 14:31:58.370585 </lastmod>
	</url><url>
		<loc> https://geoconnex.us/ref/hu04/1309 </loc>
		<lastmod> 2022-11-10 14:31:58.370598 </lastmod>
	</url><url>
		<loc> https://geoconnex.us/ref/hu04/1305 </loc>
		<lastmod> 2022-11-10 14:31:58.370611 </lastmod>
	</url><url>
		<loc> https://geoconnex.us/ref/hu04/1113 </loc>
		<lastmod> 2022-11-10 14:31:58.370625 </lastmod>
	</url><url>
		<loc> https://geoconnex.us/ref/hu04/1406 </loc>
		<lastmod> 2022-11-10 14:31:58.370638 </lastmod>
	</url><url>
		<loc> https://geoconnex.us/ref/hu04/1602 </loc>
		<lastmod> 2022-11-10 14:31:58.370651 </lastmod>
	</url><url>
		<loc> https://geoconnex.us/ref/hu04/1601 </loc>
		<lastmod> 2022-11-10 14:31:58.370664 </lastmod>
	</url><url>
		<loc> https://geoconnex.us/ref/hu04/1603 </loc>
		<lastmod> 2022-11-10 14:31:58.370678 </lastmod>
	</url><url>
		<loc> https://geoconnex.us/ref/hu04/0208 </loc>
		<lastmod> 2022-11-10 14:31:58.370691 </lastmod>
	</url><url>
		<loc> https://geoconnex.us/ref/hu04/0507 </loc>
		<lastmod> 2022-11-10 14:31:58.370704 </lastmod>
	</url><url>
		<loc> https://geoconnex.us/ref/hu04/0204 </loc>
		<lastmod> 2022-11-10 14:31:58.370718 </lastmod>
	</url><url>
		<loc> https://geoconnex.us/ref/hu04/0403 </loc>
		<lastmod> 2022-11-10 14:31:58.370731 </lastmod>
	</url><url>
		<loc> https://geoconnex.us/ref/hu04/0705 </loc>
		<lastmod> 2022-11-10 14:31:58.370744 </lastmod>
	</url><url>
		<loc> https://geoconnex.us/ref/hu04/0707 </loc>
		<lastmod> 2022-11-10 14:31:58.370757 </lastmod>
	</url><url>
		<loc> https://geoconnex.us/ref/hu04/0401 </loc>
		<lastmod> 2022-11-10 14:31:58.370771 </lastmod>
	</url><url>
		<loc> https://geoconnex.us/ref/hu04/0703 </loc>
		<lastmod> 2022-11-10 14:31:58.370785 </lastmod>
	</url><url>
		<loc> https://geoconnex.us/ref/hu04/0509 </loc>
		<lastmod> 2022-11-10 14:31:58.370798 </lastmod>
	</url><url>
		<loc> https://geoconnex.us/ref/hu04/0502 </loc>
		<lastmod> 2022-11-10 14:31:58.370811 </lastmod>
	</url><url>
		<loc> https://geoconnex.us/ref/hu04/0503 </loc>
		<lastmod> 2022-11-10 14:31:58.370824 </lastmod>
	</url><url>
		<loc> https://geoconnex.us/ref/hu04/1404 </loc>
		<lastmod> 2022-11-10 14:31:58.370838 </lastmod>
	</url><url>
		<loc> https://geoconnex.us/ref/hu04/1007 </loc>
		<lastmod> 2022-11-10 14:31:58.370851 </lastmod>
	</url><url>
		<loc> https://geoconnex.us/ref/hu04/1008 </loc>
		<lastmod> 2022-11-10 14:31:58.370864 </lastmod>
	</url><url>
		<loc> https://geoconnex.us/ref/hu04/1009 </loc>
		<lastmod> 2022-11-10 14:31:58.370878 </lastmod>
	</url><url>
		<loc> https://geoconnex.us/ref/hu04/1710 </loc>
		<lastmod> 2022-11-10 14:31:58.370891 </lastmod>
	</url><url>
		<loc> https://geoconnex.us/ref/hu04/1706 </loc>
		<lastmod> 2022-11-10 14:31:58.370904 </lastmod>
	</url><url>
		<loc> https://geoconnex.us/ref/hu04/1701 </loc>
		<lastmod> 2022-11-10 14:31:58.370917 </lastmod>
	</url><url>
		<loc> https://geoconnex.us/ref/hu04/1704 </loc>
		<lastmod> 2022-11-10 14:31:58.370931 </lastmod>
	</url><url>
		<loc> https://geoconnex.us/ref/hu04/1705 </loc>
		<lastmod> 2022-11-10 14:31:58.370944 </lastmod>
	</url><url>
		<loc> https://geoconnex.us/ref/hu04/1712 </loc>
		<lastmod> 2022-11-10 14:31:58.370957 </lastmod>
	</url><url>
		<loc> https://geoconnex.us/ref/hu04/1707 </loc>
		<lastmod> 2022-11-10 14:31:58.370971 </lastmod>
	</url><url>
		<loc> https://geoconnex.us/ref/hu04/1708 </loc>
		<lastmod> 2022-11-10 14:31:58.370984 </lastmod>
	</url><url>
		<loc> https://geoconnex.us/ref/hu04/1702 </loc>
		<lastmod> 2022-11-10 14:31:58.370997 </lastmod>
	</url><url>
		<loc> https://geoconnex.us/ref/hu04/1703 </loc>
		<lastmod> 2022-11-10 14:31:58.371010 </lastmod>
	</url><url>
		<loc> https://geoconnex.us/ref/hu04/1711 </loc>
		<lastmod> 2022-11-10 14:31:58.371024 </lastmod>
	</url><url>
		<loc> https://geoconnex.us/ref/hu04/1709 </loc>
		<lastmod> 2022-11-10 14:31:58.371037 </lastmod>
	</url><url>
		<loc> https://geoconnex.us/ref/hu04/0808 </loc>
		<lastmod> 2022-11-10 14:31:58.371050 </lastmod>
	</url><url>
		<loc> https://geoconnex.us/ref/hu04/0102 </loc>
		<lastmod> 2022-11-10 14:31:58.371063 </lastmod>
	</url><url>
		<loc> https://geoconnex.us/ref/hu04/1308 </loc>
		<lastmod> 2022-11-10 14:31:58.371076 </lastmod>
	</url><url>
		<loc> https://geoconnex.us/ref/hu04/0412 </loc>
		<lastmod> 2022-11-10 14:31:58.371089 </lastmod>
	</url><url>
		<loc> https://geoconnex.us/ref/hu04/1901 </loc>
		<lastmod> 2022-11-10 14:31:58.371102 </lastmod>
	</url><url>
		<loc> https://geoconnex.us/ref/hu04/1902 </loc>
		<lastmod> 2022-11-10 14:31:58.371116 </lastmod>
	</url><url>
		<loc> https://geoconnex.us/ref/hu04/1903 </loc>
		<lastmod> 2022-11-10 14:31:58.371129 </lastmod>
	</url><url>
		<loc> https://geoconnex.us/ref/hu04/1907 </loc>
		<lastmod> 2022-11-10 14:31:58.371142 </lastmod>
	</url><url>
		<loc> https://geoconnex.us/ref/hu04/1909 </loc>
		<lastmod> 2022-11-10 14:31:58.371155 </lastmod>
	</url><url>
		<loc> https://geoconnex.us/ref/hu04/1905 </loc>
		<lastmod> 2022-11-10 14:31:58.371169 </lastmod>
	</url><url>
		<loc> https://geoconnex.us/ref/hu04/1908 </loc>
		<lastmod> 2022-11-10 14:31:58.371183 </lastmod>
	</url><url>
		<loc> https://geoconnex.us/ref/hu04/1906 </loc>
		<lastmod> 2022-11-10 14:31:58.371196 </lastmod>
	</url><url>
		<loc> https://geoconnex.us/ref/hu04/1310 </loc>
		<lastmod> 2022-11-10 14:31:58.371209 </lastmod>
	</url><url>
		<loc> https://geoconnex.us/ref/hu04/1311 </loc>
		<lastmod> 2022-11-10 14:31:58.371223 </lastmod>
	</url><url>
		<loc> https://geoconnex.us/ref/hu04/1312 </loc>
		<lastmod> 2022-11-10 14:31:58.371236 </lastmod>
	</url><url>
		<loc> https://geoconnex.us/ref/hu04/0416 </loc>
		<lastmod> 2022-11-10 14:31:58.371249 </lastmod>
	</url><url>
		<loc> https://geoconnex.us/ref/hu04/0433 </loc>
		<lastmod> 2022-11-10 14:31:58.371262 </lastmod>
	</url><url>
		<loc> https://geoconnex.us/ref/hu04/0432 </loc>
		<lastmod> 2022-11-10 14:31:58.371276 </lastmod>
	</url><url>
		<loc> https://geoconnex.us/ref/hu04/0417 </loc>
		<lastmod> 2022-11-10 14:31:58.371289 </lastmod>
	</url><url>
		<loc> https://geoconnex.us/ref/hu04/0419 </loc>
		<lastmod> 2022-11-10 14:31:58.371302 </lastmod>
	</url><url>
		<loc> https://geoconnex.us/ref/hu04/0420 </loc>
		<lastmod> 2022-11-10 14:31:58.371315 </lastmod>
	</url><url>
		<loc> https://geoconnex.us/ref/hu04/0423 </loc>
		<lastmod> 2022-11-10 14:31:58.371329 </lastmod>
	</url><url>
		<loc> https://geoconnex.us/ref/hu04/0422 </loc>
		<lastmod> 2022-11-10 14:31:58.371342 </lastmod>
	</url><url>
		<loc> https://geoconnex.us/ref/hu04/0421 </loc>
		<lastmod> 2022-11-10 14:31:58.371355 </lastmod>
	</url><url>
		<loc> https://geoconnex.us/ref/hu04/0425 </loc>
		<lastmod> 2022-11-10 14:31:58.371368 </lastmod>
	</url><url>
		<loc> https://geoconnex.us/ref/hu04/0426 </loc>
		<lastmod> 2022-11-10 14:31:58.371382 </lastmod>
	</url><url>
		<loc> https://geoconnex.us/ref/hu04/0424 </loc>
		<lastmod> 2022-11-10 14:31:58.371395 </lastmod>
	</url><url>
		<loc> https://geoconnex.us/ref/hu04/0418 </loc>
		<lastmod> 2022-11-10 14:31:58.371409 </lastmod>
	</url><url>
		<loc> https://geoconnex.us/ref/hu04/0427 </loc>
		<lastmod> 2022-11-10 14:31:58.371422 </lastmod>
	</url><url>
		<loc> https://geoconnex.us/ref/hu04/0428 </loc>
		<lastmod> 2022-11-10 14:31:58.371435 </lastmod>
	</url><url>
		<loc> https://geoconnex.us/ref/hu04/0429 </loc>
		<lastmod> 2022-11-10 14:31:58.371448 </lastmod>
	</url><url>
		<loc> https://geoconnex.us/ref/hu04/0430 </loc>
		<lastmod> 2022-11-10 14:31:58.371461 </lastmod>
	</url><url>
		<loc> https://geoconnex.us/ref/hu04/0431 </loc>
		<lastmod> 2022-11-10 14:31:58.371474 </lastmod>
	</url><url>
		<loc> https://geoconnex.us/ref/hu04/2204 </loc>
		<lastmod> 2022-11-10 14:31:58.371487 </lastmod>
	</url></ns0:urlset>