<ns0:urlset xmlns:ns0="http://www.sitemaps.org/schemas/sitemap/0.9">
<url>
		<loc> https://geoconnex.us/ref/nat_aq/N100BSNRGB </loc>
		<lastmod> 2021-11-03 19:37:22.535835 </lastmod>
	</url><url>
		<loc> https://geoconnex.us/ref/nat_aq/N100CACSTL </loc>
		<lastmod> 2021-11-03 19:37:22.535882 </lastmod>
	</url><url>
		<loc> https://geoconnex.us/ref/nat_aq/N100CMBPLB </loc>
		<lastmod> 2021-11-03 19:37:22.535912 </lastmod>
	</url><url>
		<loc> https://geoconnex.us/ref/nat_aq/N100HGHPLN </loc>
		<lastmod> 2021-11-03 19:37:22.535936 </lastmod>
	</url><url>
		<loc> https://geoconnex.us/ref/nat_aq/N100MSRVVL </loc>
		<lastmod> 2021-11-03 19:37:22.535959 </lastmod>
	</url><url>
		<loc> https://geoconnex.us/ref/nat_aq/N100PCFNWB </loc>
		<lastmod> 2021-11-03 19:37:22.535981 </lastmod>
	</url><url>
		<loc> https://geoconnex.us/ref/nat_aq/N100PCFNWV </loc>
		<lastmod> 2021-11-03 19:37:22.536001 </lastmod>
	</url><url>
		<loc> https://geoconnex.us/ref/nat_aq/N100PCSRVR </loc>
		<lastmod> 2021-11-03 19:37:22.536021 </lastmod>
	</url><url>
		<loc> https://geoconnex.us/ref/nat_aq/N100SYMOUR </loc>
		<lastmod> 2021-11-03 19:37:22.536040 </lastmod>
	</url><url>
		<loc> https://geoconnex.us/ref/nat_aq/N100WLMLWD </loc>
		<lastmod> 2021-11-03 19:37:22.536060 </lastmod>
	</url><url>
		<loc> https://geoconnex.us/ref/nat_aq/N300ADAVMS </loc>
		<lastmod> 2021-11-03 19:37:22.536079 </lastmod>
	</url><url>
		<loc> https://geoconnex.us/ref/nat_aq/N300CNRLOK </loc>
		<lastmod> 2021-11-03 19:37:22.536099 </lastmod>
	</url><url>
		<loc> https://geoconnex.us/ref/nat_aq/N300COPLTS </loc>
		<lastmod> 2021-11-03 19:37:22.536118 </lastmod>
	</url><url>
		<loc> https://geoconnex.us/ref/nat_aq/N300ERLMZC </loc>
		<lastmod> 2021-11-03 19:37:22.536137 </lastmod>
	</url><url>
		<loc> https://geoconnex.us/ref/nat_aq/N300JCBSVL </loc>
		<lastmod> 2021-11-03 19:37:22.536157 </lastmod>
	</url><url>
		<loc> https://geoconnex.us/ref/nat_aq/N300LCRTCS </loc>
		<lastmod> 2021-11-03 19:37:22.536176 </lastmod>
	</url><url>
		<loc> https://geoconnex.us/ref/nat_aq/N300LTRTRY </loc>
		<lastmod> 2021-11-03 19:37:22.536273 </lastmod>
	</url><url>
		<loc> https://geoconnex.us/ref/nat_aq/N300MRSHLL </loc>
		<lastmod> 2021-11-03 19:37:22.536312 </lastmod>
	</url><url>
		<loc> https://geoconnex.us/ref/nat_aq/N300NYSDSN </loc>
		<lastmod> 2021-11-03 19:37:22.536336 </lastmod>
	</url><url>
		<loc> https://geoconnex.us/ref/nat_aq/N300PNSLVN </loc>
		<lastmod> 2021-11-03 19:37:22.536358 </lastmod>
	</url><url>
		<loc> https://geoconnex.us/ref/nat_aq/N300RSHSPG </loc>
		<lastmod> 2021-11-03 19:37:22.536378 </lastmod>
	</url><url>
		<loc> https://geoconnex.us/ref/nat_aq/N300UPCTCS </loc>
		<lastmod> 2021-11-03 19:37:22.536398 </lastmod>
	</url><url>
		<loc> https://geoconnex.us/ref/nat_aq/N400ABKSMP </loc>
		<lastmod> 2021-11-03 19:37:22.536417 </lastmod>
	</url><url>
		<loc> https://geoconnex.us/ref/nat_aq/N400BISCYN </loc>
		<lastmod> 2021-11-03 19:37:22.536437 </lastmod>
	</url><url>
		<loc> https://geoconnex.us/ref/nat_aq/N400BLAINE </loc>
		<lastmod> 2021-11-03 19:37:22.536456 </lastmod>
	</url><url>
		<loc> https://geoconnex.us/ref/nat_aq/N400BSNRGC </loc>
		<lastmod> 2021-11-03 19:37:22.536475 </lastmod>
	</url><url>
		<loc> https://geoconnex.us/ref/nat_aq/N400CSLHYN </loc>
		<lastmod> 2021-11-03 19:37:22.536495 </lastmod>
	</url><url>
		<loc> https://geoconnex.us/ref/nat_aq/N400KNGSHL </loc>
		<lastmod> 2021-11-03 19:37:22.536514 </lastmod>
	</url><url>
		<loc> https://geoconnex.us/ref/nat_aq/N400NYNECB </loc>
		<lastmod> 2021-11-03 19:37:22.536533 </lastmod>
	</url><url>
		<loc> https://geoconnex.us/ref/nat_aq/N400ORDVCN </loc>
		<lastmod> 2021-11-03 19:37:22.536581 </lastmod>
	</url><url>
		<loc> https://geoconnex.us/ref/nat_aq/N400PDMBRC </loc>
		<lastmod> 2021-11-03 19:37:22.536618 </lastmod>
	</url><url>
		<loc> https://geoconnex.us/ref/nat_aq/N400PDMBRX </loc>
		<lastmod> 2021-11-03 19:37:22.536642 </lastmod>
	</url><url>
		<loc> https://geoconnex.us/ref/nat_aq/N400SLRDVN </loc>
		<lastmod> 2021-11-03 19:37:22.536663 </lastmod>
	</url><url>
		<loc> https://geoconnex.us/ref/nat_aq/N400UPCRBN </loc>
		<lastmod> 2021-11-03 19:37:22.536683 </lastmod>
	</url><url>
		<loc> https://geoconnex.us/ref/nat_aq/N500MSSPPI </loc>
		<lastmod> 2021-11-03 19:37:22.536703 </lastmod>
	</url><url>
		<loc> https://geoconnex.us/ref/nat_aq/N500PLOZOC </loc>
		<lastmod> 2021-11-03 19:37:22.536723 </lastmod>
	</url><url>
		<loc> https://geoconnex.us/ref/nat_aq/N500VLYRDG </loc>
		<lastmod> 2021-11-03 19:37:22.536743 </lastmod>
	</url><url>
		<loc> https://geoconnex.us/ref/nat_aq/N600CMBPLV </loc>
		<lastmod> 2021-11-03 19:37:22.536763 </lastmod>
	</url><url>
		<loc> https://geoconnex.us/ref/nat_aq/N600HIVLCC </loc>
		<lastmod> 2021-11-03 19:37:22.536822 </lastmod>
	</url><url>
		<loc> https://geoconnex.us/ref/nat_aq/N600SKRVPB </loc>
		<lastmod> 2021-11-03 19:37:22.536848 </lastmod>
	</url><url>
		<loc> https://geoconnex.us/ref/nat_aq/N600SKRVPV </loc>
		<lastmod> 2021-11-03 19:37:22.536869 </lastmod>
	</url><url>
		<loc> https://geoconnex.us/ref/nat_aq/N600SRNVDV </loc>
		<lastmod> 2021-11-03 19:37:22.536890 </lastmod>
	</url><url>
		<loc> https://geoconnex.us/ref/nat_aq/N9999OTHER </loc>
		<lastmod> 2021-11-03 19:37:22.536910 </lastmod>
	</url><url>
		<loc> https://geoconnex.us/ref/nat_aq/S100CNRLVL </loc>
		<lastmod> 2021-11-03 19:37:22.536929 </lastmod>
	</url><url>
		<loc> https://geoconnex.us/ref/nat_aq/S100CSLLWD </loc>
		<lastmod> 2021-11-03 19:37:22.536949 </lastmod>
	</url><url>
		<loc> https://geoconnex.us/ref/nat_aq/S100MSEMBM </loc>
		<lastmod> 2021-11-03 19:37:22.536968 </lastmod>
	</url><url>
		<loc> https://geoconnex.us/ref/nat_aq/S100NATLCP </loc>
		<lastmod> 2021-11-03 19:37:22.536988 </lastmod>
	</url><url>
		<loc> https://geoconnex.us/ref/nat_aq/S100NRMTIB </loc>
		<lastmod> 2021-11-03 19:37:22.537008 </lastmod>
	</url><url>
		<loc> https://geoconnex.us/ref/nat_aq/S100PGTSND </loc>
		<lastmod> 2021-11-03 19:37:22.537027 </lastmod>
	</url><url>
		<loc> https://geoconnex.us/ref/nat_aq/S100RIOGRD </loc>
		<lastmod> 2021-11-03 19:37:22.537047 </lastmod>
	</url><url>
		<loc> https://geoconnex.us/ref/nat_aq/S100SECSLP </loc>
		<lastmod> 2021-11-03 19:37:22.537066 </lastmod>
	</url><url>
		<loc> https://geoconnex.us/ref/nat_aq/S100SURFCL </loc>
		<lastmod> 2021-11-03 19:37:22.537086 </lastmod>
	</url><url>
		<loc> https://geoconnex.us/ref/nat_aq/S100TXCLUP </loc>
		<lastmod> 2021-11-03 19:37:22.537105 </lastmod>
	</url><url>
		<loc> https://geoconnex.us/ref/nat_aq/S300CAMORD </loc>
		<lastmod> 2021-11-03 19:37:22.537124 </lastmod>
	</url><url>
		<loc> https://geoconnex.us/ref/nat_aq/S300DNVRBS </loc>
		<lastmod> 2021-11-03 19:37:22.537144 </lastmod>
	</url><url>
		<loc> https://geoconnex.us/ref/nat_aq/S400FLORDN </loc>
		<lastmod> 2021-11-03 19:37:22.537163 </lastmod>
	</url><url>
		<loc> https://geoconnex.us/ref/nat_aq/S400OZRKPL </loc>
		<lastmod> 2021-11-03 19:37:22.537194 </lastmod>
	</url><url>
		<loc> https://geoconnex.us/ref/nat_aq/S400RSWLBS </loc>
		<lastmod> 2021-11-03 19:37:22.537213 </lastmod>
	</url><url>
		<loc> https://geoconnex.us/ref/nat_aq/S500EDRTRN </loc>
		<lastmod> 2021-11-03 19:37:22.537232 </lastmod>
	</url></ns0:urlset>