<?xml version='1.0' encoding='utf-8'?>
<ns0:urlset xmlns:ns0="http://www.sitemaps.org/schemas/sitemap/0.9">
<url>
		<loc> https://geoconnex.us/ref/nat_aq/N100BSNRGB </loc>
		<lastmod> 2023-05-03 17:16:22.324905 </lastmod>
	</url><url>
		<loc> https://geoconnex.us/ref/nat_aq/N100CACSTL </loc>
		<lastmod> 2023-05-03 17:16:22.324949 </lastmod>
	</url><url>
		<loc> https://geoconnex.us/ref/nat_aq/N100CMBPLB </loc>
		<lastmod> 2023-05-03 17:16:22.324970 </lastmod>
	</url><url>
		<loc> https://geoconnex.us/ref/nat_aq/N100HGHPLN </loc>
		<lastmod> 2023-05-03 17:16:22.324988 </lastmod>
	</url><url>
		<loc> https://geoconnex.us/ref/nat_aq/N100MSRVVL </loc>
		<lastmod> 2023-05-03 17:16:22.325004 </lastmod>
	</url><url>
		<loc> https://geoconnex.us/ref/nat_aq/N100PCFNWB </loc>
		<lastmod> 2023-05-03 17:16:22.325020 </lastmod>
	</url><url>
		<loc> https://geoconnex.us/ref/nat_aq/N100PCFNWV </loc>
		<lastmod> 2023-05-03 17:16:22.325035 </lastmod>
	</url><url>
		<loc> https://geoconnex.us/ref/nat_aq/N100PCSRVR </loc>
		<lastmod> 2023-05-03 17:16:22.325050 </lastmod>
	</url><url>
		<loc> https://geoconnex.us/ref/nat_aq/N100SYMOUR </loc>
		<lastmod> 2023-05-03 17:16:22.325066 </lastmod>
	</url><url>
		<loc> https://geoconnex.us/ref/nat_aq/N100WLMLWD </loc>
		<lastmod> 2023-05-03 17:16:22.325081 </lastmod>
	</url><url>
		<loc> https://geoconnex.us/ref/nat_aq/N300ADAVMS </loc>
		<lastmod> 2023-05-03 17:16:22.325097 </lastmod>
	</url><url>
		<loc> https://geoconnex.us/ref/nat_aq/N300CNRLOK </loc>
		<lastmod> 2023-05-03 17:16:22.325112 </lastmod>
	</url><url>
		<loc> https://geoconnex.us/ref/nat_aq/N300COPLTS </loc>
		<lastmod> 2023-05-03 17:16:22.325127 </lastmod>
	</url><url>
		<loc> https://geoconnex.us/ref/nat_aq/N300ERLMZC </loc>
		<lastmod> 2023-05-03 17:16:22.325142 </lastmod>
	</url><url>
		<loc> https://geoconnex.us/ref/nat_aq/N300JCBSVL </loc>
		<lastmod> 2023-05-03 17:16:22.325156 </lastmod>
	</url><url>
		<loc> https://geoconnex.us/ref/nat_aq/N300LCRTCS </loc>
		<lastmod> 2023-05-03 17:16:22.325171 </lastmod>
	</url><url>
		<loc> https://geoconnex.us/ref/nat_aq/N300LTRTRY </loc>
		<lastmod> 2023-05-03 17:16:22.325186 </lastmod>
	</url><url>
		<loc> https://geoconnex.us/ref/nat_aq/N300MRSHLL </loc>
		<lastmod> 2023-05-03 17:16:22.325201 </lastmod>
	</url><url>
		<loc> https://geoconnex.us/ref/nat_aq/N300NYSDSN </loc>
		<lastmod> 2023-05-03 17:16:22.325217 </lastmod>
	</url><url>
		<loc> https://geoconnex.us/ref/nat_aq/N300PNSLVN </loc>
		<lastmod> 2023-05-03 17:16:22.325231 </lastmod>
	</url><url>
		<loc> https://geoconnex.us/ref/nat_aq/N300RSHSPG </loc>
		<lastmod> 2023-05-03 17:16:22.325246 </lastmod>
	</url><url>
		<loc> https://geoconnex.us/ref/nat_aq/N300UPCTCS </loc>
		<lastmod> 2023-05-03 17:16:22.325261 </lastmod>
	</url><url>
		<loc> https://geoconnex.us/ref/nat_aq/N400ABKSMP </loc>
		<lastmod> 2023-05-03 17:16:22.325275 </lastmod>
	</url><url>
		<loc> https://geoconnex.us/ref/nat_aq/N400BISCYN </loc>
		<lastmod> 2023-05-03 17:16:22.325290 </lastmod>
	</url><url>
		<loc> https://geoconnex.us/ref/nat_aq/N400BLAINE </loc>
		<lastmod> 2023-05-03 17:16:22.325305 </lastmod>
	</url><url>
		<loc> https://geoconnex.us/ref/nat_aq/N400BSNRGC </loc>
		<lastmod> 2023-05-03 17:16:22.325320 </lastmod>
	</url><url>
		<loc> https://geoconnex.us/ref/nat_aq/N400CSLHYN </loc>
		<lastmod> 2023-05-03 17:16:22.325335 </lastmod>
	</url><url>
		<loc> https://geoconnex.us/ref/nat_aq/N400KNGSHL </loc>
		<lastmod> 2023-05-03 17:16:22.325350 </lastmod>
	</url><url>
		<loc> https://geoconnex.us/ref/nat_aq/N400NYNECB </loc>
		<lastmod> 2023-05-03 17:16:22.325365 </lastmod>
	</url><url>
		<loc> https://geoconnex.us/ref/nat_aq/N400ORDVCN </loc>
		<lastmod> 2023-05-03 17:16:22.325380 </lastmod>
	</url><url>
		<loc> https://geoconnex.us/ref/nat_aq/N400PDMBRC </loc>
		<lastmod> 2023-05-03 17:16:22.325395 </lastmod>
	</url><url>
		<loc> https://geoconnex.us/ref/nat_aq/N400PDMBRX </loc>
		<lastmod> 2023-05-03 17:16:22.325410 </lastmod>
	</url><url>
		<loc> https://geoconnex.us/ref/nat_aq/N400SLRDVN </loc>
		<lastmod> 2023-05-03 17:16:22.325425 </lastmod>
	</url><url>
		<loc> https://geoconnex.us/ref/nat_aq/N400UPCRBN </loc>
		<lastmod> 2023-05-03 17:16:22.325439 </lastmod>
	</url><url>
		<loc> https://geoconnex.us/ref/nat_aq/N500MSSPPI </loc>
		<lastmod> 2023-05-03 17:16:22.325454 </lastmod>
	</url><url>
		<loc> https://geoconnex.us/ref/nat_aq/N500PLOZOC </loc>
		<lastmod> 2023-05-03 17:16:22.325469 </lastmod>
	</url><url>
		<loc> https://geoconnex.us/ref/nat_aq/N500VLYRDG </loc>
		<lastmod> 2023-05-03 17:16:22.325484 </lastmod>
	</url><url>
		<loc> https://geoconnex.us/ref/nat_aq/N600CMBPLV </loc>
		<lastmod> 2023-05-03 17:16:22.325499 </lastmod>
	</url><url>
		<loc> https://geoconnex.us/ref/nat_aq/N600HIVLCC </loc>
		<lastmod> 2023-05-03 17:16:22.325514 </lastmod>
	</url><url>
		<loc> https://geoconnex.us/ref/nat_aq/N600SKRVPB </loc>
		<lastmod> 2023-05-03 17:16:22.325529 </lastmod>
	</url><url>
		<loc> https://geoconnex.us/ref/nat_aq/N600SKRVPV </loc>
		<lastmod> 2023-05-03 17:16:22.325544 </lastmod>
	</url><url>
		<loc> https://geoconnex.us/ref/nat_aq/N600SRNVDV </loc>
		<lastmod> 2023-05-03 17:16:22.325559 </lastmod>
	</url><url>
		<loc> https://geoconnex.us/ref/nat_aq/N9999OTHER </loc>
		<lastmod> 2023-05-03 17:16:22.325573 </lastmod>
	</url><url>
		<loc> https://geoconnex.us/ref/nat_aq/S100CNRLVL </loc>
		<lastmod> 2023-05-03 17:16:22.325588 </lastmod>
	</url><url>
		<loc> https://geoconnex.us/ref/nat_aq/S100CSLLWD </loc>
		<lastmod> 2023-05-03 17:16:22.325603 </lastmod>
	</url><url>
		<loc> https://geoconnex.us/ref/nat_aq/S100MSEMBM </loc>
		<lastmod> 2023-05-03 17:16:22.325619 </lastmod>
	</url><url>
		<loc> https://geoconnex.us/ref/nat_aq/S100NATLCP </loc>
		<lastmod> 2023-05-03 17:16:22.325634 </lastmod>
	</url><url>
		<loc> https://geoconnex.us/ref/nat_aq/S100NRMTIB </loc>
		<lastmod> 2023-05-03 17:16:22.325649 </lastmod>
	</url><url>
		<loc> https://geoconnex.us/ref/nat_aq/S100PGTSND </loc>
		<lastmod> 2023-05-03 17:16:22.325664 </lastmod>
	</url><url>
		<loc> https://geoconnex.us/ref/nat_aq/S100RIOGRD </loc>
		<lastmod> 2023-05-03 17:16:22.325678 </lastmod>
	</url><url>
		<loc> https://geoconnex.us/ref/nat_aq/S100SECSLP </loc>
		<lastmod> 2023-05-03 17:16:22.325693 </lastmod>
	</url><url>
		<loc> https://geoconnex.us/ref/nat_aq/S100SURFCL </loc>
		<lastmod> 2023-05-03 17:16:22.325708 </lastmod>
	</url><url>
		<loc> https://geoconnex.us/ref/nat_aq/S100TXCLUP </loc>
		<lastmod> 2023-05-03 17:16:22.325723 </lastmod>
	</url><url>
		<loc> https://geoconnex.us/ref/nat_aq/S300CAMORD </loc>
		<lastmod> 2023-05-03 17:16:22.325738 </lastmod>
	</url><url>
		<loc> https://geoconnex.us/ref/nat_aq/S300DNVRBS </loc>
		<lastmod> 2023-05-03 17:16:22.325752 </lastmod>
	</url><url>
		<loc> https://geoconnex.us/ref/nat_aq/S400FLORDN </loc>
		<lastmod> 2023-05-03 17:16:22.325767 </lastmod>
	</url><url>
		<loc> https://geoconnex.us/ref/nat_aq/S400OZRKPL </loc>
		<lastmod> 2023-05-03 17:16:22.325782 </lastmod>
	</url><url>
		<loc> https://geoconnex.us/ref/nat_aq/S400RSWLBS </loc>
		<lastmod> 2023-05-03 17:16:22.325797 </lastmod>
	</url><url>
		<loc> https://geoconnex.us/ref/nat_aq/S500EDRTRN </loc>
		<lastmod> 2023-05-03 17:16:22.325812 </lastmod>
	</url></ns0:urlset>