<?xml version='1.0' encoding='utf-8'?>
<ns0:urlset xmlns:ns0="http://www.sitemaps.org/schemas/sitemap/0.9">
<url>
		<loc> https://geoconnex.us/ref/principal_aq/101 </loc>
		<lastmod> 2023-05-11 14:48:14.976672 </lastmod>
	</url><url>
		<loc> https://geoconnex.us/ref/principal_aq/102 </loc>
		<lastmod> 2023-05-11 14:48:14.976710 </lastmod>
	</url><url>
		<loc> https://geoconnex.us/ref/principal_aq/103 </loc>
		<lastmod> 2023-05-11 14:48:14.976731 </lastmod>
	</url><url>
		<loc> https://geoconnex.us/ref/principal_aq/104 </loc>
		<lastmod> 2023-05-11 14:48:14.976749 </lastmod>
	</url><url>
		<loc> https://geoconnex.us/ref/principal_aq/105 </loc>
		<lastmod> 2023-05-11 14:48:14.976765 </lastmod>
	</url><url>
		<loc> https://geoconnex.us/ref/principal_aq/106 </loc>
		<lastmod> 2023-05-11 14:48:14.976781 </lastmod>
	</url><url>
		<loc> https://geoconnex.us/ref/principal_aq/107 </loc>
		<lastmod> 2023-05-11 14:48:14.976798 </lastmod>
	</url><url>
		<loc> https://geoconnex.us/ref/principal_aq/108 </loc>
		<lastmod> 2023-05-11 14:48:14.976814 </lastmod>
	</url><url>
		<loc> https://geoconnex.us/ref/principal_aq/109 </loc>
		<lastmod> 2023-05-11 14:48:14.976830 </lastmod>
	</url><url>
		<loc> https://geoconnex.us/ref/principal_aq/110 </loc>
		<lastmod> 2023-05-11 14:48:14.976845 </lastmod>
	</url><url>
		<loc> https://geoconnex.us/ref/principal_aq/111 </loc>
		<lastmod> 2023-05-11 14:48:14.976861 </lastmod>
	</url><url>
		<loc> https://geoconnex.us/ref/principal_aq/112 </loc>
		<lastmod> 2023-05-11 14:48:14.976876 </lastmod>
	</url><url>
		<loc> https://geoconnex.us/ref/principal_aq/114 </loc>
		<lastmod> 2023-05-11 14:48:14.976892 </lastmod>
	</url><url>
		<loc> https://geoconnex.us/ref/principal_aq/115 </loc>
		<lastmod> 2023-05-11 14:48:14.976907 </lastmod>
	</url><url>
		<loc> https://geoconnex.us/ref/principal_aq/116 </loc>
		<lastmod> 2023-05-11 14:48:14.976923 </lastmod>
	</url><url>
		<loc> https://geoconnex.us/ref/principal_aq/117 </loc>
		<lastmod> 2023-05-11 14:48:14.976938 </lastmod>
	</url><url>
		<loc> https://geoconnex.us/ref/principal_aq/201 </loc>
		<lastmod> 2023-05-11 14:48:14.976953 </lastmod>
	</url><url>
		<loc> https://geoconnex.us/ref/principal_aq/202 </loc>
		<lastmod> 2023-05-11 14:48:14.976969 </lastmod>
	</url><url>
		<loc> https://geoconnex.us/ref/principal_aq/203 </loc>
		<lastmod> 2023-05-11 14:48:14.976985 </lastmod>
	</url><url>
		<loc> https://geoconnex.us/ref/principal_aq/204 </loc>
		<lastmod> 2023-05-11 14:48:14.977000 </lastmod>
	</url><url>
		<loc> https://geoconnex.us/ref/principal_aq/205 </loc>
		<lastmod> 2023-05-11 14:48:14.977015 </lastmod>
	</url><url>
		<loc> https://geoconnex.us/ref/principal_aq/301 </loc>
		<lastmod> 2023-05-11 14:48:14.977031 </lastmod>
	</url><url>
		<loc> https://geoconnex.us/ref/principal_aq/302 </loc>
		<lastmod> 2023-05-11 14:48:14.977047 </lastmod>
	</url><url>
		<loc> https://geoconnex.us/ref/principal_aq/304 </loc>
		<lastmod> 2023-05-11 14:48:14.977062 </lastmod>
	</url><url>
		<loc> https://geoconnex.us/ref/principal_aq/305 </loc>
		<lastmod> 2023-05-11 14:48:14.977077 </lastmod>
	</url><url>
		<loc> https://geoconnex.us/ref/principal_aq/306 </loc>
		<lastmod> 2023-05-11 14:48:14.977093 </lastmod>
	</url><url>
		<loc> https://geoconnex.us/ref/principal_aq/307 </loc>
		<lastmod> 2023-05-11 14:48:14.977108 </lastmod>
	</url><url>
		<loc> https://geoconnex.us/ref/principal_aq/308 </loc>
		<lastmod> 2023-05-11 14:48:14.977123 </lastmod>
	</url><url>
		<loc> https://geoconnex.us/ref/principal_aq/309 </loc>
		<lastmod> 2023-05-11 14:48:14.977139 </lastmod>
	</url><url>
		<loc> https://geoconnex.us/ref/principal_aq/310 </loc>
		<lastmod> 2023-05-11 14:48:14.977154 </lastmod>
	</url><url>
		<loc> https://geoconnex.us/ref/principal_aq/311 </loc>
		<lastmod> 2023-05-11 14:48:14.977169 </lastmod>
	</url><url>
		<loc> https://geoconnex.us/ref/principal_aq/312 </loc>
		<lastmod> 2023-05-11 14:48:14.977184 </lastmod>
	</url><url>
		<loc> https://geoconnex.us/ref/principal_aq/313 </loc>
		<lastmod> 2023-05-11 14:48:14.977199 </lastmod>
	</url><url>
		<loc> https://geoconnex.us/ref/principal_aq/314 </loc>
		<lastmod> 2023-05-11 14:48:14.977215 </lastmod>
	</url><url>
		<loc> https://geoconnex.us/ref/principal_aq/315 </loc>
		<lastmod> 2023-05-11 14:48:14.977230 </lastmod>
	</url><url>
		<loc> https://geoconnex.us/ref/principal_aq/316 </loc>
		<lastmod> 2023-05-11 14:48:14.977245 </lastmod>
	</url><url>
		<loc> https://geoconnex.us/ref/principal_aq/401 </loc>
		<lastmod> 2023-05-11 14:48:14.977260 </lastmod>
	</url><url>
		<loc> https://geoconnex.us/ref/principal_aq/402 </loc>
		<lastmod> 2023-05-11 14:48:14.977276 </lastmod>
	</url><url>
		<loc> https://geoconnex.us/ref/principal_aq/405 </loc>
		<lastmod> 2023-05-11 14:48:14.977291 </lastmod>
	</url><url>
		<loc> https://geoconnex.us/ref/principal_aq/406 </loc>
		<lastmod> 2023-05-11 14:48:14.977306 </lastmod>
	</url><url>
		<loc> https://geoconnex.us/ref/principal_aq/407 </loc>
		<lastmod> 2023-05-11 14:48:14.977321 </lastmod>
	</url><url>
		<loc> https://geoconnex.us/ref/principal_aq/410 </loc>
		<lastmod> 2023-05-11 14:48:14.977337 </lastmod>
	</url><url>
		<loc> https://geoconnex.us/ref/principal_aq/411 </loc>
		<lastmod> 2023-05-11 14:48:14.977352 </lastmod>
	</url><url>
		<loc> https://geoconnex.us/ref/principal_aq/412 </loc>
		<lastmod> 2023-05-11 14:48:14.977367 </lastmod>
	</url><url>
		<loc> https://geoconnex.us/ref/principal_aq/413 </loc>
		<lastmod> 2023-05-11 14:48:14.977382 </lastmod>
	</url><url>
		<loc> https://geoconnex.us/ref/principal_aq/414 </loc>
		<lastmod> 2023-05-11 14:48:14.977397 </lastmod>
	</url><url>
		<loc> https://geoconnex.us/ref/principal_aq/416 </loc>
		<lastmod> 2023-05-11 14:48:14.977413 </lastmod>
	</url><url>
		<loc> https://geoconnex.us/ref/principal_aq/417 </loc>
		<lastmod> 2023-05-11 14:48:14.977428 </lastmod>
	</url><url>
		<loc> https://geoconnex.us/ref/principal_aq/418 </loc>
		<lastmod> 2023-05-11 14:48:14.977444 </lastmod>
	</url><url>
		<loc> https://geoconnex.us/ref/principal_aq/419 </loc>
		<lastmod> 2023-05-11 14:48:14.977459 </lastmod>
	</url><url>
		<loc> https://geoconnex.us/ref/principal_aq/420 </loc>
		<lastmod> 2023-05-11 14:48:14.977474 </lastmod>
	</url><url>
		<loc> https://geoconnex.us/ref/principal_aq/501 </loc>
		<lastmod> 2023-05-11 14:48:14.977490 </lastmod>
	</url><url>
		<loc> https://geoconnex.us/ref/principal_aq/502 </loc>
		<lastmod> 2023-05-11 14:48:14.977505 </lastmod>
	</url><url>
		<loc> https://geoconnex.us/ref/principal_aq/503 </loc>
		<lastmod> 2023-05-11 14:48:14.977520 </lastmod>
	</url><url>
		<loc> https://geoconnex.us/ref/principal_aq/504 </loc>
		<lastmod> 2023-05-11 14:48:14.977535 </lastmod>
	</url><url>
		<loc> https://geoconnex.us/ref/principal_aq/505 </loc>
		<lastmod> 2023-05-11 14:48:14.977550 </lastmod>
	</url><url>
		<loc> https://geoconnex.us/ref/principal_aq/601 </loc>
		<lastmod> 2023-05-11 14:48:14.977565 </lastmod>
	</url><url>
		<loc> https://geoconnex.us/ref/principal_aq/606 </loc>
		<lastmod> 2023-05-11 14:48:14.977581 </lastmod>
	</url><url>
		<loc> https://geoconnex.us/ref/principal_aq/607 </loc>
		<lastmod> 2023-05-11 14:48:14.977596 </lastmod>
	</url><url>
		<loc> https://geoconnex.us/ref/principal_aq/608 </loc>
		<lastmod> 2023-05-11 14:48:14.977611 </lastmod>
	</url><url>
		<loc> https://geoconnex.us/ref/principal_aq/609 </loc>
		<lastmod> 2023-05-11 14:48:14.977626 </lastmod>
	</url><url>
		<loc> https://geoconnex.us/ref/principal_aq/610 </loc>
		<lastmod> 2023-05-11 14:48:14.977641 </lastmod>
	</url><url>
		<loc> https://geoconnex.us/ref/principal_aq/611 </loc>
		<lastmod> 2023-05-11 14:48:14.977657 </lastmod>
	</url><url>
		<loc> https://geoconnex.us/ref/principal_aq/999 </loc>
		<lastmod> 2023-05-11 14:48:14.977672 </lastmod>
	</url></ns0:urlset>