<?xml version='1.0' encoding='utf-8'?>
<ns0:urlset xmlns:ns0="http://www.sitemaps.org/schemas/sitemap/0.9">
<url>
		<loc> https://geoconnex.us/ref/principal_aq/101 </loc>
		<lastmod> 2022-11-10 14:31:55.575083 </lastmod>
	</url><url>
		<loc> https://geoconnex.us/ref/principal_aq/102 </loc>
		<lastmod> 2022-11-10 14:31:55.575115 </lastmod>
	</url><url>
		<loc> https://geoconnex.us/ref/principal_aq/103 </loc>
		<lastmod> 2022-11-10 14:31:55.575133 </lastmod>
	</url><url>
		<loc> https://geoconnex.us/ref/principal_aq/104 </loc>
		<lastmod> 2022-11-10 14:31:55.575148 </lastmod>
	</url><url>
		<loc> https://geoconnex.us/ref/principal_aq/105 </loc>
		<lastmod> 2022-11-10 14:31:55.575163 </lastmod>
	</url><url>
		<loc> https://geoconnex.us/ref/principal_aq/106 </loc>
		<lastmod> 2022-11-10 14:31:55.575177 </lastmod>
	</url><url>
		<loc> https://geoconnex.us/ref/principal_aq/107 </loc>
		<lastmod> 2022-11-10 14:31:55.575193 </lastmod>
	</url><url>
		<loc> https://geoconnex.us/ref/principal_aq/108 </loc>
		<lastmod> 2022-11-10 14:31:55.575208 </lastmod>
	</url><url>
		<loc> https://geoconnex.us/ref/principal_aq/109 </loc>
		<lastmod> 2022-11-10 14:31:55.575222 </lastmod>
	</url><url>
		<loc> https://geoconnex.us/ref/principal_aq/110 </loc>
		<lastmod> 2022-11-10 14:31:55.575236 </lastmod>
	</url><url>
		<loc> https://geoconnex.us/ref/principal_aq/111 </loc>
		<lastmod> 2022-11-10 14:31:55.575249 </lastmod>
	</url><url>
		<loc> https://geoconnex.us/ref/principal_aq/112 </loc>
		<lastmod> 2022-11-10 14:31:55.575262 </lastmod>
	</url><url>
		<loc> https://geoconnex.us/ref/principal_aq/114 </loc>
		<lastmod> 2022-11-10 14:31:55.575275 </lastmod>
	</url><url>
		<loc> https://geoconnex.us/ref/principal_aq/115 </loc>
		<lastmod> 2022-11-10 14:31:55.575288 </lastmod>
	</url><url>
		<loc> https://geoconnex.us/ref/principal_aq/116 </loc>
		<lastmod> 2022-11-10 14:31:55.575302 </lastmod>
	</url><url>
		<loc> https://geoconnex.us/ref/principal_aq/117 </loc>
		<lastmod> 2022-11-10 14:31:55.575315 </lastmod>
	</url><url>
		<loc> https://geoconnex.us/ref/principal_aq/201 </loc>
		<lastmod> 2022-11-10 14:31:55.575328 </lastmod>
	</url><url>
		<loc> https://geoconnex.us/ref/principal_aq/202 </loc>
		<lastmod> 2022-11-10 14:31:55.575341 </lastmod>
	</url><url>
		<loc> https://geoconnex.us/ref/principal_aq/203 </loc>
		<lastmod> 2022-11-10 14:31:55.575354 </lastmod>
	</url><url>
		<loc> https://geoconnex.us/ref/principal_aq/204 </loc>
		<lastmod> 2022-11-10 14:31:55.575367 </lastmod>
	</url><url>
		<loc> https://geoconnex.us/ref/principal_aq/205 </loc>
		<lastmod> 2022-11-10 14:31:55.575380 </lastmod>
	</url><url>
		<loc> https://geoconnex.us/ref/principal_aq/301 </loc>
		<lastmod> 2022-11-10 14:31:55.575393 </lastmod>
	</url><url>
		<loc> https://geoconnex.us/ref/principal_aq/302 </loc>
		<lastmod> 2022-11-10 14:31:55.575406 </lastmod>
	</url><url>
		<loc> https://geoconnex.us/ref/principal_aq/304 </loc>
		<lastmod> 2022-11-10 14:31:55.575419 </lastmod>
	</url><url>
		<loc> https://geoconnex.us/ref/principal_aq/305 </loc>
		<lastmod> 2022-11-10 14:31:55.575432 </lastmod>
	</url><url>
		<loc> https://geoconnex.us/ref/principal_aq/306 </loc>
		<lastmod> 2022-11-10 14:31:55.575445 </lastmod>
	</url><url>
		<loc> https://geoconnex.us/ref/principal_aq/307 </loc>
		<lastmod> 2022-11-10 14:31:55.575459 </lastmod>
	</url><url>
		<loc> https://geoconnex.us/ref/principal_aq/308 </loc>
		<lastmod> 2022-11-10 14:31:55.575472 </lastmod>
	</url><url>
		<loc> https://geoconnex.us/ref/principal_aq/309 </loc>
		<lastmod> 2022-11-10 14:31:55.575485 </lastmod>
	</url><url>
		<loc> https://geoconnex.us/ref/principal_aq/310 </loc>
		<lastmod> 2022-11-10 14:31:55.575498 </lastmod>
	</url><url>
		<loc> https://geoconnex.us/ref/principal_aq/311 </loc>
		<lastmod> 2022-11-10 14:31:55.575511 </lastmod>
	</url><url>
		<loc> https://geoconnex.us/ref/principal_aq/312 </loc>
		<lastmod> 2022-11-10 14:31:55.575525 </lastmod>
	</url><url>
		<loc> https://geoconnex.us/ref/principal_aq/313 </loc>
		<lastmod> 2022-11-10 14:31:55.575538 </lastmod>
	</url><url>
		<loc> https://geoconnex.us/ref/principal_aq/314 </loc>
		<lastmod> 2022-11-10 14:31:55.575551 </lastmod>
	</url><url>
		<loc> https://geoconnex.us/ref/principal_aq/315 </loc>
		<lastmod> 2022-11-10 14:31:55.575564 </lastmod>
	</url><url>
		<loc> https://geoconnex.us/ref/principal_aq/316 </loc>
		<lastmod> 2022-11-10 14:31:55.575577 </lastmod>
	</url><url>
		<loc> https://geoconnex.us/ref/principal_aq/401 </loc>
		<lastmod> 2022-11-10 14:31:55.575590 </lastmod>
	</url><url>
		<loc> https://geoconnex.us/ref/principal_aq/402 </loc>
		<lastmod> 2022-11-10 14:31:55.575604 </lastmod>
	</url><url>
		<loc> https://geoconnex.us/ref/principal_aq/405 </loc>
		<lastmod> 2022-11-10 14:31:55.575617 </lastmod>
	</url><url>
		<loc> https://geoconnex.us/ref/principal_aq/406 </loc>
		<lastmod> 2022-11-10 14:31:55.575630 </lastmod>
	</url><url>
		<loc> https://geoconnex.us/ref/principal_aq/407 </loc>
		<lastmod> 2022-11-10 14:31:55.575643 </lastmod>
	</url><url>
		<loc> https://geoconnex.us/ref/principal_aq/410 </loc>
		<lastmod> 2022-11-10 14:31:55.575656 </lastmod>
	</url><url>
		<loc> https://geoconnex.us/ref/principal_aq/411 </loc>
		<lastmod> 2022-11-10 14:31:55.575669 </lastmod>
	</url><url>
		<loc> https://geoconnex.us/ref/principal_aq/412 </loc>
		<lastmod> 2022-11-10 14:31:55.575706 </lastmod>
	</url><url>
		<loc> https://geoconnex.us/ref/principal_aq/413 </loc>
		<lastmod> 2022-11-10 14:31:55.575722 </lastmod>
	</url><url>
		<loc> https://geoconnex.us/ref/principal_aq/414 </loc>
		<lastmod> 2022-11-10 14:31:55.575735 </lastmod>
	</url><url>
		<loc> https://geoconnex.us/ref/principal_aq/416 </loc>
		<lastmod> 2022-11-10 14:31:55.575748 </lastmod>
	</url><url>
		<loc> https://geoconnex.us/ref/principal_aq/417 </loc>
		<lastmod> 2022-11-10 14:31:55.575762 </lastmod>
	</url><url>
		<loc> https://geoconnex.us/ref/principal_aq/418 </loc>
		<lastmod> 2022-11-10 14:31:55.575776 </lastmod>
	</url><url>
		<loc> https://geoconnex.us/ref/principal_aq/419 </loc>
		<lastmod> 2022-11-10 14:31:55.575789 </lastmod>
	</url><url>
		<loc> https://geoconnex.us/ref/principal_aq/420 </loc>
		<lastmod> 2022-11-10 14:31:55.575802 </lastmod>
	</url><url>
		<loc> https://geoconnex.us/ref/principal_aq/501 </loc>
		<lastmod> 2022-11-10 14:31:55.575815 </lastmod>
	</url><url>
		<loc> https://geoconnex.us/ref/principal_aq/502 </loc>
		<lastmod> 2022-11-10 14:31:55.575828 </lastmod>
	</url><url>
		<loc> https://geoconnex.us/ref/principal_aq/503 </loc>
		<lastmod> 2022-11-10 14:31:55.575841 </lastmod>
	</url><url>
		<loc> https://geoconnex.us/ref/principal_aq/504 </loc>
		<lastmod> 2022-11-10 14:31:55.575855 </lastmod>
	</url><url>
		<loc> https://geoconnex.us/ref/principal_aq/505 </loc>
		<lastmod> 2022-11-10 14:31:55.575868 </lastmod>
	</url><url>
		<loc> https://geoconnex.us/ref/principal_aq/601 </loc>
		<lastmod> 2022-11-10 14:31:55.575881 </lastmod>
	</url><url>
		<loc> https://geoconnex.us/ref/principal_aq/606 </loc>
		<lastmod> 2022-11-10 14:31:55.575894 </lastmod>
	</url><url>
		<loc> https://geoconnex.us/ref/principal_aq/607 </loc>
		<lastmod> 2022-11-10 14:31:55.575907 </lastmod>
	</url><url>
		<loc> https://geoconnex.us/ref/principal_aq/608 </loc>
		<lastmod> 2022-11-10 14:31:55.575920 </lastmod>
	</url><url>
		<loc> https://geoconnex.us/ref/principal_aq/609 </loc>
		<lastmod> 2022-11-10 14:31:55.575934 </lastmod>
	</url><url>
		<loc> https://geoconnex.us/ref/principal_aq/610 </loc>
		<lastmod> 2022-11-10 14:31:55.575947 </lastmod>
	</url><url>
		<loc> https://geoconnex.us/ref/principal_aq/611 </loc>
		<lastmod> 2022-11-10 14:31:55.575960 </lastmod>
	</url><url>
		<loc> https://geoconnex.us/ref/principal_aq/999 </loc>
		<lastmod> 2022-11-10 14:31:55.575973 </lastmod>
	</url></ns0:urlset>