<?xml version='1.0' encoding='utf-8'?>
<ns0:urlset xmlns:ns0="http://www.sitemaps.org/schemas/sitemap/0.9">
<url>
		<loc> https://geoconnex.us/iow/usbr/rise/locations/3711 </loc>
		<lastmod> 2023-06-07 14:29:12.513488 </lastmod>
	</url><url>
		<loc> https://geoconnex.us/iow/usbr/rise/locations/3624 </loc>
		<lastmod> 2023-06-07 14:29:12.513534 </lastmod>
	</url><url>
		<loc> https://geoconnex.us/iow/usbr/rise/locations/3626 </loc>
		<lastmod> 2023-06-07 14:29:12.513555 </lastmod>
	</url><url>
		<loc> https://geoconnex.us/iow/usbr/rise/locations/3524 </loc>
		<lastmod> 2023-06-07 14:29:12.513573 </lastmod>
	</url><url>
		<loc> https://geoconnex.us/iow/usbr/rise/locations/3523 </loc>
		<lastmod> 2023-06-07 14:29:12.513590 </lastmod>
	</url><url>
		<loc> https://geoconnex.us/iow/usbr/rise/locations/3521 </loc>
		<lastmod> 2023-06-07 14:29:12.513606 </lastmod>
	</url><url>
		<loc> https://geoconnex.us/iow/usbr/rise/locations/3520 </loc>
		<lastmod> 2023-06-07 14:29:12.513622 </lastmod>
	</url><url>
		<loc> https://geoconnex.us/iow/usbr/rise/locations/3571 </loc>
		<lastmod> 2023-06-07 14:29:12.513638 </lastmod>
	</url><url>
		<loc> https://geoconnex.us/iow/usbr/rise/locations/3516 </loc>
		<lastmod> 2023-06-07 14:29:12.513654 </lastmod>
	</url><url>
		<loc> https://geoconnex.us/iow/usbr/rise/locations/3518 </loc>
		<lastmod> 2023-06-07 14:29:12.513671 </lastmod>
	</url><url>
		<loc> https://geoconnex.us/iow/usbr/rise/locations/3525 </loc>
		<lastmod> 2023-06-07 14:29:12.513686 </lastmod>
	</url><url>
		<loc> https://geoconnex.us/iow/usbr/rise/locations/3517 </loc>
		<lastmod> 2023-06-07 14:29:12.513701 </lastmod>
	</url><url>
		<loc> https://geoconnex.us/iow/usbr/rise/locations/3519 </loc>
		<lastmod> 2023-06-07 14:29:12.513716 </lastmod>
	</url><url>
		<loc> https://geoconnex.us/iow/usbr/rise/locations/3522 </loc>
		<lastmod> 2023-06-07 14:29:12.513731 </lastmod>
	</url><url>
		<loc> https://geoconnex.us/iow/usbr/rise/locations/3581 </loc>
		<lastmod> 2023-06-07 14:29:12.513746 </lastmod>
	</url><url>
		<loc> https://geoconnex.us/iow/usbr/rise/locations/3277 </loc>
		<lastmod> 2023-06-07 14:29:12.513762 </lastmod>
	</url><url>
		<loc> https://geoconnex.us/iow/usbr/rise/locations/3409 </loc>
		<lastmod> 2023-06-07 14:29:12.513777 </lastmod>
	</url><url>
		<loc> https://geoconnex.us/iow/usbr/rise/locations/3406 </loc>
		<lastmod> 2023-06-07 14:29:12.513793 </lastmod>
	</url><url>
		<loc> https://geoconnex.us/iow/usbr/rise/locations/3408 </loc>
		<lastmod> 2023-06-07 14:29:12.513808 </lastmod>
	</url><url>
		<loc> https://geoconnex.us/iow/usbr/rise/locations/3410 </loc>
		<lastmod> 2023-06-07 14:29:12.513823 </lastmod>
	</url><url>
		<loc> https://geoconnex.us/iow/usbr/rise/locations/3411 </loc>
		<lastmod> 2023-06-07 14:29:12.513838 </lastmod>
	</url><url>
		<loc> https://geoconnex.us/iow/usbr/rise/locations/3412 </loc>
		<lastmod> 2023-06-07 14:29:12.513853 </lastmod>
	</url><url>
		<loc> https://geoconnex.us/iow/usbr/rise/locations/3414 </loc>
		<lastmod> 2023-06-07 14:29:12.513868 </lastmod>
	</url><url>
		<loc> https://geoconnex.us/iow/usbr/rise/locations/3413 </loc>
		<lastmod> 2023-06-07 14:29:12.513883 </lastmod>
	</url><url>
		<loc> https://geoconnex.us/iow/usbr/rise/locations/3415 </loc>
		<lastmod> 2023-06-07 14:29:12.513899 </lastmod>
	</url><url>
		<loc> https://geoconnex.us/iow/usbr/rise/locations/3407 </loc>
		<lastmod> 2023-06-07 14:29:12.513914 </lastmod>
	</url><url>
		<loc> https://geoconnex.us/iow/usbr/rise/locations/3734 </loc>
		<lastmod> 2023-06-07 14:29:12.513930 </lastmod>
	</url><url>
		<loc> https://geoconnex.us/iow/usbr/rise/locations/3670 </loc>
		<lastmod> 2023-06-07 14:29:12.513946 </lastmod>
	</url><url>
		<loc> https://geoconnex.us/iow/usbr/rise/locations/3650 </loc>
		<lastmod> 2023-06-07 14:29:12.513961 </lastmod>
	</url><url>
		<loc> https://geoconnex.us/iow/usbr/rise/locations/3644 </loc>
		<lastmod> 2023-06-07 14:29:12.513977 </lastmod>
	</url><url>
		<loc> https://geoconnex.us/iow/usbr/rise/locations/275 </loc>
		<lastmod> 2023-06-07 14:29:12.513991 </lastmod>
	</url><url>
		<loc> https://geoconnex.us/iow/usbr/rise/locations/3674 </loc>
		<lastmod> 2023-06-07 14:29:12.514007 </lastmod>
	</url><url>
		<loc> https://geoconnex.us/iow/usbr/rise/locations/3667 </loc>
		<lastmod> 2023-06-07 14:29:12.514022 </lastmod>
	</url><url>
		<loc> https://geoconnex.us/iow/usbr/rise/locations/3640 </loc>
		<lastmod> 2023-06-07 14:29:12.514037 </lastmod>
	</url><url>
		<loc> https://geoconnex.us/iow/usbr/rise/locations/3730 </loc>
		<lastmod> 2023-06-07 14:29:12.514052 </lastmod>
	</url><url>
		<loc> https://geoconnex.us/iow/usbr/rise/locations/1 </loc>
		<lastmod> 2023-06-07 14:29:12.514067 </lastmod>
	</url><url>
		<loc> https://geoconnex.us/iow/usbr/rise/locations/3695 </loc>
		<lastmod> 2023-06-07 14:29:12.514082 </lastmod>
	</url><url>
		<loc> https://geoconnex.us/iow/usbr/rise/locations/3685 </loc>
		<lastmod> 2023-06-07 14:29:12.514098 </lastmod>
	</url><url>
		<loc> https://geoconnex.us/iow/usbr/rise/locations/257 </loc>
		<lastmod> 2023-06-07 14:29:12.514113 </lastmod>
	</url><url>
		<loc> https://geoconnex.us/iow/usbr/rise/locations/274 </loc>
		<lastmod> 2023-06-07 14:29:12.514127 </lastmod>
	</url><url>
		<loc> https://geoconnex.us/iow/usbr/rise/locations/268 </loc>
		<lastmod> 2023-06-07 14:29:12.514142 </lastmod>
	</url><url>
		<loc> https://geoconnex.us/iow/usbr/rise/locations/281 </loc>
		<lastmod> 2023-06-07 14:29:12.514157 </lastmod>
	</url><url>
		<loc> https://geoconnex.us/iow/usbr/rise/locations/269 </loc>
		<lastmod> 2023-06-07 14:29:12.514172 </lastmod>
	</url><url>
		<loc> https://geoconnex.us/iow/usbr/rise/locations/287 </loc>
		<lastmod> 2023-06-07 14:29:12.514187 </lastmod>
	</url><url>
		<loc> https://geoconnex.us/iow/usbr/rise/locations/294 </loc>
		<lastmod> 2023-06-07 14:29:12.514202 </lastmod>
	</url><url>
		<loc> https://geoconnex.us/iow/usbr/rise/locations/331 </loc>
		<lastmod> 2023-06-07 14:29:12.514217 </lastmod>
	</url><url>
		<loc> https://geoconnex.us/iow/usbr/rise/locations/334 </loc>
		<lastmod> 2023-06-07 14:29:12.514232 </lastmod>
	</url><url>
		<loc> https://geoconnex.us/iow/usbr/rise/locations/337 </loc>
		<lastmod> 2023-06-07 14:29:12.514248 </lastmod>
	</url><url>
		<loc> https://geoconnex.us/iow/usbr/rise/locations/342 </loc>
		<lastmod> 2023-06-07 14:29:12.514263 </lastmod>
	</url><url>
		<loc> https://geoconnex.us/iow/usbr/rise/locations/345 </loc>
		<lastmod> 2023-06-07 14:29:12.514278 </lastmod>
	</url><url>
		<loc> https://geoconnex.us/iow/usbr/rise/locations/357 </loc>
		<lastmod> 2023-06-07 14:29:12.514293 </lastmod>
	</url><url>
		<loc> https://geoconnex.us/iow/usbr/rise/locations/402 </loc>
		<lastmod> 2023-06-07 14:29:12.514309 </lastmod>
	</url><url>
		<loc> https://geoconnex.us/iow/usbr/rise/locations/372 </loc>
		<lastmod> 2023-06-07 14:29:12.514324 </lastmod>
	</url><url>
		<loc> https://geoconnex.us/iow/usbr/rise/locations/379 </loc>
		<lastmod> 2023-06-07 14:29:12.514339 </lastmod>
	</url><url>
		<loc> https://geoconnex.us/iow/usbr/rise/locations/390 </loc>
		<lastmod> 2023-06-07 14:29:12.514354 </lastmod>
	</url><url>
		<loc> https://geoconnex.us/iow/usbr/rise/locations/388 </loc>
		<lastmod> 2023-06-07 14:29:12.514369 </lastmod>
	</url><url>
		<loc> https://geoconnex.us/iow/usbr/rise/locations/391 </loc>
		<lastmod> 2023-06-07 14:29:12.514384 </lastmod>
	</url><url>
		<loc> https://geoconnex.us/iow/usbr/rise/locations/429 </loc>
		<lastmod> 2023-06-07 14:29:12.514400 </lastmod>
	</url><url>
		<loc> https://geoconnex.us/iow/usbr/rise/locations/318 </loc>
		<lastmod> 2023-06-07 14:29:12.514414 </lastmod>
	</url><url>
		<loc> https://geoconnex.us/iow/usbr/rise/locations/3691 </loc>
		<lastmod> 2023-06-07 14:29:12.514431 </lastmod>
	</url><url>
		<loc> https://geoconnex.us/iow/usbr/rise/locations/3514 </loc>
		<lastmod> 2023-06-07 14:29:12.514447 </lastmod>
	</url><url>
		<loc> https://geoconnex.us/iow/usbr/rise/locations/3515 </loc>
		<lastmod> 2023-06-07 14:29:12.514462 </lastmod>
	</url><url>
		<loc> https://geoconnex.us/iow/usbr/rise/locations/3679 </loc>
		<lastmod> 2023-06-07 14:29:12.514477 </lastmod>
	</url><url>
		<loc> https://geoconnex.us/iow/usbr/rise/locations/3511 </loc>
		<lastmod> 2023-06-07 14:29:12.514493 </lastmod>
	</url><url>
		<loc> https://geoconnex.us/iow/usbr/rise/locations/3231 </loc>
		<lastmod> 2023-06-07 14:29:12.514508 </lastmod>
	</url><url>
		<loc> https://geoconnex.us/iow/usbr/rise/locations/3233 </loc>
		<lastmod> 2023-06-07 14:29:12.514523 </lastmod>
	</url><url>
		<loc> https://geoconnex.us/iow/usbr/rise/locations/3242 </loc>
		<lastmod> 2023-06-07 14:29:12.514539 </lastmod>
	</url><url>
		<loc> https://geoconnex.us/iow/usbr/rise/locations/3241 </loc>
		<lastmod> 2023-06-07 14:29:12.514554 </lastmod>
	</url><url>
		<loc> https://geoconnex.us/iow/usbr/rise/locations/3240 </loc>
		<lastmod> 2023-06-07 14:29:12.514569 </lastmod>
	</url><url>
		<loc> https://geoconnex.us/iow/usbr/rise/locations/3239 </loc>
		<lastmod> 2023-06-07 14:29:12.514584 </lastmod>
	</url><url>
		<loc> https://geoconnex.us/iow/usbr/rise/locations/3238 </loc>
		<lastmod> 2023-06-07 14:29:12.514599 </lastmod>
	</url><url>
		<loc> https://geoconnex.us/iow/usbr/rise/locations/3237 </loc>
		<lastmod> 2023-06-07 14:29:12.514613 </lastmod>
	</url><url>
		<loc> https://geoconnex.us/iow/usbr/rise/locations/3236 </loc>
		<lastmod> 2023-06-07 14:29:12.514629 </lastmod>
	</url><url>
		<loc> https://geoconnex.us/iow/usbr/rise/locations/3235 </loc>
		<lastmod> 2023-06-07 14:29:12.514645 </lastmod>
	</url><url>
		<loc> https://geoconnex.us/iow/usbr/rise/locations/3234 </loc>
		<lastmod> 2023-06-07 14:29:12.514660 </lastmod>
	</url><url>
		<loc> https://geoconnex.us/iow/usbr/rise/locations/3232 </loc>
		<lastmod> 2023-06-07 14:29:12.514676 </lastmod>
	</url><url>
		<loc> https://geoconnex.us/iow/usbr/rise/locations/3230 </loc>
		<lastmod> 2023-06-07 14:29:12.514691 </lastmod>
	</url><url>
		<loc> https://geoconnex.us/iow/usbr/rise/locations/3229 </loc>
		<lastmod> 2023-06-07 14:29:12.514705 </lastmod>
	</url><url>
		<loc> https://geoconnex.us/iow/usbr/rise/locations/3228 </loc>
		<lastmod> 2023-06-07 14:29:12.514720 </lastmod>
	</url><url>
		<loc> https://geoconnex.us/iow/usbr/rise/locations/3227 </loc>
		<lastmod> 2023-06-07 14:29:12.514735 </lastmod>
	</url><url>
		<loc> https://geoconnex.us/iow/usbr/rise/locations/3226 </loc>
		<lastmod> 2023-06-07 14:29:12.514750 </lastmod>
	</url><url>
		<loc> https://geoconnex.us/iow/usbr/rise/locations/3225 </loc>
		<lastmod> 2023-06-07 14:29:12.514765 </lastmod>
	</url><url>
		<loc> https://geoconnex.us/iow/usbr/rise/locations/3224 </loc>
		<lastmod> 2023-06-07 14:29:12.514781 </lastmod>
	</url><url>
		<loc> https://geoconnex.us/iow/usbr/rise/locations/3223 </loc>
		<lastmod> 2023-06-07 14:29:12.514796 </lastmod>
	</url><url>
		<loc> https://geoconnex.us/iow/usbr/rise/locations/3222 </loc>
		<lastmod> 2023-06-07 14:29:12.514811 </lastmod>
	</url><url>
		<loc> https://geoconnex.us/iow/usbr/rise/locations/3221 </loc>
		<lastmod> 2023-06-07 14:29:12.514826 </lastmod>
	</url><url>
		<loc> https://geoconnex.us/iow/usbr/rise/locations/3220 </loc>
		<lastmod> 2023-06-07 14:29:12.514841 </lastmod>
	</url><url>
		<loc> https://geoconnex.us/iow/usbr/rise/locations/3219 </loc>
		<lastmod> 2023-06-07 14:29:12.514856 </lastmod>
	</url><url>
		<loc> https://geoconnex.us/iow/usbr/rise/locations/3218 </loc>
		<lastmod> 2023-06-07 14:29:12.514872 </lastmod>
	</url><url>
		<loc> https://geoconnex.us/iow/usbr/rise/locations/3217 </loc>
		<lastmod> 2023-06-07 14:29:12.514887 </lastmod>
	</url><url>
		<loc> https://geoconnex.us/iow/usbr/rise/locations/3216 </loc>
		<lastmod> 2023-06-07 14:29:12.514902 </lastmod>
	</url><url>
		<loc> https://geoconnex.us/iow/usbr/rise/locations/3215 </loc>
		<lastmod> 2023-06-07 14:29:12.514917 </lastmod>
	</url><url>
		<loc> https://geoconnex.us/iow/usbr/rise/locations/3214 </loc>
		<lastmod> 2023-06-07 14:29:12.514932 </lastmod>
	</url><url>
		<loc> https://geoconnex.us/iow/usbr/rise/locations/3213 </loc>
		<lastmod> 2023-06-07 14:29:12.514947 </lastmod>
	</url><url>
		<loc> https://geoconnex.us/iow/usbr/rise/locations/3212 </loc>
		<lastmod> 2023-06-07 14:29:12.514962 </lastmod>
	</url><url>
		<loc> https://geoconnex.us/iow/usbr/rise/locations/3211 </loc>
		<lastmod> 2023-06-07 14:29:12.514977 </lastmod>
	</url><url>
		<loc> https://geoconnex.us/iow/usbr/rise/locations/3210 </loc>
		<lastmod> 2023-06-07 14:29:12.514992 </lastmod>
	</url><url>
		<loc> https://geoconnex.us/iow/usbr/rise/locations/396 </loc>
		<lastmod> 2023-06-07 14:29:12.515007 </lastmod>
	</url><url>
		<loc> https://geoconnex.us/iow/usbr/rise/locations/7 </loc>
		<lastmod> 2023-06-07 14:29:12.515023 </lastmod>
	</url><url>
		<loc> https://geoconnex.us/iow/usbr/rise/locations/267 </loc>
		<lastmod> 2023-06-07 14:29:12.515038 </lastmod>
	</url><url>
		<loc> https://geoconnex.us/iow/usbr/rise/locations/282 </loc>
		<lastmod> 2023-06-07 14:29:12.515053 </lastmod>
	</url><url>
		<loc> https://geoconnex.us/iow/usbr/rise/locations/489 </loc>
		<lastmod> 2023-06-07 14:29:12.515068 </lastmod>
	</url><url>
		<loc> https://geoconnex.us/iow/usbr/rise/locations/458 </loc>
		<lastmod> 2023-06-07 14:29:12.515083 </lastmod>
	</url><url>
		<loc> https://geoconnex.us/iow/usbr/rise/locations/3588 </loc>
		<lastmod> 2023-06-07 14:29:12.515098 </lastmod>
	</url><url>
		<loc> https://geoconnex.us/iow/usbr/rise/locations/3589 </loc>
		<lastmod> 2023-06-07 14:29:12.515112 </lastmod>
	</url><url>
		<loc> https://geoconnex.us/iow/usbr/rise/locations/3590 </loc>
		<lastmod> 2023-06-07 14:29:12.515127 </lastmod>
	</url><url>
		<loc> https://geoconnex.us/iow/usbr/rise/locations/3591 </loc>
		<lastmod> 2023-06-07 14:29:12.515143 </lastmod>
	</url><url>
		<loc> https://geoconnex.us/iow/usbr/rise/locations/3592 </loc>
		<lastmod> 2023-06-07 14:29:12.515158 </lastmod>
	</url><url>
		<loc> https://geoconnex.us/iow/usbr/rise/locations/3593 </loc>
		<lastmod> 2023-06-07 14:29:12.515174 </lastmod>
	</url><url>
		<loc> https://geoconnex.us/iow/usbr/rise/locations/3594 </loc>
		<lastmod> 2023-06-07 14:29:12.515189 </lastmod>
	</url><url>
		<loc> https://geoconnex.us/iow/usbr/rise/locations/3595 </loc>
		<lastmod> 2023-06-07 14:29:12.515204 </lastmod>
	</url><url>
		<loc> https://geoconnex.us/iow/usbr/rise/locations/3596 </loc>
		<lastmod> 2023-06-07 14:29:12.515219 </lastmod>
	</url><url>
		<loc> https://geoconnex.us/iow/usbr/rise/locations/3597 </loc>
		<lastmod> 2023-06-07 14:29:12.515234 </lastmod>
	</url><url>
		<loc> https://geoconnex.us/iow/usbr/rise/locations/3633 </loc>
		<lastmod> 2023-06-07 14:29:12.515249 </lastmod>
	</url><url>
		<loc> https://geoconnex.us/iow/usbr/rise/locations/3634 </loc>
		<lastmod> 2023-06-07 14:29:12.515265 </lastmod>
	</url><url>
		<loc> https://geoconnex.us/iow/usbr/rise/locations/3636 </loc>
		<lastmod> 2023-06-07 14:29:12.515281 </lastmod>
	</url><url>
		<loc> https://geoconnex.us/iow/usbr/rise/locations/3637 </loc>
		<lastmod> 2023-06-07 14:29:12.515297 </lastmod>
	</url><url>
		<loc> https://geoconnex.us/iow/usbr/rise/locations/3638 </loc>
		<lastmod> 2023-06-07 14:29:12.515312 </lastmod>
	</url><url>
		<loc> https://geoconnex.us/iow/usbr/rise/locations/3639 </loc>
		<lastmod> 2023-06-07 14:29:12.515328 </lastmod>
	</url><url>
		<loc> https://geoconnex.us/iow/usbr/rise/locations/3632 </loc>
		<lastmod> 2023-06-07 14:29:12.515343 </lastmod>
	</url><url>
		<loc> https://geoconnex.us/iow/usbr/rise/locations/3631 </loc>
		<lastmod> 2023-06-07 14:29:12.515358 </lastmod>
	</url><url>
		<loc> https://geoconnex.us/iow/usbr/rise/locations/3675 </loc>
		<lastmod> 2023-06-07 14:29:12.515373 </lastmod>
	</url><url>
		<loc> https://geoconnex.us/iow/usbr/rise/locations/3677 </loc>
		<lastmod> 2023-06-07 14:29:12.515388 </lastmod>
	</url><url>
		<loc> https://geoconnex.us/iow/usbr/rise/locations/3676 </loc>
		<lastmod> 2023-06-07 14:29:12.515404 </lastmod>
	</url><url>
		<loc> https://geoconnex.us/iow/usbr/rise/locations/509 </loc>
		<lastmod> 2023-06-07 14:29:12.515419 </lastmod>
	</url><url>
		<loc> https://geoconnex.us/iow/usbr/rise/locations/3605 </loc>
		<lastmod> 2023-06-07 14:29:12.515435 </lastmod>
	</url><url>
		<loc> https://geoconnex.us/iow/usbr/rise/locations/3604 </loc>
		<lastmod> 2023-06-07 14:29:12.515450 </lastmod>
	</url><url>
		<loc> https://geoconnex.us/iow/usbr/rise/locations/3603 </loc>
		<lastmod> 2023-06-07 14:29:12.515465 </lastmod>
	</url><url>
		<loc> https://geoconnex.us/iow/usbr/rise/locations/3299 </loc>
		<lastmod> 2023-06-07 14:29:12.515522 </lastmod>
	</url><url>
		<loc> https://geoconnex.us/iow/usbr/rise/locations/3487 </loc>
		<lastmod> 2023-06-07 14:29:12.515538 </lastmod>
	</url><url>
		<loc> https://geoconnex.us/iow/usbr/rise/locations/3444 </loc>
		<lastmod> 2023-06-07 14:29:12.515553 </lastmod>
	</url><url>
		<loc> https://geoconnex.us/iow/usbr/rise/locations/3443 </loc>
		<lastmod> 2023-06-07 14:29:12.515568 </lastmod>
	</url><url>
		<loc> https://geoconnex.us/iow/usbr/rise/locations/3442 </loc>
		<lastmod> 2023-06-07 14:29:12.515583 </lastmod>
	</url><url>
		<loc> https://geoconnex.us/iow/usbr/rise/locations/3441 </loc>
		<lastmod> 2023-06-07 14:29:12.515598 </lastmod>
	</url><url>
		<loc> https://geoconnex.us/iow/usbr/rise/locations/3606 </loc>
		<lastmod> 2023-06-07 14:29:12.515613 </lastmod>
	</url><url>
		<loc> https://geoconnex.us/iow/usbr/rise/locations/3618 </loc>
		<lastmod> 2023-06-07 14:29:12.515628 </lastmod>
	</url><url>
		<loc> https://geoconnex.us/iow/usbr/rise/locations/394 </loc>
		<lastmod> 2023-06-07 14:29:12.515643 </lastmod>
	</url><url>
		<loc> https://geoconnex.us/iow/usbr/rise/locations/3613 </loc>
		<lastmod> 2023-06-07 14:29:12.515658 </lastmod>
	</url><url>
		<loc> https://geoconnex.us/iow/usbr/rise/locations/3611 </loc>
		<lastmod> 2023-06-07 14:29:12.515673 </lastmod>
	</url><url>
		<loc> https://geoconnex.us/iow/usbr/rise/locations/3585 </loc>
		<lastmod> 2023-06-07 14:29:12.515688 </lastmod>
	</url><url>
		<loc> https://geoconnex.us/iow/usbr/rise/locations/515 </loc>
		<lastmod> 2023-06-07 14:29:12.515703 </lastmod>
	</url><url>
		<loc> https://geoconnex.us/iow/usbr/rise/locations/508 </loc>
		<lastmod> 2023-06-07 14:29:12.515717 </lastmod>
	</url><url>
		<loc> https://geoconnex.us/iow/usbr/rise/locations/507 </loc>
		<lastmod> 2023-06-07 14:29:12.515732 </lastmod>
	</url><url>
		<loc> https://geoconnex.us/iow/usbr/rise/locations/506 </loc>
		<lastmod> 2023-06-07 14:29:12.515748 </lastmod>
	</url><url>
		<loc> https://geoconnex.us/iow/usbr/rise/locations/504 </loc>
		<lastmod> 2023-06-07 14:29:12.515763 </lastmod>
	</url><url>
		<loc> https://geoconnex.us/iow/usbr/rise/locations/499 </loc>
		<lastmod> 2023-06-07 14:29:12.515778 </lastmod>
	</url><url>
		<loc> https://geoconnex.us/iow/usbr/rise/locations/498 </loc>
		<lastmod> 2023-06-07 14:29:12.515793 </lastmod>
	</url><url>
		<loc> https://geoconnex.us/iow/usbr/rise/locations/490 </loc>
		<lastmod> 2023-06-07 14:29:12.515809 </lastmod>
	</url><url>
		<loc> https://geoconnex.us/iow/usbr/rise/locations/483 </loc>
		<lastmod> 2023-06-07 14:29:12.515824 </lastmod>
	</url><url>
		<loc> https://geoconnex.us/iow/usbr/rise/locations/476 </loc>
		<lastmod> 2023-06-07 14:29:12.515839 </lastmod>
	</url><url>
		<loc> https://geoconnex.us/iow/usbr/rise/locations/475 </loc>
		<lastmod> 2023-06-07 14:29:12.515854 </lastmod>
	</url><url>
		<loc> https://geoconnex.us/iow/usbr/rise/locations/473 </loc>
		<lastmod> 2023-06-07 14:29:12.515869 </lastmod>
	</url><url>
		<loc> https://geoconnex.us/iow/usbr/rise/locations/467 </loc>
		<lastmod> 2023-06-07 14:29:12.515884 </lastmod>
	</url><url>
		<loc> https://geoconnex.us/iow/usbr/rise/locations/456 </loc>
		<lastmod> 2023-06-07 14:29:12.515899 </lastmod>
	</url><url>
		<loc> https://geoconnex.us/iow/usbr/rise/locations/445 </loc>
		<lastmod> 2023-06-07 14:29:12.515914 </lastmod>
	</url><url>
		<loc> https://geoconnex.us/iow/usbr/rise/locations/444 </loc>
		<lastmod> 2023-06-07 14:29:12.515929 </lastmod>
	</url><url>
		<loc> https://geoconnex.us/iow/usbr/rise/locations/443 </loc>
		<lastmod> 2023-06-07 14:29:12.515944 </lastmod>
	</url><url>
		<loc> https://geoconnex.us/iow/usbr/rise/locations/438 </loc>
		<lastmod> 2023-06-07 14:29:12.515959 </lastmod>
	</url><url>
		<loc> https://geoconnex.us/iow/usbr/rise/locations/435 </loc>
		<lastmod> 2023-06-07 14:29:12.515973 </lastmod>
	</url><url>
		<loc> https://geoconnex.us/iow/usbr/rise/locations/433 </loc>
		<lastmod> 2023-06-07 14:29:12.515988 </lastmod>
	</url><url>
		<loc> https://geoconnex.us/iow/usbr/rise/locations/424 </loc>
		<lastmod> 2023-06-07 14:29:12.516003 </lastmod>
	</url><url>
		<loc> https://geoconnex.us/iow/usbr/rise/locations/421 </loc>
		<lastmod> 2023-06-07 14:29:12.516017 </lastmod>
	</url><url>
		<loc> https://geoconnex.us/iow/usbr/rise/locations/419 </loc>
		<lastmod> 2023-06-07 14:29:12.516032 </lastmod>
	</url><url>
		<loc> https://geoconnex.us/iow/usbr/rise/locations/418 </loc>
		<lastmod> 2023-06-07 14:29:12.516047 </lastmod>
	</url><url>
		<loc> https://geoconnex.us/iow/usbr/rise/locations/408 </loc>
		<lastmod> 2023-06-07 14:29:12.516062 </lastmod>
	</url><url>
		<loc> https://geoconnex.us/iow/usbr/rise/locations/404 </loc>
		<lastmod> 2023-06-07 14:29:12.516077 </lastmod>
	</url><url>
		<loc> https://geoconnex.us/iow/usbr/rise/locations/399 </loc>
		<lastmod> 2023-06-07 14:29:12.516092 </lastmod>
	</url><url>
		<loc> https://geoconnex.us/iow/usbr/rise/locations/398 </loc>
		<lastmod> 2023-06-07 14:29:12.516107 </lastmod>
	</url><url>
		<loc> https://geoconnex.us/iow/usbr/rise/locations/369 </loc>
		<lastmod> 2023-06-07 14:29:12.516122 </lastmod>
	</url><url>
		<loc> https://geoconnex.us/iow/usbr/rise/locations/353 </loc>
		<lastmod> 2023-06-07 14:29:12.516137 </lastmod>
	</url><url>
		<loc> https://geoconnex.us/iow/usbr/rise/locations/351 </loc>
		<lastmod> 2023-06-07 14:29:12.516152 </lastmod>
	</url><url>
		<loc> https://geoconnex.us/iow/usbr/rise/locations/344 </loc>
		<lastmod> 2023-06-07 14:29:12.516188 </lastmod>
	</url><url>
		<loc> https://geoconnex.us/iow/usbr/rise/locations/315 </loc>
		<lastmod> 2023-06-07 14:29:12.516206 </lastmod>
	</url><url>
		<loc> https://geoconnex.us/iow/usbr/rise/locations/311 </loc>
		<lastmod> 2023-06-07 14:29:12.516221 </lastmod>
	</url><url>
		<loc> https://geoconnex.us/iow/usbr/rise/locations/295 </loc>
		<lastmod> 2023-06-07 14:29:12.516236 </lastmod>
	</url><url>
		<loc> https://geoconnex.us/iow/usbr/rise/locations/293 </loc>
		<lastmod> 2023-06-07 14:29:12.516252 </lastmod>
	</url><url>
		<loc> https://geoconnex.us/iow/usbr/rise/locations/291 </loc>
		<lastmod> 2023-06-07 14:29:12.516267 </lastmod>
	</url><url>
		<loc> https://geoconnex.us/iow/usbr/rise/locations/288 </loc>
		<lastmod> 2023-06-07 14:29:12.516282 </lastmod>
	</url><url>
		<loc> https://geoconnex.us/iow/usbr/rise/locations/278 </loc>
		<lastmod> 2023-06-07 14:29:12.516297 </lastmod>
	</url><url>
		<loc> https://geoconnex.us/iow/usbr/rise/locations/276 </loc>
		<lastmod> 2023-06-07 14:29:12.516312 </lastmod>
	</url><url>
		<loc> https://geoconnex.us/iow/usbr/rise/locations/271 </loc>
		<lastmod> 2023-06-07 14:29:12.516328 </lastmod>
	</url><url>
		<loc> https://geoconnex.us/iow/usbr/rise/locations/266 </loc>
		<lastmod> 2023-06-07 14:29:12.516343 </lastmod>
	</url><url>
		<loc> https://geoconnex.us/iow/usbr/rise/locations/262 </loc>
		<lastmod> 2023-06-07 14:29:12.516358 </lastmod>
	</url><url>
		<loc> https://geoconnex.us/iow/usbr/rise/locations/259 </loc>
		<lastmod> 2023-06-07 14:29:12.516373 </lastmod>
	</url><url>
		<loc> https://geoconnex.us/iow/usbr/rise/locations/5 </loc>
		<lastmod> 2023-06-07 14:29:12.516388 </lastmod>
	</url><url>
		<loc> https://geoconnex.us/iow/usbr/rise/locations/3 </loc>
		<lastmod> 2023-06-07 14:29:12.516404 </lastmod>
	</url><url>
		<loc> https://geoconnex.us/iow/usbr/rise/locations/2 </loc>
		<lastmod> 2023-06-07 14:29:12.516419 </lastmod>
	</url><url>
		<loc> https://geoconnex.us/iow/usbr/rise/locations/3583 </loc>
		<lastmod> 2023-06-07 14:29:12.516434 </lastmod>
	</url><url>
		<loc> https://geoconnex.us/iow/usbr/rise/locations/3582 </loc>
		<lastmod> 2023-06-07 14:29:12.516449 </lastmod>
	</url><url>
		<loc> https://geoconnex.us/iow/usbr/rise/locations/3580 </loc>
		<lastmod> 2023-06-07 14:29:12.516464 </lastmod>
	</url><url>
		<loc> https://geoconnex.us/iow/usbr/rise/locations/3579 </loc>
		<lastmod> 2023-06-07 14:29:12.516480 </lastmod>
	</url><url>
		<loc> https://geoconnex.us/iow/usbr/rise/locations/3578 </loc>
		<lastmod> 2023-06-07 14:29:12.516495 </lastmod>
	</url><url>
		<loc> https://geoconnex.us/iow/usbr/rise/locations/3577 </loc>
		<lastmod> 2023-06-07 14:29:12.516510 </lastmod>
	</url><url>
		<loc> https://geoconnex.us/iow/usbr/rise/locations/3576 </loc>
		<lastmod> 2023-06-07 14:29:12.516525 </lastmod>
	</url><url>
		<loc> https://geoconnex.us/iow/usbr/rise/locations/3575 </loc>
		<lastmod> 2023-06-07 14:29:12.516540 </lastmod>
	</url><url>
		<loc> https://geoconnex.us/iow/usbr/rise/locations/3574 </loc>
		<lastmod> 2023-06-07 14:29:12.516557 </lastmod>
	</url><url>
		<loc> https://geoconnex.us/iow/usbr/rise/locations/3573 </loc>
		<lastmod> 2023-06-07 14:29:12.516572 </lastmod>
	</url><url>
		<loc> https://geoconnex.us/iow/usbr/rise/locations/3572 </loc>
		<lastmod> 2023-06-07 14:29:12.516588 </lastmod>
	</url><url>
		<loc> https://geoconnex.us/iow/usbr/rise/locations/3570 </loc>
		<lastmod> 2023-06-07 14:29:12.516604 </lastmod>
	</url><url>
		<loc> https://geoconnex.us/iow/usbr/rise/locations/3569 </loc>
		<lastmod> 2023-06-07 14:29:12.516619 </lastmod>
	</url><url>
		<loc> https://geoconnex.us/iow/usbr/rise/locations/3568 </loc>
		<lastmod> 2023-06-07 14:29:12.516634 </lastmod>
	</url><url>
		<loc> https://geoconnex.us/iow/usbr/rise/locations/3567 </loc>
		<lastmod> 2023-06-07 14:29:12.516649 </lastmod>
	</url><url>
		<loc> https://geoconnex.us/iow/usbr/rise/locations/3566 </loc>
		<lastmod> 2023-06-07 14:29:12.516664 </lastmod>
	</url><url>
		<loc> https://geoconnex.us/iow/usbr/rise/locations/3565 </loc>
		<lastmod> 2023-06-07 14:29:12.516680 </lastmod>
	</url><url>
		<loc> https://geoconnex.us/iow/usbr/rise/locations/3564 </loc>
		<lastmod> 2023-06-07 14:29:12.516695 </lastmod>
	</url><url>
		<loc> https://geoconnex.us/iow/usbr/rise/locations/3563 </loc>
		<lastmod> 2023-06-07 14:29:12.516710 </lastmod>
	</url><url>
		<loc> https://geoconnex.us/iow/usbr/rise/locations/3562 </loc>
		<lastmod> 2023-06-07 14:29:12.516725 </lastmod>
	</url><url>
		<loc> https://geoconnex.us/iow/usbr/rise/locations/3561 </loc>
		<lastmod> 2023-06-07 14:29:12.516740 </lastmod>
	</url><url>
		<loc> https://geoconnex.us/iow/usbr/rise/locations/3560 </loc>
		<lastmod> 2023-06-07 14:29:12.516755 </lastmod>
	</url><url>
		<loc> https://geoconnex.us/iow/usbr/rise/locations/3559 </loc>
		<lastmod> 2023-06-07 14:29:12.516770 </lastmod>
	</url><url>
		<loc> https://geoconnex.us/iow/usbr/rise/locations/3558 </loc>
		<lastmod> 2023-06-07 14:29:12.516785 </lastmod>
	</url><url>
		<loc> https://geoconnex.us/iow/usbr/rise/locations/3557 </loc>
		<lastmod> 2023-06-07 14:29:12.516800 </lastmod>
	</url><url>
		<loc> https://geoconnex.us/iow/usbr/rise/locations/3556 </loc>
		<lastmod> 2023-06-07 14:29:12.516815 </lastmod>
	</url><url>
		<loc> https://geoconnex.us/iow/usbr/rise/locations/3555 </loc>
		<lastmod> 2023-06-07 14:29:12.516830 </lastmod>
	</url><url>
		<loc> https://geoconnex.us/iow/usbr/rise/locations/3554 </loc>
		<lastmod> 2023-06-07 14:29:12.516845 </lastmod>
	</url><url>
		<loc> https://geoconnex.us/iow/usbr/rise/locations/3553 </loc>
		<lastmod> 2023-06-07 14:29:12.516859 </lastmod>
	</url><url>
		<loc> https://geoconnex.us/iow/usbr/rise/locations/3552 </loc>
		<lastmod> 2023-06-07 14:29:12.516875 </lastmod>
	</url><url>
		<loc> https://geoconnex.us/iow/usbr/rise/locations/3551 </loc>
		<lastmod> 2023-06-07 14:29:12.516890 </lastmod>
	</url><url>
		<loc> https://geoconnex.us/iow/usbr/rise/locations/3550 </loc>
		<lastmod> 2023-06-07 14:29:12.516905 </lastmod>
	</url><url>
		<loc> https://geoconnex.us/iow/usbr/rise/locations/3549 </loc>
		<lastmod> 2023-06-07 14:29:12.516921 </lastmod>
	</url><url>
		<loc> https://geoconnex.us/iow/usbr/rise/locations/3548 </loc>
		<lastmod> 2023-06-07 14:29:12.516936 </lastmod>
	</url><url>
		<loc> https://geoconnex.us/iow/usbr/rise/locations/3547 </loc>
		<lastmod> 2023-06-07 14:29:12.516952 </lastmod>
	</url><url>
		<loc> https://geoconnex.us/iow/usbr/rise/locations/3546 </loc>
		<lastmod> 2023-06-07 14:29:12.516969 </lastmod>
	</url><url>
		<loc> https://geoconnex.us/iow/usbr/rise/locations/3545 </loc>
		<lastmod> 2023-06-07 14:29:12.516984 </lastmod>
	</url><url>
		<loc> https://geoconnex.us/iow/usbr/rise/locations/3544 </loc>
		<lastmod> 2023-06-07 14:29:12.516999 </lastmod>
	</url><url>
		<loc> https://geoconnex.us/iow/usbr/rise/locations/3543 </loc>
		<lastmod> 2023-06-07 14:29:12.517015 </lastmod>
	</url><url>
		<loc> https://geoconnex.us/iow/usbr/rise/locations/3542 </loc>
		<lastmod> 2023-06-07 14:29:12.517030 </lastmod>
	</url><url>
		<loc> https://geoconnex.us/iow/usbr/rise/locations/3541 </loc>
		<lastmod> 2023-06-07 14:29:12.517046 </lastmod>
	</url><url>
		<loc> https://geoconnex.us/iow/usbr/rise/locations/3540 </loc>
		<lastmod> 2023-06-07 14:29:12.517061 </lastmod>
	</url><url>
		<loc> https://geoconnex.us/iow/usbr/rise/locations/3539 </loc>
		<lastmod> 2023-06-07 14:29:12.517077 </lastmod>
	</url><url>
		<loc> https://geoconnex.us/iow/usbr/rise/locations/3538 </loc>
		<lastmod> 2023-06-07 14:29:12.517092 </lastmod>
	</url><url>
		<loc> https://geoconnex.us/iow/usbr/rise/locations/3537 </loc>
		<lastmod> 2023-06-07 14:29:12.517107 </lastmod>
	</url><url>
		<loc> https://geoconnex.us/iow/usbr/rise/locations/3536 </loc>
		<lastmod> 2023-06-07 14:29:12.517122 </lastmod>
	</url><url>
		<loc> https://geoconnex.us/iow/usbr/rise/locations/3535 </loc>
		<lastmod> 2023-06-07 14:29:12.517137 </lastmod>
	</url><url>
		<loc> https://geoconnex.us/iow/usbr/rise/locations/3534 </loc>
		<lastmod> 2023-06-07 14:29:12.517153 </lastmod>
	</url><url>
		<loc> https://geoconnex.us/iow/usbr/rise/locations/3533 </loc>
		<lastmod> 2023-06-07 14:29:12.517168 </lastmod>
	</url><url>
		<loc> https://geoconnex.us/iow/usbr/rise/locations/3532 </loc>
		<lastmod> 2023-06-07 14:29:12.517183 </lastmod>
	</url><url>
		<loc> https://geoconnex.us/iow/usbr/rise/locations/3531 </loc>
		<lastmod> 2023-06-07 14:29:12.517198 </lastmod>
	</url><url>
		<loc> https://geoconnex.us/iow/usbr/rise/locations/3530 </loc>
		<lastmod> 2023-06-07 14:29:12.517213 </lastmod>
	</url><url>
		<loc> https://geoconnex.us/iow/usbr/rise/locations/3513 </loc>
		<lastmod> 2023-06-07 14:29:12.517228 </lastmod>
	</url><url>
		<loc> https://geoconnex.us/iow/usbr/rise/locations/3512 </loc>
		<lastmod> 2023-06-07 14:29:12.517243 </lastmod>
	</url><url>
		<loc> https://geoconnex.us/iow/usbr/rise/locations/3500 </loc>
		<lastmod> 2023-06-07 14:29:12.517258 </lastmod>
	</url><url>
		<loc> https://geoconnex.us/iow/usbr/rise/locations/3499 </loc>
		<lastmod> 2023-06-07 14:29:12.517273 </lastmod>
	</url><url>
		<loc> https://geoconnex.us/iow/usbr/rise/locations/3498 </loc>
		<lastmod> 2023-06-07 14:29:12.517288 </lastmod>
	</url><url>
		<loc> https://geoconnex.us/iow/usbr/rise/locations/3497 </loc>
		<lastmod> 2023-06-07 14:29:12.517330 </lastmod>
	</url><url>
		<loc> https://geoconnex.us/iow/usbr/rise/locations/3496 </loc>
		<lastmod> 2023-06-07 14:29:12.517345 </lastmod>
	</url><url>
		<loc> https://geoconnex.us/iow/usbr/rise/locations/3495 </loc>
		<lastmod> 2023-06-07 14:29:12.517360 </lastmod>
	</url><url>
		<loc> https://geoconnex.us/iow/usbr/rise/locations/3494 </loc>
		<lastmod> 2023-06-07 14:29:12.517375 </lastmod>
	</url><url>
		<loc> https://geoconnex.us/iow/usbr/rise/locations/3492 </loc>
		<lastmod> 2023-06-07 14:29:12.517390 </lastmod>
	</url><url>
		<loc> https://geoconnex.us/iow/usbr/rise/locations/3491 </loc>
		<lastmod> 2023-06-07 14:29:12.517405 </lastmod>
	</url><url>
		<loc> https://geoconnex.us/iow/usbr/rise/locations/3490 </loc>
		<lastmod> 2023-06-07 14:29:12.517420 </lastmod>
	</url><url>
		<loc> https://geoconnex.us/iow/usbr/rise/locations/3489 </loc>
		<lastmod> 2023-06-07 14:29:12.517435 </lastmod>
	</url><url>
		<loc> https://geoconnex.us/iow/usbr/rise/locations/3488 </loc>
		<lastmod> 2023-06-07 14:29:12.517450 </lastmod>
	</url><url>
		<loc> https://geoconnex.us/iow/usbr/rise/locations/3486 </loc>
		<lastmod> 2023-06-07 14:29:12.517466 </lastmod>
	</url><url>
		<loc> https://geoconnex.us/iow/usbr/rise/locations/3485 </loc>
		<lastmod> 2023-06-07 14:29:12.517481 </lastmod>
	</url><url>
		<loc> https://geoconnex.us/iow/usbr/rise/locations/3484 </loc>
		<lastmod> 2023-06-07 14:29:12.517496 </lastmod>
	</url><url>
		<loc> https://geoconnex.us/iow/usbr/rise/locations/3483 </loc>
		<lastmod> 2023-06-07 14:29:12.517511 </lastmod>
	</url><url>
		<loc> https://geoconnex.us/iow/usbr/rise/locations/3482 </loc>
		<lastmod> 2023-06-07 14:29:12.517526 </lastmod>
	</url><url>
		<loc> https://geoconnex.us/iow/usbr/rise/locations/3481 </loc>
		<lastmod> 2023-06-07 14:29:12.517540 </lastmod>
	</url><url>
		<loc> https://geoconnex.us/iow/usbr/rise/locations/3480 </loc>
		<lastmod> 2023-06-07 14:29:12.517555 </lastmod>
	</url><url>
		<loc> https://geoconnex.us/iow/usbr/rise/locations/3479 </loc>
		<lastmod> 2023-06-07 14:29:12.517570 </lastmod>
	</url><url>
		<loc> https://geoconnex.us/iow/usbr/rise/locations/3478 </loc>
		<lastmod> 2023-06-07 14:29:12.517585 </lastmod>
	</url><url>
		<loc> https://geoconnex.us/iow/usbr/rise/locations/3477 </loc>
		<lastmod> 2023-06-07 14:29:12.517600 </lastmod>
	</url><url>
		<loc> https://geoconnex.us/iow/usbr/rise/locations/3468 </loc>
		<lastmod> 2023-06-07 14:29:12.517615 </lastmod>
	</url><url>
		<loc> https://geoconnex.us/iow/usbr/rise/locations/3467 </loc>
		<lastmod> 2023-06-07 14:29:12.517630 </lastmod>
	</url><url>
		<loc> https://geoconnex.us/iow/usbr/rise/locations/3466 </loc>
		<lastmod> 2023-06-07 14:29:12.517645 </lastmod>
	</url><url>
		<loc> https://geoconnex.us/iow/usbr/rise/locations/3465 </loc>
		<lastmod> 2023-06-07 14:29:12.517660 </lastmod>
	</url><url>
		<loc> https://geoconnex.us/iow/usbr/rise/locations/3464 </loc>
		<lastmod> 2023-06-07 14:29:12.517675 </lastmod>
	</url><url>
		<loc> https://geoconnex.us/iow/usbr/rise/locations/3463 </loc>
		<lastmod> 2023-06-07 14:29:12.517690 </lastmod>
	</url><url>
		<loc> https://geoconnex.us/iow/usbr/rise/locations/3462 </loc>
		<lastmod> 2023-06-07 14:29:12.517706 </lastmod>
	</url><url>
		<loc> https://geoconnex.us/iow/usbr/rise/locations/3461 </loc>
		<lastmod> 2023-06-07 14:29:12.517721 </lastmod>
	</url><url>
		<loc> https://geoconnex.us/iow/usbr/rise/locations/3460 </loc>
		<lastmod> 2023-06-07 14:29:12.517737 </lastmod>
	</url><url>
		<loc> https://geoconnex.us/iow/usbr/rise/locations/3459 </loc>
		<lastmod> 2023-06-07 14:29:12.517752 </lastmod>
	</url><url>
		<loc> https://geoconnex.us/iow/usbr/rise/locations/3452 </loc>
		<lastmod> 2023-06-07 14:29:12.517767 </lastmod>
	</url><url>
		<loc> https://geoconnex.us/iow/usbr/rise/locations/3451 </loc>
		<lastmod> 2023-06-07 14:29:12.517782 </lastmod>
	</url><url>
		<loc> https://geoconnex.us/iow/usbr/rise/locations/3450 </loc>
		<lastmod> 2023-06-07 14:29:12.517797 </lastmod>
	</url><url>
		<loc> https://geoconnex.us/iow/usbr/rise/locations/3449 </loc>
		<lastmod> 2023-06-07 14:29:12.517812 </lastmod>
	</url><url>
		<loc> https://geoconnex.us/iow/usbr/rise/locations/3448 </loc>
		<lastmod> 2023-06-07 14:29:12.517827 </lastmod>
	</url><url>
		<loc> https://geoconnex.us/iow/usbr/rise/locations/3447 </loc>
		<lastmod> 2023-06-07 14:29:12.517842 </lastmod>
	</url><url>
		<loc> https://geoconnex.us/iow/usbr/rise/locations/3446 </loc>
		<lastmod> 2023-06-07 14:29:12.517857 </lastmod>
	</url><url>
		<loc> https://geoconnex.us/iow/usbr/rise/locations/3445 </loc>
		<lastmod> 2023-06-07 14:29:12.517873 </lastmod>
	</url><url>
		<loc> https://geoconnex.us/iow/usbr/rise/locations/3439 </loc>
		<lastmod> 2023-06-07 14:29:12.517889 </lastmod>
	</url><url>
		<loc> https://geoconnex.us/iow/usbr/rise/locations/3438 </loc>
		<lastmod> 2023-06-07 14:29:12.517904 </lastmod>
	</url><url>
		<loc> https://geoconnex.us/iow/usbr/rise/locations/3437 </loc>
		<lastmod> 2023-06-07 14:29:12.517920 </lastmod>
	</url><url>
		<loc> https://geoconnex.us/iow/usbr/rise/locations/3436 </loc>
		<lastmod> 2023-06-07 14:29:12.517935 </lastmod>
	</url><url>
		<loc> https://geoconnex.us/iow/usbr/rise/locations/3435 </loc>
		<lastmod> 2023-06-07 14:29:12.517950 </lastmod>
	</url><url>
		<loc> https://geoconnex.us/iow/usbr/rise/locations/3434 </loc>
		<lastmod> 2023-06-07 14:29:12.517966 </lastmod>
	</url><url>
		<loc> https://geoconnex.us/iow/usbr/rise/locations/3433 </loc>
		<lastmod> 2023-06-07 14:29:12.517985 </lastmod>
	</url><url>
		<loc> https://geoconnex.us/iow/usbr/rise/locations/3432 </loc>
		<lastmod> 2023-06-07 14:29:12.518000 </lastmod>
	</url><url>
		<loc> https://geoconnex.us/iow/usbr/rise/locations/3431 </loc>
		<lastmod> 2023-06-07 14:29:12.518015 </lastmod>
	</url><url>
		<loc> https://geoconnex.us/iow/usbr/rise/locations/3430 </loc>
		<lastmod> 2023-06-07 14:29:12.518030 </lastmod>
	</url><url>
		<loc> https://geoconnex.us/iow/usbr/rise/locations/3429 </loc>
		<lastmod> 2023-06-07 14:29:12.518045 </lastmod>
	</url><url>
		<loc> https://geoconnex.us/iow/usbr/rise/locations/3428 </loc>
		<lastmod> 2023-06-07 14:29:12.518060 </lastmod>
	</url><url>
		<loc> https://geoconnex.us/iow/usbr/rise/locations/3427 </loc>
		<lastmod> 2023-06-07 14:29:12.518075 </lastmod>
	</url><url>
		<loc> https://geoconnex.us/iow/usbr/rise/locations/3426 </loc>
		<lastmod> 2023-06-07 14:29:12.518091 </lastmod>
	</url><url>
		<loc> https://geoconnex.us/iow/usbr/rise/locations/3425 </loc>
		<lastmod> 2023-06-07 14:29:12.518105 </lastmod>
	</url><url>
		<loc> https://geoconnex.us/iow/usbr/rise/locations/3424 </loc>
		<lastmod> 2023-06-07 14:29:12.518120 </lastmod>
	</url><url>
		<loc> https://geoconnex.us/iow/usbr/rise/locations/3423 </loc>
		<lastmod> 2023-06-07 14:29:12.518135 </lastmod>
	</url><url>
		<loc> https://geoconnex.us/iow/usbr/rise/locations/3422 </loc>
		<lastmod> 2023-06-07 14:29:12.518150 </lastmod>
	</url><url>
		<loc> https://geoconnex.us/iow/usbr/rise/locations/3421 </loc>
		<lastmod> 2023-06-07 14:29:12.518165 </lastmod>
	</url><url>
		<loc> https://geoconnex.us/iow/usbr/rise/locations/3420 </loc>
		<lastmod> 2023-06-07 14:29:12.518180 </lastmod>
	</url><url>
		<loc> https://geoconnex.us/iow/usbr/rise/locations/3419 </loc>
		<lastmod> 2023-06-07 14:29:12.518196 </lastmod>
	</url><url>
		<loc> https://geoconnex.us/iow/usbr/rise/locations/3418 </loc>
		<lastmod> 2023-06-07 14:29:12.518211 </lastmod>
	</url><url>
		<loc> https://geoconnex.us/iow/usbr/rise/locations/3417 </loc>
		<lastmod> 2023-06-07 14:29:12.518226 </lastmod>
	</url><url>
		<loc> https://geoconnex.us/iow/usbr/rise/locations/3416 </loc>
		<lastmod> 2023-06-07 14:29:12.518241 </lastmod>
	</url><url>
		<loc> https://geoconnex.us/iow/usbr/rise/locations/3405 </loc>
		<lastmod> 2023-06-07 14:29:12.518256 </lastmod>
	</url><url>
		<loc> https://geoconnex.us/iow/usbr/rise/locations/3404 </loc>
		<lastmod> 2023-06-07 14:29:12.518270 </lastmod>
	</url><url>
		<loc> https://geoconnex.us/iow/usbr/rise/locations/3403 </loc>
		<lastmod> 2023-06-07 14:29:12.518285 </lastmod>
	</url><url>
		<loc> https://geoconnex.us/iow/usbr/rise/locations/3402 </loc>
		<lastmod> 2023-06-07 14:29:12.518301 </lastmod>
	</url><url>
		<loc> https://geoconnex.us/iow/usbr/rise/locations/3401 </loc>
		<lastmod> 2023-06-07 14:29:12.518317 </lastmod>
	</url><url>
		<loc> https://geoconnex.us/iow/usbr/rise/locations/3400 </loc>
		<lastmod> 2023-06-07 14:29:12.518334 </lastmod>
	</url><url>
		<loc> https://geoconnex.us/iow/usbr/rise/locations/3399 </loc>
		<lastmod> 2023-06-07 14:29:12.518349 </lastmod>
	</url><url>
		<loc> https://geoconnex.us/iow/usbr/rise/locations/3398 </loc>
		<lastmod> 2023-06-07 14:29:12.518364 </lastmod>
	</url><url>
		<loc> https://geoconnex.us/iow/usbr/rise/locations/3397 </loc>
		<lastmod> 2023-06-07 14:29:12.518380 </lastmod>
	</url><url>
		<loc> https://geoconnex.us/iow/usbr/rise/locations/3396 </loc>
		<lastmod> 2023-06-07 14:29:12.518395 </lastmod>
	</url><url>
		<loc> https://geoconnex.us/iow/usbr/rise/locations/3395 </loc>
		<lastmod> 2023-06-07 14:29:12.518410 </lastmod>
	</url><url>
		<loc> https://geoconnex.us/iow/usbr/rise/locations/3394 </loc>
		<lastmod> 2023-06-07 14:29:12.518425 </lastmod>
	</url><url>
		<loc> https://geoconnex.us/iow/usbr/rise/locations/3393 </loc>
		<lastmod> 2023-06-07 14:29:12.518440 </lastmod>
	</url><url>
		<loc> https://geoconnex.us/iow/usbr/rise/locations/3392 </loc>
		<lastmod> 2023-06-07 14:29:12.518455 </lastmod>
	</url><url>
		<loc> https://geoconnex.us/iow/usbr/rise/locations/3391 </loc>
		<lastmod> 2023-06-07 14:29:12.518470 </lastmod>
	</url><url>
		<loc> https://geoconnex.us/iow/usbr/rise/locations/3390 </loc>
		<lastmod> 2023-06-07 14:29:12.518485 </lastmod>
	</url><url>
		<loc> https://geoconnex.us/iow/usbr/rise/locations/3389 </loc>
		<lastmod> 2023-06-07 14:29:12.518500 </lastmod>
	</url><url>
		<loc> https://geoconnex.us/iow/usbr/rise/locations/3388 </loc>
		<lastmod> 2023-06-07 14:29:12.518515 </lastmod>
	</url><url>
		<loc> https://geoconnex.us/iow/usbr/rise/locations/3387 </loc>
		<lastmod> 2023-06-07 14:29:12.518530 </lastmod>
	</url><url>
		<loc> https://geoconnex.us/iow/usbr/rise/locations/3386 </loc>
		<lastmod> 2023-06-07 14:29:12.518544 </lastmod>
	</url><url>
		<loc> https://geoconnex.us/iow/usbr/rise/locations/3385 </loc>
		<lastmod> 2023-06-07 14:29:12.518559 </lastmod>
	</url><url>
		<loc> https://geoconnex.us/iow/usbr/rise/locations/3384 </loc>
		<lastmod> 2023-06-07 14:29:12.518574 </lastmod>
	</url><url>
		<loc> https://geoconnex.us/iow/usbr/rise/locations/3383 </loc>
		<lastmod> 2023-06-07 14:29:12.518590 </lastmod>
	</url><url>
		<loc> https://geoconnex.us/iow/usbr/rise/locations/3382 </loc>
		<lastmod> 2023-06-07 14:29:12.518605 </lastmod>
	</url><url>
		<loc> https://geoconnex.us/iow/usbr/rise/locations/3381 </loc>
		<lastmod> 2023-06-07 14:29:12.518620 </lastmod>
	</url><url>
		<loc> https://geoconnex.us/iow/usbr/rise/locations/3380 </loc>
		<lastmod> 2023-06-07 14:29:12.518635 </lastmod>
	</url><url>
		<loc> https://geoconnex.us/iow/usbr/rise/locations/3379 </loc>
		<lastmod> 2023-06-07 14:29:12.518650 </lastmod>
	</url><url>
		<loc> https://geoconnex.us/iow/usbr/rise/locations/3378 </loc>
		<lastmod> 2023-06-07 14:29:12.518665 </lastmod>
	</url><url>
		<loc> https://geoconnex.us/iow/usbr/rise/locations/3377 </loc>
		<lastmod> 2023-06-07 14:29:12.518680 </lastmod>
	</url><url>
		<loc> https://geoconnex.us/iow/usbr/rise/locations/3376 </loc>
		<lastmod> 2023-06-07 14:29:12.518695 </lastmod>
	</url><url>
		<loc> https://geoconnex.us/iow/usbr/rise/locations/3375 </loc>
		<lastmod> 2023-06-07 14:29:12.518710 </lastmod>
	</url><url>
		<loc> https://geoconnex.us/iow/usbr/rise/locations/3374 </loc>
		<lastmod> 2023-06-07 14:29:12.518726 </lastmod>
	</url><url>
		<loc> https://geoconnex.us/iow/usbr/rise/locations/3373 </loc>
		<lastmod> 2023-06-07 14:29:12.518742 </lastmod>
	</url><url>
		<loc> https://geoconnex.us/iow/usbr/rise/locations/3372 </loc>
		<lastmod> 2023-06-07 14:29:12.518757 </lastmod>
	</url><url>
		<loc> https://geoconnex.us/iow/usbr/rise/locations/3371 </loc>
		<lastmod> 2023-06-07 14:29:12.518772 </lastmod>
	</url><url>
		<loc> https://geoconnex.us/iow/usbr/rise/locations/3370 </loc>
		<lastmod> 2023-06-07 14:29:12.518788 </lastmod>
	</url><url>
		<loc> https://geoconnex.us/iow/usbr/rise/locations/3369 </loc>
		<lastmod> 2023-06-07 14:29:12.518803 </lastmod>
	</url><url>
		<loc> https://geoconnex.us/iow/usbr/rise/locations/3368 </loc>
		<lastmod> 2023-06-07 14:29:12.518818 </lastmod>
	</url><url>
		<loc> https://geoconnex.us/iow/usbr/rise/locations/3367 </loc>
		<lastmod> 2023-06-07 14:29:12.518833 </lastmod>
	</url><url>
		<loc> https://geoconnex.us/iow/usbr/rise/locations/3366 </loc>
		<lastmod> 2023-06-07 14:29:12.518848 </lastmod>
	</url><url>
		<loc> https://geoconnex.us/iow/usbr/rise/locations/3365 </loc>
		<lastmod> 2023-06-07 14:29:12.518863 </lastmod>
	</url><url>
		<loc> https://geoconnex.us/iow/usbr/rise/locations/3364 </loc>
		<lastmod> 2023-06-07 14:29:12.518878 </lastmod>
	</url><url>
		<loc> https://geoconnex.us/iow/usbr/rise/locations/3363 </loc>
		<lastmod> 2023-06-07 14:29:12.518894 </lastmod>
	</url><url>
		<loc> https://geoconnex.us/iow/usbr/rise/locations/3362 </loc>
		<lastmod> 2023-06-07 14:29:12.518909 </lastmod>
	</url><url>
		<loc> https://geoconnex.us/iow/usbr/rise/locations/3361 </loc>
		<lastmod> 2023-06-07 14:29:12.518924 </lastmod>
	</url><url>
		<loc> https://geoconnex.us/iow/usbr/rise/locations/3360 </loc>
		<lastmod> 2023-06-07 14:29:12.518939 </lastmod>
	</url><url>
		<loc> https://geoconnex.us/iow/usbr/rise/locations/3359 </loc>
		<lastmod> 2023-06-07 14:29:12.518954 </lastmod>
	</url><url>
		<loc> https://geoconnex.us/iow/usbr/rise/locations/3358 </loc>
		<lastmod> 2023-06-07 14:29:12.518969 </lastmod>
	</url><url>
		<loc> https://geoconnex.us/iow/usbr/rise/locations/3357 </loc>
		<lastmod> 2023-06-07 14:29:12.518984 </lastmod>
	</url><url>
		<loc> https://geoconnex.us/iow/usbr/rise/locations/3356 </loc>
		<lastmod> 2023-06-07 14:29:12.518999 </lastmod>
	</url><url>
		<loc> https://geoconnex.us/iow/usbr/rise/locations/3355 </loc>
		<lastmod> 2023-06-07 14:29:12.519015 </lastmod>
	</url><url>
		<loc> https://geoconnex.us/iow/usbr/rise/locations/3354 </loc>
		<lastmod> 2023-06-07 14:29:12.519030 </lastmod>
	</url><url>
		<loc> https://geoconnex.us/iow/usbr/rise/locations/3353 </loc>
		<lastmod> 2023-06-07 14:29:12.519045 </lastmod>
	</url><url>
		<loc> https://geoconnex.us/iow/usbr/rise/locations/3352 </loc>
		<lastmod> 2023-06-07 14:29:12.519060 </lastmod>
	</url><url>
		<loc> https://geoconnex.us/iow/usbr/rise/locations/3351 </loc>
		<lastmod> 2023-06-07 14:29:12.519075 </lastmod>
	</url><url>
		<loc> https://geoconnex.us/iow/usbr/rise/locations/3350 </loc>
		<lastmod> 2023-06-07 14:29:12.519116 </lastmod>
	</url><url>
		<loc> https://geoconnex.us/iow/usbr/rise/locations/3349 </loc>
		<lastmod> 2023-06-07 14:29:12.519132 </lastmod>
	</url><url>
		<loc> https://geoconnex.us/iow/usbr/rise/locations/3348 </loc>
		<lastmod> 2023-06-07 14:29:12.519147 </lastmod>
	</url><url>
		<loc> https://geoconnex.us/iow/usbr/rise/locations/3347 </loc>
		<lastmod> 2023-06-07 14:29:12.519162 </lastmod>
	</url><url>
		<loc> https://geoconnex.us/iow/usbr/rise/locations/3346 </loc>
		<lastmod> 2023-06-07 14:29:12.519177 </lastmod>
	</url><url>
		<loc> https://geoconnex.us/iow/usbr/rise/locations/3345 </loc>
		<lastmod> 2023-06-07 14:29:12.519193 </lastmod>
	</url><url>
		<loc> https://geoconnex.us/iow/usbr/rise/locations/3344 </loc>
		<lastmod> 2023-06-07 14:29:12.519209 </lastmod>
	</url><url>
		<loc> https://geoconnex.us/iow/usbr/rise/locations/3343 </loc>
		<lastmod> 2023-06-07 14:29:12.519224 </lastmod>
	</url><url>
		<loc> https://geoconnex.us/iow/usbr/rise/locations/3342 </loc>
		<lastmod> 2023-06-07 14:29:12.519239 </lastmod>
	</url><url>
		<loc> https://geoconnex.us/iow/usbr/rise/locations/3341 </loc>
		<lastmod> 2023-06-07 14:29:12.519255 </lastmod>
	</url><url>
		<loc> https://geoconnex.us/iow/usbr/rise/locations/3340 </loc>
		<lastmod> 2023-06-07 14:29:12.519270 </lastmod>
	</url><url>
		<loc> https://geoconnex.us/iow/usbr/rise/locations/3339 </loc>
		<lastmod> 2023-06-07 14:29:12.519285 </lastmod>
	</url><url>
		<loc> https://geoconnex.us/iow/usbr/rise/locations/3338 </loc>
		<lastmod> 2023-06-07 14:29:12.519301 </lastmod>
	</url><url>
		<loc> https://geoconnex.us/iow/usbr/rise/locations/3337 </loc>
		<lastmod> 2023-06-07 14:29:12.519316 </lastmod>
	</url><url>
		<loc> https://geoconnex.us/iow/usbr/rise/locations/3334 </loc>
		<lastmod> 2023-06-07 14:29:12.519331 </lastmod>
	</url><url>
		<loc> https://geoconnex.us/iow/usbr/rise/locations/3333 </loc>
		<lastmod> 2023-06-07 14:29:12.519346 </lastmod>
	</url><url>
		<loc> https://geoconnex.us/iow/usbr/rise/locations/3332 </loc>
		<lastmod> 2023-06-07 14:29:12.519361 </lastmod>
	</url><url>
		<loc> https://geoconnex.us/iow/usbr/rise/locations/3331 </loc>
		<lastmod> 2023-06-07 14:29:12.519376 </lastmod>
	</url><url>
		<loc> https://geoconnex.us/iow/usbr/rise/locations/3330 </loc>
		<lastmod> 2023-06-07 14:29:12.519391 </lastmod>
	</url><url>
		<loc> https://geoconnex.us/iow/usbr/rise/locations/3329 </loc>
		<lastmod> 2023-06-07 14:29:12.519406 </lastmod>
	</url><url>
		<loc> https://geoconnex.us/iow/usbr/rise/locations/3328 </loc>
		<lastmod> 2023-06-07 14:29:12.519421 </lastmod>
	</url><url>
		<loc> https://geoconnex.us/iow/usbr/rise/locations/3327 </loc>
		<lastmod> 2023-06-07 14:29:12.519436 </lastmod>
	</url><url>
		<loc> https://geoconnex.us/iow/usbr/rise/locations/3326 </loc>
		<lastmod> 2023-06-07 14:29:12.519451 </lastmod>
	</url><url>
		<loc> https://geoconnex.us/iow/usbr/rise/locations/3325 </loc>
		<lastmod> 2023-06-07 14:29:12.519466 </lastmod>
	</url><url>
		<loc> https://geoconnex.us/iow/usbr/rise/locations/3324 </loc>
		<lastmod> 2023-06-07 14:29:12.519481 </lastmod>
	</url><url>
		<loc> https://geoconnex.us/iow/usbr/rise/locations/3323 </loc>
		<lastmod> 2023-06-07 14:29:12.519497 </lastmod>
	</url><url>
		<loc> https://geoconnex.us/iow/usbr/rise/locations/3322 </loc>
		<lastmod> 2023-06-07 14:29:12.519512 </lastmod>
	</url><url>
		<loc> https://geoconnex.us/iow/usbr/rise/locations/3321 </loc>
		<lastmod> 2023-06-07 14:29:12.519527 </lastmod>
	</url><url>
		<loc> https://geoconnex.us/iow/usbr/rise/locations/3320 </loc>
		<lastmod> 2023-06-07 14:29:12.519542 </lastmod>
	</url><url>
		<loc> https://geoconnex.us/iow/usbr/rise/locations/3319 </loc>
		<lastmod> 2023-06-07 14:29:12.519557 </lastmod>
	</url><url>
		<loc> https://geoconnex.us/iow/usbr/rise/locations/3318 </loc>
		<lastmod> 2023-06-07 14:29:12.519572 </lastmod>
	</url><url>
		<loc> https://geoconnex.us/iow/usbr/rise/locations/3317 </loc>
		<lastmod> 2023-06-07 14:29:12.519587 </lastmod>
	</url><url>
		<loc> https://geoconnex.us/iow/usbr/rise/locations/3316 </loc>
		<lastmod> 2023-06-07 14:29:12.519602 </lastmod>
	</url><url>
		<loc> https://geoconnex.us/iow/usbr/rise/locations/3315 </loc>
		<lastmod> 2023-06-07 14:29:12.519617 </lastmod>
	</url><url>
		<loc> https://geoconnex.us/iow/usbr/rise/locations/3314 </loc>
		<lastmod> 2023-06-07 14:29:12.519633 </lastmod>
	</url><url>
		<loc> https://geoconnex.us/iow/usbr/rise/locations/3313 </loc>
		<lastmod> 2023-06-07 14:29:12.519648 </lastmod>
	</url><url>
		<loc> https://geoconnex.us/iow/usbr/rise/locations/3312 </loc>
		<lastmod> 2023-06-07 14:29:12.519663 </lastmod>
	</url><url>
		<loc> https://geoconnex.us/iow/usbr/rise/locations/3311 </loc>
		<lastmod> 2023-06-07 14:29:12.519679 </lastmod>
	</url><url>
		<loc> https://geoconnex.us/iow/usbr/rise/locations/3310 </loc>
		<lastmod> 2023-06-07 14:29:12.519694 </lastmod>
	</url><url>
		<loc> https://geoconnex.us/iow/usbr/rise/locations/3309 </loc>
		<lastmod> 2023-06-07 14:29:12.519709 </lastmod>
	</url><url>
		<loc> https://geoconnex.us/iow/usbr/rise/locations/3308 </loc>
		<lastmod> 2023-06-07 14:29:12.519724 </lastmod>
	</url><url>
		<loc> https://geoconnex.us/iow/usbr/rise/locations/3307 </loc>
		<lastmod> 2023-06-07 14:29:12.519740 </lastmod>
	</url><url>
		<loc> https://geoconnex.us/iow/usbr/rise/locations/3306 </loc>
		<lastmod> 2023-06-07 14:29:12.519755 </lastmod>
	</url><url>
		<loc> https://geoconnex.us/iow/usbr/rise/locations/3305 </loc>
		<lastmod> 2023-06-07 14:29:12.519770 </lastmod>
	</url><url>
		<loc> https://geoconnex.us/iow/usbr/rise/locations/3304 </loc>
		<lastmod> 2023-06-07 14:29:12.519785 </lastmod>
	</url><url>
		<loc> https://geoconnex.us/iow/usbr/rise/locations/3302 </loc>
		<lastmod> 2023-06-07 14:29:12.519800 </lastmod>
	</url><url>
		<loc> https://geoconnex.us/iow/usbr/rise/locations/3301 </loc>
		<lastmod> 2023-06-07 14:29:12.519816 </lastmod>
	</url><url>
		<loc> https://geoconnex.us/iow/usbr/rise/locations/3300 </loc>
		<lastmod> 2023-06-07 14:29:12.519831 </lastmod>
	</url><url>
		<loc> https://geoconnex.us/iow/usbr/rise/locations/3298 </loc>
		<lastmod> 2023-06-07 14:29:12.519846 </lastmod>
	</url><url>
		<loc> https://geoconnex.us/iow/usbr/rise/locations/3297 </loc>
		<lastmod> 2023-06-07 14:29:12.519861 </lastmod>
	</url><url>
		<loc> https://geoconnex.us/iow/usbr/rise/locations/3295 </loc>
		<lastmod> 2023-06-07 14:29:12.519876 </lastmod>
	</url><url>
		<loc> https://geoconnex.us/iow/usbr/rise/locations/3294 </loc>
		<lastmod> 2023-06-07 14:29:12.519892 </lastmod>
	</url><url>
		<loc> https://geoconnex.us/iow/usbr/rise/locations/3293 </loc>
		<lastmod> 2023-06-07 14:29:12.519906 </lastmod>
	</url><url>
		<loc> https://geoconnex.us/iow/usbr/rise/locations/3292 </loc>
		<lastmod> 2023-06-07 14:29:12.519921 </lastmod>
	</url><url>
		<loc> https://geoconnex.us/iow/usbr/rise/locations/3290 </loc>
		<lastmod> 2023-06-07 14:29:12.519936 </lastmod>
	</url><url>
		<loc> https://geoconnex.us/iow/usbr/rise/locations/3289 </loc>
		<lastmod> 2023-06-07 14:29:12.519951 </lastmod>
	</url><url>
		<loc> https://geoconnex.us/iow/usbr/rise/locations/3288 </loc>
		<lastmod> 2023-06-07 14:29:12.519966 </lastmod>
	</url><url>
		<loc> https://geoconnex.us/iow/usbr/rise/locations/3287 </loc>
		<lastmod> 2023-06-07 14:29:12.519981 </lastmod>
	</url><url>
		<loc> https://geoconnex.us/iow/usbr/rise/locations/3286 </loc>
		<lastmod> 2023-06-07 14:29:12.519997 </lastmod>
	</url><url>
		<loc> https://geoconnex.us/iow/usbr/rise/locations/3284 </loc>
		<lastmod> 2023-06-07 14:29:12.520012 </lastmod>
	</url><url>
		<loc> https://geoconnex.us/iow/usbr/rise/locations/3283 </loc>
		<lastmod> 2023-06-07 14:29:12.520028 </lastmod>
	</url><url>
		<loc> https://geoconnex.us/iow/usbr/rise/locations/3282 </loc>
		<lastmod> 2023-06-07 14:29:12.520043 </lastmod>
	</url><url>
		<loc> https://geoconnex.us/iow/usbr/rise/locations/3281 </loc>
		<lastmod> 2023-06-07 14:29:12.520058 </lastmod>
	</url><url>
		<loc> https://geoconnex.us/iow/usbr/rise/locations/3280 </loc>
		<lastmod> 2023-06-07 14:29:12.520074 </lastmod>
	</url><url>
		<loc> https://geoconnex.us/iow/usbr/rise/locations/3279 </loc>
		<lastmod> 2023-06-07 14:29:12.520089 </lastmod>
	</url><url>
		<loc> https://geoconnex.us/iow/usbr/rise/locations/3278 </loc>
		<lastmod> 2023-06-07 14:29:12.520105 </lastmod>
	</url><url>
		<loc> https://geoconnex.us/iow/usbr/rise/locations/3276 </loc>
		<lastmod> 2023-06-07 14:29:12.520120 </lastmod>
	</url><url>
		<loc> https://geoconnex.us/iow/usbr/rise/locations/3275 </loc>
		<lastmod> 2023-06-07 14:29:12.520135 </lastmod>
	</url><url>
		<loc> https://geoconnex.us/iow/usbr/rise/locations/3274 </loc>
		<lastmod> 2023-06-07 14:29:12.520150 </lastmod>
	</url><url>
		<loc> https://geoconnex.us/iow/usbr/rise/locations/3273 </loc>
		<lastmod> 2023-06-07 14:29:12.520186 </lastmod>
	</url><url>
		<loc> https://geoconnex.us/iow/usbr/rise/locations/3272 </loc>
		<lastmod> 2023-06-07 14:29:12.520203 </lastmod>
	</url><url>
		<loc> https://geoconnex.us/iow/usbr/rise/locations/3271 </loc>
		<lastmod> 2023-06-07 14:29:12.520219 </lastmod>
	</url><url>
		<loc> https://geoconnex.us/iow/usbr/rise/locations/3270 </loc>
		<lastmod> 2023-06-07 14:29:12.520234 </lastmod>
	</url><url>
		<loc> https://geoconnex.us/iow/usbr/rise/locations/3269 </loc>
		<lastmod> 2023-06-07 14:29:12.520249 </lastmod>
	</url><url>
		<loc> https://geoconnex.us/iow/usbr/rise/locations/3268 </loc>
		<lastmod> 2023-06-07 14:29:12.520265 </lastmod>
	</url><url>
		<loc> https://geoconnex.us/iow/usbr/rise/locations/3267 </loc>
		<lastmod> 2023-06-07 14:29:12.520280 </lastmod>
	</url><url>
		<loc> https://geoconnex.us/iow/usbr/rise/locations/3266 </loc>
		<lastmod> 2023-06-07 14:29:12.520295 </lastmod>
	</url><url>
		<loc> https://geoconnex.us/iow/usbr/rise/locations/3265 </loc>
		<lastmod> 2023-06-07 14:29:12.520310 </lastmod>
	</url><url>
		<loc> https://geoconnex.us/iow/usbr/rise/locations/3264 </loc>
		<lastmod> 2023-06-07 14:29:12.520325 </lastmod>
	</url><url>
		<loc> https://geoconnex.us/iow/usbr/rise/locations/3263 </loc>
		<lastmod> 2023-06-07 14:29:12.520340 </lastmod>
	</url><url>
		<loc> https://geoconnex.us/iow/usbr/rise/locations/3262 </loc>
		<lastmod> 2023-06-07 14:29:12.520355 </lastmod>
	</url><url>
		<loc> https://geoconnex.us/iow/usbr/rise/locations/3261 </loc>
		<lastmod> 2023-06-07 14:29:12.520370 </lastmod>
	</url><url>
		<loc> https://geoconnex.us/iow/usbr/rise/locations/3259 </loc>
		<lastmod> 2023-06-07 14:29:12.520385 </lastmod>
	</url><url>
		<loc> https://geoconnex.us/iow/usbr/rise/locations/3258 </loc>
		<lastmod> 2023-06-07 14:29:12.520400 </lastmod>
	</url><url>
		<loc> https://geoconnex.us/iow/usbr/rise/locations/3257 </loc>
		<lastmod> 2023-06-07 14:29:12.520415 </lastmod>
	</url><url>
		<loc> https://geoconnex.us/iow/usbr/rise/locations/3256 </loc>
		<lastmod> 2023-06-07 14:29:12.520430 </lastmod>
	</url><url>
		<loc> https://geoconnex.us/iow/usbr/rise/locations/3255 </loc>
		<lastmod> 2023-06-07 14:29:12.520445 </lastmod>
	</url><url>
		<loc> https://geoconnex.us/iow/usbr/rise/locations/3254 </loc>
		<lastmod> 2023-06-07 14:29:12.520461 </lastmod>
	</url><url>
		<loc> https://geoconnex.us/iow/usbr/rise/locations/3253 </loc>
		<lastmod> 2023-06-07 14:29:12.520477 </lastmod>
	</url><url>
		<loc> https://geoconnex.us/iow/usbr/rise/locations/3252 </loc>
		<lastmod> 2023-06-07 14:29:12.520493 </lastmod>
	</url><url>
		<loc> https://geoconnex.us/iow/usbr/rise/locations/3251 </loc>
		<lastmod> 2023-06-07 14:29:12.520508 </lastmod>
	</url><url>
		<loc> https://geoconnex.us/iow/usbr/rise/locations/3250 </loc>
		<lastmod> 2023-06-07 14:29:12.520524 </lastmod>
	</url><url>
		<loc> https://geoconnex.us/iow/usbr/rise/locations/3249 </loc>
		<lastmod> 2023-06-07 14:29:12.520540 </lastmod>
	</url><url>
		<loc> https://geoconnex.us/iow/usbr/rise/locations/3248 </loc>
		<lastmod> 2023-06-07 14:29:12.520555 </lastmod>
	</url><url>
		<loc> https://geoconnex.us/iow/usbr/rise/locations/477 </loc>
		<lastmod> 2023-06-07 14:29:12.520570 </lastmod>
	</url><url>
		<loc> https://geoconnex.us/iow/usbr/rise/locations/448 </loc>
		<lastmod> 2023-06-07 14:29:12.520586 </lastmod>
	</url><url>
		<loc> https://geoconnex.us/iow/usbr/rise/locations/431 </loc>
		<lastmod> 2023-06-07 14:29:12.520601 </lastmod>
	</url><url>
		<loc> https://geoconnex.us/iow/usbr/rise/locations/338 </loc>
		<lastmod> 2023-06-07 14:29:12.520616 </lastmod>
	</url><url>
		<loc> https://geoconnex.us/iow/usbr/rise/locations/3247 </loc>
		<lastmod> 2023-06-07 14:29:12.520631 </lastmod>
	</url><url>
		<loc> https://geoconnex.us/iow/usbr/rise/locations/3246 </loc>
		<lastmod> 2023-06-07 14:29:12.520646 </lastmod>
	</url><url>
		<loc> https://geoconnex.us/iow/usbr/rise/locations/3245 </loc>
		<lastmod> 2023-06-07 14:29:12.520661 </lastmod>
	</url><url>
		<loc> https://geoconnex.us/iow/usbr/rise/locations/3244 </loc>
		<lastmod> 2023-06-07 14:29:12.520676 </lastmod>
	</url><url>
		<loc> https://geoconnex.us/iow/usbr/rise/locations/3243 </loc>
		<lastmod> 2023-06-07 14:29:12.520691 </lastmod>
	</url><url>
		<loc> https://geoconnex.us/iow/usbr/rise/locations/3209 </loc>
		<lastmod> 2023-06-07 14:29:12.520707 </lastmod>
	</url><url>
		<loc> https://geoconnex.us/iow/usbr/rise/locations/3208 </loc>
		<lastmod> 2023-06-07 14:29:12.520722 </lastmod>
	</url><url>
		<loc> https://geoconnex.us/iow/usbr/rise/locations/3207 </loc>
		<lastmod> 2023-06-07 14:29:12.520737 </lastmod>
	</url><url>
		<loc> https://geoconnex.us/iow/usbr/rise/locations/3125 </loc>
		<lastmod> 2023-06-07 14:29:12.520753 </lastmod>
	</url><url>
		<loc> https://geoconnex.us/iow/usbr/rise/locations/3183 </loc>
		<lastmod> 2023-06-07 14:29:12.520768 </lastmod>
	</url><url>
		<loc> https://geoconnex.us/iow/usbr/rise/locations/3182 </loc>
		<lastmod> 2023-06-07 14:29:12.520783 </lastmod>
	</url><url>
		<loc> https://geoconnex.us/iow/usbr/rise/locations/3181 </loc>
		<lastmod> 2023-06-07 14:29:12.520798 </lastmod>
	</url><url>
		<loc> https://geoconnex.us/iow/usbr/rise/locations/3204 </loc>
		<lastmod> 2023-06-07 14:29:12.520813 </lastmod>
	</url><url>
		<loc> https://geoconnex.us/iow/usbr/rise/locations/3203 </loc>
		<lastmod> 2023-06-07 14:29:12.520829 </lastmod>
	</url><url>
		<loc> https://geoconnex.us/iow/usbr/rise/locations/3201 </loc>
		<lastmod> 2023-06-07 14:29:12.520844 </lastmod>
	</url><url>
		<loc> https://geoconnex.us/iow/usbr/rise/locations/3200 </loc>
		<lastmod> 2023-06-07 14:29:12.520860 </lastmod>
	</url><url>
		<loc> https://geoconnex.us/iow/usbr/rise/locations/3199 </loc>
		<lastmod> 2023-06-07 14:29:12.520875 </lastmod>
	</url><url>
		<loc> https://geoconnex.us/iow/usbr/rise/locations/3198 </loc>
		<lastmod> 2023-06-07 14:29:12.520891 </lastmod>
	</url><url>
		<loc> https://geoconnex.us/iow/usbr/rise/locations/3196 </loc>
		<lastmod> 2023-06-07 14:29:12.521050 </lastmod>
	</url><url>
		<loc> https://geoconnex.us/iow/usbr/rise/locations/3195 </loc>
		<lastmod> 2023-06-07 14:29:12.521068 </lastmod>
	</url><url>
		<loc> https://geoconnex.us/iow/usbr/rise/locations/3194 </loc>
		<lastmod> 2023-06-07 14:29:12.521084 </lastmod>
	</url><url>
		<loc> https://geoconnex.us/iow/usbr/rise/locations/3193 </loc>
		<lastmod> 2023-06-07 14:29:12.521099 </lastmod>
	</url><url>
		<loc> https://geoconnex.us/iow/usbr/rise/locations/3192 </loc>
		<lastmod> 2023-06-07 14:29:12.521115 </lastmod>
	</url><url>
		<loc> https://geoconnex.us/iow/usbr/rise/locations/3191 </loc>
		<lastmod> 2023-06-07 14:29:12.521130 </lastmod>
	</url><url>
		<loc> https://geoconnex.us/iow/usbr/rise/locations/3190 </loc>
		<lastmod> 2023-06-07 14:29:12.521145 </lastmod>
	</url><url>
		<loc> https://geoconnex.us/iow/usbr/rise/locations/3189 </loc>
		<lastmod> 2023-06-07 14:29:12.521160 </lastmod>
	</url><url>
		<loc> https://geoconnex.us/iow/usbr/rise/locations/3188 </loc>
		<lastmod> 2023-06-07 14:29:12.521176 </lastmod>
	</url><url>
		<loc> https://geoconnex.us/iow/usbr/rise/locations/3187 </loc>
		<lastmod> 2023-06-07 14:29:12.521191 </lastmod>
	</url><url>
		<loc> https://geoconnex.us/iow/usbr/rise/locations/3186 </loc>
		<lastmod> 2023-06-07 14:29:12.521206 </lastmod>
	</url><url>
		<loc> https://geoconnex.us/iow/usbr/rise/locations/3185 </loc>
		<lastmod> 2023-06-07 14:29:12.521221 </lastmod>
	</url><url>
		<loc> https://geoconnex.us/iow/usbr/rise/locations/3184 </loc>
		<lastmod> 2023-06-07 14:29:12.521236 </lastmod>
	</url><url>
		<loc> https://geoconnex.us/iow/usbr/rise/locations/3180 </loc>
		<lastmod> 2023-06-07 14:29:12.521251 </lastmod>
	</url><url>
		<loc> https://geoconnex.us/iow/usbr/rise/locations/3178 </loc>
		<lastmod> 2023-06-07 14:29:12.521265 </lastmod>
	</url><url>
		<loc> https://geoconnex.us/iow/usbr/rise/locations/3177 </loc>
		<lastmod> 2023-06-07 14:29:12.521280 </lastmod>
	</url><url>
		<loc> https://geoconnex.us/iow/usbr/rise/locations/1536 </loc>
		<lastmod> 2023-06-07 14:29:12.521295 </lastmod>
	</url><url>
		<loc> https://geoconnex.us/iow/usbr/rise/locations/1535 </loc>
		<lastmod> 2023-06-07 14:29:12.521310 </lastmod>
	</url><url>
		<loc> https://geoconnex.us/iow/usbr/rise/locations/1534 </loc>
		<lastmod> 2023-06-07 14:29:12.521325 </lastmod>
	</url><url>
		<loc> https://geoconnex.us/iow/usbr/rise/locations/1533 </loc>
		<lastmod> 2023-06-07 14:29:12.521340 </lastmod>
	</url><url>
		<loc> https://geoconnex.us/iow/usbr/rise/locations/512 </loc>
		<lastmod> 2023-06-07 14:29:12.521355 </lastmod>
	</url><url>
		<loc> https://geoconnex.us/iow/usbr/rise/locations/501 </loc>
		<lastmod> 2023-06-07 14:29:12.521370 </lastmod>
	</url><url>
		<loc> https://geoconnex.us/iow/usbr/rise/locations/500 </loc>
		<lastmod> 2023-06-07 14:29:12.521385 </lastmod>
	</url><url>
		<loc> https://geoconnex.us/iow/usbr/rise/locations/491 </loc>
		<lastmod> 2023-06-07 14:29:12.521400 </lastmod>
	</url><url>
		<loc> https://geoconnex.us/iow/usbr/rise/locations/488 </loc>
		<lastmod> 2023-06-07 14:29:12.521415 </lastmod>
	</url><url>
		<loc> https://geoconnex.us/iow/usbr/rise/locations/486 </loc>
		<lastmod> 2023-06-07 14:29:12.521430 </lastmod>
	</url><url>
		<loc> https://geoconnex.us/iow/usbr/rise/locations/485 </loc>
		<lastmod> 2023-06-07 14:29:12.521445 </lastmod>
	</url><url>
		<loc> https://geoconnex.us/iow/usbr/rise/locations/484 </loc>
		<lastmod> 2023-06-07 14:29:12.521461 </lastmod>
	</url><url>
		<loc> https://geoconnex.us/iow/usbr/rise/locations/471 </loc>
		<lastmod> 2023-06-07 14:29:12.521476 </lastmod>
	</url><url>
		<loc> https://geoconnex.us/iow/usbr/rise/locations/466 </loc>
		<lastmod> 2023-06-07 14:29:12.521491 </lastmod>
	</url><url>
		<loc> https://geoconnex.us/iow/usbr/rise/locations/453 </loc>
		<lastmod> 2023-06-07 14:29:12.521507 </lastmod>
	</url><url>
		<loc> https://geoconnex.us/iow/usbr/rise/locations/447 </loc>
		<lastmod> 2023-06-07 14:29:12.521522 </lastmod>
	</url><url>
		<loc> https://geoconnex.us/iow/usbr/rise/locations/437 </loc>
		<lastmod> 2023-06-07 14:29:12.521537 </lastmod>
	</url><url>
		<loc> https://geoconnex.us/iow/usbr/rise/locations/425 </loc>
		<lastmod> 2023-06-07 14:29:12.521553 </lastmod>
	</url><url>
		<loc> https://geoconnex.us/iow/usbr/rise/locations/423 </loc>
		<lastmod> 2023-06-07 14:29:12.521568 </lastmod>
	</url><url>
		<loc> https://geoconnex.us/iow/usbr/rise/locations/417 </loc>
		<lastmod> 2023-06-07 14:29:12.521583 </lastmod>
	</url><url>
		<loc> https://geoconnex.us/iow/usbr/rise/locations/416 </loc>
		<lastmod> 2023-06-07 14:29:12.521598 </lastmod>
	</url><url>
		<loc> https://geoconnex.us/iow/usbr/rise/locations/411 </loc>
		<lastmod> 2023-06-07 14:29:12.521613 </lastmod>
	</url><url>
		<loc> https://geoconnex.us/iow/usbr/rise/locations/410 </loc>
		<lastmod> 2023-06-07 14:29:12.521628 </lastmod>
	</url><url>
		<loc> https://geoconnex.us/iow/usbr/rise/locations/400 </loc>
		<lastmod> 2023-06-07 14:29:12.521643 </lastmod>
	</url><url>
		<loc> https://geoconnex.us/iow/usbr/rise/locations/395 </loc>
		<lastmod> 2023-06-07 14:29:12.521658 </lastmod>
	</url><url>
		<loc> https://geoconnex.us/iow/usbr/rise/locations/393 </loc>
		<lastmod> 2023-06-07 14:29:12.521672 </lastmod>
	</url><url>
		<loc> https://geoconnex.us/iow/usbr/rise/locations/392 </loc>
		<lastmod> 2023-06-07 14:29:12.521688 </lastmod>
	</url><url>
		<loc> https://geoconnex.us/iow/usbr/rise/locations/387 </loc>
		<lastmod> 2023-06-07 14:29:12.521703 </lastmod>
	</url><url>
		<loc> https://geoconnex.us/iow/usbr/rise/locations/384 </loc>
		<lastmod> 2023-06-07 14:29:12.521718 </lastmod>
	</url><url>
		<loc> https://geoconnex.us/iow/usbr/rise/locations/383 </loc>
		<lastmod> 2023-06-07 14:29:12.521733 </lastmod>
	</url><url>
		<loc> https://geoconnex.us/iow/usbr/rise/locations/378 </loc>
		<lastmod> 2023-06-07 14:29:12.521748 </lastmod>
	</url><url>
		<loc> https://geoconnex.us/iow/usbr/rise/locations/370 </loc>
		<lastmod> 2023-06-07 14:29:12.521764 </lastmod>
	</url><url>
		<loc> https://geoconnex.us/iow/usbr/rise/locations/365 </loc>
		<lastmod> 2023-06-07 14:29:12.521780 </lastmod>
	</url><url>
		<loc> https://geoconnex.us/iow/usbr/rise/locations/324 </loc>
		<lastmod> 2023-06-07 14:29:12.521795 </lastmod>
	</url><url>
		<loc> https://geoconnex.us/iow/usbr/rise/locations/323 </loc>
		<lastmod> 2023-06-07 14:29:12.521810 </lastmod>
	</url><url>
		<loc> https://geoconnex.us/iow/usbr/rise/locations/321 </loc>
		<lastmod> 2023-06-07 14:29:12.521825 </lastmod>
	</url><url>
		<loc> https://geoconnex.us/iow/usbr/rise/locations/320 </loc>
		<lastmod> 2023-06-07 14:29:12.521840 </lastmod>
	</url><url>
		<loc> https://geoconnex.us/iow/usbr/rise/locations/319 </loc>
		<lastmod> 2023-06-07 14:29:12.521855 </lastmod>
	</url><url>
		<loc> https://geoconnex.us/iow/usbr/rise/locations/314 </loc>
		<lastmod> 2023-06-07 14:29:12.521870 </lastmod>
	</url><url>
		<loc> https://geoconnex.us/iow/usbr/rise/locations/310 </loc>
		<lastmod> 2023-06-07 14:29:12.521885 </lastmod>
	</url><url>
		<loc> https://geoconnex.us/iow/usbr/rise/locations/305 </loc>
		<lastmod> 2023-06-07 14:29:12.521900 </lastmod>
	</url><url>
		<loc> https://geoconnex.us/iow/usbr/rise/locations/289 </loc>
		<lastmod> 2023-06-07 14:29:12.521914 </lastmod>
	</url><url>
		<loc> https://geoconnex.us/iow/usbr/rise/locations/286 </loc>
		<lastmod> 2023-06-07 14:29:12.521929 </lastmod>
	</url><url>
		<loc> https://geoconnex.us/iow/usbr/rise/locations/277 </loc>
		<lastmod> 2023-06-07 14:29:12.521944 </lastmod>
	</url><url>
		<loc> https://geoconnex.us/iow/usbr/rise/locations/422 </loc>
		<lastmod> 2023-06-07 14:29:12.521959 </lastmod>
	</url><url>
		<loc> https://geoconnex.us/iow/usbr/rise/locations/413 </loc>
		<lastmod> 2023-06-07 14:29:12.521974 </lastmod>
	</url><url>
		<loc> https://geoconnex.us/iow/usbr/rise/locations/397 </loc>
		<lastmod> 2023-06-07 14:29:12.521989 </lastmod>
	</url><url>
		<loc> https://geoconnex.us/iow/usbr/rise/locations/292 </loc>
		<lastmod> 2023-06-07 14:29:12.522004 </lastmod>
	</url><url>
		<loc> https://geoconnex.us/iow/usbr/rise/locations/272 </loc>
		<lastmod> 2023-06-07 14:29:12.522019 </lastmod>
	</url><url>
		<loc> https://geoconnex.us/iow/usbr/rise/locations/6 </loc>
		<lastmod> 2023-06-07 14:29:12.522034 </lastmod>
	</url></ns0:urlset>